dataset,task,rows,features,subsampled,signature,flags,model,model_name,eligible,ruled_out_why,recommended_rank,score,score_std,seconds,status,detail
heart_disease_va_long_beach,classification,200,13,False,A11 A21 A38 A41 A51 A62,A54,LM2,Logistic Regression,True,,11,0.6002612330198538,0.02088084404133689,0.11,ok,
heart_disease_va_long_beach,classification,200,13,False,A11 A21 A38 A41 A51 A62,A54,TR1,Decision Tree,True,,1,0.5880982236154649,0.052964157212492535,0.09,ok,
heart_disease_va_long_beach,classification,200,13,False,A11 A21 A38 A41 A51 A62,A54,TR2,Random Forest,True,,2,0.5803761755485893,0.03255852420736302,1.71,ok,
heart_disease_va_long_beach,classification,200,13,False,A11 A21 A38 A41 A51 A62,A54,TR3,Extra Trees,True,,3,0.5869278996865204,0.05905438430959926,1.46,ok,
heart_disease_va_long_beach,classification,200,13,False,A11 A21 A38 A41 A51 A62,A54,EN1,AdaBoost,True,,4,0.5746185997910136,0.03514992783775563,0.46,ok,
heart_disease_va_long_beach,classification,200,13,False,A11 A21 A38 A41 A51 A62,A54,EN2,Gradient Boosting (GBM),True,,5,0.5883281086729363,0.06091288671409216,0.53,ok,
heart_disease_va_long_beach,classification,200,13,False,A11 A21 A38 A41 A51 A62,A54,EN6,Stacking,True,,7,0.570491118077325,0.05559898307995339,2.72,ok,
heart_disease_va_long_beach,classification,200,13,False,A11 A21 A38 A41 A51 A62,A54,EN7,Voting Ensemble,True,,8,0.5992371995820271,0.04920716636584541,0.2,ok,
heart_disease_va_long_beach,classification,200,13,False,A11 A21 A38 A41 A51 A62,A54,SV1,SVM (linear),True,,14,0.5900313479623825,0.06198338921221418,0.08,ok,
heart_disease_va_long_beach,classification,200,13,False,A11 A21 A38 A41 A51 A62,A54,SV2,Kernel SVM (RBF/Poly),True,,15,0.5633333333333332,0.04760952285695232,0.1,ok,
heart_disease_va_long_beach,classification,200,13,False,A11 A21 A38 A41 A51 A62,A54,PR1,Naive Bayes,True,,16,0.5937722048066876,0.11128021044141209,0.09,ok,
heart_disease_va_long_beach,classification,200,13,False,A11 A21 A38 A41 A51 A62,A54,IB1,k-Nearest Neighbors,True,,17,0.5860188087774295,0.027630316054508046,0.1,ok,
heart_disease_va_long_beach,classification,200,13,False,A11 A21 A38 A41 A51 A62,A54,DR4,LDA (Linear Discriminant Analysis),True,,18,0.5900313479623824,0.042917834733742465,0.11,ok,
heart_disease_va_long_beach,classification,200,13,False,A11 A21 A38 A41 A51 A62,A54,NN1,Perceptron,True,,19,0.5616509926854754,0.08814411195745232,0.09,ok,
heart_disease_va_long_beach,classification,200,13,False,A11 A21 A38 A41 A51 A62,A54,NN2,MLP (Feedforward),True,,9,0.5856739811912226,0.05527209101731816,1.5,ok,
heart_disease_va_long_beach,classification,200,13,False,A11 A21 A38 A41 A51 A62,A54,EN3,XGBoost,True,,12,0.5735945663531871,0.038943661130803185,0.19,ok,
heart_disease_va_long_beach,classification,200,13,False,A11 A21 A38 A41 A51 A62,A54,EN4,LightGBM,True,,13,0.5668129571577847,0.021083881238415533,0.19,ok,
heart_disease_va_long_beach,classification,200,13,False,A11 A21 A38 A41 A51 A62,A54,BASE-HGB,Histogram Gradient Boosting (baseline),False,,,0.5737095088819226,0.025354505523090237,0.38,ok,
biomed,classification,209,8,False,A11 A21 A38 A41 A51 A61,A54,LM2,Logistic Regression,True,,11,0.8437037037037036,0.07114196861358799,0.09,ok,
biomed,classification,209,8,False,A11 A21 A38 A41 A51 A61,A54,TR1,Decision Tree,True,,1,0.8754131054131055,0.05189657130482835,0.08,ok,
biomed,classification,209,8,False,A11 A21 A38 A41 A51 A61,A54,TR2,Random Forest,True,,2,0.8703703703703705,0.09075207790098828,1.64,ok,
biomed,classification,209,8,False,A11 A21 A38 A41 A51 A61,A54,TR3,Extra Trees,True,,3,0.888888888888889,0.06571334849249447,1.29,ok,
biomed,classification,209,8,False,A11 A21 A38 A41 A51 A61,A54,EN1,AdaBoost,True,,4,0.8903703703703704,0.06314135947000324,0.39,ok,
biomed,classification,209,8,False,A11 A21 A38 A41 A51 A61,A54,EN2,Gradient Boosting (GBM),True,,5,0.9074074074074074,0.04789105148220627,0.5,ok,
biomed,classification,209,8,False,A11 A21 A38 A41 A51 A61,A54,EN6,Stacking,True,,7,0.8570370370370372,0.07512586603560358,0.43,ok,
biomed,classification,209,8,False,A11 A21 A38 A41 A51 A61,A54,EN7,Voting Ensemble,True,,8,0.868148148148148,0.07134221705383413,0.15,ok,
biomed,classification,209,8,False,A11 A21 A38 A41 A51 A61,A54,SV1,SVM (linear),True,,14,0.8296296296296296,0.05916659421545442,0.07,ok,
biomed,classification,209,8,False,A11 A21 A38 A41 A51 A61,A54,SV2,Kernel SVM (RBF/Poly),True,,15,0.8414814814814815,0.04059908031420661,0.07,ok,
biomed,classification,209,8,False,A11 A21 A38 A41 A51 A61,A54,PR1,Naive Bayes,True,,16,0.8555555555555555,0.04631851318774369,0.07,ok,
biomed,classification,209,8,False,A11 A21 A38 A41 A51 A61,A54,IB1,k-Nearest Neighbors,True,,17,0.8088888888888889,0.04557813351974863,0.08,ok,
biomed,classification,209,8,False,A11 A21 A38 A41 A51 A61,A54,DR4,LDA (Linear Discriminant Analysis),True,,18,0.8103703703703704,0.056286548863741855,0.08,ok,
biomed,classification,209,8,False,A11 A21 A38 A41 A51 A61,A54,NN1,Perceptron,True,,19,0.8274358974358975,0.06601967690510702,0.09,ok,
biomed,classification,209,8,False,A11 A21 A38 A41 A51 A61,A54,NN2,MLP (Feedforward),True,,9,0.8731908831908832,0.06638876013192999,1.32,ok,
biomed,classification,209,8,False,A11 A21 A38 A41 A51 A61,A54,EN3,XGBoost,True,,12,0.8800000000000001,0.07534465845897134,0.17,ok,
biomed,classification,209,8,False,A11 A21 A38 A41 A51 A61,A54,EN4,LightGBM,True,,13,0.8962962962962961,0.0758671859500407,0.14,ok,
biomed,classification,209,8,False,A11 A21 A38 A41 A51 A61,A54,BASE-HGB,Histogram Gradient Boosting (baseline),False,,,0.8820797720797721,0.0632451938555294,0.34,ok,
breast_cancer,classification,286,9,False,A11 A21 A38 A41 A51 A61,A53,LM2,Logistic Regression,True,,11,0.6325358680057389,0.033346424171577724,0.1,ok,
breast_cancer,classification,286,9,False,A11 A21 A38 A41 A51 A61,A53,TR1,Decision Tree,True,,1,0.6235868005738882,0.05022674647103026,0.12,ok,
breast_cancer,classification,286,9,False,A11 A21 A38 A41 A51 A61,A53,TR2,Random Forest,True,,2,0.6297274031563844,0.016117433554334485,1.78,ok,
breast_cancer,classification,286,9,False,A11 A21 A38 A41 A51 A61,A53,TR3,Extra Trees,True,,3,0.6241140602582496,0.02027901234310048,1.48,ok,
breast_cancer,classification,286,9,False,A11 A21 A38 A41 A51 A61,A53,EN1,AdaBoost,True,,4,0.6276829268292683,0.03449581205751087,0.38,ok,
breast_cancer,classification,286,9,False,A11 A21 A38 A41 A51 A61,A53,EN2,Gradient Boosting (GBM),True,,5,0.6029017216642754,0.04022386379427789,0.53,ok,
breast_cancer,classification,286,9,False,A11 A21 A38 A41 A51 A61,A53,EN6,Stacking,True,,7,0.5683572453371591,0.03578460281749267,0.72,ok,
breast_cancer,classification,286,9,False,A11 A21 A38 A41 A51 A61,A53,EN7,Voting Ensemble,True,,8,0.6099497847919656,0.018717379167755777,0.21,ok,
breast_cancer,classification,286,9,False,A11 A21 A38 A41 A51 A61,A53,SV1,SVM (linear),True,,14,0.6241535150645624,0.02775226628354664,0.1,ok,
breast_cancer,classification,286,9,False,A11 A21 A38 A41 A51 A61,A53,SV2,Kernel SVM (RBF/Poly),True,,15,0.6202941176470589,0.03164533671238368,0.1,ok,
breast_cancer,classification,286,9,False,A11 A21 A38 A41 A51 A61,A53,PR1,Naive Bayes,True,,16,0.624361549497848,0.052643086752682575,0.09,ok,
breast_cancer,classification,286,9,False,A11 A21 A38 A41 A51 A61,A53,IB1,k-Nearest Neighbors,True,,17,0.5917503586800573,0.03686920272009907,0.09,ok,
breast_cancer,classification,286,9,False,A11 A21 A38 A41 A51 A61,A53,DR4,LDA (Linear Discriminant Analysis),True,,18,0.6309182209469154,0.031836475030096345,0.09,ok,
breast_cancer,classification,286,9,False,A11 A21 A38 A41 A51 A61,A53,NN1,Perceptron,True,,19,0.5645552367288378,0.09819017516839268,0.1,ok,
breast_cancer,classification,286,9,False,A11 A21 A38 A41 A51 A61,A53,NN2,MLP (Feedforward),True,,9,0.6402654232424677,0.03340427139838864,2.35,ok,
breast_cancer,classification,286,9,False,A11 A21 A38 A41 A51 A61,A53,EN3,XGBoost,True,,12,0.6015530846484936,0.034042408332973735,0.22,ok,
breast_cancer,classification,286,9,False,A11 A21 A38 A41 A51 A61,A53,EN4,LightGBM,True,,13,0.6128407460545194,0.04577344987776854,0.18,ok,
breast_cancer,classification,286,9,False,A11 A21 A38 A41 A51 A61,A53,BASE-HGB,Histogram Gradient Boosting (baseline),False,,,0.5791893830703012,0.06805335004535706,0.42,ok,
schizo,classification,340,14,False,A11 A21 A38 A41 A51 A61,A54,LM2,Logistic Regression,True,,11,0.4086324786324786,0.034809679469807044,0.09,ok,
schizo,classification,340,14,False,A11 A21 A38 A41 A51 A61,A54,TR1,Decision Tree,True,,1,0.3621367521367521,0.02609153727987855,0.08,ok,
schizo,classification,340,14,False,A11 A21 A38 A41 A51 A61,A54,TR2,Random Forest,True,,2,0.3775641025641026,0.03124213685864319,1.84,ok,
schizo,classification,340,14,False,A11 A21 A38 A41 A51 A61,A54,TR3,Extra Trees,True,,3,0.38269230769230766,0.03603574038969588,1.57,ok,
schizo,classification,340,14,False,A11 A21 A38 A41 A51 A61,A54,EN1,AdaBoost,True,,4,0.366025641025641,0.05510629492380503,0.45,ok,
schizo,classification,340,14,False,A11 A21 A38 A41 A51 A61,A54,EN2,Gradient Boosting (GBM),True,,5,0.4025427350427351,0.0345438482084246,2.16,ok,
schizo,classification,340,14,False,A11 A21 A38 A41 A51 A61,A54,EN6,Stacking,True,,7,0.36940170940170935,0.020809552502280487,0.79,ok,
schizo,classification,340,14,False,A11 A21 A38 A41 A51 A61,A54,EN7,Voting Ensemble,True,,8,0.39416666666666667,0.05710234118396712,0.2,ok,
schizo,classification,340,14,False,A11 A21 A38 A41 A51 A61,A54,SV1,SVM (linear),True,,14,0.3905982905982906,0.020737727153408693,0.09,ok,
schizo,classification,340,14,False,A11 A21 A38 A41 A51 A61,A54,SV2,Kernel SVM (RBF/Poly),True,,15,0.36619658119658116,0.018425395928886874,0.1,ok,
schizo,classification,340,14,False,A11 A21 A38 A41 A51 A61,A54,PR1,Naive Bayes,True,,16,0.42594017094017095,0.06683432785364044,0.09,ok,
schizo,classification,340,14,False,A11 A21 A38 A41 A51 A61,A54,IB1,k-Nearest Neighbors,True,,17,0.37239316239316245,0.03659643274445479,0.09,ok,
schizo,classification,340,14,False,A11 A21 A38 A41 A51 A61,A54,DR4,LDA (Linear Discriminant Analysis),True,,18,0.39226495726495725,0.02589419178010901,0.09,ok,
schizo,classification,340,14,False,A11 A21 A38 A41 A51 A61,A54,NN1,Perceptron,True,,19,0.4606837606837607,0.06758817559322378,0.08,ok,
schizo,classification,340,14,False,A11 A21 A38 A41 A51 A61,A54,NN2,MLP (Feedforward),True,,9,0.35365384615384615,0.058137582077776875,2.48,ok,
schizo,classification,340,14,False,A11 A21 A38 A41 A51 A61,A54,EN3,XGBoost,True,,12,0.36376068376068377,0.08343838983839436,0.63,ok,
schizo,classification,340,14,False,A11 A21 A38 A41 A51 A61,A54,EN4,LightGBM,True,,13,0.4015598290598291,0.05608864874796339,0.36,ok,
schizo,classification,340,14,False,A11 A21 A38 A41 A51 A61,A54,BASE-HGB,Histogram Gradient Boosting (baseline),False,,,0.36670940170940175,0.0695775384682664,1.12,ok,
movement_libras,classification,360,90,False,A11 A21 A31 A42 A51 A61,A54,LM2,Logistic Regression,True,,1,0.7493333333333335,0.02370185177950821,0.23,ok,
movement_libras,classification,360,90,False,A11 A21 A31 A42 A51 A61,A54,TR1,Decision Tree,True,,8,0.688,0.06101365967278691,0.13,ok,
movement_libras,classification,360,90,False,A11 A21 A31 A42 A51 A61,A54,TR2,Random Forest,True,,9,0.8273333333333334,0.027438820836342286,2.07,ok,
movement_libras,classification,360,90,False,A11 A21 A31 A42 A51 A61,A54,TR3,Extra Trees,True,,10,0.8539999999999999,0.03511251755270321,1.82,ok,
movement_libras,classification,360,90,False,A11 A21 A31 A42 A51 A61,A54,EN1,AdaBoost,True,,11,0.31333333333333335,0.0753362831280888,0.98,ok,
movement_libras,classification,360,90,False,A11 A21 A31 A42 A51 A61,A54,EN2,Gradient Boosting (GBM),True,,12,0.698,0.03885013942488925,46.49,ok,
movement_libras,classification,360,90,False,A11 A21 A31 A42 A51 A61,A54,EN6,Stacking,True,,14,0.8006666666666666,0.04620726253643591,2.01,ok,
movement_libras,classification,360,90,False,A11 A21 A31 A42 A51 A61,A54,EN7,Voting Ensemble,True,,15,0.7906666666666667,0.028859814429217753,0.33,ok,
movement_libras,classification,360,90,False,A11 A21 A31 A42 A51 A61,A54,SV1,SVM (linear),True,,16,0.7173333333333333,0.012719189352225933,0.28,ok,
movement_libras,classification,360,90,False,A11 A21 A31 A42 A51 A61,A54,SV2,Kernel SVM (RBF/Poly),True,,17,0.808,0.037273761995984964,0.13,ok,
movement_libras,classification,360,90,False,A11 A21 A31 A42 A51 A61,A54,PR1,Naive Bayes,True,,4,0.6046666666666667,0.02315167380558042,0.08,ok,
movement_libras,classification,360,90,False,A11 A21 A31 A42 A51 A61,A54,IB1,k-Nearest Neighbors,True,,5,0.7206666666666667,0.03586394041683404,0.08,ok,
movement_libras,classification,360,90,False,A11 A21 A31 A42 A51 A61,A54,DR4,LDA (Linear Discriminant Analysis),True,,6,0.648,0.033770467045103864,0.12,ok,
movement_libras,classification,360,90,False,A11 A21 A31 A42 A51 A61,A54,NN1,Perceptron,True,,7,0.53,0.04642796092394705,0.13,ok,
movement_libras,classification,360,90,False,A11 A21 A31 A42 A51 A61,A54,NN2,MLP (Feedforward),True,,18,0.8493333333333336,0.040846596485441033,3.46,ok,
movement_libras,classification,360,90,False,A11 A21 A31 A42 A51 A61,A54,EN3,XGBoost,True,,2,0.7493333333333334,0.045136829012828755,3.11,ok,
movement_libras,classification,360,90,False,A11 A21 A31 A42 A51 A61,A54,EN4,LightGBM,True,,3,0.7793333333333334,0.029166190472303212,3.14,ok,
movement_libras,classification,360,90,False,A11 A21 A31 A42 A51 A61,A54,BASE-HGB,Histogram Gradient Boosting (baseline),False,,,0.7613333333333333,0.04514667454223199,8.2,ok,
cars,classification,392,8,False,A11 A21 A38 A41 A51 A61,A53,LM2,Logistic Regression,True,,11,0.6284157509157509,0.03732795272560016,0.1,ok,
cars,classification,392,8,False,A11 A21 A38 A41 A51 A61,A53,TR1,Decision Tree,True,,1,0.8523155416012559,0.08620111053454665,0.08,ok,
cars,classification,392,8,False,A11 A21 A38 A41 A51 A61,A53,TR2,Random Forest,True,,2,0.8778000174428747,0.08092525236091894,1.9,ok,
cars,classification,392,8,False,A11 A21 A38 A41 A51 A61,A53,TR3,Extra Trees,True,,3,0.8609532530961103,0.08573349124154468,1.46,ok,
cars,classification,392,8,False,A11 A21 A38 A41 A51 A61,A53,EN1,AdaBoost,True,,4,0.8026465201465202,0.06561510272624912,0.42,ok,
cars,classification,392,8,False,A11 A21 A38 A41 A51 A61,A53,EN2,Gradient Boosting (GBM),True,,5,0.9599590092447234,0.038632728736052266,1.63,ok,
cars,classification,392,8,False,A11 A21 A38 A41 A51 A61,A53,EN6,Stacking,True,,7,0.8052237048665619,0.044730506860693936,0.56,ok,
cars,classification,392,8,False,A11 A21 A38 A41 A51 A61,A53,EN7,Voting Ensemble,True,,8,0.8211215768358626,0.050335954052010974,0.17,ok,
cars,classification,392,8,False,A11 A21 A38 A41 A51 A61,A53,SV1,SVM (linear),True,,14,0.6655463980463981,0.03787777296293048,0.07,ok,
cars,classification,392,8,False,A11 A21 A38 A41 A51 A61,A53,SV2,Kernel SVM (RBF/Poly),True,,15,0.6709715681144253,0.03827007052842042,0.09,ok,
cars,classification,392,8,False,A11 A21 A38 A41 A51 A61,A53,PR1,Naive Bayes,True,,16,0.6616474795046223,0.07833618255916423,0.08,ok,
cars,classification,392,8,False,A11 A21 A38 A41 A51 A61,A53,IB1,k-Nearest Neighbors,True,,17,0.7395216291644864,0.08154459494783496,0.09,ok,
cars,classification,392,8,False,A11 A21 A38 A41 A51 A61,A53,DR4,LDA (Linear Discriminant Analysis),True,,18,0.6740785801500088,0.044806464592377734,0.08,ok,
cars,classification,392,8,False,A11 A21 A38 A41 A51 A61,A53,NN1,Perceptron,True,,19,0.6332417582417583,0.06661064927121844,0.08,ok,
cars,classification,392,8,False,A11 A21 A38 A41 A51 A61,A53,NN2,MLP (Feedforward),True,,9,0.7331214024071167,0.0702697289010125,2.5,ok,
cars,classification,392,8,False,A11 A21 A38 A41 A51 A61,A53,EN3,XGBoost,True,,12,0.9453035060177918,0.035798720353130885,0.27,ok,
cars,classification,392,8,False,A11 A21 A38 A41 A51 A61,A53,EN4,LightGBM,True,,13,0.9351844583987441,0.034035689505843465,0.35,ok,
cars,classification,392,8,False,A11 A21 A38 A41 A51 A61,A53,BASE-HGB,Histogram Gradient Boosting (baseline),False,,,0.9757391418105705,0.011354384413572054,1.04,ok,
collins,classification,485,23,False,A11 A21 A38 A41 A51 A61,A54,LM2,Logistic Regression,True,,11,0.6331715506715507,0.026258403420962927,0.17,ok,
collins,classification,485,23,False,A11 A21 A38 A41 A51 A61,A54,TR1,Decision Tree,True,,1,0.9897435897435898,0.012561485860426536,0.09,ok,
collins,classification,485,23,False,A11 A21 A38 A41 A51 A61,A54,TR2,Random Forest,True,,2,0.9756410256410257,0.018311354944981678,1.99,ok,
collins,classification,485,23,False,A11 A21 A38 A41 A51 A61,A54,TR3,Extra Trees,True,,3,0.9910256410256411,0.011176663957796613,1.59,ok,
collins,classification,485,23,False,A11 A21 A38 A41 A51 A61,A54,EN1,AdaBoost,True,,4,0.24615384615384617,0.05756395979652218,0.62,ok,
collins,classification,485,23,False,A11 A21 A38 A41 A51 A61,A54,EN2,Gradient Boosting (GBM),True,,5,0.9694902319902321,0.02063880814613578,13.58,ok,
collins,classification,485,23,False,A11 A21 A38 A41 A51 A61,A54,EN6,Stacking,True,,7,0.9626282051282052,0.016109524055228867,1.24,ok,
collins,classification,485,23,False,A11 A21 A38 A41 A51 A61,A54,EN7,Voting Ensemble,True,,8,0.9169505494505495,0.04922397898728596,0.3,ok,
collins,classification,485,23,False,A11 A21 A38 A41 A51 A61,A54,SV1,SVM (linear),True,,14,0.6313400488400489,0.02786033198169637,0.15,ok,
collins,classification,485,23,False,A11 A21 A38 A41 A51 A61,A54,SV2,Kernel SVM (RBF/Poly),True,,15,0.6475244200244201,0.022788355995741673,0.14,ok,
collins,classification,485,23,False,A11 A21 A38 A41 A51 A61,A54,PR1,Naive Bayes,True,,16,1.0,0.0,0.09,ok,
collins,classification,485,23,False,A11 A21 A38 A41 A51 A61,A54,IB1,k-Nearest Neighbors,True,,17,0.5400732600732601,0.050795161980314175,0.09,ok,
collins,classification,485,23,False,A11 A21 A38 A41 A51 A61,A54,DR4,LDA (Linear Discriminant Analysis),True,,18,1.0,0.0,0.09,ok,
collins,classification,485,23,False,A11 A21 A38 A41 A51 A61,A54,NN1,Perceptron,True,,19,0.5034890109890109,0.042450944517252696,0.11,ok,
collins,classification,485,23,False,A11 A21 A38 A41 A51 A61,A54,NN2,MLP (Feedforward),True,,9,0.6447680097680097,0.03258272328884957,3.48,ok,
collins,classification,485,23,False,A11 A21 A38 A41 A51 A61,A54,EN3,XGBoost,True,,12,0.9774358974358975,0.023014159663914745,0.71,ok,
collins,classification,485,23,False,A11 A21 A38 A41 A51 A61,A54,EN4,LightGBM,True,,13,0.9846794871794872,0.019944449480714083,1.18,ok,
collins,classification,485,23,False,A11 A21 A38 A41 A51 A61,A54,BASE-HGB,Histogram Gradient Boosting (baseline),False,,,0.967887667887668,0.018339096911151688,3.35,ok,
breast_cancer_wisconsin_diagnostic,classification,569,30,False,A11 A21 A31 A41 A51 A61,A54,LM2,Logistic Regression,True,,1,0.9746783023723739,0.017354723118345582,0.07,ok,
breast_cancer_wisconsin_diagnostic,classification,569,30,False,A11 A21 A31 A41 A51 A61,A54,TR1,Decision Tree,True,,5,0.9209828739881146,0.02249105161396265,0.08,ok,
breast_cancer_wisconsin_diagnostic,classification,569,30,False,A11 A21 A31 A41 A51 A61,A54,TR2,Random Forest,True,,6,0.9571039284804433,0.019151641181859018,1.77,ok,
breast_cancer_wisconsin_diagnostic,classification,569,30,False,A11 A21 A31 A41 A51 A61,A54,TR3,Extra Trees,True,,7,0.96321891296097,0.008269019214915747,1.48,ok,
breast_cancer_wisconsin_diagnostic,classification,569,30,False,A11 A21 A31 A41 A51 A61,A54,EN1,AdaBoost,True,,8,0.9673888940880424,0.013713329311702743,0.76,ok,
breast_cancer_wisconsin_diagnostic,classification,569,30,False,A11 A21 A31 A41 A51 A61,A54,EN2,Gradient Boosting (GBM),True,,9,0.9613940750445827,0.019859491972799508,2.06,ok,
breast_cancer_wisconsin_diagnostic,classification,569,30,False,A11 A21 A31 A41 A51 A61,A54,EN6,Stacking,True,,13,0.967971394257015,0.018242877422547536,0.71,ok,
breast_cancer_wisconsin_diagnostic,classification,569,30,False,A11 A21 A31 A41 A51 A61,A54,EN7,Voting Ensemble,True,,14,0.9594200864099325,0.018703374166863726,0.2,ok,
breast_cancer_wisconsin_diagnostic,classification,569,30,False,A11 A21 A31 A41 A51 A61,A54,SV1,SVM (linear),True,,15,0.966286283593031,0.014374132459379749,0.06,ok,
breast_cancer_wisconsin_diagnostic,classification,569,30,False,A11 A21 A31 A41 A51 A61,A54,SV2,Kernel SVM (RBF/Poly),True,,16,0.9741707350043413,0.009880400862424593,0.07,ok,
breast_cancer_wisconsin_diagnostic,classification,569,30,False,A11 A21 A31 A41 A51 A61,A54,PR1,Naive Bayes,True,,2,0.9278658384415017,0.0282382483444735,0.05,ok,
breast_cancer_wisconsin_diagnostic,classification,569,30,False,A11 A21 A31 A41 A51 A61,A54,IB1,k-Nearest Neighbors,True,,3,0.9557805489266347,0.027242489275560472,0.06,ok,
breast_cancer_wisconsin_diagnostic,classification,569,30,False,A11 A21 A31 A41 A51 A61,A54,DR4,LDA (Linear Discriminant Analysis),True,,17,0.9405581421344605,0.01601482696436797,0.07,ok,
breast_cancer_wisconsin_diagnostic,classification,569,30,False,A11 A21 A31 A41 A51 A61,A54,NN1,Perceptron,True,,4,0.9637750274255351,0.008419355011292479,0.06,ok,
breast_cancer_wisconsin_diagnostic,classification,569,30,False,A11 A21 A31 A41 A51 A61,A54,NN2,MLP (Feedforward),True,,18,0.9732340424978814,0.015487005567044085,1.8,ok,
breast_cancer_wisconsin_diagnostic,classification,569,30,False,A11 A21 A31 A41 A51 A61,A54,EN3,XGBoost,True,,10,0.9621910402986394,0.01972442481318845,0.25,ok,
breast_cancer_wisconsin_diagnostic,classification,569,30,False,A11 A21 A31 A41 A51 A61,A54,EN4,LightGBM,True,,11,0.9660716235396878,0.00841929201152095,0.34,ok,
breast_cancer_wisconsin_diagnostic,classification,569,30,False,A11 A21 A31 A41 A51 A61,A54,BASE-HGB,Histogram Gradient Boosting (baseline),False,,,0.9646827346507989,0.011234706397783423,0.84,ok,
credit_approval_australia,classification,690,15,False,A11 A21 A38 A41 A51 A62,A54,LM2,Logistic Regression,True,,11,0.8776869912630719,0.02825441530620243,0.14,ok,
credit_approval_australia,classification,690,15,False,A11 A21 A38 A41 A51 A62,A54,TR1,Decision Tree,True,,1,0.8181714080403161,0.03679465665255448,0.12,ok,
credit_approval_australia,classification,690,15,False,A11 A21 A38 A41 A51 A62,A54,TR2,Random Forest,True,,2,0.873288182356762,0.03818844626305838,1.93,ok,
credit_approval_australia,classification,690,15,False,A11 A21 A38 A41 A51 A62,A54,TR3,Extra Trees,True,,3,0.8651040670760117,0.04051711272400344,1.61,ok,
credit_approval_australia,classification,690,15,False,A11 A21 A38 A41 A51 A62,A54,EN1,AdaBoost,True,,4,0.8535040427856815,0.022879037659646047,0.51,ok,
credit_approval_australia,classification,690,15,False,A11 A21 A38 A41 A51 A62,A54,EN2,Gradient Boosting (GBM),True,,5,0.8535056603337102,0.03640503709431219,0.9,ok,
credit_approval_australia,classification,690,15,False,A11 A21 A38 A41 A51 A62,A54,EN6,Stacking,True,,7,0.8716394852329612,0.04246326352489744,0.56,ok,
credit_approval_australia,classification,690,15,False,A11 A21 A38 A41 A51 A62,A54,EN7,Voting Ensemble,True,,8,0.8612250513548908,0.03953490358841334,0.19,ok,
credit_approval_australia,classification,690,15,False,A11 A21 A38 A41 A51 A62,A54,SV1,SVM (linear),True,,14,0.8630325573560844,0.028088102246573418,0.13,ok,
credit_approval_australia,classification,690,15,False,A11 A21 A38 A41 A51 A62,A54,SV2,Kernel SVM (RBF/Poly),True,,15,0.8600778302662574,0.03031047699577234,0.14,ok,
credit_approval_australia,classification,690,15,False,A11 A21 A38 A41 A51 A62,A54,PR1,Naive Bayes,True,,16,0.8335579676801252,0.03902496962502619,0.1,ok,
credit_approval_australia,classification,690,15,False,A11 A21 A38 A41 A51 A62,A54,IB1,k-Nearest Neighbors,True,,17,0.8393954183810568,0.04242133543277158,0.1,ok,
credit_approval_australia,classification,690,15,False,A11 A21 A38 A41 A51 A62,A54,DR4,LDA (Linear Discriminant Analysis),True,,18,0.8659103921767786,0.031243409287004233,0.19,ok,
credit_approval_australia,classification,690,15,False,A11 A21 A38 A41 A51 A62,A54,NN1,Perceptron,True,,19,0.7954548978812108,0.054350973228013445,0.11,ok,
credit_approval_australia,classification,690,15,False,A11 A21 A38 A41 A51 A62,A54,NN2,MLP (Feedforward),True,,9,0.8611953571491828,0.028727634670202947,5.05,ok,
credit_approval_australia,classification,690,15,False,A11 A21 A38 A41 A51 A62,A54,EN3,XGBoost,True,,12,0.8641891493793856,0.01972164963783033,0.44,ok,
credit_approval_australia,classification,690,15,False,A11 A21 A38 A41 A51 A62,A54,EN4,LightGBM,True,,13,0.8538275975742924,0.027523294015487615,0.34,ok,
credit_approval_australia,classification,690,15,False,A11 A21 A38 A41 A51 A62,A54,BASE-HGB,Histogram Gradient Boosting (baseline),False,,,0.8570269629894167,0.025291928043581657,0.97,ok,
tic_tac_toe,classification,958,9,False,A11 A21 A32 A41 A51 A61,A53,LM2,Logistic Regression,False,needs A31 data (yours is A32),,0.9759384893713252,0.0054768403217284765,0.1,ok,
tic_tac_toe,classification,958,9,False,A11 A21 A32 A41 A51 A61,A53,TR1,Decision Tree,True,,1,0.9394852232344769,0.02046273327905185,0.08,ok,
tic_tac_toe,classification,958,9,False,A11 A21 A32 A41 A51 A61,A53,TR2,Random Forest,True,,2,0.9826753677499946,0.008113832296152403,1.94,ok,
tic_tac_toe,classification,958,9,False,A11 A21 A32 A41 A51 A61,A53,TR3,Extra Trees,True,,3,0.9894843962008141,0.007628732606708712,1.65,ok,
tic_tac_toe,classification,958,9,False,A11 A21 A32 A41 A51 A61,A53,EN1,AdaBoost,True,,4,0.7696898537614956,0.05218710011933239,0.48,ok,
tic_tac_toe,classification,958,9,False,A11 A21 A32 A41 A51 A61,A53,EN2,Gradient Boosting (GBM),True,,5,0.9713308005427408,0.009026945780020145,0.74,ok,
tic_tac_toe,classification,958,9,False,A11 A21 A32 A41 A51 A61,A53,EN6,Stacking,True,,9,0.9771376020331244,0.008825891022537091,0.49,ok,
tic_tac_toe,classification,958,9,False,A11 A21 A32 A41 A51 A61,A53,EN7,Voting Ensemble,True,,10,0.9704070728608043,0.016470523903366917,0.21,ok,
tic_tac_toe,classification,958,9,False,A11 A21 A32 A41 A51 A61,A53,SV1,SVM (linear),True,,11,0.9759384893713252,0.0054768403217284765,0.1,ok,
tic_tac_toe,classification,958,9,False,A11 A21 A32 A41 A51 A61,A53,SV2,Kernel SVM (RBF/Poly),True,,12,0.9789687924016283,0.008649451777025726,0.19,ok,
tic_tac_toe,classification,958,9,False,A11 A21 A32 A41 A51 A61,A53,PR1,Naive Bayes,False,needs A31 data (yours is A32),,0.6268098554844823,0.03092065591886064,0.08,ok,
tic_tac_toe,classification,958,9,False,A11 A21 A32 A41 A51 A61,A53,IB1,k-Nearest Neighbors,False,needs A31 data (yours is A32),,0.8949656221059206,0.018910942301669263,0.08,ok,
tic_tac_toe,classification,958,9,False,A11 A21 A32 A41 A51 A61,A53,DR4,LDA (Linear Discriminant Analysis),True,,13,0.9759384893713252,0.0054768403217284765,0.09,ok,
tic_tac_toe,classification,958,9,False,A11 A21 A32 A41 A51 A61,A53,NN1,Perceptron,False,needs A31 data (yours is A32),,0.9626557860050398,0.017192738679903265,0.08,ok,
tic_tac_toe,classification,958,9,False,A11 A21 A32 A41 A51 A61,A53,NN2,MLP (Feedforward),True,,14,0.977431026684758,0.004650284939636676,2.85,ok,
tic_tac_toe,classification,958,9,False,A11 A21 A32 A41 A51 A61,A53,EN3,XGBoost,True,,6,0.9833615558570783,0.0060518598778343665,0.21,ok,
tic_tac_toe,classification,958,9,False,A11 A21 A32 A41 A51 A61,A53,EN4,LightGBM,True,,7,0.9841841700587969,0.009615508510510696,0.28,ok,
tic_tac_toe,classification,958,9,False,A11 A21 A32 A41 A51 A61,A53,BASE-HGB,Histogram Gradient Boosting (baseline),False,,,0.9848767073722297,0.009787272264577197,0.88,ok,
parity5+5,classification,1124,10,False,A11 A21 A32 A41 A51 A61,A53,LM2,Logistic Regression,False,needs A31 data (yours is A32),,0.44861133340406745,0.00577676279630373,0.11,ok,
parity5+5,classification,1124,10,False,A11 A21 A32 A41 A51 A61,A53,TR1,Decision Tree,True,,1,0.7093114722947047,0.0982883176674803,0.11,ok,
parity5+5,classification,1124,10,False,A11 A21 A32 A41 A51 A61,A53,TR2,Random Forest,True,,2,0.640353983050187,0.06749429578395393,1.98,ok,
parity5+5,classification,1124,10,False,A11 A21 A32 A41 A51 A61,A53,TR3,Extra Trees,True,,3,0.7460953043335437,0.19510279851763113,1.78,ok,
parity5+5,classification,1124,10,False,A11 A21 A32 A41 A51 A61,A53,EN1,AdaBoost,True,,4,0.4477341404216113,0.005486608645727965,0.44,ok,
parity5+5,classification,1124,10,False,A11 A21 A32 A41 A51 A61,A53,EN2,Gradient Boosting (GBM),True,,5,0.3128628195698527,0.018766794642284267,0.71,ok,
parity5+5,classification,1124,10,False,A11 A21 A32 A41 A51 A61,A53,EN6,Stacking,True,,9,0.5727014596105187,0.13504231208439718,0.96,ok,
parity5+5,classification,1124,10,False,A11 A21 A32 A41 A51 A61,A53,EN7,Voting Ensemble,True,,10,0.5191304019436298,0.11404877040410612,0.21,ok,
parity5+5,classification,1124,10,False,A11 A21 A32 A41 A51 A61,A53,SV1,SVM (linear),True,,11,0.4477341404216113,0.005486608645727965,0.09,ok,
parity5+5,classification,1124,10,False,A11 A21 A32 A41 A51 A61,A53,SV2,Kernel SVM (RBF/Poly),True,,12,0.3036817820382096,0.0160411505817858,0.24,ok,
parity5+5,classification,1124,10,False,A11 A21 A32 A41 A51 A61,A53,PR1,Naive Bayes,False,needs A31 data (yours is A32),,0.44092359501360434,0.008810799680243531,0.09,ok,
parity5+5,classification,1124,10,False,A11 A21 A32 A41 A51 A61,A53,IB1,k-Nearest Neighbors,False,needs A31 data (yours is A32),,0.5336433383446658,0.0335983127385017,0.1,ok,
parity5+5,classification,1124,10,False,A11 A21 A32 A41 A51 A61,A53,DR4,LDA (Linear Discriminant Analysis),True,,13,0.4477341404216113,0.005486608645727965,0.1,ok,
parity5+5,classification,1124,10,False,A11 A21 A32 A41 A51 A61,A53,NN1,Perceptron,False,needs A31 data (yours is A32),,0.476073723683761,0.02959410985613586,0.09,ok,
parity5+5,classification,1124,10,False,A11 A21 A32 A41 A51 A61,A53,NN2,MLP (Feedforward),True,,14,1.0,0.0,6.66,ok,
parity5+5,classification,1124,10,False,A11 A21 A32 A41 A51 A61,A53,EN3,XGBoost,True,,6,0.9982142857142857,0.0035714285714285587,0.27,ok,
parity5+5,classification,1124,10,False,A11 A21 A32 A41 A51 A61,A53,EN4,LightGBM,True,,7,0.9653864390706495,0.06922712185870081,0.29,ok,
parity5+5,classification,1124,10,False,A11 A21 A32 A41 A51 A61,A53,BASE-HGB,Histogram Gradient Boosting (baseline),False,,,0.9653864390706495,0.06922712185870081,0.86,ok,
yeast,classification,1479,8,False,A11 A21 A31 A41 A51 A61,A53,LM2,Logistic Regression,True,,1,0.5070311856132041,0.03463197037059844,0.12,ok,
yeast,classification,1479,8,False,A11 A21 A31 A41 A51 A61,A53,TR1,Decision Tree,True,,5,0.4610837108122757,0.03432015347895946,0.07,ok,
yeast,classification,1479,8,False,A11 A21 A31 A41 A51 A61,A53,TR2,Random Forest,True,,6,0.5304748750211994,0.025271695494585057,2.32,ok,
yeast,classification,1479,8,False,A11 A21 A31 A41 A51 A61,A53,TR3,Extra Trees,True,,7,0.5305700460257777,0.01562013555014689,2.0,ok,
yeast,classification,1479,8,False,A11 A21 A31 A41 A51 A61,A53,EN1,AdaBoost,True,,8,0.3782209014952168,0.017538722557988714,0.47,ok,
yeast,classification,1479,8,False,A11 A21 A31 A41 A51 A61,A53,EN2,Gradient Boosting (GBM),True,,9,0.5114398591515947,0.0341888079562651,7.04,ok,
yeast,classification,1479,8,False,A11 A21 A31 A41 A51 A61,A53,EN6,Stacking,True,,13,0.5403061412111182,0.03493343574271858,0.92,ok,
yeast,classification,1479,8,False,A11 A21 A31 A41 A51 A61,A53,EN7,Voting Ensemble,True,,14,0.5320988738167124,0.02913635771171194,0.22,ok,
yeast,classification,1479,8,False,A11 A21 A31 A41 A51 A61,A53,SV1,SVM (linear),True,,15,0.48340227934583735,0.031804720193220955,0.07,ok,
yeast,classification,1479,8,False,A11 A21 A31 A41 A51 A61,A53,SV2,Kernel SVM (RBF/Poly),True,,16,0.5167135924941857,0.03935447559104332,0.28,ok,
yeast,classification,1479,8,False,A11 A21 A31 A41 A51 A61,A53,PR1,Naive Bayes,True,,2,0.3425833863179327,0.020030509236808044,0.05,ok,
yeast,classification,1479,8,False,A11 A21 A31 A41 A51 A61,A53,IB1,k-Nearest Neighbors,True,,3,0.5065561356239892,0.03468437059357601,0.08,ok,
yeast,classification,1479,8,False,A11 A21 A31 A41 A51 A61,A53,DR4,LDA (Linear Discriminant Analysis),True,,17,0.5358475363286272,0.02927327776192164,0.05,ok,
yeast,classification,1479,8,False,A11 A21 A31 A41 A51 A61,A53,NN1,Perceptron,True,,4,0.3616288731502796,0.04994685096731337,0.07,ok,
yeast,classification,1479,8,False,A11 A21 A31 A41 A51 A61,A53,NN2,MLP (Feedforward),True,,18,0.5265197596414507,0.0456008586625379,8.35,ok,
yeast,classification,1479,8,False,A11 A21 A31 A41 A51 A61,A53,EN3,XGBoost,True,,10,0.5150847837980699,0.041196892806593485,1.08,ok,
yeast,classification,1479,8,False,A11 A21 A31 A41 A51 A61,A53,EN4,LightGBM,True,,11,0.4642090071674538,0.03115815392333047,1.84,ok,
yeast,classification,1479,8,False,A11 A21 A31 A41 A51 A61,A53,BASE-HGB,Histogram Gradient Boosting (baseline),False,,,0.4778594356895362,0.03521639865909564,6.21,ok,
mfeat_zernike,classification,2000,47,False,A11 A21 A31 A41 A51 A61,A54,LM2,Logistic Regression,True,,1,0.8160000000000001,0.016093476939431157,0.29,ok,
mfeat_zernike,classification,2000,47,False,A11 A21 A31 A41 A51 A61,A54,TR1,Decision Tree,True,,5,0.6849999999999999,0.014577379737113238,0.44,ok,
mfeat_zernike,classification,2000,47,False,A11 A21 A31 A41 A51 A61,A54,TR2,Random Forest,True,,6,0.7834999999999999,0.015858751527153672,4.41,ok,
mfeat_zernike,classification,2000,47,False,A11 A21 A31 A41 A51 A61,A54,TR3,Extra Trees,True,,7,0.7929999999999999,0.012884098726725086,2.53,ok,
mfeat_zernike,classification,2000,47,False,A11 A21 A31 A41 A51 A61,A54,EN1,AdaBoost,True,,8,0.56,0.04743416490252571,2.59,ok,
mfeat_zernike,classification,2000,47,False,A11 A21 A31 A41 A51 A61,A54,EN2,Gradient Boosting (GBM),True,,9,,,60,timeout,over 60s
mfeat_zernike,classification,2000,47,False,A11 A21 A31 A41 A51 A61,A54,EN6,Stacking,True,,13,0.8855000000000001,0.012786711852544385,2.14,ok,
mfeat_zernike,classification,2000,47,False,A11 A21 A31 A41 A51 A61,A54,EN7,Voting Ensemble,True,,14,0.8125,0.014662878298615109,0.43,ok,
mfeat_zernike,classification,2000,47,False,A11 A21 A31 A41 A51 A61,A54,SV1,SVM (linear),True,,15,0.8264999999999999,0.017507141400011635,0.42,ok,
mfeat_zernike,classification,2000,47,False,A11 A21 A31 A41 A51 A61,A54,SV2,Kernel SVM (RBF/Poly),True,,16,0.8335000000000001,0.012103718436910195,0.61,ok,
mfeat_zernike,classification,2000,47,False,A11 A21 A31 A41 A51 A61,A54,PR1,Naive Bayes,True,,2,0.7295,0.02288012237729509,0.08,ok,
mfeat_zernike,classification,2000,47,False,A11 A21 A31 A41 A51 A61,A54,IB1,k-Nearest Neighbors,True,,3,0.8079999999999998,0.018261982367749674,0.09,ok,
mfeat_zernike,classification,2000,47,False,A11 A21 A31 A41 A51 A61,A54,DR4,LDA (Linear Discriminant Analysis),True,,17,0.8140000000000001,0.013838352503098032,0.12,ok,
mfeat_zernike,classification,2000,47,False,A11 A21 A31 A41 A51 A61,A54,NN1,Perceptron,True,,4,0.8019999999999999,0.0036742346141747676,0.15,ok,
mfeat_zernike,classification,2000,47,False,A11 A21 A31 A41 A51 A61,A54,NN2,MLP (Feedforward),True,,18,0.8069999999999998,0.01258967831201414,10.47,ok,
mfeat_zernike,classification,2000,47,False,A11 A21 A31 A41 A51 A61,A54,EN3,XGBoost,True,,10,0.784,0.012206555615733666,6.6,ok,
mfeat_zernike,classification,2000,47,False,A11 A21 A31 A41 A51 A61,A54,EN4,LightGBM,True,,11,0.7909999999999999,0.015215124054702975,7.72,ok,
mfeat_zernike,classification,2000,47,False,A11 A21 A31 A41 A51 A61,A54,BASE-HGB,Histogram Gradient Boosting (baseline),False,,,0.792,0.009539392014169422,13.46,ok,
splice,classification,3188,60,False,A11 A21 A32 A41 A51 A61,A53,LM2,Logistic Regression,False,needs A31 data (yours is A32),,0.9452040899622112,0.013034239748758005,2.54,ok,
splice,classification,3188,60,False,A11 A21 A32 A41 A51 A61,A53,TR1,Decision Tree,True,,1,0.9278546375047736,0.009329751068646044,0.93,ok,
splice,classification,3188,60,False,A11 A21 A32 A41 A51 A61,A53,TR2,Random Forest,True,,2,0.9633987961747449,0.0067917538551822195,3.79,ok,
splice,classification,3188,60,False,A11 A21 A32 A41 A51 A61,A53,TR3,Extra Trees,True,,3,0.9633170423343275,0.006456456055267593,4.07,ok,
splice,classification,3188,60,False,A11 A21 A32 A41 A51 A61,A53,EN1,AdaBoost,True,,4,0.939587286173763,0.012251212348223654,2.79,ok,
splice,classification,3188,60,False,A11 A21 A32 A41 A51 A61,A53,EN2,Gradient Boosting (GBM),True,,5,0.9633636464683673,0.008906090930395003,22.86,ok,
splice,classification,3188,60,False,A11 A21 A32 A41 A51 A61,A53,EN6,Stacking,True,,9,0.9620115996370522,0.007435943015540691,4.83,ok,
splice,classification,3188,60,False,A11 A21 A32 A41 A51 A61,A53,EN7,Voting Ensemble,True,,10,0.9599482413960073,0.006389988159920567,1.79,ok,
splice,classification,3188,60,False,A11 A21 A32 A41 A51 A61,A53,SV1,SVM (linear),True,,11,0.9440926886887621,0.008595858535118989,0.93,ok,
splice,classification,3188,60,False,A11 A21 A32 A41 A51 A61,A53,SV2,Kernel SVM (RBF/Poly),True,,12,0.9646447417583761,0.009752255869587797,3.92,ok,
splice,classification,3188,60,False,A11 A21 A32 A41 A51 A61,A53,PR1,Naive Bayes,False,needs A31 data (yours is A32),,0.7054305162608175,0.11551379544658782,0.83,ok,
splice,classification,3188,60,False,A11 A21 A32 A41 A51 A61,A53,IB1,k-Nearest Neighbors,False,needs A31 data (yours is A32),,0.8332098656481566,0.011623659918587938,0.83,ok,
splice,classification,3188,60,False,A11 A21 A32 A41 A51 A61,A53,DR4,LDA (Linear Discriminant Analysis),True,,13,0.951588877021004,0.008263925170355063,1.45,ok,
splice,classification,3188,60,False,A11 A21 A32 A41 A51 A61,A53,NN1,Perceptron,False,needs A31 data (yours is A32),,0.9431287125578278,0.010216739727079403,0.95,ok,
splice,classification,3188,60,False,A11 A21 A32 A41 A51 A61,A53,NN2,MLP (Feedforward),True,,14,0.9503614435425816,0.008480962942248932,8.1,ok,
splice,classification,3188,60,False,A11 A21 A32 A41 A51 A61,A53,EN3,XGBoost,True,,6,0.963499236118796,0.007174632198111758,2.35,ok,
splice,classification,3188,60,False,A11 A21 A32 A41 A51 A61,A53,EN4,LightGBM,True,,7,0.9617920190235999,0.004562406105086362,2.31,ok,
splice,classification,3188,60,False,A11 A21 A32 A41 A51 A61,A53,BASE-HGB,Histogram Gradient Boosting (baseline),False,,,0.9656609088687041,0.004970882105172236,14.61,ok,
allhypo,classification,3770,29,False,A11 A21 A38 A41 A52 A61,A53,LM2,Logistic Regression,True,,11,0.5339705055019197,0.041159366568763664,0.78,ok,
allhypo,classification,3770,29,False,A11 A21 A38 A41 A52 A61,A53,TR1,Decision Tree,True,,1,0.8117691357621627,0.05136810769468817,0.46,ok,
allhypo,classification,3770,29,False,A11 A21 A38 A41 A52 A61,A53,TR2,Random Forest,True,,2,0.668834854703837,0.06018635911412942,2.83,ok,
allhypo,classification,3770,29,False,A11 A21 A38 A41 A52 A61,A53,TR3,Extra Trees,True,,3,0.5601310394278443,0.0323406505258833,2.7,ok,
allhypo,classification,3770,29,False,A11 A21 A38 A41 A52 A61,A53,EN1,AdaBoost,True,,4,0.5880370400266403,0.060514251179138875,1.29,ok,
allhypo,classification,3770,29,False,A11 A21 A38 A41 A52 A61,A53,EN2,Gradient Boosting (GBM),True,,5,0.8920796686676905,0.03586714104213947,8.23,ok,
allhypo,classification,3770,29,False,A11 A21 A38 A41 A52 A61,A53,EN6,Stacking,True,,7,0.7612691301872574,0.07197559884014755,3.93,ok,
allhypo,classification,3770,29,False,A11 A21 A38 A41 A52 A61,A53,EN7,Voting Ensemble,True,,8,0.566057327296056,0.07221998841930051,1.4,ok,
allhypo,classification,3770,29,False,A11 A21 A38 A41 A52 A61,A53,SV1,SVM (linear),True,,14,0.4933454570275064,0.0394901801179682,0.51,ok,
allhypo,classification,3770,29,False,A11 A21 A38 A41 A52 A61,A53,SV2,Kernel SVM (RBF/Poly),True,,15,0.3333333333333333,0.0,1.01,ok,
allhypo,classification,3770,29,False,A11 A21 A38 A41 A52 A61,A53,PR1,Naive Bayes,True,,16,0.40357007530172534,0.031539247351119196,0.35,ok,
allhypo,classification,3770,29,False,A11 A21 A38 A41 A52 A61,A53,IB1,k-Nearest Neighbors,True,,17,0.427970561006166,0.03215988937006659,0.39,ok,
allhypo,classification,3770,29,False,A11 A21 A38 A41 A52 A61,A53,DR4,LDA (Linear Discriminant Analysis),True,,18,0.5399287300105429,0.055657167938489266,0.4,ok,
allhypo,classification,3770,29,False,A11 A21 A38 A41 A52 A61,A53,NN1,Perceptron,True,,19,0.5573849479204813,0.0740236542699207,0.39,ok,
allhypo,classification,3770,29,False,A11 A21 A38 A41 A52 A61,A53,NN2,MLP (Feedforward),True,,9,0.7159822324319769,0.030924263908652178,15.71,ok,
allhypo,classification,3770,29,False,A11 A21 A38 A41 A52 A61,A53,EN3,XGBoost,True,,12,0.8828685286672199,0.021423686097735446,1.15,ok,
allhypo,classification,3770,29,False,A11 A21 A38 A41 A52 A61,A53,EN4,LightGBM,True,,13,0.8818465261296478,0.040437647716554614,1.53,ok,
allhypo,classification,3770,29,False,A11 A21 A38 A41 A52 A61,A53,BASE-HGB,Histogram Gradient Boosting (baseline),False,,,0.8554627595327041,0.0357346382019922,4.29,ok,
spambase,classification,4601,57,False,A11 A21 A31 A43 A51 A61,A54,LM2,Logistic Regression,True,,1,0.9169498790662155,0.008412263696567081,0.2,ok,
spambase,classification,4601,57,False,A11 A21 A31 A43 A51 A61,A54,TR1,Decision Tree,True,,5,0.9105617543074691,0.0032252980955499544,0.43,ok,
spambase,classification,4601,57,False,A11 A21 A31 A43 A51 A61,A54,TR2,Random Forest,True,,6,0.9481566486752431,0.005629246956631878,3.68,ok,
spambase,classification,4601,57,False,A11 A21 A31 A43 A51 A61,A54,TR3,Extra Trees,True,,7,0.9544072069290405,0.006529187144322058,3.06,ok,
spambase,classification,4601,57,False,A11 A21 A31 A43 A51 A61,A54,EN1,AdaBoost,True,,8,0.9198785134403611,0.009103166660378666,1.68,ok,
spambase,classification,4601,57,False,A11 A21 A31 A43 A51 A61,A54,EN2,Gradient Boosting (GBM),True,,9,0.93850031150004,0.011962739279289184,6.78,ok,
spambase,classification,4601,57,False,A11 A21 A31 A43 A51 A61,A54,EN6,Stacking,True,,13,0.9275031213093825,0.010513005098569742,2.53,ok,
spambase,classification,4601,57,False,A11 A21 A31 A43 A51 A61,A54,EN7,Voting Ensemble,True,,14,0.9303136667657885,0.00814041199953911,0.91,ok,
spambase,classification,4601,57,False,A11 A21 A31 A43 A51 A61,A54,SV1,SVM (linear),True,,15,0.9191295634909243,0.007334137915595795,0.32,ok,
spambase,classification,4601,57,False,A11 A21 A31 A43 A51 A61,A54,SV2,Kernel SVM (RBF/Poly),True,,16,0.9253203928836387,0.009253197096513332,1.51,ok,
spambase,classification,4601,57,False,A11 A21 A31 A43 A51 A61,A54,PR1,Naive Bayes,True,,2,0.8438456633176141,0.007835586501232254,0.14,ok,
spambase,classification,4601,57,False,A11 A21 A31 A43 A51 A61,A54,IB1,k-Nearest Neighbors,True,,3,0.9011384016490013,0.01515662895121269,0.21,ok,
spambase,classification,4601,57,False,A11 A21 A31 A43 A51 A61,A54,DR4,LDA (Linear Discriminant Analysis),True,,17,0.8714244895573907,0.009256503834340181,0.24,ok,
spambase,classification,4601,57,False,A11 A21 A31 A43 A51 A61,A54,NN1,Perceptron,True,,4,0.8770796678197395,0.008871971824589951,0.16,ok,
spambase,classification,4601,57,False,A11 A21 A31 A43 A51 A61,A54,NN2,MLP (Feedforward),True,,18,0.9455595636665418,0.005984332247892957,22.33,ok,
spambase,classification,4601,57,False,A11 A21 A31 A43 A51 A61,A54,EN3,XGBoost,True,,10,0.9521413334258199,0.010087570553171976,1.12,ok,
spambase,classification,4601,57,False,A11 A21 A31 A43 A51 A61,A54,EN4,LightGBM,True,,11,0.9568098814709358,0.010752249749735925,1.09,ok,
spambase,classification,4601,57,False,A11 A21 A31 A43 A51 A61,A54,BASE-HGB,Histogram Gradient Boosting (baseline),False,,,0.9537496657580238,0.007929998632130989,2.27,ok,
banana,classification,5000,2,True,A11 A21 A31 A41 A51 A61,A53,LM2,Logistic Regression,True,,1,0.5228513308308503,0.010079287563262,0.08,ok,
banana,classification,5000,2,True,A11 A21 A31 A41 A51 A61,A53,TR1,Decision Tree,True,,5,0.8743820429016782,0.015226511012772432,0.09,ok,
banana,classification,5000,2,True,A11 A21 A31 A41 A51 A61,A53,TR2,Random Forest,True,,6,0.8948337116074061,0.01570948422040954,3.08,ok,
banana,classification,5000,2,True,A11 A21 A31 A41 A51 A61,A53,TR3,Extra Trees,True,,7,0.8913470661808939,0.016464200483202115,2.15,ok,
banana,classification,5000,2,True,A11 A21 A31 A41 A51 A61,A53,EN1,AdaBoost,True,,8,0.7034606983117573,0.014570795464568295,0.61,ok,
banana,classification,5000,2,True,A11 A21 A31 A41 A51 A61,A53,EN2,Gradient Boosting (GBM),True,,9,0.8917817460174495,0.013611447816702612,1.59,ok,
banana,classification,5000,2,True,A11 A21 A31 A41 A51 A61,A53,EN6,Stacking,True,,13,0.8911350634025386,0.015019409435643175,0.62,ok,
banana,classification,5000,2,True,A11 A21 A31 A41 A51 A61,A53,EN7,Voting Ensemble,True,,14,0.8873174300452968,0.014554280292951234,0.18,ok,
banana,classification,5000,2,True,A11 A21 A31 A41 A51 A61,A53,SV1,SVM (linear),True,,15,0.5228667485478545,0.010267901357596492,0.05,ok,
banana,classification,5000,2,True,A11 A21 A31 A41 A51 A61,A53,SV2,Kernel SVM (RBF/Poly),True,,16,0.8995893116445192,0.014830323615216827,0.74,ok,
banana,classification,5000,2,True,A11 A21 A31 A41 A51 A61,A53,PR1,Naive Bayes,True,,2,0.5867703785709294,0.008639657299360233,0.05,ok,
banana,classification,5000,2,True,A11 A21 A31 A41 A51 A61,A53,IB1,k-Nearest Neighbors,True,,3,0.8915809948374734,0.015939740195247982,0.08,ok,
banana,classification,5000,2,True,A11 A21 A31 A41 A51 A61,A53,DR4,LDA (Linear Discriminant Analysis),True,,17,0.5216660094877624,0.009788408075462354,0.06,ok,
banana,classification,5000,2,True,A11 A21 A31 A41 A51 A61,A53,NN1,Perceptron,True,,4,0.5085111439766117,0.02018854555317589,0.06,ok,
banana,classification,5000,2,True,A11 A21 A31 A41 A51 A61,A53,NN2,MLP (Feedforward),True,,18,0.8990510501851323,0.014756335754514991,10.34,ok,
banana,classification,5000,2,True,A11 A21 A31 A41 A51 A61,A53,EN3,XGBoost,True,,10,0.8890734652601024,0.017698201045162603,0.28,ok,
banana,classification,5000,2,True,A11 A21 A31 A41 A51 A61,A53,EN4,LightGBM,True,,11,0.8964402920108135,0.016976466100472848,0.35,ok,
banana,classification,5000,2,True,A11 A21 A31 A41 A51 A61,A53,BASE-HGB,Histogram Gradient Boosting (baseline),False,,,0.8962992068340295,0.017021063652739588,0.93,ok,
satimage,classification,5000,36,True,A11 A21 A31 A41 A51 A61,A53,LM2,Logistic Regression,True,,1,0.808858930544346,0.00644751537196531,0.53,ok,
satimage,classification,5000,36,True,A11 A21 A31 A41 A51 A61,A53,TR1,Decision Tree,True,,5,0.8327720718035021,0.011590262529763437,0.43,ok,
satimage,classification,5000,36,True,A11 A21 A31 A41 A51 A61,A53,TR2,Random Forest,True,,6,0.887104062650308,0.008844058669231537,5.09,ok,
satimage,classification,5000,36,True,A11 A21 A31 A41 A51 A61,A53,TR3,Extra Trees,True,,7,0.8887917991355072,0.009905300931528983,3.17,ok,
satimage,classification,5000,36,True,A11 A21 A31 A41 A51 A61,A53,EN1,AdaBoost,True,,8,0.7351981408240806,0.023355134295544536,2.04,ok,
satimage,classification,5000,36,True,A11 A21 A31 A41 A51 A61,A53,EN2,Gradient Boosting (GBM),True,,9,0.8777700294166347,0.008617842775624216,49.71,ok,
satimage,classification,5000,36,True,A11 A21 A31 A41 A51 A61,A53,EN6,Stacking,True,,13,0.8908323439112908,0.008401769413602985,3.58,ok,
satimage,classification,5000,36,True,A11 A21 A31 A41 A51 A61,A53,EN7,Voting Ensemble,True,,14,0.8672296027088151,0.011479696561709928,1.12,ok,
satimage,classification,5000,36,True,A11 A21 A31 A41 A51 A61,A53,SV1,SVM (linear),True,,15,0.748504266726484,0.010320014200000607,0.44,ok,
satimage,classification,5000,36,True,A11 A21 A31 A41 A51 A61,A53,SV2,Kernel SVM (RBF/Poly),True,,16,0.8651317640184042,0.012689368918553627,1.01,ok,
satimage,classification,5000,36,True,A11 A21 A31 A41 A51 A61,A53,PR1,Naive Bayes,True,,2,0.7831848847282894,0.004390238916221486,0.1,ok,
satimage,classification,5000,36,True,A11 A21 A31 A41 A51 A61,A53,IB1,k-Nearest Neighbors,True,,3,0.8873175659102769,0.004677497163905829,0.16,ok,
satimage,classification,5000,36,True,A11 A21 A31 A41 A51 A61,A53,DR4,LDA (Linear Discriminant Analysis),True,,17,0.777311526231174,0.004278299953824623,0.14,ok,
satimage,classification,5000,36,True,A11 A21 A31 A41 A51 A61,A53,NN1,Perceptron,True,,4,0.6923550645222889,0.026696549194402695,0.16,ok,
satimage,classification,5000,36,True,A11 A21 A31 A41 A51 A61,A53,NN2,MLP (Feedforward),True,,18,0.8857724944482763,0.009425535932194353,31.81,ok,
satimage,classification,5000,36,True,A11 A21 A31 A41 A51 A61,A53,EN3,XGBoost,True,,10,0.8929042553834421,0.010074266749493374,2.48,ok,
satimage,classification,5000,36,True,A11 A21 A31 A41 A51 A61,A53,EN4,LightGBM,True,,11,0.8956777707155545,0.010847881233217218,3.26,ok,
satimage,classification,5000,36,True,A11 A21 A31 A41 A51 A61,A53,BASE-HGB,Histogram Gradient Boosting (baseline),False,,,0.9006842663361656,0.009377929167057115,7.75,ok,
agaricus_lepiota,classification,5000,22,True,A11 A21 A38 A41 A51 A61,A53,LM2,Logistic Regression,True,,11,0.9993723849372385,0.001255230125522999,0.54,ok,
agaricus_lepiota,classification,5000,22,True,A11 A21 A38 A41 A51 A61,A53,TR1,Decision Tree,True,,1,0.999581589958159,0.0008368200836819994,0.5,ok,
agaricus_lepiota,classification,5000,22,True,A11 A21 A38 A41 A51 A61,A53,TR2,Random Forest,True,,2,1.0,0.0,2.56,ok,
agaricus_lepiota,classification,5000,22,True,A11 A21 A38 A41 A51 A61,A53,TR3,Extra Trees,True,,3,1.0,0.0,2.46,ok,
agaricus_lepiota,classification,5000,22,True,A11 A21 A38 A41 A51 A61,A53,EN1,AdaBoost,True,,4,0.9989539748953975,0.0011458630910149796,1.73,ok,
agaricus_lepiota,classification,5000,22,True,A11 A21 A38 A41 A51 A61,A53,EN2,Gradient Boosting (GBM),True,,5,0.999581589958159,0.0008368200836819994,4.2,ok,
agaricus_lepiota,classification,5000,22,True,A11 A21 A38 A41 A51 A61,A53,EN6,Stacking,True,,7,0.9993723849372385,0.0008368200836819994,2.8,ok,
agaricus_lepiota,classification,5000,22,True,A11 A21 A38 A41 A51 A61,A53,EN7,Voting Ensemble,True,,8,0.9993723849372385,0.0008368200836819994,1.28,ok,
agaricus_lepiota,classification,5000,22,True,A11 A21 A38 A41 A51 A61,A53,SV1,SVM (linear),True,,14,1.0,0.0,0.47,ok,
agaricus_lepiota,classification,5000,22,True,A11 A21 A38 A41 A51 A61,A53,SV2,Kernel SVM (RBF/Poly),True,,15,0.999581589958159,0.0008368200836819994,1.36,ok,
agaricus_lepiota,classification,5000,22,True,A11 A21 A38 A41 A51 A61,A53,PR1,Naive Bayes,True,,16,0.985405344747431,0.0029861248494303287,0.45,ok,
agaricus_lepiota,classification,5000,22,True,A11 A21 A38 A41 A51 A61,A53,IB1,k-Nearest Neighbors,True,,17,0.999581589958159,0.0008368200836819994,0.51,ok,
agaricus_lepiota,classification,5000,22,True,A11 A21 A38 A41 A51 A61,A53,DR4,LDA (Linear Discriminant Analysis),True,,18,0.9993723849372385,0.0008368200836819994,0.82,ok,
agaricus_lepiota,classification,5000,22,True,A11 A21 A38 A41 A51 A61,A53,NN1,Perceptron,True,,19,0.999581589958159,0.0008368200836819994,0.48,ok,
agaricus_lepiota,classification,5000,22,True,A11 A21 A38 A41 A51 A61,A53,NN2,MLP (Feedforward),True,,9,1.0,0.0,3.38,ok,
agaricus_lepiota,classification,5000,22,True,A11 A21 A38 A41 A51 A61,A53,EN3,XGBoost,True,,12,1.0,0.0,0.95,ok,
agaricus_lepiota,classification,5000,22,True,A11 A21 A38 A41 A51 A61,A53,EN4,LightGBM,True,,13,1.0,0.0,0.87,ok,
agaricus_lepiota,classification,5000,22,True,A11 A21 A38 A41 A51 A61,A53,BASE-HGB,Histogram Gradient Boosting (baseline),False,,,1.0,0.0,2.59,ok,
letter,classification,5000,16,True,A11 A21 A31 A41 A53 A61,,LM2,Logistic Regression,True,,1,0.7578255552263207,0.007759313183448954,2.57,ok,
letter,classification,5000,16,True,A11 A21 A31 A41 A53 A61,,TR1,Decision Tree,True,,5,0.777145698029085,0.012480273391606437,0.19,ok,
letter,classification,5000,16,True,A11 A21 A31 A41 A53 A61,,TR2,Random Forest,True,,6,0.9114809908910386,0.014397421514132664,3.91,ok,
letter,classification,5000,16,True,A11 A21 A31 A41 A53 A61,,TR3,Extra Trees,True,,7,0.9300014096224374,0.008814998064453494,3.56,ok,
letter,classification,5000,16,True,A11 A21 A31 A41 A53 A61,,EN1,AdaBoost,True,,8,0.2986336095411314,0.027885291464483,1.02,ok,
letter,classification,5000,16,True,A11 A21 A31 A41 A53 A61,,EN2,Gradient Boosting (GBM),True,,9,,,60,timeout,over 60s
letter,classification,5000,16,True,A11 A21 A31 A41 A53 A61,,EN6,Stacking,True,,13,0.8887960755535808,0.011964033813610492,4.08,ok,
letter,classification,5000,16,True,A11 A21 A31 A41 A53 A61,,EN7,Voting Ensemble,True,,14,0.8671564395066644,0.01980800004871493,0.66,ok,
letter,classification,5000,16,True,A11 A21 A31 A41 A53 A61,,SV1,SVM (linear),True,,15,0.685710315997699,0.007505968028482041,0.58,ok,
letter,classification,5000,16,True,A11 A21 A31 A41 A53 A61,,SV2,Kernel SVM (RBF/Poly),True,,16,0.8790859820469613,0.0124504779916709,2.19,ok,
letter,classification,5000,16,True,A11 A21 A31 A41 A53 A61,,PR1,Naive Bayes,True,,2,0.6326907327781777,0.006383307224969251,0.09,ok,
letter,classification,5000,16,True,A11 A21 A31 A41 A53 A61,,IB1,k-Nearest Neighbors,True,,3,0.8654366589252943,0.011770252645693256,0.12,ok,
letter,classification,5000,16,True,A11 A21 A31 A41 A53 A61,,DR4,LDA (Linear Discriminant Analysis),True,,17,0.6954124083821178,0.012667318043533679,0.09,ok,
letter,classification,5000,16,True,A11 A21 A31 A41 A53 A61,,NN1,Perceptron,True,,4,0.5168179830349322,0.023072194054206928,0.27,ok,
letter,classification,5000,16,True,A11 A21 A31 A41 A53 A61,,NN2,MLP (Feedforward),True,,18,0.8966888401133308,0.012818064622411226,33.53,ok,
letter,classification,5000,16,True,A11 A21 A31 A41 A53 A61,,EN3,XGBoost,True,,10,0.9008091338154431,0.01065365328221234,4.53,ok,
letter,classification,5000,16,True,A11 A21 A31 A41 A53 A61,,EN4,LightGBM,True,,11,0.912780406888911,0.013964065246760653,8.01,ok,
letter,classification,5000,16,True,A11 A21 A31 A41 A53 A61,,BASE-HGB,Histogram Gradient Boosting (baseline),False,,,0.9146916416671449,0.013712698055416257,22.23,ok,
229_pwLinear,regression,200,10,False,A11 A21 A32 A41 A53 A61,,LM1,Linear Regression,False,needs A31 data (yours is A32),,0.7205052532818804,0.03202853268756209,0.06,ok,
229_pwLinear,regression,200,10,False,A11 A21 A32 A41 A53 A61,,LM3,Ridge Regression,False,needs A31 data (yours is A32),,0.7221595539670387,0.03216271097912142,0.06,ok,
229_pwLinear,regression,200,10,False,A11 A21 A32 A41 A53 A61,,LM4,Lasso Regression,True,,1,0.23284733950926073,0.028188283313025086,0.06,ok,
229_pwLinear,regression,200,10,False,A11 A21 A32 A41 A53 A61,,LM5,Elastic Net,True,,2,0.27319362742745046,0.02917925396987289,0.06,ok,
229_pwLinear,regression,200,10,False,A11 A21 A32 A41 A53 A61,,LM6,Polynomial Regression,False,needs A31 data (yours is A32),,0.6334381062209171,0.10280498745689959,0.36,ok,
229_pwLinear,regression,200,10,False,A11 A21 A32 A41 A53 A61,,LM7,Bayesian Linear Regression,False,needs A31 data (yours is A32),,0.7235565918827885,0.0324956510905796,0.07,ok,
229_pwLinear,regression,200,10,False,A11 A21 A32 A41 A53 A61,,TR1,Decision Tree,True,,3,0.6966174627817141,0.046579548783040076,0.07,ok,
229_pwLinear,regression,200,10,False,A11 A21 A32 A41 A53 A61,,TR2,Random Forest,True,,4,0.8328092180989536,0.009843506415739405,1.42,ok,
229_pwLinear,regression,200,10,False,A11 A21 A32 A41 A53 A61,,TR3,Extra Trees,True,,5,0.7230524916139386,0.04040842161911346,1.22,ok,
229_pwLinear,regression,200,10,False,A11 A21 A32 A41 A53 A61,,EN1,AdaBoost,True,,6,0.8308518918913762,0.03318643299483953,0.38,ok,
229_pwLinear,regression,200,10,False,A11 A21 A32 A41 A53 A61,,EN2,Gradient Boosting (GBM),True,,7,0.8509043980804387,0.022445403660270296,0.32,ok,
229_pwLinear,regression,200,10,False,A11 A21 A32 A41 A53 A61,,EN6,Stacking,True,,11,0.8258711347880604,0.014559984441436895,0.31,ok,
229_pwLinear,regression,200,10,False,A11 A21 A32 A41 A53 A61,,EN7,Voting Ensemble,True,,12,0.7864505650846074,0.028200890582270776,0.13,ok,
229_pwLinear,regression,200,10,False,A11 A21 A32 A41 A53 A61,,SV1,SVM (linear),True,,13,0.7204630240410695,0.031328165547022786,0.07,ok,
229_pwLinear,regression,200,10,False,A11 A21 A32 A41 A53 A61,,SV2,Kernel SVM (RBF/Poly),True,,14,0.5343891239829218,0.021934754154087063,0.07,ok,
229_pwLinear,regression,200,10,False,A11 A21 A32 A41 A53 A61,,IB1,k-Nearest Neighbors,False,needs A31 data (yours is A32),,0.4911823029663812,0.11623032719381543,0.06,ok,
229_pwLinear,regression,200,10,False,A11 A21 A32 A41 A53 A61,,NN2,MLP (Feedforward),True,,15,0.7390503863053368,0.045206514859258425,1.28,ok,
229_pwLinear,regression,200,10,False,A11 A21 A32 A41 A53 A61,,EN3,XGBoost,True,,8,0.8099805893949952,0.024862943443807562,0.18,ok,
229_pwLinear,regression,200,10,False,A11 A21 A32 A41 A53 A61,,EN4,LightGBM,True,,9,0.8478436497532945,0.02576195290190403,0.14,ok,
229_pwLinear,regression,200,10,False,A11 A21 A32 A41 A53 A61,,BASE-HGB,Histogram Gradient Boosting (baseline),False,,,0.8478436497532945,0.02576195290190403,0.34,ok,
695_chatfield_4,regression,235,12,False,A11 A21 A31 A41 A54 A61,,LM1,Linear Regression,True,,1,0.8436505364380199,0.0437806339646284,0.05,ok,
695_chatfield_4,regression,235,12,False,A11 A21 A31 A41 A54 A61,,LM3,Ridge Regression,True,,2,0.8460002411255111,0.04151918261998288,0.05,ok,
695_chatfield_4,regression,235,12,False,A11 A21 A31 A41 A54 A61,,LM4,Lasso Regression,True,,6,0.8547681327987613,0.040153175730159744,0.05,ok,
695_chatfield_4,regression,235,12,False,A11 A21 A31 A41 A54 A61,,LM5,Elastic Net,True,,7,0.8324615856262362,0.05633295217801768,0.05,ok,
695_chatfield_4,regression,235,12,False,A11 A21 A31 A41 A54 A61,,LM6,Polynomial Regression,True,,3,0.7834144228668698,0.07818640638312005,0.05,ok,
695_chatfield_4,regression,235,12,False,A11 A21 A31 A41 A54 A61,,LM7,Bayesian Linear Regression,True,,4,0.847200327209728,0.0397476110528449,0.05,ok,
695_chatfield_4,regression,235,12,False,A11 A21 A31 A41 A54 A61,,TR1,Decision Tree,True,,8,0.6640668057023185,0.08092590171898488,0.05,ok,
695_chatfield_4,regression,235,12,False,A11 A21 A31 A41 A54 A61,,TR2,Random Forest,True,,9,0.800679228584445,0.02365667882415703,1.47,ok,
695_chatfield_4,regression,235,12,False,A11 A21 A31 A41 A54 A61,,TR3,Extra Trees,True,,10,0.8088145041195955,0.027822336711825563,1.13,ok,
695_chatfield_4,regression,235,12,False,A11 A21 A31 A41 A54 A61,,EN1,AdaBoost,True,,11,0.7853875466028724,0.031031863597865746,0.37,ok,
695_chatfield_4,regression,235,12,False,A11 A21 A31 A41 A54 A61,,EN2,Gradient Boosting (GBM),True,,12,0.7718514285658715,0.03992693375493121,0.43,ok,
695_chatfield_4,regression,235,12,False,A11 A21 A31 A41 A54 A61,,EN6,Stacking,True,,16,0.8456067073156875,0.03996546531888068,0.29,ok,
695_chatfield_4,regression,235,12,False,A11 A21 A31 A41 A54 A61,,EN7,Voting Ensemble,True,,17,0.8105813156444558,0.043340691883907066,0.11,ok,
695_chatfield_4,regression,235,12,False,A11 A21 A31 A41 A54 A61,,SV1,SVM (linear),True,,18,0.811759143993261,0.06536147690522973,0.05,ok,
695_chatfield_4,regression,235,12,False,A11 A21 A31 A41 A54 A61,,SV2,Kernel SVM (RBF/Poly),True,,19,0.37982745345340907,0.09839076993980223,0.05,ok,
695_chatfield_4,regression,235,12,False,A11 A21 A31 A41 A54 A61,,IB1,k-Nearest Neighbors,True,,5,0.7756787179294673,0.056070476850559554,0.05,ok,
695_chatfield_4,regression,235,12,False,A11 A21 A31 A41 A54 A61,,NN2,MLP (Feedforward),True,,20,0.6559273761645162,0.20720853551336735,1.26,ok,
695_chatfield_4,regression,235,12,False,A11 A21 A31 A41 A54 A61,,EN3,XGBoost,True,,13,0.7863845852831026,0.05285428572048852,0.43,ok,
695_chatfield_4,regression,235,12,False,A11 A21 A31 A41 A54 A61,,EN4,LightGBM,True,,14,0.8006846787417038,0.040811044711591755,0.12,ok,
695_chatfield_4,regression,235,12,False,A11 A21 A31 A41 A54 A61,,BASE-HGB,Histogram Gradient Boosting (baseline),False,,,0.8115708550640323,0.03843145607608066,0.36,ok,
635_fri_c0_250_10,regression,250,10,False,A11 A21 A31 A41 A53 A61,,LM1,Linear Regression,True,,1,0.6320504142315441,0.09947733118994735,0.04,ok,
635_fri_c0_250_10,regression,250,10,False,A11 A21 A31 A41 A53 A61,,LM3,Ridge Regression,True,,2,0.632274297115584,0.09877544381320305,0.04,ok,
635_fri_c0_250_10,regression,250,10,False,A11 A21 A31 A41 A53 A61,,LM4,Lasso Regression,True,,6,-0.006797061796760451,0.008950260856302641,0.05,ok,
635_fri_c0_250_10,regression,250,10,False,A11 A21 A31 A41 A53 A61,,LM5,Elastic Net,True,,7,0.04515194551956279,0.005399160716816534,0.04,ok,
635_fri_c0_250_10,regression,250,10,False,A11 A21 A31 A41 A53 A61,,LM6,Polynomial Regression,True,,3,0.8070762447884672,0.0545514215568437,0.05,ok,
635_fri_c0_250_10,regression,250,10,False,A11 A21 A31 A41 A53 A61,,LM7,Bayesian Linear Regression,True,,4,0.6324388132169247,0.09621932722840078,0.04,ok,
635_fri_c0_250_10,regression,250,10,False,A11 A21 A31 A41 A53 A61,,TR1,Decision Tree,True,,8,0.43334702705535155,0.11916115287231617,0.05,ok,
635_fri_c0_250_10,regression,250,10,False,A11 A21 A31 A41 A53 A61,,TR2,Random Forest,True,,9,0.7300111580970265,0.05535044520238228,1.43,ok,
635_fri_c0_250_10,regression,250,10,False,A11 A21 A31 A41 A53 A61,,TR3,Extra Trees,True,,10,0.7727447106196923,0.044540220145589116,1.09,ok,
635_fri_c0_250_10,regression,250,10,False,A11 A21 A31 A41 A53 A61,,EN1,AdaBoost,True,,11,0.6936104697427814,0.0474709439953812,0.37,ok,
635_fri_c0_250_10,regression,250,10,False,A11 A21 A31 A41 A53 A61,,EN2,Gradient Boosting (GBM),True,,12,0.7968548572547496,0.047927826398348895,0.48,ok,
635_fri_c0_250_10,regression,250,10,False,A11 A21 A31 A41 A53 A61,,EN6,Stacking,True,,16,0.6993410332822482,0.07003827266711593,0.3,ok,
635_fri_c0_250_10,regression,250,10,False,A11 A21 A31 A41 A53 A61,,EN7,Voting Ensemble,True,,17,0.6762175736146954,0.057188050398022404,0.11,ok,
635_fri_c0_250_10,regression,250,10,False,A11 A21 A31 A41 A53 A61,,SV1,SVM (linear),True,,18,0.5973473892950825,0.13998164834919868,0.05,ok,
635_fri_c0_250_10,regression,250,10,False,A11 A21 A31 A41 A53 A61,,SV2,Kernel SVM (RBF/Poly),True,,19,0.779018810867019,0.0662577666552005,0.05,ok,
635_fri_c0_250_10,regression,250,10,False,A11 A21 A31 A41 A53 A61,,IB1,k-Nearest Neighbors,True,,5,0.5706227424375572,0.05743372781528872,0.04,ok,
635_fri_c0_250_10,regression,250,10,False,A11 A21 A31 A41 A53 A61,,NN2,MLP (Feedforward),True,,20,0.7974286876448022,0.042797926863190616,0.76,ok,
635_fri_c0_250_10,regression,250,10,False,A11 A21 A31 A41 A53 A61,,EN3,XGBoost,True,,13,0.7207474250307321,0.06841051710504469,0.3,ok,
635_fri_c0_250_10,regression,250,10,False,A11 A21 A31 A41 A53 A61,,EN4,LightGBM,True,,14,0.8283081502658117,0.03501732943870615,0.11,ok,
635_fri_c0_250_10,regression,250,10,False,A11 A21 A31 A41 A53 A61,,BASE-HGB,Histogram Gradient Boosting (baseline),False,,,0.8396017838666257,0.03840101087649819,0.31,ok,
596_fri_c2_250_5,regression,250,5,False,A11 A21 A31 A41 A54 A61,,LM1,Linear Regression,True,,1,0.2532867529997684,0.10191484353562819,0.04,ok,
596_fri_c2_250_5,regression,250,5,False,A11 A21 A31 A41 A54 A61,,LM3,Ridge Regression,True,,2,0.2540880021775907,0.09969715261205478,0.04,ok,
596_fri_c2_250_5,regression,250,5,False,A11 A21 A31 A41 A54 A61,,LM4,Lasso Regression,True,,6,-0.023097583893322993,0.015898351681584072,0.04,ok,
596_fri_c2_250_5,regression,250,5,False,A11 A21 A31 A41 A54 A61,,LM5,Elastic Net,True,,7,-0.023097583893322993,0.015898351681584072,0.04,ok,
596_fri_c2_250_5,regression,250,5,False,A11 A21 A31 A41 A54 A61,,LM6,Polynomial Regression,True,,3,0.2750743584526544,0.10256800114873563,0.05,ok,
596_fri_c2_250_5,regression,250,5,False,A11 A21 A31 A41 A54 A61,,LM7,Bayesian Linear Regression,True,,4,0.2529597147345669,0.0889720841339939,0.04,ok,
596_fri_c2_250_5,regression,250,5,False,A11 A21 A31 A41 A54 A61,,TR1,Decision Tree,True,,8,0.6333434676799764,0.0747840609931739,0.04,ok,
596_fri_c2_250_5,regression,250,5,False,A11 A21 A31 A41 A54 A61,,TR2,Random Forest,True,,9,0.8264206687811239,0.050714320994122215,1.41,ok,
596_fri_c2_250_5,regression,250,5,False,A11 A21 A31 A41 A54 A61,,TR3,Extra Trees,True,,10,0.8958908211884097,0.021211374476092604,0.97,ok,
596_fri_c2_250_5,regression,250,5,False,A11 A21 A31 A41 A54 A61,,EN1,AdaBoost,True,,11,0.7504105873662889,0.020877152786566242,0.33,ok,
596_fri_c2_250_5,regression,250,5,False,A11 A21 A31 A41 A54 A61,,EN2,Gradient Boosting (GBM),True,,12,0.8778177380104093,0.020352927704555736,0.33,ok,
596_fri_c2_250_5,regression,250,5,False,A11 A21 A31 A41 A54 A61,,EN6,Stacking,True,,16,0.751187734733473,0.07099542904582691,0.3,ok,
596_fri_c2_250_5,regression,250,5,False,A11 A21 A31 A41 A54 A61,,EN7,Voting Ensemble,True,,17,0.6972204374743851,0.046583131506301674,0.11,ok,
596_fri_c2_250_5,regression,250,5,False,A11 A21 A31 A41 A54 A61,,SV1,SVM (linear),True,,18,0.22601064965657902,0.10007196216277948,0.04,ok,
596_fri_c2_250_5,regression,250,5,False,A11 A21 A31 A41 A54 A61,,SV2,Kernel SVM (RBF/Poly),True,,19,0.7145801762740097,0.03734583161358998,0.06,ok,
596_fri_c2_250_5,regression,250,5,False,A11 A21 A31 A41 A54 A61,,IB1,k-Nearest Neighbors,True,,5,0.7102418191415437,0.09112873312641191,0.05,ok,
596_fri_c2_250_5,regression,250,5,False,A11 A21 A31 A41 A54 A61,,NN2,MLP (Feedforward),True,,20,0.8553926382013186,0.045649141200191014,0.8,ok,
596_fri_c2_250_5,regression,250,5,False,A11 A21 A31 A41 A54 A61,,EN3,XGBoost,True,,13,0.8258248380854631,0.06415019335856191,0.24,ok,
596_fri_c2_250_5,regression,250,5,False,A11 A21 A31 A41 A54 A61,,EN4,LightGBM,True,,14,0.8551931549443721,0.04403808706453246,0.1,ok,
596_fri_c2_250_5,regression,250,5,False,A11 A21 A31 A41 A54 A61,,BASE-HGB,Histogram Gradient Boosting (baseline),False,,,0.8593259874838071,0.03901205442594388,0.32,ok,
653_fri_c0_250_25,regression,250,25,False,A11 A21 A31 A41 A54 A61,,LM1,Linear Regression,True,,1,0.6934455105692452,0.056749411207222884,0.05,ok,
653_fri_c0_250_25,regression,250,25,False,A11 A21 A31 A41 A54 A61,,LM3,Ridge Regression,True,,2,0.6943348253124276,0.05617788419917737,0.05,ok,
653_fri_c0_250_25,regression,250,25,False,A11 A21 A31 A41 A54 A61,,LM4,Lasso Regression,True,,6,-0.018263969566775718,0.02471050589950003,0.05,ok,
653_fri_c0_250_25,regression,250,25,False,A11 A21 A31 A41 A54 A61,,LM5,Elastic Net,True,,7,0.03771000635939692,0.024066142895423626,0.05,ok,
653_fri_c0_250_25,regression,250,25,False,A11 A21 A31 A41 A54 A61,,LM6,Polynomial Regression,True,,3,0.1898747689111495,0.11080694100526274,0.19,ok,
653_fri_c0_250_25,regression,250,25,False,A11 A21 A31 A41 A54 A61,,LM7,Bayesian Linear Regression,True,,4,0.6984047522689787,0.05307661053786649,0.06,ok,
653_fri_c0_250_25,regression,250,25,False,A11 A21 A31 A41 A54 A61,,TR1,Decision Tree,True,,8,0.3488465889758192,0.21227359092913944,0.08,ok,
653_fri_c0_250_25,regression,250,25,False,A11 A21 A31 A41 A54 A61,,TR2,Random Forest,True,,9,0.7036301372594109,0.047592386623071185,1.83,ok,
653_fri_c0_250_25,regression,250,25,False,A11 A21 A31 A41 A54 A61,,TR3,Extra Trees,True,,10,0.7397470805878026,0.038103199139136956,1.34,ok,
653_fri_c0_250_25,regression,250,25,False,A11 A21 A31 A41 A54 A61,,EN1,AdaBoost,True,,11,0.7116569285462869,0.0338346333497381,0.49,ok,
653_fri_c0_250_25,regression,250,25,False,A11 A21 A31 A41 A54 A61,,EN2,Gradient Boosting (GBM),True,,12,0.797903150629761,0.015296557307255544,0.71,ok,
653_fri_c0_250_25,regression,250,25,False,A11 A21 A31 A41 A54 A61,,EN6,Stacking,True,,16,0.7240722794405673,0.05909047609496273,0.3,ok,
653_fri_c0_250_25,regression,250,25,False,A11 A21 A31 A41 A54 A61,,EN7,Voting Ensemble,True,,17,0.6776489065364916,0.06789759798049641,0.11,ok,
653_fri_c0_250_25,regression,250,25,False,A11 A21 A31 A41 A54 A61,,SV1,SVM (linear),True,,18,0.6865062827094306,0.053220711465617625,0.09,ok,
653_fri_c0_250_25,regression,250,25,False,A11 A21 A31 A41 A54 A61,,SV2,Kernel SVM (RBF/Poly),True,,19,0.643194263942916,0.042176183438383974,0.06,ok,
653_fri_c0_250_25,regression,250,25,False,A11 A21 A31 A41 A54 A61,,IB1,k-Nearest Neighbors,True,,5,0.3737645831455077,0.09139520432385229,0.15,ok,
653_fri_c0_250_25,regression,250,25,False,A11 A21 A31 A41 A54 A61,,NN2,MLP (Feedforward),True,,20,0.5732726053339323,0.06475570701286953,0.53,ok,
653_fri_c0_250_25,regression,250,25,False,A11 A21 A31 A41 A54 A61,,EN3,XGBoost,True,,13,0.6717681769072248,0.055881428287533196,0.5,ok,
653_fri_c0_250_25,regression,250,25,False,A11 A21 A31 A41 A54 A61,,EN4,LightGBM,True,,14,0.8133827956630743,0.02658126602719488,0.13,ok,
653_fri_c0_250_25,regression,250,25,False,A11 A21 A31 A41 A54 A61,,BASE-HGB,Histogram Gradient Boosting (baseline),False,,,0.8130932543543624,0.024846631643559342,0.52,ok,
nikuradse_1,regression,362,2,False,A11 A21 A31 A41 A54 A61,,LM1,Linear Regression,True,,1,0.6498400655227756,0.02129832122112355,0.04,ok,
nikuradse_1,regression,362,2,False,A11 A21 A31 A41 A54 A61,,LM3,Ridge Regression,True,,2,0.649888282573255,0.02105952983649306,0.04,ok,
nikuradse_1,regression,362,2,False,A11 A21 A31 A41 A54 A61,,LM4,Lasso Regression,True,,6,-0.008256538215613984,0.005983771329978539,0.04,ok,
nikuradse_1,regression,362,2,False,A11 A21 A31 A41 A54 A61,,LM5,Elastic Net,True,,7,-0.008256538215613984,0.005983771329978539,0.04,ok,
nikuradse_1,regression,362,2,False,A11 A21 A31 A41 A54 A61,,LM6,Polynomial Regression,True,,3,0.8798304682536013,0.009121342007377613,0.04,ok,
nikuradse_1,regression,362,2,False,A11 A21 A31 A41 A54 A61,,LM7,Bayesian Linear Regression,True,,4,0.649883739181069,0.021036364637348346,0.04,ok,
nikuradse_1,regression,362,2,False,A11 A21 A31 A41 A54 A61,,TR1,Decision Tree,True,,8,0.9978304773355395,0.0005823848265761544,0.04,ok,
nikuradse_1,regression,362,2,False,A11 A21 A31 A41 A54 A61,,TR2,Random Forest,True,,9,0.9984709458787957,0.00045820318421329096,1.3,ok,
nikuradse_1,regression,362,2,False,A11 A21 A31 A41 A54 A61,,TR3,Extra Trees,True,,10,0.9988050621944293,0.0004144452580928662,0.93,ok,
nikuradse_1,regression,362,2,False,A11 A21 A31 A41 A54 A61,,EN1,AdaBoost,True,,11,0.9762119478643042,0.0010170552299263733,0.22,ok,
nikuradse_1,regression,362,2,False,A11 A21 A31 A41 A54 A61,,EN2,Gradient Boosting (GBM),True,,12,0.9964435721342572,0.0009215555485742807,0.23,ok,
nikuradse_1,regression,362,2,False,A11 A21 A31 A41 A54 A61,,EN6,Stacking,True,,16,0.9648070241332738,0.02294259472802825,0.27,ok,
nikuradse_1,regression,362,2,False,A11 A21 A31 A41 A54 A61,,EN7,Voting Ensemble,True,,17,0.941645260238875,0.005278487506952887,0.1,ok,
nikuradse_1,regression,362,2,False,A11 A21 A31 A41 A54 A61,,SV1,SVM (linear),True,,18,0.6201985911631726,0.015028412716188589,0.05,ok,
nikuradse_1,regression,362,2,False,A11 A21 A31 A41 A54 A61,,SV2,Kernel SVM (RBF/Poly),True,,19,0.7997492910250129,0.015293768699135743,0.04,ok,
nikuradse_1,regression,362,2,False,A11 A21 A31 A41 A54 A61,,IB1,k-Nearest Neighbors,True,,5,0.9420431943468406,0.020299208412442107,0.04,ok,
nikuradse_1,regression,362,2,False,A11 A21 A31 A41 A54 A61,,NN2,MLP (Feedforward),True,,20,0.8129307583137659,0.029550673090528744,0.23,ok,
nikuradse_1,regression,362,2,False,A11 A21 A31 A41 A54 A61,,EN3,XGBoost,True,,13,0.9977283388415236,0.0006643670326536336,0.11,ok,
nikuradse_1,regression,362,2,False,A11 A21 A31 A41 A54 A61,,EN4,LightGBM,True,,14,0.9937130191959511,0.0013120205257335315,0.11,ok,
nikuradse_1,regression,362,2,False,A11 A21 A31 A41 A54 A61,,BASE-HGB,Histogram Gradient Boosting (baseline),False,,,0.994087801927115,0.0014879864939341537,0.37,ok,
strogatz_glider2,regression,400,2,False,A11 A21 A31 A41 A54 A61,,LM1,Linear Regression,True,,1,0.6504133887285974,0.15413438120717474,0.04,ok,
strogatz_glider2,regression,400,2,False,A11 A21 A31 A41 A54 A61,,LM3,Ridge Regression,True,,2,0.6504547507051444,0.15353432977132717,0.04,ok,
strogatz_glider2,regression,400,2,False,A11 A21 A31 A41 A54 A61,,LM4,Lasso Regression,True,,6,-0.04704990178738484,0.056728664500038085,0.04,ok,
strogatz_glider2,regression,400,2,False,A11 A21 A31 A41 A54 A61,,LM5,Elastic Net,True,,7,0.26069950535705644,0.014080773369227535,0.04,ok,
strogatz_glider2,regression,400,2,False,A11 A21 A31 A41 A54 A61,,LM6,Polynomial Regression,True,,3,0.7469367117883998,0.10026415438759607,0.05,ok,
strogatz_glider2,regression,400,2,False,A11 A21 A31 A41 A54 A61,,LM7,Bayesian Linear Regression,True,,4,0.6503488577618309,0.15349584723995982,0.04,ok,
strogatz_glider2,regression,400,2,False,A11 A21 A31 A41 A54 A61,,TR1,Decision Tree,True,,8,0.9636787642597098,0.005661804949074987,0.05,ok,
strogatz_glider2,regression,400,2,False,A11 A21 A31 A41 A54 A61,,TR2,Random Forest,True,,9,0.9613286952169003,0.016068064483506186,1.34,ok,
strogatz_glider2,regression,400,2,False,A11 A21 A31 A41 A54 A61,,TR3,Extra Trees,True,,10,0.9796067317147109,0.008083039373483682,1.02,ok,
strogatz_glider2,regression,400,2,False,A11 A21 A31 A41 A54 A61,,EN1,AdaBoost,True,,11,0.8672258150188942,0.01815407822431301,0.16,ok,
strogatz_glider2,regression,400,2,False,A11 A21 A31 A41 A54 A61,,EN2,Gradient Boosting (GBM),True,,12,0.9714447501502246,0.008066816541600772,0.3,ok,
strogatz_glider2,regression,400,2,False,A11 A21 A31 A41 A54 A61,,EN6,Stacking,True,,16,0.9196684712804755,0.031168066700096354,0.29,ok,
strogatz_glider2,regression,400,2,False,A11 A21 A31 A41 A54 A61,,EN7,Voting Ensemble,True,,17,0.9091494922075782,0.034371114357269736,0.11,ok,
strogatz_glider2,regression,400,2,False,A11 A21 A31 A41 A54 A61,,SV1,SVM (linear),True,,18,0.6245355280074889,0.19589646587133494,0.05,ok,
strogatz_glider2,regression,400,2,False,A11 A21 A31 A41 A54 A61,,SV2,Kernel SVM (RBF/Poly),True,,19,0.8018249658679135,0.10135864607058766,0.06,ok,
strogatz_glider2,regression,400,2,False,A11 A21 A31 A41 A54 A61,,IB1,k-Nearest Neighbors,True,,5,0.8938982648819463,0.07631810279174121,0.04,ok,
strogatz_glider2,regression,400,2,False,A11 A21 A31 A41 A54 A61,,NN2,MLP (Feedforward),True,,20,0.7773393866818861,0.09961501804271947,0.86,ok,
strogatz_glider2,regression,400,2,False,A11 A21 A31 A41 A54 A61,,EN3,XGBoost,True,,13,0.9433912727189234,0.03938244965766527,0.21,ok,
strogatz_glider2,regression,400,2,False,A11 A21 A31 A41 A54 A61,,EN4,LightGBM,True,,14,0.8831920526454665,0.05246969568825752,0.13,ok,
strogatz_glider2,regression,400,2,False,A11 A21 A31 A41 A54 A61,,BASE-HGB,Histogram Gradient Boosting (baseline),False,,,0.8817489497568027,0.04702950472066119,0.41,ok,
strogatz_vdp2,regression,400,2,False,A11 A21 A31 A41 A53 A61,,LM1,Linear Regression,True,,1,1.0,0.0,0.04,ok,
strogatz_vdp2,regression,400,2,False,A11 A21 A31 A41 A53 A61,,LM3,Ridge Regression,True,,2,0.9999866315906211,2.1020755061070515e-06,0.04,ok,
strogatz_vdp2,regression,400,2,False,A11 A21 A31 A41 A53 A61,,LM4,Lasso Regression,True,,6,-0.0046651785696108835,0.005693265921620273,0.04,ok,
strogatz_vdp2,regression,400,2,False,A11 A21 A31 A41 A53 A61,,LM5,Elastic Net,True,,7,-0.0046651785696108835,0.005693265921620273,0.04,ok,
strogatz_vdp2,regression,400,2,False,A11 A21 A31 A41 A53 A61,,LM6,Polynomial Regression,True,,3,0.999914942265616,4.1753722350767795e-05,0.04,ok,
strogatz_vdp2,regression,400,2,False,A11 A21 A31 A41 A53 A61,,LM7,Bayesian Linear Regression,True,,4,1.0,0.0,0.04,ok,
strogatz_vdp2,regression,400,2,False,A11 A21 A31 A41 A53 A61,,TR1,Decision Tree,True,,8,0.9995119738712743,0.0002072900964388239,0.04,ok,
strogatz_vdp2,regression,400,2,False,A11 A21 A31 A41 A53 A61,,TR2,Random Forest,True,,9,0.9998112361920187,6.848886354949768e-05,1.38,ok,
strogatz_vdp2,regression,400,2,False,A11 A21 A31 A41 A53 A61,,TR3,Extra Trees,True,,10,0.9999362637888517,3.779867801623789e-05,0.89,ok,
strogatz_vdp2,regression,400,2,False,A11 A21 A31 A41 A53 A61,,EN1,AdaBoost,True,,11,0.9981624366588365,0.00024595267906488057,0.28,ok,
strogatz_vdp2,regression,400,2,False,A11 A21 A31 A41 A53 A61,,EN2,Gradient Boosting (GBM),True,,12,0.9998352250058717,7.333243238686516e-05,0.27,ok,
strogatz_vdp2,regression,400,2,False,A11 A21 A31 A41 A53 A61,,EN6,Stacking,True,,16,0.9870179368609943,0.0007363488550835102,0.29,ok,
strogatz_vdp2,regression,400,2,False,A11 A21 A31 A41 A53 A61,,EN7,Voting Ensemble,True,,17,0.9994636173302581,0.0003589347175686925,0.11,ok,
strogatz_vdp2,regression,400,2,False,A11 A21 A31 A41 A53 A61,,SV1,SVM (linear),True,,18,1.0,0.0,0.04,ok,
strogatz_vdp2,regression,400,2,False,A11 A21 A31 A41 A53 A61,,SV2,Kernel SVM (RBF/Poly),True,,19,0.33883261287723004,0.03076868198146982,0.05,ok,
strogatz_vdp2,regression,400,2,False,A11 A21 A31 A41 A53 A61,,IB1,k-Nearest Neighbors,True,,5,0.9958528447812689,0.0032662325403427814,0.05,ok,
strogatz_vdp2,regression,400,2,False,A11 A21 A31 A41 A53 A61,,NN2,MLP (Feedforward),True,,20,0.9721832254616235,0.0062530200018977135,0.14,ok,
strogatz_vdp2,regression,400,2,False,A11 A21 A31 A41 A53 A61,,EN3,XGBoost,True,,13,0.999283403188598,0.0004095152841381283,0.23,ok,
strogatz_vdp2,regression,400,2,False,A11 A21 A31 A41 A53 A61,,EN4,LightGBM,True,,14,0.99765222291688,0.002011034377433647,0.12,ok,
strogatz_vdp2,regression,400,2,False,A11 A21 A31 A41 A53 A61,,BASE-HGB,Histogram Gradient Boosting (baseline),False,,,0.9981182799688044,0.001316389734820287,0.4,ok,
556_analcatdata_apnea2,regression,475,3,False,A11 A21 A38 A41 A54 A61,,LM1,Linear Regression,True,,10,0.23657218812594927,0.16578506389481953,0.07,ok,
556_analcatdata_apnea2,regression,475,3,False,A11 A21 A38 A41 A54 A61,,LM3,Ridge Regression,True,,11,0.2386360173433267,0.16140482029978223,0.07,ok,
556_analcatdata_apnea2,regression,475,3,False,A11 A21 A38 A41 A54 A61,,LM4,Lasso Regression,True,,12,0.23689497708777307,0.1651168482533533,0.07,ok,
556_analcatdata_apnea2,regression,475,3,False,A11 A21 A38 A41 A54 A61,,LM5,Elastic Net,True,,13,0.1353694392735731,0.02139174607391966,0.07,ok,
556_analcatdata_apnea2,regression,475,3,False,A11 A21 A38 A41 A54 A61,,LM6,Polynomial Regression,True,,14,0.9051918502843181,0.030067689370022684,0.08,ok,
556_analcatdata_apnea2,regression,475,3,False,A11 A21 A38 A41 A54 A61,,LM7,Bayesian Linear Regression,True,,15,0.24273751824879614,0.15051003900816703,0.07,ok,
556_analcatdata_apnea2,regression,475,3,False,A11 A21 A38 A41 A54 A61,,TR1,Decision Tree,True,,1,0.878490514224557,0.062432261600205194,0.07,ok,
556_analcatdata_apnea2,regression,475,3,False,A11 A21 A38 A41 A54 A61,,TR2,Random Forest,True,,2,0.9054618921054564,0.041386772516449,1.38,ok,
556_analcatdata_apnea2,regression,475,3,False,A11 A21 A38 A41 A54 A61,,TR3,Extra Trees,True,,3,0.9089525655783779,0.026700057383165728,1.0,ok,
556_analcatdata_apnea2,regression,475,3,False,A11 A21 A38 A41 A54 A61,,EN1,AdaBoost,True,,4,0.8884509001930988,0.03778506927563217,0.15,ok,
556_analcatdata_apnea2,regression,475,3,False,A11 A21 A38 A41 A54 A61,,EN2,Gradient Boosting (GBM),True,,5,0.9135073012741785,0.024975893378741048,0.27,ok,
556_analcatdata_apnea2,regression,475,3,False,A11 A21 A38 A41 A54 A61,,EN6,Stacking,True,,7,0.9002734148381155,0.033235339363963244,0.32,ok,
556_analcatdata_apnea2,regression,475,3,False,A11 A21 A38 A41 A54 A61,,EN7,Voting Ensemble,True,,8,0.8333865062352335,0.04385905635895748,0.13,ok,
556_analcatdata_apnea2,regression,475,3,False,A11 A21 A38 A41 A54 A61,,SV1,SVM (linear),True,,18,-0.06781920676641859,0.0276665629413554,0.07,ok,
556_analcatdata_apnea2,regression,475,3,False,A11 A21 A38 A41 A54 A61,,SV2,Kernel SVM (RBF/Poly),True,,19,-0.07183653192070624,0.027243759302498314,0.1,ok,
556_analcatdata_apnea2,regression,475,3,False,A11 A21 A38 A41 A54 A61,,IB1,k-Nearest Neighbors,True,,20,0.8995401377587526,0.042211291772256555,0.07,ok,
556_analcatdata_apnea2,regression,475,3,False,A11 A21 A38 A41 A54 A61,,NN2,MLP (Feedforward),True,,9,0.021426173308616448,0.029926875489071664,1.94,ok,
556_analcatdata_apnea2,regression,475,3,False,A11 A21 A38 A41 A54 A61,,EN3,XGBoost,True,,16,0.8909469600677683,0.051491227969868145,0.2,ok,
556_analcatdata_apnea2,regression,475,3,False,A11 A21 A38 A41 A54 A61,,EN4,LightGBM,True,,17,0.743511493930774,0.03170610560381223,0.14,ok,
556_analcatdata_apnea2,regression,475,3,False,A11 A21 A38 A41 A54 A61,,BASE-HGB,Histogram Gradient Boosting (baseline),False,,,0.7435100555154568,0.0317064487245953,0.46,ok,
645_fri_c3_500_50,regression,500,50,False,A11 A21 A31 A41 A53 A61,,LM1,Linear Regression,True,,1,0.2185834289576106,0.0715766593080826,0.06,ok,
645_fri_c3_500_50,regression,500,50,False,A11 A21 A31 A41 A53 A61,,LM3,Ridge Regression,True,,2,0.21909454170828954,0.07133244128172886,0.06,ok,
645_fri_c3_500_50,regression,500,50,False,A11 A21 A31 A41 A53 A61,,LM4,Lasso Regression,True,,6,-0.020901687518115476,0.02870630040573922,0.06,ok,
645_fri_c3_500_50,regression,500,50,False,A11 A21 A31 A41 A53 A61,,LM5,Elastic Net,True,,7,-0.019292047242335908,0.025688749921441927,0.1,ok,
645_fri_c3_500_50,regression,500,50,False,A11 A21 A31 A41 A53 A61,,LM6,Polynomial Regression,True,,3,0.0235253034308474,0.11634871455073051,0.13,ok,
645_fri_c3_500_50,regression,500,50,False,A11 A21 A31 A41 A53 A61,,LM7,Bayesian Linear Regression,True,,4,0.20478108586102764,0.058197235629457895,0.13,ok,
645_fri_c3_500_50,regression,500,50,False,A11 A21 A31 A41 A53 A61,,TR1,Decision Tree,True,,8,0.6340944331920486,0.08295633043702359,0.11,ok,
645_fri_c3_500_50,regression,500,50,False,A11 A21 A31 A41 A53 A61,,TR2,Random Forest,True,,9,0.832752495110018,0.025259255890833925,4.63,ok,
645_fri_c3_500_50,regression,500,50,False,A11 A21 A31 A41 A53 A61,,TR3,Extra Trees,True,,10,0.817614953907704,0.022040741001666673,2.95,ok,
645_fri_c3_500_50,regression,500,50,False,A11 A21 A31 A41 A53 A61,,EN1,AdaBoost,True,,11,0.7419857280210748,0.024595799266131414,1.13,ok,
645_fri_c3_500_50,regression,500,50,False,A11 A21 A31 A41 A53 A61,,EN2,Gradient Boosting (GBM),True,,12,0.8577968045150397,0.011582425821256407,2.63,ok,
645_fri_c3_500_50,regression,500,50,False,A11 A21 A31 A41 A53 A61,,EN6,Stacking,True,,16,0.7605967995676234,0.05041091267422919,0.43,ok,
645_fri_c3_500_50,regression,500,50,False,A11 A21 A31 A41 A53 A61,,EN7,Voting Ensemble,True,,17,0.5966870297525462,0.049140703690763336,0.16,ok,
645_fri_c3_500_50,regression,500,50,False,A11 A21 A31 A41 A53 A61,,SV1,SVM (linear),True,,18,0.12023724446177428,0.13266015722212615,0.2,ok,
645_fri_c3_500_50,regression,500,50,False,A11 A21 A31 A41 A53 A61,,SV2,Kernel SVM (RBF/Poly),True,,19,0.19898010004197283,0.07114683402083231,0.1,ok,
645_fri_c3_500_50,regression,500,50,False,A11 A21 A31 A41 A53 A61,,IB1,k-Nearest Neighbors,True,,5,0.16635238310390316,0.0817367924929693,0.06,ok,
645_fri_c3_500_50,regression,500,50,False,A11 A21 A31 A41 A53 A61,,NN2,MLP (Feedforward),True,,20,-0.10725751274937553,0.17108913817530344,0.99,ok,
645_fri_c3_500_50,regression,500,50,False,A11 A21 A31 A41 A53 A61,,EN3,XGBoost,True,,13,0.843348867413221,0.020655260901583202,1.55,ok,
645_fri_c3_500_50,regression,500,50,False,A11 A21 A31 A41 A53 A61,,EN4,LightGBM,True,,14,0.8483852532738506,0.02288784207948394,0.39,ok,
645_fri_c3_500_50,regression,500,50,False,A11 A21 A31 A41 A53 A61,,BASE-HGB,Histogram Gradient Boosting (baseline),False,,,0.850856900223004,0.027507163910931245,0.93,ok,
627_fri_c2_500_10,regression,500,10,False,A11 A21 A31 A41 A53 A61,,LM1,Linear Regression,True,,1,0.2402696496425225,0.10095720082813053,0.04,ok,
627_fri_c2_500_10,regression,500,10,False,A11 A21 A31 A41 A53 A61,,LM3,Ridge Regression,True,,2,0.24058408863612693,0.10033588775279353,0.04,ok,
627_fri_c2_500_10,regression,500,10,False,A11 A21 A31 A41 A53 A61,,LM4,Lasso Regression,True,,6,-0.007516622827447384,0.008628660414096889,0.05,ok,
627_fri_c2_500_10,regression,500,10,False,A11 A21 A31 A41 A53 A61,,LM5,Elastic Net,True,,7,-0.007516622827447384,0.008628660414096889,0.05,ok,
627_fri_c2_500_10,regression,500,10,False,A11 A21 A31 A41 A53 A61,,LM6,Polynomial Regression,True,,3,0.18046180528799133,0.1075559668673966,0.05,ok,
627_fri_c2_500_10,regression,500,10,False,A11 A21 A31 A41 A53 A61,,LM7,Bayesian Linear Regression,True,,4,0.241530637067591,0.0898838164135993,0.05,ok,
627_fri_c2_500_10,regression,500,10,False,A11 A21 A31 A41 A53 A61,,TR1,Decision Tree,True,,8,0.7324802211637943,0.08057186519343894,0.05,ok,
627_fri_c2_500_10,regression,500,10,False,A11 A21 A31 A41 A53 A61,,TR2,Random Forest,True,,9,0.8753064563118441,0.009462649585281008,1.9,ok,
627_fri_c2_500_10,regression,500,10,False,A11 A21 A31 A41 A53 A61,,TR3,Extra Trees,True,,10,0.9027271844507077,0.010112938980541029,1.53,ok,
627_fri_c2_500_10,regression,500,10,False,A11 A21 A31 A41 A53 A61,,EN1,AdaBoost,True,,11,0.7896212368945369,0.013763185283720406,0.46,ok,
627_fri_c2_500_10,regression,500,10,False,A11 A21 A31 A41 A53 A61,,EN2,Gradient Boosting (GBM),True,,12,0.9103913663779716,0.004771936041233224,0.73,ok,
627_fri_c2_500_10,regression,500,10,False,A11 A21 A31 A41 A53 A61,,EN6,Stacking,True,,16,0.771878302276279,0.051461227250379805,0.3,ok,
627_fri_c2_500_10,regression,500,10,False,A11 A21 A31 A41 A53 A61,,EN7,Voting Ensemble,True,,17,0.6298671266749425,0.05664084177036516,0.1,ok,
627_fri_c2_500_10,regression,500,10,False,A11 A21 A31 A41 A53 A61,,SV1,SVM (linear),True,,18,0.19914591738809,0.06169940248579082,0.05,ok,
627_fri_c2_500_10,regression,500,10,False,A11 A21 A31 A41 A53 A61,,SV2,Kernel SVM (RBF/Poly),True,,19,0.4521830595783382,0.1098026613808591,0.08,ok,
627_fri_c2_500_10,regression,500,10,False,A11 A21 A31 A41 A53 A61,,IB1,k-Nearest Neighbors,True,,5,0.4051762863571485,0.11791542770870803,0.04,ok,
627_fri_c2_500_10,regression,500,10,False,A11 A21 A31 A41 A53 A61,,NN2,MLP (Feedforward),True,,20,0.7917400185034791,0.04805581412117633,2.17,ok,
627_fri_c2_500_10,regression,500,10,False,A11 A21 A31 A41 A53 A61,,EN3,XGBoost,True,,13,0.9019350231441059,0.01791366221465485,0.49,ok,
627_fri_c2_500_10,regression,500,10,False,A11 A21 A31 A41 A53 A61,,EN4,LightGBM,True,,14,0.9043981837186472,0.006914969953276357,0.17,ok,
627_fri_c2_500_10,regression,500,10,False,A11 A21 A31 A41 A53 A61,,BASE-HGB,Histogram Gradient Boosting (baseline),False,,,0.8972463923291467,0.009407786679571832,0.49,ok,
581_fri_c3_500_25,regression,500,25,False,A11 A21 A31 A41 A53 A61,,LM1,Linear Regression,True,,1,0.21692886522597568,0.11568056704788054,0.05,ok,
581_fri_c3_500_25,regression,500,25,False,A11 A21 A31 A41 A53 A61,,LM3,Ridge Regression,True,,2,0.21813914643386348,0.11310509956058079,0.05,ok,
581_fri_c3_500_25,regression,500,25,False,A11 A21 A31 A41 A53 A61,,LM4,Lasso Regression,True,,6,-0.026462538318629037,0.027865171033198063,0.05,ok,
581_fri_c3_500_25,regression,500,25,False,A11 A21 A31 A41 A53 A61,,LM5,Elastic Net,True,,7,-0.026462538318629037,0.027865171033198063,0.05,ok,
581_fri_c3_500_25,regression,500,25,False,A11 A21 A31 A41 A53 A61,,LM6,Polynomial Regression,True,,3,-2.576807821966752,0.7372572635306026,0.09,ok,
581_fri_c3_500_25,regression,500,25,False,A11 A21 A31 A41 A53 A61,,LM7,Bayesian Linear Regression,True,,4,0.21359772503069677,0.07286527800544033,0.07,ok,
581_fri_c3_500_25,regression,500,25,False,A11 A21 A31 A41 A53 A61,,TR1,Decision Tree,True,,8,0.657951099357857,0.053979130479963146,0.1,ok,
581_fri_c3_500_25,regression,500,25,False,A11 A21 A31 A41 A53 A61,,TR2,Random Forest,True,,9,0.8596560352485113,0.008685186961270311,2.98,ok,
581_fri_c3_500_25,regression,500,25,False,A11 A21 A31 A41 A53 A61,,TR3,Extra Trees,True,,10,0.8839432667156967,0.009914205984436849,1.95,ok,
581_fri_c3_500_25,regression,500,25,False,A11 A21 A31 A41 A53 A61,,EN1,AdaBoost,True,,11,0.7497821594624942,0.011356145719905154,0.74,ok,
581_fri_c3_500_25,regression,500,25,False,A11 A21 A31 A41 A53 A61,,EN2,Gradient Boosting (GBM),True,,12,0.892878768130608,0.007296375149186904,1.34,ok,
581_fri_c3_500_25,regression,500,25,False,A11 A21 A31 A41 A53 A61,,EN6,Stacking,True,,16,0.738705361937814,0.01876035686518807,0.31,ok,
581_fri_c3_500_25,regression,500,25,False,A11 A21 A31 A41 A53 A61,,EN7,Voting Ensemble,True,,17,0.5929301233735832,0.0323732770099891,0.12,ok,
581_fri_c3_500_25,regression,500,25,False,A11 A21 A31 A41 A53 A61,,SV1,SVM (linear),True,,18,0.1315423303861027,0.08616633020334902,0.09,ok,
581_fri_c3_500_25,regression,500,25,False,A11 A21 A31 A41 A53 A61,,SV2,Kernel SVM (RBF/Poly),True,,19,0.26530059033487696,0.050740987459088754,0.1,ok,
581_fri_c3_500_25,regression,500,25,False,A11 A21 A31 A41 A53 A61,,IB1,k-Nearest Neighbors,True,,5,0.2747176471404824,0.040318251504073546,0.05,ok,
581_fri_c3_500_25,regression,500,25,False,A11 A21 A31 A41 A53 A61,,NN2,MLP (Feedforward),True,,20,-0.23840684697260883,0.14375296970051704,1.83,ok,
581_fri_c3_500_25,regression,500,25,False,A11 A21 A31 A41 A53 A61,,EN3,XGBoost,True,,13,0.8761441125598175,0.02369264191556298,0.93,ok,
581_fri_c3_500_25,regression,500,25,False,A11 A21 A31 A41 A53 A61,,EN4,LightGBM,True,,14,0.8893247904818832,0.007667067934662806,0.27,ok,
581_fri_c3_500_25,regression,500,25,False,A11 A21 A31 A41 A53 A61,,BASE-HGB,Histogram Gradient Boosting (baseline),False,,,0.8799571232535209,0.01146645934662234,0.71,ok,
641_fri_c1_500_10,regression,500,10,False,A11 A21 A31 A41 A53 A61,,LM1,Linear Regression,True,,1,0.2342618132048142,0.06288957820745791,0.04,ok,
641_fri_c1_500_10,regression,500,10,False,A11 A21 A31 A41 A53 A61,,LM3,Ridge Regression,True,,2,0.2352066244149434,0.06274808986887896,0.04,ok,
641_fri_c1_500_10,regression,500,10,False,A11 A21 A31 A41 A53 A61,,LM4,Lasso Regression,True,,6,-0.016817337634248954,0.015984769192292445,0.04,ok,
641_fri_c1_500_10,regression,500,10,False,A11 A21 A31 A41 A53 A61,,LM5,Elastic Net,True,,7,-0.016817337634248954,0.015984769192292445,0.04,ok,
641_fri_c1_500_10,regression,500,10,False,A11 A21 A31 A41 A53 A61,,LM6,Polynomial Regression,True,,3,0.1396880306755436,0.04480809094936816,0.05,ok,
641_fri_c1_500_10,regression,500,10,False,A11 A21 A31 A41 A53 A61,,LM7,Bayesian Linear Regression,True,,4,0.23876070474018957,0.057733125402977654,0.04,ok,
641_fri_c1_500_10,regression,500,10,False,A11 A21 A31 A41 A53 A61,,TR1,Decision Tree,True,,8,0.6934932757605317,0.09837247664731585,0.05,ok,
641_fri_c1_500_10,regression,500,10,False,A11 A21 A31 A41 A53 A61,,TR2,Random Forest,True,,9,0.8739493891574199,0.03450643952411077,1.88,ok,
641_fri_c1_500_10,regression,500,10,False,A11 A21 A31 A41 A53 A61,,TR3,Extra Trees,True,,10,0.9122128047400881,0.024502779560479488,1.39,ok,
641_fri_c1_500_10,regression,500,10,False,A11 A21 A31 A41 A53 A61,,EN1,AdaBoost,True,,11,0.7910448040592217,0.03192286406545624,0.5,ok,
641_fri_c1_500_10,regression,500,10,False,A11 A21 A31 A41 A53 A61,,EN2,Gradient Boosting (GBM),True,,12,0.9106599239848965,0.022639762396892086,0.69,ok,
641_fri_c1_500_10,regression,500,10,False,A11 A21 A31 A41 A53 A61,,EN6,Stacking,True,,16,0.7455973392924461,0.06454453627914725,0.32,ok,
641_fri_c1_500_10,regression,500,10,False,A11 A21 A31 A41 A53 A61,,EN7,Voting Ensemble,True,,17,0.6165051848575708,0.03592469502393786,0.11,ok,
641_fri_c1_500_10,regression,500,10,False,A11 A21 A31 A41 A53 A61,,SV1,SVM (linear),True,,18,0.18529743029265275,0.07075659642848381,0.05,ok,
641_fri_c1_500_10,regression,500,10,False,A11 A21 A31 A41 A53 A61,,SV2,Kernel SVM (RBF/Poly),True,,19,0.4298283367987354,0.054987837506363026,0.09,ok,
641_fri_c1_500_10,regression,500,10,False,A11 A21 A31 A41 A53 A61,,IB1,k-Nearest Neighbors,True,,5,0.36909358428141853,0.04148599697279081,0.05,ok,
641_fri_c1_500_10,regression,500,10,False,A11 A21 A31 A41 A53 A61,,NN2,MLP (Feedforward),True,,20,0.8266993670120837,0.04750643265262761,1.93,ok,
641_fri_c1_500_10,regression,500,10,False,A11 A21 A31 A41 A53 A61,,EN3,XGBoost,True,,13,0.8937707984565689,0.028942088178806044,0.48,ok,
641_fri_c1_500_10,regression,500,10,False,A11 A21 A31 A41 A53 A61,,EN4,LightGBM,True,,14,0.9099742952340684,0.026026399844482146,0.17,ok,
641_fri_c1_500_10,regression,500,10,False,A11 A21 A31 A41 A53 A61,,BASE-HGB,Histogram Gradient Boosting (baseline),False,,,0.9086102646410741,0.02096359068784778,0.51,ok,
589_fri_c2_1000_25,regression,1000,25,False,A11 A21 A31 A41 A53 A61,,LM1,Linear Regression,True,,1,0.26874431492589657,0.06376276965668139,0.06,ok,
589_fri_c2_1000_25,regression,1000,25,False,A11 A21 A31 A41 A53 A61,,LM3,Ridge Regression,True,,2,0.2687919063191878,0.06365249951673767,0.05,ok,
589_fri_c2_1000_25,regression,1000,25,False,A11 A21 A31 A41 A53 A61,,LM4,Lasso Regression,True,,6,-0.016711955359871623,0.01949526075786265,0.05,ok,
589_fri_c2_1000_25,regression,1000,25,False,A11 A21 A31 A41 A53 A61,,LM5,Elastic Net,True,,7,-0.016711955359871623,0.01949526075786265,0.07,ok,
589_fri_c2_1000_25,regression,1000,25,False,A11 A21 A31 A41 A53 A61,,LM6,Polynomial Regression,True,,3,-0.22242533048111243,0.1173886096989487,0.12,ok,
589_fri_c2_1000_25,regression,1000,25,False,A11 A21 A31 A41 A53 A61,,LM7,Bayesian Linear Regression,True,,4,0.2668360113965626,0.05858368526617657,0.23,ok,
589_fri_c2_1000_25,regression,1000,25,False,A11 A21 A31 A41 A53 A61,,TR1,Decision Tree,True,,8,0.7434649057088214,0.02112969479283956,0.13,ok,
589_fri_c2_1000_25,regression,1000,25,False,A11 A21 A31 A41 A53 A61,,TR2,Random Forest,True,,9,0.877896967706757,0.01455755639130427,5.55,ok,
589_fri_c2_1000_25,regression,1000,25,False,A11 A21 A31 A41 A53 A61,,TR3,Extra Trees,True,,10,0.9142135118807196,0.005332133400524762,3.44,ok,
589_fri_c2_1000_25,regression,1000,25,False,A11 A21 A31 A41 A53 A61,,EN1,AdaBoost,True,,11,0.8001087230374377,0.022001939857181588,1.2,ok,
589_fri_c2_1000_25,regression,1000,25,False,A11 A21 A31 A41 A53 A61,,EN2,Gradient Boosting (GBM),True,,12,0.9219379600918345,0.010778012690564472,2.72,ok,
589_fri_c2_1000_25,regression,1000,25,False,A11 A21 A31 A41 A53 A61,,EN6,Stacking,True,,16,0.7805085727837249,0.022319169916264918,0.48,ok,
589_fri_c2_1000_25,regression,1000,25,False,A11 A21 A31 A41 A53 A61,,EN7,Voting Ensemble,True,,17,0.6175931472082887,0.026183105150857863,0.17,ok,
589_fri_c2_1000_25,regression,1000,25,False,A11 A21 A31 A41 A53 A61,,SV1,SVM (linear),True,,18,0.23297424406550205,0.07399235668030055,0.1,ok,
589_fri_c2_1000_25,regression,1000,25,False,A11 A21 A31 A41 A53 A61,,SV2,Kernel SVM (RBF/Poly),True,,19,0.304101487410316,0.06816272274520008,0.22,ok,
589_fri_c2_1000_25,regression,1000,25,False,A11 A21 A31 A41 A53 A61,,IB1,k-Nearest Neighbors,True,,5,0.2737799132745836,0.06559365038386826,0.06,ok,
589_fri_c2_1000_25,regression,1000,25,False,A11 A21 A31 A41 A53 A61,,NN2,MLP (Feedforward),True,,20,-0.1940057800273874,0.13345405578388245,4.06,ok,
589_fri_c2_1000_25,regression,1000,25,False,A11 A21 A31 A41 A53 A61,,EN3,XGBoost,True,,13,0.9107298903287825,0.012072721472489304,1.44,ok,
589_fri_c2_1000_25,regression,1000,25,False,A11 A21 A31 A41 A53 A61,,EN4,LightGBM,True,,14,0.9178751620912002,0.00845932084238961,0.6,ok,
589_fri_c2_1000_25,regression,1000,25,False,A11 A21 A31 A41 A53 A61,,BASE-HGB,Histogram Gradient Boosting (baseline),False,,,0.9203481606637922,0.008879395601507313,1.2,ok,
598_fri_c0_1000_25,regression,1000,25,False,A11 A21 A31 A41 A53 A61,,LM1,Linear Regression,True,,1,0.6911793634524377,0.017318636027582424,0.06,ok,
598_fri_c0_1000_25,regression,1000,25,False,A11 A21 A31 A41 A53 A61,,LM3,Ridge Regression,True,,2,0.6912152888119567,0.01733520336026709,0.05,ok,
598_fri_c0_1000_25,regression,1000,25,False,A11 A21 A31 A41 A53 A61,,LM4,Lasso Regression,True,,6,-0.0018549048064634643,0.0015655964268132874,0.05,ok,
598_fri_c0_1000_25,regression,1000,25,False,A11 A21 A31 A41 A53 A61,,LM5,Elastic Net,True,,7,0.05299344578624641,0.007935266205731836,0.06,ok,
598_fri_c0_1000_25,regression,1000,25,False,A11 A21 A31 A41 A53 A61,,LM6,Polynomial Regression,True,,3,0.8040874234937536,0.01552155845507776,0.1,ok,
598_fri_c0_1000_25,regression,1000,25,False,A11 A21 A31 A41 A53 A61,,LM7,Bayesian Linear Regression,True,,4,0.6914255221218615,0.0174891872107232,0.1,ok,
598_fri_c0_1000_25,regression,1000,25,False,A11 A21 A31 A41 A53 A61,,TR1,Decision Tree,True,,8,0.5957655935520773,0.039764630731326495,0.12,ok,
598_fri_c0_1000_25,regression,1000,25,False,A11 A21 A31 A41 A53 A61,,TR2,Random Forest,True,,9,0.8029318341708951,0.017719865057733927,5.09,ok,
598_fri_c0_1000_25,regression,1000,25,False,A11 A21 A31 A41 A53 A61,,TR3,Extra Trees,True,,10,0.8222429532878051,0.015507387784563747,3.2,ok,
598_fri_c0_1000_25,regression,1000,25,False,A11 A21 A31 A41 A53 A61,,EN1,AdaBoost,True,,11,0.7617146513741005,0.01836842707328529,1.23,ok,
598_fri_c0_1000_25,regression,1000,25,False,A11 A21 A31 A41 A53 A61,,EN2,Gradient Boosting (GBM),True,,12,0.8985700251350079,0.007273604200828794,2.95,ok,
598_fri_c0_1000_25,regression,1000,25,False,A11 A21 A31 A41 A53 A61,,EN6,Stacking,True,,16,0.7565976619985438,0.012720818688710398,0.51,ok,
598_fri_c0_1000_25,regression,1000,25,False,A11 A21 A31 A41 A53 A61,,EN7,Voting Ensemble,True,,17,0.7214441091966796,0.01095520345480579,0.2,ok,
598_fri_c0_1000_25,regression,1000,25,False,A11 A21 A31 A41 A53 A61,,SV1,SVM (linear),True,,18,0.6850994572981269,0.020934537563026913,0.15,ok,
598_fri_c0_1000_25,regression,1000,25,False,A11 A21 A31 A41 A53 A61,,SV2,Kernel SVM (RBF/Poly),True,,19,0.745352448682107,0.015059881212834315,0.26,ok,
598_fri_c0_1000_25,regression,1000,25,False,A11 A21 A31 A41 A53 A61,,IB1,k-Nearest Neighbors,True,,5,0.42354192490239695,0.033080132140874324,0.07,ok,
598_fri_c0_1000_25,regression,1000,25,False,A11 A21 A31 A41 A53 A61,,NN2,MLP (Feedforward),True,,20,0.7509270138421549,0.014581141658008034,2.53,ok,
598_fri_c0_1000_25,regression,1000,25,False,A11 A21 A31 A41 A53 A61,,EN3,XGBoost,True,,13,0.8445565802819764,0.009167558309819138,1.39,ok,
598_fri_c0_1000_25,regression,1000,25,False,A11 A21 A31 A41 A53 A61,,EN4,LightGBM,True,,14,0.8919133980641414,0.01104675815920262,0.58,ok,
598_fri_c0_1000_25,regression,1000,25,False,A11 A21 A31 A41 A53 A61,,BASE-HGB,Histogram Gradient Boosting (baseline),False,,,0.8917770829245966,0.008746727574682282,1.15,ok,
620_fri_c1_1000_25,regression,1000,25,False,A11 A21 A31 A41 A53 A61,,LM1,Linear Regression,True,,1,0.2415902442437922,0.055287169638277955,0.06,ok,
620_fri_c1_1000_25,regression,1000,25,False,A11 A21 A31 A41 A53 A61,,LM3,Ridge Regression,True,,2,0.24200403929005745,0.05519582204008049,0.05,ok,
620_fri_c1_1000_25,regression,1000,25,False,A11 A21 A31 A41 A53 A61,,LM4,Lasso Regression,True,,6,-0.010764144445443024,0.010570234792135709,0.05,ok,
620_fri_c1_1000_25,regression,1000,25,False,A11 A21 A31 A41 A53 A61,,LM5,Elastic Net,True,,7,-0.010764144445443024,0.010570234792135709,0.06,ok,
620_fri_c1_1000_25,regression,1000,25,False,A11 A21 A31 A41 A53 A61,,LM6,Polynomial Regression,True,,3,-0.22701136358812576,0.12353555950303506,0.11,ok,
620_fri_c1_1000_25,regression,1000,25,False,A11 A21 A31 A41 A53 A61,,LM7,Bayesian Linear Regression,True,,4,0.2459080502094114,0.04930582594009409,0.14,ok,
620_fri_c1_1000_25,regression,1000,25,False,A11 A21 A31 A41 A53 A61,,TR1,Decision Tree,True,,8,0.7005408825695764,0.054034043737621246,0.12,ok,
620_fri_c1_1000_25,regression,1000,25,False,A11 A21 A31 A41 A53 A61,,TR2,Random Forest,True,,9,0.870977275005079,0.008604752143553872,5.47,ok,
620_fri_c1_1000_25,regression,1000,25,False,A11 A21 A31 A41 A53 A61,,TR3,Extra Trees,True,,10,0.9119265838667131,0.010668690903058638,3.33,ok,
620_fri_c1_1000_25,regression,1000,25,False,A11 A21 A31 A41 A53 A61,,EN1,AdaBoost,True,,11,0.8015246109583313,0.009853724902271557,1.2,ok,
620_fri_c1_1000_25,regression,1000,25,False,A11 A21 A31 A41 A53 A61,,EN2,Gradient Boosting (GBM),True,,12,0.9204017167924612,0.007856042088785377,2.74,ok,
620_fri_c1_1000_25,regression,1000,25,False,A11 A21 A31 A41 A53 A61,,EN6,Stacking,True,,16,0.7519461527242596,0.028956638238261626,0.51,ok,
620_fri_c1_1000_25,regression,1000,25,False,A11 A21 A31 A41 A53 A61,,EN7,Voting Ensemble,True,,17,0.5684103400692606,0.021521383957806273,0.17,ok,
620_fri_c1_1000_25,regression,1000,25,False,A11 A21 A31 A41 A53 A61,,SV1,SVM (linear),True,,18,0.18357739523365793,0.06673760078836823,0.1,ok,
620_fri_c1_1000_25,regression,1000,25,False,A11 A21 A31 A41 A53 A61,,SV2,Kernel SVM (RBF/Poly),True,,19,0.21895623134446862,0.06848653690938171,0.24,ok,
620_fri_c1_1000_25,regression,1000,25,False,A11 A21 A31 A41 A53 A61,,IB1,k-Nearest Neighbors,True,,5,0.14894712786424694,0.05630174587729497,0.07,ok,
620_fri_c1_1000_25,regression,1000,25,False,A11 A21 A31 A41 A53 A61,,NN2,MLP (Feedforward),True,,20,-0.2129562882641928,0.11783250780627427,4.44,ok,
620_fri_c1_1000_25,regression,1000,25,False,A11 A21 A31 A41 A53 A61,,EN3,XGBoost,True,,13,0.90272367495811,0.013406617457516349,1.63,ok,
620_fri_c1_1000_25,regression,1000,25,False,A11 A21 A31 A41 A53 A61,,EN4,LightGBM,True,,14,0.9230534579116363,0.011806435949435713,0.7,ok,
620_fri_c1_1000_25,regression,1000,25,False,A11 A21 A31 A41 A53 A61,,BASE-HGB,Histogram Gradient Boosting (baseline),False,,,0.9236658413534654,0.01271014637455521,1.12,ok,
606_fri_c2_1000_10,regression,1000,10,False,A11 A21 A31 A41 A53 A61,,LM1,Linear Regression,True,,1,0.30524262325499824,0.03306697715070843,0.05,ok,
606_fri_c2_1000_10,regression,1000,10,False,A11 A21 A31 A41 A53 A61,,LM3,Ridge Regression,True,,2,0.30526928709279977,0.0329557456506966,0.05,ok,
606_fri_c2_1000_10,regression,1000,10,False,A11 A21 A31 A41 A53 A61,,LM4,Lasso Regression,True,,6,-0.009270397215370974,0.010515939494557818,0.07,ok,
606_fri_c2_1000_10,regression,1000,10,False,A11 A21 A31 A41 A53 A61,,LM5,Elastic Net,True,,7,-0.009270397215370974,0.010515939494557818,0.07,ok,
606_fri_c2_1000_10,regression,1000,10,False,A11 A21 A31 A41 A53 A61,,LM6,Polynomial Regression,True,,3,0.2917439127225482,0.0585967416207418,0.06,ok,
606_fri_c2_1000_10,regression,1000,10,False,A11 A21 A31 A41 A53 A61,,LM7,Bayesian Linear Regression,True,,4,0.30504005935373024,0.031194834532692946,0.05,ok,
606_fri_c2_1000_10,regression,1000,10,False,A11 A21 A31 A41 A53 A61,,TR1,Decision Tree,True,,8,0.7858290114674829,0.02751284490954315,0.08,ok,
606_fri_c2_1000_10,regression,1000,10,False,A11 A21 A31 A41 A53 A61,,TR2,Random Forest,True,,9,0.8991865877297567,0.012132167100029614,3.27,ok,
606_fri_c2_1000_10,regression,1000,10,False,A11 A21 A31 A41 A53 A61,,TR3,Extra Trees,True,,10,0.9301156349546524,0.004482076846447951,2.06,ok,
606_fri_c2_1000_10,regression,1000,10,False,A11 A21 A31 A41 A53 A61,,EN1,AdaBoost,True,,11,0.8062725474741346,0.012162334889373466,0.68,ok,
606_fri_c2_1000_10,regression,1000,10,False,A11 A21 A31 A41 A53 A61,,EN2,Gradient Boosting (GBM),True,,12,0.9264628688309859,0.0068982663897244915,1.3,ok,
606_fri_c2_1000_10,regression,1000,10,False,A11 A21 A31 A41 A53 A61,,EN6,Stacking,True,,16,0.8203555657563324,0.023253202177201237,0.39,ok,
606_fri_c2_1000_10,regression,1000,10,False,A11 A21 A31 A41 A53 A61,,EN7,Voting Ensemble,True,,17,0.709972868661887,0.014499283005131059,0.13,ok,
606_fri_c2_1000_10,regression,1000,10,False,A11 A21 A31 A41 A53 A61,,SV1,SVM (linear),True,,18,0.2709434936388596,0.05227146712831915,0.05,ok,
606_fri_c2_1000_10,regression,1000,10,False,A11 A21 A31 A41 A53 A61,,SV2,Kernel SVM (RBF/Poly),True,,19,0.6393057668869095,0.04314902973556193,0.19,ok,
606_fri_c2_1000_10,regression,1000,10,False,A11 A21 A31 A41 A53 A61,,IB1,k-Nearest Neighbors,True,,5,0.5803575174487611,0.044460485752653565,0.06,ok,
606_fri_c2_1000_10,regression,1000,10,False,A11 A21 A31 A41 A53 A61,,NN2,MLP (Feedforward),True,,20,0.9128589684903284,0.01420080486192514,3.43,ok,
606_fri_c2_1000_10,regression,1000,10,False,A11 A21 A31 A41 A53 A61,,EN3,XGBoost,True,,13,0.9208037534278182,0.0097995257083692,0.62,ok,
606_fri_c2_1000_10,regression,1000,10,False,A11 A21 A31 A41 A53 A61,,EN4,LightGBM,True,,14,0.9345690557531972,0.006764135785979546,0.38,ok,
606_fri_c2_1000_10,regression,1000,10,False,A11 A21 A31 A41 A53 A61,,BASE-HGB,Histogram Gradient Boosting (baseline),False,,,0.9358724801503238,0.009184510309042,0.95,ok,
595_fri_c0_1000_10,regression,1000,10,False,A11 A21 A31 A41 A53 A61,,LM1,Linear Regression,True,,1,0.7067540014777791,0.026257947579562745,0.05,ok,
595_fri_c0_1000_10,regression,1000,10,False,A11 A21 A31 A41 A53 A61,,LM3,Ridge Regression,True,,2,0.7067814032408468,0.026167679732436513,0.05,ok,
595_fri_c0_1000_10,regression,1000,10,False,A11 A21 A31 A41 A53 A61,,LM4,Lasso Regression,True,,6,-0.0045234977311575,0.0034461332355352884,0.05,ok,
595_fri_c0_1000_10,regression,1000,10,False,A11 A21 A31 A41 A53 A61,,LM5,Elastic Net,True,,7,0.04806411098677299,0.008113942015427523,0.05,ok,
595_fri_c0_1000_10,regression,1000,10,False,A11 A21 A31 A41 A53 A61,,LM6,Polynomial Regression,True,,3,0.8660975407656608,0.01672330071063324,0.06,ok,
595_fri_c0_1000_10,regression,1000,10,False,A11 A21 A31 A41 A53 A61,,LM7,Bayesian Linear Regression,True,,4,0.7068340683425882,0.025924393059669804,0.05,ok,
595_fri_c0_1000_10,regression,1000,10,False,A11 A21 A31 A41 A53 A61,,TR1,Decision Tree,True,,8,0.6105920684009174,0.05016490501097584,0.08,ok,
595_fri_c0_1000_10,regression,1000,10,False,A11 A21 A31 A41 A53 A61,,TR2,Random Forest,True,,9,0.8278059285854822,0.014739821938334948,3.02,ok,
595_fri_c0_1000_10,regression,1000,10,False,A11 A21 A31 A41 A53 A61,,TR3,Extra Trees,True,,10,0.8481564242744678,0.009360973071229432,2.03,ok,
595_fri_c0_1000_10,regression,1000,10,False,A11 A21 A31 A41 A53 A61,,EN1,AdaBoost,True,,11,0.7796241027764094,0.014511834157550552,0.74,ok,
595_fri_c0_1000_10,regression,1000,10,False,A11 A21 A31 A41 A53 A61,,EN2,Gradient Boosting (GBM),True,,12,0.9015458490227803,0.006965847447154551,1.3,ok,
595_fri_c0_1000_10,regression,1000,10,False,A11 A21 A31 A41 A53 A61,,EN6,Stacking,True,,16,0.7835788346857785,0.032986589518974735,0.4,ok,
595_fri_c0_1000_10,regression,1000,10,False,A11 A21 A31 A41 A53 A61,,EN7,Voting Ensemble,True,,17,0.7698301699679525,0.023964817753497878,0.16,ok,
595_fri_c0_1000_10,regression,1000,10,False,A11 A21 A31 A41 A53 A61,,SV1,SVM (linear),True,,18,0.6971456257955451,0.027833962096229833,0.07,ok,
595_fri_c0_1000_10,regression,1000,10,False,A11 A21 A31 A41 A53 A61,,SV2,Kernel SVM (RBF/Poly),True,,19,0.8773633521064562,0.012396739067693155,0.22,ok,
595_fri_c0_1000_10,regression,1000,10,False,A11 A21 A31 A41 A53 A61,,IB1,k-Nearest Neighbors,True,,5,0.6614551511877792,0.02875003254685359,0.07,ok,
595_fri_c0_1000_10,regression,1000,10,False,A11 A21 A31 A41 A53 A61,,NN2,MLP (Feedforward),True,,20,0.9197936450865297,0.008332432101503544,2.27,ok,
595_fri_c0_1000_10,regression,1000,10,False,A11 A21 A31 A41 A53 A61,,EN3,XGBoost,True,,13,0.8629707301237838,0.021392385958626522,0.67,ok,
595_fri_c0_1000_10,regression,1000,10,False,A11 A21 A31 A41 A53 A61,,EN4,LightGBM,True,,14,0.896529033243719,0.014124811363227577,0.35,ok,
595_fri_c0_1000_10,regression,1000,10,False,A11 A21 A31 A41 A53 A61,,BASE-HGB,Histogram Gradient Boosting (baseline),False,,,0.8982552323375268,0.011739940310011162,0.86,ok,
225_puma8NH,regression,5000,8,True,A11 A21 A31 A41 A53 A61,,LM1,Linear Regression,True,,1,0.37577597737261315,0.02342032224819857,0.11,ok,
225_puma8NH,regression,5000,8,True,A11 A21 A31 A41 A53 A61,,LM3,Ridge Regression,True,,2,0.3757767714241198,0.02341118902485103,0.05,ok,
225_puma8NH,regression,5000,8,True,A11 A21 A31 A41 A53 A61,,LM4,Lasso Regression,True,,6,0.3132374943742454,0.012738262007537523,0.05,ok,
225_puma8NH,regression,5000,8,True,A11 A21 A31 A41 A53 A61,,LM5,Elastic Net,True,,7,0.2945976551807915,0.010361996407537611,0.05,ok,
225_puma8NH,regression,5000,8,True,A11 A21 A31 A41 A53 A61,,LM6,Polynomial Regression,True,,3,0.4259052580292412,0.024932158404374398,0.07,ok,
225_puma8NH,regression,5000,8,True,A11 A21 A31 A41 A53 A61,,LM7,Bayesian Linear Regression,True,,4,0.3757791225396008,0.023303404839299033,0.07,ok,
225_puma8NH,regression,5000,8,True,A11 A21 A31 A41 A53 A61,,TR1,Decision Tree,True,,8,0.3426071541258201,0.025895778523511048,0.24,ok,
225_puma8NH,regression,5000,8,True,A11 A21 A31 A41 A53 A61,,TR2,Random Forest,True,,9,0.662262444006395,0.01696261047902104,12.12,ok,
225_puma8NH,regression,5000,8,True,A11 A21 A31 A41 A53 A61,,TR3,Extra Trees,True,,10,0.6591729562969306,0.015997069426904945,6.13,ok,
225_puma8NH,regression,5000,8,True,A11 A21 A31 A41 A53 A61,,EN1,AdaBoost,True,,11,0.5395063261611547,0.009060713245960262,1.98,ok,
225_puma8NH,regression,5000,8,True,A11 A21 A31 A41 A53 A61,,EN2,Gradient Boosting (GBM),True,,12,0.6619594668001445,0.008679158773429346,5.22,ok,
225_puma8NH,regression,5000,8,True,A11 A21 A31 A41 A53 A61,,EN6,Stacking,True,,16,0.6318594567293971,0.005898366646522036,0.93,ok,
225_puma8NH,regression,5000,8,True,A11 A21 A31 A41 A53 A61,,EN7,Voting Ensemble,True,,17,0.5875354911466854,0.010158089674226685,0.35,ok,
225_puma8NH,regression,5000,8,True,A11 A21 A31 A41 A53 A61,,SV1,SVM (linear),True,,18,0.3534172944760138,0.03074334391815323,0.07,ok,
225_puma8NH,regression,5000,8,True,A11 A21 A31 A41 A53 A61,,SV2,Kernel SVM (RBF/Poly),True,,19,0.5973400754895304,0.016680764849969998,3.3,ok,
225_puma8NH,regression,5000,8,True,A11 A21 A31 A41 A53 A61,,IB1,k-Nearest Neighbors,True,,5,0.5228010171459883,0.012442131180595969,0.26,ok,
225_puma8NH,regression,5000,8,True,A11 A21 A31 A41 A53 A61,,NN2,MLP (Feedforward),True,,20,0.6703788854747822,0.013194245309593762,19.01,ok,
225_puma8NH,regression,5000,8,True,A11 A21 A31 A41 A53 A61,,EN3,XGBoost,True,,13,0.6271348289661798,0.016004849141175996,0.78,ok,
225_puma8NH,regression,5000,8,True,A11 A21 A31 A41 A53 A61,,EN4,LightGBM,True,,14,0.663117190054274,0.01513040504240407,0.51,ok,
225_puma8NH,regression,5000,8,True,A11 A21 A31 A41 A53 A61,,BASE-HGB,Histogram Gradient Boosting (baseline),False,,,0.660876703704654,0.01563035299502345,1.04,ok,
1199_BNG_echoMonths,regression,5000,9,True,A11 A21 A38 A41 A53 A61,,LM1,Linear Regression,True,,10,0.43120281706327557,0.04081351864360844,0.13,ok,
1199_BNG_echoMonths,regression,5000,9,True,A11 A21 A38 A41 A53 A61,,LM3,Ridge Regression,True,,11,0.43120468821971497,0.04078694480660985,0.14,ok,
1199_BNG_echoMonths,regression,5000,9,True,A11 A21 A38 A41 A53 A61,,LM4,Lasso Regression,True,,12,0.39540730354216486,0.030376312959862626,0.13,ok,
1199_BNG_echoMonths,regression,5000,9,True,A11 A21 A38 A41 A53 A61,,LM5,Elastic Net,True,,13,0.32333646167166674,0.016963351546362745,0.13,ok,
1199_BNG_echoMonths,regression,5000,9,True,A11 A21 A38 A41 A53 A61,,LM6,Polynomial Regression,True,,14,0.4335103525690269,0.040675679865060314,0.16,ok,
1199_BNG_echoMonths,regression,5000,9,True,A11 A21 A38 A41 A53 A61,,LM7,Bayesian Linear Regression,True,,15,0.43120225864279316,0.04061496237311969,0.15,ok,
1199_BNG_echoMonths,regression,5000,9,True,A11 A21 A38 A41 A53 A61,,TR1,Decision Tree,True,,1,-0.07513234534476247,0.08914014933710604,0.3,ok,
1199_BNG_echoMonths,regression,5000,9,True,A11 A21 A38 A41 A53 A61,,TR2,Random Forest,True,,2,0.4369693157335502,0.043268140414388326,11.59,ok,
1199_BNG_echoMonths,regression,5000,9,True,A11 A21 A38 A41 A53 A61,,TR3,Extra Trees,True,,3,0.4330221079410156,0.03959642233292441,5.63,ok,
1199_BNG_echoMonths,regression,5000,9,True,A11 A21 A38 A41 A53 A61,,EN1,AdaBoost,True,,4,0.3950117676579528,0.033694724105094526,0.85,ok,
1199_BNG_echoMonths,regression,5000,9,True,A11 A21 A38 A41 A53 A61,,EN2,Gradient Boosting (GBM),True,,5,0.4401932976785282,0.03952543975547203,4.13,ok,
1199_BNG_echoMonths,regression,5000,9,True,A11 A21 A38 A41 A53 A61,,EN6,Stacking,True,,7,0.4387321222843933,0.03980513173616097,1.09,ok,
1199_BNG_echoMonths,regression,5000,9,True,A11 A21 A38 A41 A53 A61,,EN7,Voting Ensemble,True,,8,0.4338211807015722,0.03581070891795642,0.42,ok,
1199_BNG_echoMonths,regression,5000,9,True,A11 A21 A38 A41 A53 A61,,SV1,SVM (linear),True,,18,0.4003511721303024,0.05131557106492236,0.15,ok,
1199_BNG_echoMonths,regression,5000,9,True,A11 A21 A38 A41 A53 A61,,SV2,Kernel SVM (RBF/Poly),True,,19,0.4136741018509218,0.032657304218704004,3.51,ok,
1199_BNG_echoMonths,regression,5000,9,True,A11 A21 A38 A41 A53 A61,,IB1,k-Nearest Neighbors,True,,20,0.34940780288207635,0.025276297250706608,0.37,ok,
1199_BNG_echoMonths,regression,5000,9,True,A11 A21 A38 A41 A53 A61,,NN2,MLP (Feedforward),True,,9,0.42867776133529956,0.038013377915203726,24.5,ok,
1199_BNG_echoMonths,regression,5000,9,True,A11 A21 A38 A41 A53 A61,,EN3,XGBoost,True,,16,0.35980753981482405,0.0446185892891569,0.81,ok,
1199_BNG_echoMonths,regression,5000,9,True,A11 A21 A38 A41 A53 A61,,EN4,LightGBM,True,,17,0.43066805212438786,0.041714141886751134,0.56,ok,
1199_BNG_echoMonths,regression,5000,9,True,A11 A21 A38 A41 A53 A61,,BASE-HGB,Histogram Gradient Boosting (baseline),False,,,0.43119255059954986,0.04415216653465031,1.21,ok,
