dataset,rep,scenario,checker,sees,fired,statistic,seconds
allbp,0,none,DR-M1,features,0,0.14841,0.0216
allbp,0,none,DR-M2,features,0,0.099855,0.0088
allbp,0,none,DR-M3,features,0,0.024609,0.0361
allbp,0,none,DR-M4,features,0,0.050851,0.0898
allbp,0,none,DR-M5,features,0,0.017748,0.0055
allbp,0,none,DR-M6,features,0,0.208767,0.0551
allbp,0,none,DR-M7,features,0,0.016488,0.0167
allbp,0,none,DR-M8,errors,1,0.016,0.0001
allbp,0,none,DR-M10,joint,0,0.004791,0.1382
allbp,0,none,DR-M12,features,0,0.030985,1.2397
allbp,0,none,DR-M13,features,1,0.00128,0.0099
allbp,0,none,DR-M14,joint,0,0.049184,0.1208
allbp,0,none,DR-C1,errors,0,,0.0008
allbp,0,none,DR-C2,errors,0,,0.0004
allbp,0,none,DR-C3,errors,0,,0.0007
allbp,0,none,DR-C4,errors,0,,0.0004
allbp,0,none,DR-C5,errors,0,,0.3878
allbp,0,none,DR-C6,errors,0,,0.0208
allbp,0,none,DR-C7,errors,0,,0.009
allbp,0,none,DR-C9,errors,0,,0.0005
allbp,0,none,DR-MV1,joint,1,40.964609,0.0011
allbp,0,none,DR-MV2,joint,0,0.056,0.0033
allbp,0,none,DR-CV1,joint,0,0.49528,0.9231
allbp,0,shift,DR-M1,features,1,0.0,0.0194
allbp,0,shift,DR-M2,features,1,2.904396,0.0057
allbp,0,shift,DR-M3,features,1,0.0,0.0232
allbp,0,shift,DR-M4,features,1,2.139896,0.0901
allbp,0,shift,DR-M5,features,1,0.303024,0.0053
allbp,0,shift,DR-M6,features,0,0.320907,0.0993
allbp,0,shift,DR-M7,features,1,4.3e-05,0.0277
allbp,0,shift,DR-M8,errors,1,0.02,0.0001
allbp,0,shift,DR-M10,joint,1,0.006887,0.1178
allbp,0,shift,DR-M12,features,1,0.0,1.1419
allbp,0,shift,DR-M13,features,1,0.0,0.0077
allbp,0,shift,DR-M14,joint,1,0.076515,0.0998
allbp,0,shift,DR-C1,errors,0,,0.0009
allbp,0,shift,DR-C2,errors,0,,0.0004
allbp,0,shift,DR-C3,errors,0,,0.0006
allbp,0,shift,DR-C4,errors,0,,0.0003
allbp,0,shift,DR-C5,errors,0,,0.3966
allbp,0,shift,DR-C6,errors,0,,0.0198
allbp,0,shift,DR-C7,errors,0,,0.0071
allbp,0,shift,DR-C9,errors,0,,0.0005
allbp,0,shift,DR-MV1,joint,1,48.635947,0.0009
allbp,0,shift,DR-MV2,joint,0,0.044,0.0029
allbp,0,shift,DR-CV1,joint,1,0.97608,0.9594
allbp,0,scale,DR-M1,features,1,0.0,0.023
allbp,0,scale,DR-M2,features,1,2.586138,0.0076
allbp,0,scale,DR-M3,features,1,0.0,0.0274
allbp,0,scale,DR-M4,features,1,1.747051,0.096
allbp,0,scale,DR-M5,features,1,0.299879,0.0095
allbp,0,scale,DR-M6,features,1,0.501819,0.0685
allbp,0,scale,DR-M7,features,0,0.003945,0.0187
allbp,0,scale,DR-M8,errors,1,0.02,0.0001
allbp,0,scale,DR-M10,joint,0,0.004479,0.1202
allbp,0,scale,DR-M12,features,1,0.0,1.1779
allbp,0,scale,DR-M13,features,1,0.0,0.0096
allbp,0,scale,DR-M14,joint,0,0.048531,0.1158
allbp,0,scale,DR-C1,errors,0,,0.0008
allbp,0,scale,DR-C2,errors,0,,0.0003
allbp,0,scale,DR-C3,errors,0,,0.0006
allbp,0,scale,DR-C4,errors,0,,0.0004
allbp,0,scale,DR-C5,errors,0,,0.396
allbp,0,scale,DR-C6,errors,0,,0.0307
allbp,0,scale,DR-C7,errors,0,,0.0072
allbp,0,scale,DR-C9,errors,0,,0.0004
allbp,0,scale,DR-MV1,joint,1,48.140551,0.0009
allbp,0,scale,DR-MV2,joint,0,0.032,0.0033
allbp,0,scale,DR-CV1,joint,1,0.94468,0.865
allbp,0,correlation,DR-M1,features,0,0.046073,0.0174
allbp,0,correlation,DR-M2,features,0,0.117406,0.0046
allbp,0,correlation,DR-M3,features,0,0.022193,0.0206
allbp,0,correlation,DR-M4,features,0,0.061871,0.0847
allbp,0,correlation,DR-M5,features,0,0.020807,0.0056
allbp,0,correlation,DR-M6,features,0,0.156248,0.054
allbp,0,correlation,DR-M7,features,0,0.069333,0.0163
allbp,0,correlation,DR-M8,errors,1,0.04,0.0001
allbp,0,correlation,DR-M10,joint,0,0.004412,0.1163
allbp,0,correlation,DR-M12,features,0,0.03236,1.1297
allbp,0,correlation,DR-M13,features,0,0.019028,0.0081
allbp,0,correlation,DR-M14,joint,0,0.047153,0.1312
allbp,0,correlation,DR-C1,errors,1,114.0,0.0011
allbp,0,correlation,DR-C2,errors,0,,0.0006
allbp,0,correlation,DR-C3,errors,0,,0.0011
allbp,0,correlation,DR-C4,errors,0,,0.0014
allbp,0,correlation,DR-C5,errors,0,,0.3818
allbp,0,correlation,DR-C6,errors,0,,0.022
allbp,0,correlation,DR-C7,errors,0,,0.0073
allbp,0,correlation,DR-C9,errors,0,,0.0005
allbp,0,correlation,DR-MV1,joint,0,30.544663,0.0031
allbp,0,correlation,DR-MV2,joint,0,0.044,0.0032
allbp,0,correlation,DR-CV1,joint,1,0.75924,0.8894
allbp,0,selection,DR-M1,features,1,0.0,0.023
allbp,0,selection,DR-M2,features,1,0.450689,0.0047
allbp,0,selection,DR-M3,features,1,0.0,0.0212
allbp,0,selection,DR-M4,features,1,0.236304,0.0869
allbp,0,selection,DR-M5,features,0,0.078112,0.0059
allbp,0,selection,DR-M6,features,1,0.620297,0.0664
allbp,0,selection,DR-M7,features,1,0.0,0.0299
allbp,0,selection,DR-M8,errors,0,-0.004,0.0001
allbp,0,selection,DR-M10,joint,1,0.018224,0.1264
allbp,0,selection,DR-M12,features,1,0.0,1.1185
allbp,0,selection,DR-M13,features,1,0.0,0.0088
allbp,0,selection,DR-M14,joint,1,0.224893,0.1041
allbp,0,selection,DR-C1,errors,0,,0.0008
allbp,0,selection,DR-C2,errors,0,,0.0003
allbp,0,selection,DR-C3,errors,0,,0.0007
allbp,0,selection,DR-C4,errors,0,,0.0003
allbp,0,selection,DR-C5,errors,0,,0.4595
allbp,0,selection,DR-C6,errors,0,,0.0217
allbp,0,selection,DR-C7,errors,0,,0.0072
allbp,0,selection,DR-C9,errors,0,,0.0004
allbp,0,selection,DR-MV1,joint,1,109.550985,0.001
allbp,0,selection,DR-MV2,joint,0,0.024,0.0032
allbp,0,selection,DR-CV1,joint,1,0.61294,0.9341
allbp,0,label_shift,DR-M1,features,0,0.14841,0.0176
allbp,0,label_shift,DR-M2,features,0,0.068255,0.0048
allbp,0,label_shift,DR-M3,features,0,0.047647,0.0222
allbp,0,label_shift,DR-M4,features,0,0.034799,0.0837
allbp,0,label_shift,DR-M5,features,0,0.012191,0.0061
allbp,0,label_shift,DR-M6,features,0,0.204522,0.0758
allbp,0,label_shift,DR-M7,features,0,0.027775,0.0184
allbp,0,label_shift,DR-M8,errors,1,0.024,0.0001
allbp,0,label_shift,DR-M10,joint,0,0.003848,0.1162
allbp,0,label_shift,DR-M12,features,0,0.042979,1.0952
allbp,0,label_shift,DR-M13,features,0,0.003327,0.0085
allbp,0,label_shift,DR-M14,joint,0,0.043321,0.1085
allbp,0,label_shift,DR-C1,errors,0,,0.0008
allbp,0,label_shift,DR-C2,errors,0,,0.0003
allbp,0,label_shift,DR-C3,errors,0,,0.0007
allbp,0,label_shift,DR-C4,errors,0,,0.0003
allbp,0,label_shift,DR-C5,errors,0,,0.398
allbp,0,label_shift,DR-C6,errors,0,,0.0211
allbp,0,label_shift,DR-C7,errors,0,,0.0073
allbp,0,label_shift,DR-C9,errors,0,,0.0005
allbp,0,label_shift,DR-MV1,joint,0,31.836017,0.001
allbp,0,label_shift,DR-MV2,joint,0,0.036,0.0031
allbp,0,label_shift,DR-CV1,joint,0,0.45786,0.9197
allbp,0,concept,DR-M1,features,0,0.13174,0.0181
allbp,0,concept,DR-M2,features,0,0.160362,0.0046
allbp,0,concept,DR-M3,features,0,0.008047,0.0208
allbp,0,concept,DR-M4,features,0,0.090815,0.1141
allbp,0,concept,DR-M5,features,0,0.027681,0.0072
allbp,0,concept,DR-M6,features,0,0.208767,0.0703
allbp,0,concept,DR-M7,features,0,0.016488,0.0175
allbp,0,concept,DR-M8,errors,1,0.152,0.0001
allbp,0,concept,DR-M10,joint,0,0.003705,0.1156
allbp,0,concept,DR-M12,features,0,0.021489,1.1214
allbp,0,concept,DR-M13,features,1,0.00128,0.0086
allbp,0,concept,DR-M14,joint,0,0.046472,0.1064
allbp,0,concept,DR-C1,errors,1,25.0,0.0006
allbp,0,concept,DR-C2,errors,1,107.0,0.0003
allbp,0,concept,DR-C3,errors,0,,0.0006
allbp,0,concept,DR-C4,errors,1,171.0,0.0003
allbp,0,concept,DR-C5,errors,0,,0.4018
allbp,0,concept,DR-C6,errors,1,214.0,0.0164
allbp,0,concept,DR-C7,errors,0,,0.0073
allbp,0,concept,DR-C9,errors,0,,0.0005
allbp,0,concept,DR-MV1,joint,1,48.567453,0.001
allbp,0,concept,DR-MV2,joint,0,0.036,0.003
allbp,0,concept,DR-CV1,joint,0,0.51372,0.9516
allbp,1,none,DR-M1,features,0,0.456263,0.017
allbp,1,none,DR-M2,features,0,0.093281,0.0046
allbp,1,none,DR-M3,features,0,0.063582,0.0201
allbp,1,none,DR-M4,features,1,0.075636,0.0827
allbp,1,none,DR-M5,features,0,0.01579,0.0054
allbp,1,none,DR-M6,features,0,0.159091,0.0572
allbp,1,none,DR-M7,features,0,0.032855,0.0169
allbp,1,none,DR-M8,errors,0,-0.002,0.0001
allbp,1,none,DR-M10,joint,0,0.00354,0.1609
allbp,1,none,DR-M12,features,0,0.051974,1.2563
allbp,1,none,DR-M13,features,0,0.004556,0.0123
allbp,1,none,DR-M14,joint,0,0.039787,0.1129
allbp,1,none,DR-C1,errors,0,,0.0009
allbp,1,none,DR-C2,errors,0,,0.0004
allbp,1,none,DR-C3,errors,0,,0.0006
allbp,1,none,DR-C4,errors,0,,0.0003
allbp,1,none,DR-C5,errors,0,,0.3938
allbp,1,none,DR-C6,errors,0,,0.021
allbp,1,none,DR-C7,errors,0,,0.0077
allbp,1,none,DR-C9,errors,0,,0.0005
allbp,1,none,DR-MV1,joint,0,24.765113,0.0009
allbp,1,none,DR-MV2,joint,0,0.016,0.0029
allbp,1,none,DR-CV1,joint,0,0.50206,0.9373
allbp,1,shift,DR-M1,features,1,0.0,0.0185
allbp,1,shift,DR-M2,features,1,0.487833,0.0056
allbp,1,shift,DR-M3,features,1,0.0,0.0216
allbp,1,shift,DR-M4,features,1,0.256729,0.0895
allbp,1,shift,DR-M5,features,0,0.08358,0.0056
allbp,1,shift,DR-M6,features,1,0.327675,0.0606
allbp,1,shift,DR-M7,features,1,0.00032,0.0205
allbp,1,shift,DR-M8,errors,1,0.014,0.0001
allbp,1,shift,DR-M10,joint,1,0.005995,0.1185
allbp,1,shift,DR-M12,features,1,0.0,1.2024
allbp,1,shift,DR-M13,features,1,0.0,0.0082
allbp,1,shift,DR-M14,joint,1,0.05419,0.1275
allbp,1,shift,DR-C1,errors,0,,0.0008
allbp,1,shift,DR-C2,errors,0,,0.0003
allbp,1,shift,DR-C3,errors,0,,0.0006
allbp,1,shift,DR-C4,errors,0,,0.0003
allbp,1,shift,DR-C5,errors,0,,0.3834
allbp,1,shift,DR-C6,errors,0,,0.02
allbp,1,shift,DR-C7,errors,0,,0.0075
allbp,1,shift,DR-C9,errors,0,,0.0005
allbp,1,shift,DR-MV1,joint,1,133.32988,0.0009
allbp,1,shift,DR-MV2,joint,0,0.032,0.0032
allbp,1,shift,DR-CV1,joint,1,0.76472,0.8508
allbp,1,scale,DR-M1,features,1,0.000567,0.017
allbp,1,scale,DR-M2,features,0,0.240286,0.0048
allbp,1,scale,DR-M3,features,1,1.1e-05,0.0202
allbp,1,scale,DR-M4,features,1,0.120475,0.0842
allbp,1,scale,DR-M5,features,0,0.04273,0.0055
allbp,1,scale,DR-M6,features,1,0.338084,0.0555
allbp,1,scale,DR-M7,features,0,0.015917,0.0167
allbp,1,scale,DR-M8,errors,1,0.01,0.0
allbp,1,scale,DR-M10,joint,0,0.002447,0.1117
allbp,1,scale,DR-M12,features,1,0.001784,1.2115
allbp,1,scale,DR-M13,features,1,0.0,0.009
allbp,1,scale,DR-M14,joint,0,0.034345,0.1093
allbp,1,scale,DR-C1,errors,0,,0.0008
allbp,1,scale,DR-C2,errors,0,,0.0003
allbp,1,scale,DR-C3,errors,0,,0.0006
allbp,1,scale,DR-C4,errors,0,,0.0003
allbp,1,scale,DR-C5,errors,0,,0.3879
allbp,1,scale,DR-C6,errors,0,,0.0201
allbp,1,scale,DR-C7,errors,0,,0.0077
allbp,1,scale,DR-C9,errors,0,,0.0005
allbp,1,scale,DR-MV1,joint,1,69.486784,0.001
allbp,1,scale,DR-MV2,joint,0,0.032,0.0033
allbp,1,scale,DR-CV1,joint,1,0.6914,0.895
allbp,1,correlation,DR-M1,features,0,0.13174,0.0176
allbp,1,correlation,DR-M2,features,0,0.087135,0.0048
allbp,1,correlation,DR-M3,features,0,0.057774,0.0211
allbp,1,correlation,DR-M4,features,0,0.042725,0.0904
allbp,1,correlation,DR-M5,features,0,0.015556,0.0055
allbp,1,correlation,DR-M6,features,0,0.145459,0.0567
allbp,1,correlation,DR-M7,features,0,0.037474,0.0171
allbp,1,correlation,DR-M8,errors,1,0.014,0.0
allbp,1,correlation,DR-M10,joint,0,0.005255,0.1144
allbp,1,correlation,DR-M12,features,0,0.03948,1.4632
allbp,1,correlation,DR-M13,features,0,0.005841,0.0082
allbp,1,correlation,DR-M14,joint,0,0.047209,0.1056
allbp,1,correlation,DR-C1,errors,0,,0.0008
allbp,1,correlation,DR-C2,errors,0,,0.0003
allbp,1,correlation,DR-C3,errors,0,,0.0006
allbp,1,correlation,DR-C4,errors,0,,0.0003
allbp,1,correlation,DR-C5,errors,0,,0.4164
allbp,1,correlation,DR-C6,errors,0,,0.0207
allbp,1,correlation,DR-C7,errors,0,,0.0078
allbp,1,correlation,DR-C9,errors,0,,0.0005
allbp,1,correlation,DR-MV1,joint,0,18.556577,0.001
allbp,1,correlation,DR-MV2,joint,0,0.032,0.0035
allbp,1,correlation,DR-CV1,joint,1,0.61986,0.8647
allbp,1,selection,DR-M1,features,1,1e-06,0.0204
allbp,1,selection,DR-M2,features,1,0.273527,0.0048
allbp,1,selection,DR-M3,features,1,0.0,0.0213
allbp,1,selection,DR-M4,features,1,0.131094,0.0964
allbp,1,selection,DR-M5,features,0,0.048117,0.0065
allbp,1,selection,DR-M6,features,1,0.538843,0.0562
allbp,1,selection,DR-M7,features,1,0.0,0.0177
allbp,1,selection,DR-M8,errors,0,0.002,0.0001
allbp,1,selection,DR-M10,joint,1,0.01631,0.1271
allbp,1,selection,DR-M12,features,1,1e-06,1.1934
allbp,1,selection,DR-M13,features,1,0.0,0.0088
allbp,1,selection,DR-M14,joint,1,0.195713,0.1046
allbp,1,selection,DR-C1,errors,0,,0.0008
allbp,1,selection,DR-C2,errors,0,,0.0003
allbp,1,selection,DR-C3,errors,0,,0.0006
allbp,1,selection,DR-C4,errors,0,,0.0003
allbp,1,selection,DR-C5,errors,0,,0.3701
allbp,1,selection,DR-C6,errors,0,,0.0204
allbp,1,selection,DR-C7,errors,0,,0.0074
allbp,1,selection,DR-C9,errors,0,,0.0004
allbp,1,selection,DR-MV1,joint,1,80.90838,0.0009
allbp,1,selection,DR-MV2,joint,0,0.028,0.003
allbp,1,selection,DR-CV1,joint,0,0.5119,0.9029
allbp,1,label_shift,DR-M1,features,0,0.186802,0.018
allbp,1,label_shift,DR-M2,features,0,0.097377,0.0059
allbp,1,label_shift,DR-M3,features,0,0.054089,0.0208
allbp,1,label_shift,DR-M4,features,1,0.075636,0.0858
allbp,1,label_shift,DR-M5,features,0,0.017361,0.0055
allbp,1,label_shift,DR-M6,features,0,0.192515,0.0571
allbp,1,label_shift,DR-M7,features,0,0.014021,0.0229
allbp,1,label_shift,DR-M8,errors,1,0.018,0.0001
allbp,1,label_shift,DR-M10,joint,0,0.003528,0.1173
allbp,1,label_shift,DR-M12,features,0,0.064468,1.2569
allbp,1,label_shift,DR-M13,features,0,0.004328,0.0081
allbp,1,label_shift,DR-M14,joint,0,0.038176,0.1022
allbp,1,label_shift,DR-C1,errors,1,216.0,0.0008
allbp,1,label_shift,DR-C2,errors,0,,0.0003
allbp,1,label_shift,DR-C3,errors,0,,0.0006
allbp,1,label_shift,DR-C4,errors,0,,0.0003
allbp,1,label_shift,DR-C5,errors,0,,0.3749
allbp,1,label_shift,DR-C6,errors,0,,0.0268
allbp,1,label_shift,DR-C7,errors,0,,0.0099
allbp,1,label_shift,DR-C9,errors,0,,0.0005
allbp,1,label_shift,DR-MV1,joint,0,26.888964,0.001
allbp,1,label_shift,DR-MV2,joint,0,0.032,0.0035
allbp,1,label_shift,DR-CV1,joint,0,0.50584,0.947
allbp,1,concept,DR-M1,features,0,0.20871,0.0179
allbp,1,concept,DR-M2,features,0,0.068886,0.0048
allbp,1,concept,DR-M3,features,0,0.139717,0.0208
allbp,1,concept,DR-M4,features,0,0.055281,0.0911
allbp,1,concept,DR-M5,features,0,0.010031,0.007
allbp,1,concept,DR-M6,features,0,0.121781,0.0612
allbp,1,concept,DR-M7,features,0,0.060285,0.0191
allbp,1,concept,DR-M8,errors,1,0.166,0.0001
allbp,1,concept,DR-M10,joint,0,0.003049,0.1236
allbp,1,concept,DR-M12,features,0,0.097951,1.2352
allbp,1,concept,DR-M13,features,0,0.014518,0.008
allbp,1,concept,DR-M14,joint,0,0.032883,0.1143
allbp,1,concept,DR-C1,errors,1,19.0,0.0006
allbp,1,concept,DR-C2,errors,1,86.0,0.0003
allbp,1,concept,DR-C3,errors,0,,0.0007
allbp,1,concept,DR-C4,errors,1,107.0,0.0003
allbp,1,concept,DR-C5,errors,0,,0.3895
allbp,1,concept,DR-C6,errors,1,176.0,0.016
allbp,1,concept,DR-C7,errors,0,,0.0077
allbp,1,concept,DR-C9,errors,0,,0.0005
allbp,1,concept,DR-MV1,joint,0,25.401022,0.0009
allbp,1,concept,DR-MV2,joint,0,0.016,0.0029
allbp,1,concept,DR-CV1,joint,0,0.50292,0.8665
allbp,2,none,DR-M1,features,0,0.021888,0.0219
allbp,2,none,DR-M2,features,0,0.128098,0.0064
allbp,2,none,DR-M3,features,0,0.005507,0.0199
allbp,2,none,DR-M4,features,0,0.061962,0.0804
allbp,2,none,DR-M5,features,0,0.022849,0.0054
allbp,2,none,DR-M6,features,0,0.214624,0.0562
allbp,2,none,DR-M7,features,0,0.007043,0.0197
allbp,2,none,DR-M8,errors,0,0.002,0.0001
allbp,2,none,DR-M10,joint,0,0.004139,0.1254
allbp,2,none,DR-M12,features,0,0.008673,1.1714
allbp,2,none,DR-M13,features,0,0.006053,0.0102
allbp,2,none,DR-M14,joint,0,0.046386,0.1135
allbp,2,none,DR-C1,errors,0,,0.0008
allbp,2,none,DR-C2,errors,0,,0.0003
allbp,2,none,DR-C3,errors,0,,0.0007
allbp,2,none,DR-C4,errors,0,,0.0003
allbp,2,none,DR-C5,errors,0,,0.41
allbp,2,none,DR-C6,errors,0,,0.0204
allbp,2,none,DR-C7,errors,0,,0.0073
allbp,2,none,DR-C9,errors,0,,0.0005
allbp,2,none,DR-MV1,joint,1,40.70958,0.001
allbp,2,none,DR-MV2,joint,0,0.044,0.0029
allbp,2,none,DR-CV1,joint,0,0.5793,0.9229
allbp,2,shift,DR-M1,features,1,0.0,0.0218
allbp,2,shift,DR-M2,features,1,2.962636,0.0084
allbp,2,shift,DR-M3,features,1,0.0,0.0314
allbp,2,shift,DR-M4,features,1,2.20495,0.1064
allbp,2,shift,DR-M5,features,1,0.300754,0.007
allbp,2,shift,DR-M6,features,1,0.359104,0.0605
allbp,2,shift,DR-M7,features,1,5e-06,0.0171
allbp,2,shift,DR-M8,errors,1,0.006,0.0001
allbp,2,shift,DR-M10,joint,1,0.005758,0.1097
allbp,2,shift,DR-M12,features,1,0.0,1.1523
allbp,2,shift,DR-M13,features,1,0.0,0.0081
allbp,2,shift,DR-M14,joint,1,0.058581,0.1051
allbp,2,shift,DR-C1,errors,1,7.0,0.0008
allbp,2,shift,DR-C2,errors,0,,0.0003
allbp,2,shift,DR-C3,errors,0,,0.0006
allbp,2,shift,DR-C4,errors,0,,0.0003
allbp,2,shift,DR-C5,errors,0,,0.3757
allbp,2,shift,DR-C6,errors,0,,0.0231
allbp,2,shift,DR-C7,errors,0,,0.0075
allbp,2,shift,DR-C9,errors,0,,0.0005
allbp,2,shift,DR-MV1,joint,1,43.397332,0.0009
allbp,2,shift,DR-MV2,joint,0,0.028,0.0032
allbp,2,shift,DR-CV1,joint,1,0.95764,0.8729
allbp,2,scale,DR-M1,features,1,0.0,0.0176
allbp,2,scale,DR-M2,features,1,2.0498,0.0047
allbp,2,scale,DR-M3,features,1,0.0,0.0204
allbp,2,scale,DR-M4,features,1,1.297,0.1004
allbp,2,scale,DR-M5,features,1,0.26689,0.0053
allbp,2,scale,DR-M6,features,1,0.532816,0.0543
allbp,2,scale,DR-M7,features,1,0.000109,0.0196
allbp,2,scale,DR-M8,errors,1,0.018,0.0
allbp,2,scale,DR-M10,joint,1,0.006302,0.1158
allbp,2,scale,DR-M12,features,1,0.0,1.1188
allbp,2,scale,DR-M13,features,1,0.0,0.008
allbp,2,scale,DR-M14,joint,1,0.064496,0.1157
allbp,2,scale,DR-C1,errors,1,125.0,0.0007
allbp,2,scale,DR-C2,errors,0,,0.0003
allbp,2,scale,DR-C3,errors,0,,0.0006
allbp,2,scale,DR-C4,errors,0,,0.0003
allbp,2,scale,DR-C5,errors,0,,0.3805
allbp,2,scale,DR-C6,errors,0,,0.0195
allbp,2,scale,DR-C7,errors,0,,0.0071
allbp,2,scale,DR-C9,errors,0,,0.0005
allbp,2,scale,DR-MV1,joint,1,56.493493,0.001
allbp,2,scale,DR-MV2,joint,0,0.048,0.0027
allbp,2,scale,DR-CV1,joint,1,0.96596,0.8973
allbp,2,correlation,DR-M1,features,0,0.039916,0.0196
allbp,2,correlation,DR-M2,features,0,0.089022,0.0055
allbp,2,correlation,DR-M3,features,0,0.025735,0.0202
allbp,2,correlation,DR-M4,features,0,0.055281,0.0823
allbp,2,correlation,DR-M5,features,0,0.015962,0.0054
allbp,2,correlation,DR-M6,features,0,0.189213,0.0569
allbp,2,correlation,DR-M7,features,0,0.016598,0.0185
allbp,2,correlation,DR-M8,errors,1,0.018,0.0001
allbp,2,correlation,DR-M10,joint,0,0.005662,0.1197
allbp,2,correlation,DR-M12,features,0,0.018221,1.4111
allbp,2,correlation,DR-M13,features,0,0.002319,0.0123
allbp,2,correlation,DR-M14,joint,0,0.052828,0.1113
allbp,2,correlation,DR-C1,errors,0,,0.0008
allbp,2,correlation,DR-C2,errors,0,,0.0003
allbp,2,correlation,DR-C3,errors,0,,0.0008
allbp,2,correlation,DR-C4,errors,0,,0.0005
allbp,2,correlation,DR-C5,errors,0,,0.3961
allbp,2,correlation,DR-C6,errors,0,,0.0228
allbp,2,correlation,DR-C7,errors,0,,0.0072
allbp,2,correlation,DR-C9,errors,0,,0.0005
allbp,2,correlation,DR-MV1,joint,0,30.247679,0.001
allbp,2,correlation,DR-MV2,joint,0,0.04,0.0028
allbp,2,correlation,DR-CV1,joint,1,0.72836,0.9098
allbp,2,selection,DR-M1,features,1,0.0,0.0172
allbp,2,selection,DR-M2,features,1,0.329915,0.0046
allbp,2,selection,DR-M3,features,1,0.0,0.0194
allbp,2,selection,DR-M4,features,1,0.16746,0.0848
allbp,2,selection,DR-M5,features,0,0.05836,0.0057
allbp,2,selection,DR-M6,features,1,0.549706,0.0541
allbp,2,selection,DR-M7,features,1,0.0,0.0181
allbp,2,selection,DR-M8,errors,0,-0.002,0.0001
allbp,2,selection,DR-M10,joint,1,0.013829,0.1163
allbp,2,selection,DR-M12,features,1,0.0,1.201
allbp,2,selection,DR-M13,features,1,0.0,0.0079
allbp,2,selection,DR-M14,joint,1,0.132034,0.1099
allbp,2,selection,DR-C1,errors,0,,0.0007
allbp,2,selection,DR-C2,errors,0,,0.0003
allbp,2,selection,DR-C3,errors,0,,0.0006
allbp,2,selection,DR-C4,errors,0,,0.0003
allbp,2,selection,DR-C5,errors,0,,0.3792
allbp,2,selection,DR-C6,errors,0,,0.0204
allbp,2,selection,DR-C7,errors,0,,0.007
allbp,2,selection,DR-C9,errors,0,,0.0004
allbp,2,selection,DR-MV1,joint,1,73.183625,0.0009
allbp,2,selection,DR-MV2,joint,0,0.06,0.0029
allbp,2,selection,DR-CV1,joint,0,0.59518,1.0336
allbp,2,label_shift,DR-M1,features,0,0.025539,0.0171
allbp,2,label_shift,DR-M2,features,0,0.129411,0.0045
allbp,2,label_shift,DR-M3,features,0,0.01189,0.0212
allbp,2,label_shift,DR-M4,features,0,0.065146,0.0918
allbp,2,label_shift,DR-M5,features,0,0.023137,0.0058
allbp,2,label_shift,DR-M6,features,0,0.225647,0.0544
allbp,2,label_shift,DR-M7,features,0,0.018872,0.0182
allbp,2,label_shift,DR-M8,errors,1,0.018,0.0
allbp,2,label_shift,DR-M10,joint,0,0.004118,0.1147
allbp,2,label_shift,DR-M12,features,0,0.032484,1.2004
allbp,2,label_shift,DR-M13,features,1,0.001634,0.0082
allbp,2,label_shift,DR-M14,joint,0,0.044198,0.1108
allbp,2,label_shift,DR-C1,errors,1,152.0,0.0011
allbp,2,label_shift,DR-C2,errors,0,,0.0006
allbp,2,label_shift,DR-C3,errors,0,,0.0012
allbp,2,label_shift,DR-C4,errors,0,,0.0006
allbp,2,label_shift,DR-C5,errors,0,,0.4545
allbp,2,label_shift,DR-C6,errors,0,,0.02
allbp,2,label_shift,DR-C7,errors,0,,0.0076
allbp,2,label_shift,DR-C9,errors,0,,0.0005
allbp,2,label_shift,DR-MV1,joint,0,31.026435,0.001
allbp,2,label_shift,DR-MV2,joint,0,0.064,0.0029
allbp,2,label_shift,DR-CV1,joint,0,0.5397,0.8855
allbp,2,concept,DR-M1,features,0,0.258351,0.0175
allbp,2,concept,DR-M2,features,0,0.079782,0.0047
allbp,2,concept,DR-M3,features,0,0.124727,0.024
allbp,2,concept,DR-M4,features,0,0.042152,0.0965
allbp,2,concept,DR-M5,features,0,0.014167,0.0056
allbp,2,concept,DR-M6,features,0,0.140988,0.0542
allbp,2,concept,DR-M7,features,0,0.085965,0.0189
allbp,2,concept,DR-M8,errors,1,0.134,0.0001
allbp,2,concept,DR-M10,joint,0,0.003054,0.1219
allbp,2,concept,DR-M12,features,0,0.09945,1.1501
allbp,2,concept,DR-M13,features,0,0.028881,0.0089
allbp,2,concept,DR-M14,joint,0,0.032386,0.1138
allbp,2,concept,DR-C1,errors,1,17.0,0.0005
allbp,2,concept,DR-C2,errors,1,138.0,0.0002
allbp,2,concept,DR-C3,errors,0,,0.0007
allbp,2,concept,DR-C4,errors,1,203.0,0.0004
allbp,2,concept,DR-C5,errors,0,,0.4749
allbp,2,concept,DR-C6,errors,0,,0.0182
allbp,2,concept,DR-C7,errors,0,,0.0082
allbp,2,concept,DR-C9,errors,0,,0.0005
allbp,2,concept,DR-MV1,joint,0,19.533998,0.0012
allbp,2,concept,DR-MV2,joint,0,0.032,0.003
allbp,2,concept,DR-CV1,joint,0,0.46628,0.9144
allbp,3,none,DR-M1,features,0,0.116626,0.0173
allbp,3,none,DR-M2,features,0,0.082154,0.005
allbp,3,none,DR-M3,features,0,0.054384,0.0216
allbp,3,none,DR-M4,features,0,0.041443,0.0879
allbp,3,none,DR-M5,features,0,0.014727,0.0073
allbp,3,none,DR-M6,features,0,0.187608,0.07
allbp,3,none,DR-M7,features,0,0.034897,0.0185
allbp,3,none,DR-M8,errors,0,0.0,0.0001
allbp,3,none,DR-M10,joint,0,0.004329,0.1239
allbp,3,none,DR-M12,features,0,0.042979,1.2165
allbp,3,none,DR-M13,features,0,0.005105,0.0096
allbp,3,none,DR-M14,joint,0,0.042609,0.1681
allbp,3,none,DR-C1,errors,1,42.0,0.0029
allbp,3,none,DR-C2,errors,0,,0.0003
allbp,3,none,DR-C3,errors,0,,0.0007
allbp,3,none,DR-C4,errors,0,,0.0023
allbp,3,none,DR-C5,errors,0,,0.4001
allbp,3,none,DR-C6,errors,0,,0.0216
allbp,3,none,DR-C7,errors,0,,0.0101
allbp,3,none,DR-C9,errors,0,,0.0005
allbp,3,none,DR-MV1,joint,0,26.074099,0.0011
allbp,3,none,DR-MV2,joint,0,0.052,0.0045
allbp,3,none,DR-CV1,joint,0,0.51586,0.9056
allbp,3,shift,DR-M1,features,1,0.0,0.018
allbp,3,shift,DR-M2,features,1,0.310586,0.0045
allbp,3,shift,DR-M3,features,1,0.0,0.0209
allbp,3,shift,DR-M4,features,1,0.157822,0.0911
allbp,3,shift,DR-M5,features,0,0.054008,0.0058
allbp,3,shift,DR-M6,features,0,0.279752,0.0585
allbp,3,shift,DR-M7,features,1,0.000523,0.0172
allbp,3,shift,DR-M8,errors,0,-0.008,0.0001
allbp,3,shift,DR-M10,joint,0,0.005035,0.127
allbp,3,shift,DR-M12,features,1,0.0,1.3598
allbp,3,shift,DR-M13,features,1,0.0,0.0121
allbp,3,shift,DR-M14,joint,0,0.051768,0.1221
allbp,3,shift,DR-C1,errors,1,13.0,0.0005
allbp,3,shift,DR-C2,errors,0,,0.0004
allbp,3,shift,DR-C3,errors,0,,0.0006
allbp,3,shift,DR-C4,errors,0,,0.0003
allbp,3,shift,DR-C5,errors,0,,0.4708
allbp,3,shift,DR-C6,errors,0,,0.0207
allbp,3,shift,DR-C7,errors,0,,0.0128
allbp,3,shift,DR-C9,errors,0,,0.0008
allbp,3,shift,DR-MV1,joint,1,83.933008,0.0013
allbp,3,shift,DR-MV2,joint,0,0.064,0.0038
allbp,3,shift,DR-CV1,joint,1,0.74716,1.0323
allbp,3,scale,DR-M1,features,0,0.039916,0.0191
allbp,3,scale,DR-M2,features,0,0.132428,0.006
allbp,3,scale,DR-M3,features,0,0.00547,0.0237
allbp,3,scale,DR-M4,features,0,0.062495,0.1208
allbp,3,scale,DR-M5,features,0,0.023461,0.0057
allbp,3,scale,DR-M6,features,1,0.388465,0.0798
allbp,3,scale,DR-M7,features,0,0.001992,0.0193
allbp,3,scale,DR-M8,errors,0,-0.016,0.0001
allbp,3,scale,DR-M10,joint,0,0.005321,0.1598
allbp,3,scale,DR-M12,features,0,0.004498,1.1531
allbp,3,scale,DR-M13,features,1,0.0,0.0135
allbp,3,scale,DR-M14,joint,1,0.061718,0.1348
allbp,3,scale,DR-C1,errors,0,,0.0008
allbp,3,scale,DR-C2,errors,0,,0.0003
allbp,3,scale,DR-C3,errors,0,,0.0006
allbp,3,scale,DR-C4,errors,0,,0.0003
allbp,3,scale,DR-C5,errors,0,,0.4328
allbp,3,scale,DR-C6,errors,0,,0.0301
allbp,3,scale,DR-C7,errors,0,,0.0087
allbp,3,scale,DR-C9,errors,0,,0.0004
allbp,3,scale,DR-MV1,joint,1,66.807902,0.0011
allbp,3,scale,DR-MV2,joint,1,0.084,0.0032
allbp,3,scale,DR-CV1,joint,1,0.655,0.9734
allbp,3,correlation,DR-M1,features,0,0.286206,0.0272
allbp,3,correlation,DR-M2,features,0,0.0716,0.0049
allbp,3,correlation,DR-M3,features,0,0.00547,0.0234
allbp,3,correlation,DR-M4,features,0,0.037412,0.1313
allbp,3,correlation,DR-M5,features,0,0.012797,0.0097
allbp,3,correlation,DR-M6,features,1,0.388465,0.0613
allbp,3,correlation,DR-M7,features,0,0.001992,0.021
allbp,3,correlation,DR-M8,errors,0,0.008,0.0001
allbp,3,correlation,DR-M10,joint,1,0.010776,0.127
allbp,3,correlation,DR-M12,features,1,0.001499,1.2322
allbp,3,correlation,DR-M13,features,1,0.0,0.0086
allbp,3,correlation,DR-M14,joint,1,0.093,0.1027
allbp,3,correlation,DR-C1,errors,0,,0.0007
allbp,3,correlation,DR-C2,errors,1,233.0,0.0003
allbp,3,correlation,DR-C3,errors,0,,0.0006
allbp,3,correlation,DR-C4,errors,0,,0.0003
allbp,3,correlation,DR-C5,errors,0,,0.386
allbp,3,correlation,DR-C6,errors,0,,0.0158
allbp,3,correlation,DR-C7,errors,0,,0.0078
allbp,3,correlation,DR-C9,errors,0,,0.0005
allbp,3,correlation,DR-MV1,joint,1,73.938106,0.001
allbp,3,correlation,DR-MV2,joint,1,0.14,0.0032
allbp,3,correlation,DR-CV1,joint,1,0.70016,0.9648
allbp,3,selection,DR-M1,features,1,2.9e-05,0.0201
allbp,3,selection,DR-M2,features,0,0.2147,0.0066
allbp,3,selection,DR-M3,features,1,0.0,0.0216
allbp,3,selection,DR-M4,features,0,0.099983,0.1044
allbp,3,selection,DR-M5,features,0,0.037686,0.0087
allbp,3,selection,DR-M6,features,1,0.523068,0.0599
allbp,3,selection,DR-M7,features,1,0.0,0.0205
allbp,3,selection,DR-M8,errors,0,-0.012,0.0001
allbp,3,selection,DR-M10,joint,1,0.019116,0.1302
allbp,3,selection,DR-M12,features,1,1e-06,1.1263
allbp,3,selection,DR-M13,features,1,0.0,0.012
allbp,3,selection,DR-M14,joint,1,0.205158,0.1148
allbp,3,selection,DR-C1,errors,0,,0.0008
allbp,3,selection,DR-C2,errors,0,,0.0003
allbp,3,selection,DR-C3,errors,0,,0.0006
allbp,3,selection,DR-C4,errors,0,,0.0003
allbp,3,selection,DR-C5,errors,0,,0.4007
allbp,3,selection,DR-C6,errors,0,,0.0187
allbp,3,selection,DR-C7,errors,0,,0.0068
allbp,3,selection,DR-C9,errors,0,,0.0005
allbp,3,selection,DR-MV1,joint,1,81.069378,0.001
allbp,3,selection,DR-MV2,joint,0,0.064,0.003
allbp,3,selection,DR-CV1,joint,0,0.56898,0.9481
allbp,3,label_shift,DR-M1,features,0,0.316137,0.0169
allbp,3,label_shift,DR-M2,features,0,0.060211,0.0044
allbp,3,label_shift,DR-M3,features,0,0.062273,0.0227
allbp,3,label_shift,DR-M4,features,0,0.031118,0.086
allbp,3,label_shift,DR-M5,features,0,0.010791,0.0056
allbp,3,label_shift,DR-M6,features,0,0.174356,0.0559
allbp,3,label_shift,DR-M7,features,0,0.043017,0.0179
allbp,3,label_shift,DR-M8,errors,1,0.024,0.0001
allbp,3,label_shift,DR-M10,joint,1,0.006671,0.139
allbp,3,label_shift,DR-M12,features,0,0.06097,1.0961
allbp,3,label_shift,DR-M13,features,0,0.007594,0.009
allbp,3,label_shift,DR-M14,joint,1,0.05897,0.1141
allbp,3,label_shift,DR-C1,errors,1,101.0,0.0006
allbp,3,label_shift,DR-C2,errors,1,132.0,0.0003
allbp,3,label_shift,DR-C3,errors,0,,0.0006
allbp,3,label_shift,DR-C4,errors,0,,0.0003
allbp,3,label_shift,DR-C5,errors,0,,0.4086
allbp,3,label_shift,DR-C6,errors,0,,0.0171
allbp,3,label_shift,DR-C7,errors,0,,0.008
allbp,3,label_shift,DR-C9,errors,0,,0.0005
allbp,3,label_shift,DR-MV1,joint,1,45.057518,0.001
allbp,3,label_shift,DR-MV2,joint,0,0.072,0.003
allbp,3,label_shift,DR-CV1,joint,0,0.53848,1.1075
allbp,3,concept,DR-M1,features,0,0.13174,0.0172
allbp,3,concept,DR-M2,features,0,0.064659,0.0064
allbp,3,concept,DR-M3,features,0,0.11643,0.0283
allbp,3,concept,DR-M4,features,0,0.032692,0.0911
allbp,3,concept,DR-M5,features,0,0.011591,0.0053
allbp,3,concept,DR-M6,features,0,0.149559,0.0585
allbp,3,concept,DR-M7,features,0,0.081292,0.0171
allbp,3,concept,DR-M8,errors,1,0.176,0.0001
allbp,3,concept,DR-M10,joint,0,0.003786,0.1224
allbp,3,concept,DR-M12,features,0,0.109445,1.0847
allbp,3,concept,DR-M13,features,0,0.025911,0.0079
allbp,3,concept,DR-M14,joint,0,0.037711,0.1042
allbp,3,concept,DR-C1,errors,1,27.0,0.0006
allbp,3,concept,DR-C2,errors,1,46.0,0.0002
allbp,3,concept,DR-C3,errors,0,,0.0007
allbp,3,concept,DR-C4,errors,1,107.0,0.0003
allbp,3,concept,DR-C5,errors,0,,0.4722
allbp,3,concept,DR-C6,errors,1,109.0,0.0225
allbp,3,concept,DR-C7,errors,0,,0.0113
allbp,3,concept,DR-C9,errors,1,116.0,0.0004
allbp,3,concept,DR-MV1,joint,0,19.970073,0.0009
allbp,3,concept,DR-MV2,joint,0,0.052,0.0029
allbp,3,concept,DR-CV1,joint,0,0.5243,0.9809
allbp,4,none,DR-M1,features,0,0.348152,0.0163
allbp,4,none,DR-M2,features,0,0.079234,0.0049
allbp,4,none,DR-M3,features,0,0.060181,0.0205
allbp,4,none,DR-M4,features,0,0.039842,0.0823
allbp,4,none,DR-M5,features,0,0.014182,0.0054
allbp,4,none,DR-M6,features,0,0.25349,0.083
allbp,4,none,DR-M7,features,0,0.029553,0.0255
allbp,4,none,DR-M8,errors,0,-0.016,0.0001
allbp,4,none,DR-M10,joint,0,0.004156,0.1233
allbp,4,none,DR-M12,features,0,0.038481,1.1675
allbp,4,none,DR-M13,features,0,0.003735,0.0081
allbp,4,none,DR-M14,joint,0,0.047797,0.1066
allbp,4,none,DR-C1,errors,0,,0.0008
allbp,4,none,DR-C2,errors,0,,0.0003
allbp,4,none,DR-C3,errors,0,,0.0006
allbp,4,none,DR-C4,errors,0,,0.0003
allbp,4,none,DR-C5,errors,0,,0.4724
allbp,4,none,DR-C6,errors,0,,0.0242
allbp,4,none,DR-C7,errors,0,,0.0094
allbp,4,none,DR-C9,errors,0,,0.0007
allbp,4,none,DR-MV1,joint,1,39.196389,0.0011
allbp,4,none,DR-MV2,joint,0,0.064,0.003
allbp,4,none,DR-CV1,joint,0,0.53078,1.023
allbp,4,shift,DR-M1,features,1,0.0,0.0177
allbp,4,shift,DR-M2,features,1,0.393814,0.0098
allbp,4,shift,DR-M3,features,1,0.0,0.0355
allbp,4,shift,DR-M4,features,1,0.216763,0.1482
allbp,4,shift,DR-M5,features,0,0.067325,0.0059
allbp,4,shift,DR-M6,features,1,0.395801,0.0599
allbp,4,shift,DR-M7,features,1,1e-06,0.0198
allbp,4,shift,DR-M8,errors,1,0.016,0.0
allbp,4,shift,DR-M10,joint,0,0.005073,0.1218
allbp,4,shift,DR-M12,features,1,0.0,1.2233
allbp,4,shift,DR-M13,features,1,0.0,0.0076
allbp,4,shift,DR-M14,joint,1,0.060463,0.1079
allbp,4,shift,DR-C1,errors,0,,0.0008
allbp,4,shift,DR-C2,errors,0,,0.0003
allbp,4,shift,DR-C3,errors,0,,0.0006
allbp,4,shift,DR-C4,errors,0,,0.0003
allbp,4,shift,DR-C5,errors,0,,0.3794
allbp,4,shift,DR-C6,errors,0,,0.0192
allbp,4,shift,DR-C7,errors,0,,0.0084
allbp,4,shift,DR-C9,errors,0,,0.0006
allbp,4,shift,DR-MV1,joint,1,99.510154,0.0018
allbp,4,shift,DR-MV2,joint,0,0.048,0.003
allbp,4,shift,DR-CV1,joint,1,0.85972,0.8564
allbp,4,scale,DR-M1,features,0,0.002784,0.018
allbp,4,scale,DR-M2,features,0,0.178903,0.0046
allbp,4,scale,DR-M3,features,1,0.000321,0.0206
allbp,4,scale,DR-M4,features,0,0.083833,0.0832
allbp,4,scale,DR-M5,features,0,0.031679,0.0081
allbp,4,scale,DR-M6,features,0,0.343483,0.0581
allbp,4,scale,DR-M7,features,0,0.031724,0.0192
allbp,4,scale,DR-M8,errors,0,-0.012,0.0
allbp,4,scale,DR-M10,joint,1,0.006006,0.1106
allbp,4,scale,DR-M12,features,0,0.003523,1.1275
allbp,4,scale,DR-M13,features,1,0.0,0.0079
allbp,4,scale,DR-M14,joint,0,0.05666,0.1055
allbp,4,scale,DR-C1,errors,0,,0.0008
allbp,4,scale,DR-C2,errors,0,,0.0003
allbp,4,scale,DR-C3,errors,0,,0.0011
allbp,4,scale,DR-C4,errors,0,,0.0003
allbp,4,scale,DR-C5,errors,0,,0.3723
allbp,4,scale,DR-C6,errors,0,,0.0219
allbp,4,scale,DR-C7,errors,0,,0.0073
allbp,4,scale,DR-C9,errors,0,,0.0004
allbp,4,scale,DR-MV1,joint,1,43.136668,0.0009
allbp,4,scale,DR-MV2,joint,1,0.08,0.0048
allbp,4,scale,DR-CV1,joint,1,0.73116,0.9463
allbp,4,correlation,DR-M1,features,0,0.046073,0.0202
allbp,4,correlation,DR-M2,features,0,0.076956,0.0053
allbp,4,correlation,DR-M3,features,0,0.018165,0.0237
allbp,4,correlation,DR-M4,features,0,0.039635,0.0991
allbp,4,correlation,DR-M5,features,0,0.013776,0.0066
allbp,4,correlation,DR-M6,features,0,0.190117,0.0712
allbp,4,correlation,DR-M7,features,0,0.011464,0.0169
allbp,4,correlation,DR-M8,errors,1,0.032,0.0
allbp,4,correlation,DR-M10,joint,0,0.00477,0.1121
allbp,4,correlation,DR-M12,features,0,0.008496,1.2424
allbp,4,correlation,DR-M13,features,1,0.0,0.0078
allbp,4,correlation,DR-M14,joint,0,0.047114,0.1111
allbp,4,correlation,DR-C1,errors,1,64.0,0.0006
allbp,4,correlation,DR-C2,errors,1,229.0,0.0003
allbp,4,correlation,DR-C3,errors,0,,0.0006
allbp,4,correlation,DR-C4,errors,0,,0.0003
allbp,4,correlation,DR-C5,errors,0,,0.3922
allbp,4,correlation,DR-C6,errors,0,,0.0177
allbp,4,correlation,DR-C7,errors,0,,0.0097
allbp,4,correlation,DR-C9,errors,0,,0.0005
allbp,4,correlation,DR-MV1,joint,0,29.791102,0.0011
allbp,4,correlation,DR-MV2,joint,0,0.064,0.0033
allbp,4,correlation,DR-CV1,joint,1,0.71224,0.941
allbp,4,selection,DR-M1,features,1,0.0,0.0211
allbp,4,selection,DR-M2,features,1,0.306057,0.0058
allbp,4,selection,DR-M3,features,1,0.0,0.021
allbp,4,selection,DR-M4,features,1,0.145365,0.089
allbp,4,selection,DR-M5,features,0,0.053532,0.0057
allbp,4,selection,DR-M6,features,1,0.606144,0.0624
allbp,4,selection,DR-M7,features,1,0.0,0.0222
allbp,4,selection,DR-M8,errors,0,-0.012,0.0001
allbp,4,selection,DR-M10,joint,1,0.019507,0.1345
allbp,4,selection,DR-M12,features,1,0.0,1.3976
allbp,4,selection,DR-M13,features,1,0.0,0.0087
allbp,4,selection,DR-M14,joint,1,0.208768,0.1158
allbp,4,selection,DR-C1,errors,0,,0.0012
allbp,4,selection,DR-C2,errors,0,,0.0003
allbp,4,selection,DR-C3,errors,0,,0.0023
allbp,4,selection,DR-C4,errors,0,,0.0004
allbp,4,selection,DR-C5,errors,0,,0.3946
allbp,4,selection,DR-C6,errors,0,,0.0214
allbp,4,selection,DR-C7,errors,0,,0.0072
allbp,4,selection,DR-C9,errors,0,,0.0012
allbp,4,selection,DR-MV1,joint,1,109.996031,0.0009
allbp,4,selection,DR-MV2,joint,0,0.072,0.0028
allbp,4,selection,DR-CV1,joint,1,0.6115,0.9333
allbp,4,label_shift,DR-M1,features,0,0.316137,0.0251
allbp,4,label_shift,DR-M2,features,0,0.097588,0.0065
allbp,4,label_shift,DR-M3,features,0,0.039882,0.0278
allbp,4,label_shift,DR-M4,features,0,0.049188,0.1099
allbp,4,label_shift,DR-M5,features,0,0.017458,0.0085
allbp,4,label_shift,DR-M6,features,0,0.190117,0.0644
allbp,4,label_shift,DR-M7,features,0,0.020162,0.0194
allbp,4,label_shift,DR-M8,errors,1,0.02,0.0001
allbp,4,label_shift,DR-M10,joint,0,0.003751,0.1159
allbp,4,label_shift,DR-M12,features,0,0.030485,1.208
allbp,4,label_shift,DR-M13,features,1,0.001843,0.0088
allbp,4,label_shift,DR-M14,joint,0,0.041446,0.1359
allbp,4,label_shift,DR-C1,errors,0,,0.0007
allbp,4,label_shift,DR-C2,errors,0,,0.0003
allbp,4,label_shift,DR-C3,errors,0,,0.0006
allbp,4,label_shift,DR-C4,errors,0,,0.0003
allbp,4,label_shift,DR-C5,errors,0,,0.4858
allbp,4,label_shift,DR-C6,errors,0,,0.0226
allbp,4,label_shift,DR-C7,errors,0,,0.0099
allbp,4,label_shift,DR-C9,errors,0,,0.0005
allbp,4,label_shift,DR-MV1,joint,0,36.869666,0.001
allbp,4,label_shift,DR-MV2,joint,0,0.064,0.0041
allbp,4,label_shift,DR-CV1,joint,0,0.4715,1.0122
allbp,4,concept,DR-M1,features,0,0.009719,0.018
allbp,4,concept,DR-M2,features,0,0.090432,0.0047
allbp,4,concept,DR-M3,features,0,0.067372,0.0193
allbp,4,concept,DR-M4,features,0,0.046076,0.0843
allbp,4,concept,DR-M5,features,0,0.016114,0.0055
allbp,4,concept,DR-M6,features,0,0.148036,0.063
allbp,4,concept,DR-M7,features,0,0.058041,0.0184
allbp,4,concept,DR-M8,errors,1,0.152,0.0001
allbp,4,concept,DR-M10,joint,0,0.002547,0.1108
allbp,4,concept,DR-M12,features,0,0.029658,1.2362
allbp,4,concept,DR-M13,features,0,0.01954,0.0077
allbp,4,concept,DR-M14,joint,0,0.030013,0.1102
allbp,4,concept,DR-C1,errors,1,44.0,0.0006
allbp,4,concept,DR-C2,errors,1,83.0,0.0003
allbp,4,concept,DR-C3,errors,0,,0.0006
allbp,4,concept,DR-C4,errors,1,235.0,0.0003
allbp,4,concept,DR-C5,errors,0,,0.3689
allbp,4,concept,DR-C6,errors,0,,0.0172
allbp,4,concept,DR-C7,errors,0,,0.0074
allbp,4,concept,DR-C9,errors,0,,0.0005
allbp,4,concept,DR-MV1,joint,0,21.073997,0.0009
allbp,4,concept,DR-MV2,joint,0,0.036,0.0028
allbp,4,concept,DR-CV1,joint,0,0.53384,1.0825
ann_thyroid,0,none,DR-M1,features,0,0.4183,0.0139
ann_thyroid,0,none,DR-M2,features,0,0.068886,0.0055
ann_thyroid,0,none,DR-M3,features,0,0.139717,0.0171
ann_thyroid,0,none,DR-M4,features,0,0.055281,0.0726
ann_thyroid,0,none,DR-M5,features,0,0.010398,0.0043
ann_thyroid,0,none,DR-M6,features,0,0.204983,0.0438
ann_thyroid,0,none,DR-M7,features,0,0.060285,0.013
ann_thyroid,0,none,DR-M8,errors,0,-0.002,0.0001
ann_thyroid,0,none,DR-M10,joint,0,0.002167,0.1176
ann_thyroid,0,none,DR-M12,features,0,0.107446,0.9874
ann_thyroid,0,none,DR-M13,features,0,0.014518,0.0095
ann_thyroid,0,none,DR-M14,joint,0,0.024594,0.1065
ann_thyroid,0,none,DR-C1,errors,1,149.0,0.0007
ann_thyroid,0,none,DR-C2,errors,0,,0.0003
ann_thyroid,0,none,DR-C3,errors,0,,0.0006
ann_thyroid,0,none,DR-C4,errors,0,,0.0003
ann_thyroid,0,none,DR-C5,errors,0,,0.3722
ann_thyroid,0,none,DR-C6,errors,0,,0.0273
ann_thyroid,0,none,DR-C7,errors,0,,0.0093
ann_thyroid,0,none,DR-C9,errors,0,,0.0006
ann_thyroid,0,none,DR-MV1,joint,0,21.063453,0.001
ann_thyroid,0,none,DR-MV2,joint,0,0.056,0.0031
ann_thyroid,0,none,DR-CV1,joint,0,0.51848,0.8062
ann_thyroid,0,shift,DR-M1,features,1,8e-06,0.0299
ann_thyroid,0,shift,DR-M2,features,0,0.158242,0.0081
ann_thyroid,0,shift,DR-M3,features,1,0.002178,0.0183
ann_thyroid,0,shift,DR-M4,features,0,0.079406,0.1119
ann_thyroid,0,shift,DR-M5,features,0,0.028151,0.0084
ann_thyroid,0,shift,DR-M6,features,0,0.243232,0.0779
ann_thyroid,0,shift,DR-M7,features,0,0.002523,0.0258
ann_thyroid,0,shift,DR-M8,errors,1,0.014,0.0001
ann_thyroid,0,shift,DR-M10,joint,0,0.004963,0.1877
ann_thyroid,0,shift,DR-M12,features,1,1.5e-05,0.8246
ann_thyroid,0,shift,DR-M13,features,1,0.0,0.0088
ann_thyroid,0,shift,DR-M14,joint,0,0.045885,0.1614
ann_thyroid,0,shift,DR-C1,errors,1,8.0,0.0007
ann_thyroid,0,shift,DR-C2,errors,0,,0.0009
ann_thyroid,0,shift,DR-C3,errors,0,,0.0008
ann_thyroid,0,shift,DR-C4,errors,0,,0.0004
ann_thyroid,0,shift,DR-C5,errors,0,,0.6029
ann_thyroid,0,shift,DR-C6,errors,0,,0.0389
ann_thyroid,0,shift,DR-C7,errors,0,,0.0135
ann_thyroid,0,shift,DR-C9,errors,0,,0.0005
ann_thyroid,0,shift,DR-MV1,joint,1,494.144607,0.0011
ann_thyroid,0,shift,DR-MV2,joint,0,0.064,0.0073
ann_thyroid,0,shift,DR-CV1,joint,1,0.82856,1.4016
ann_thyroid,0,scale,DR-M1,features,1,0.000567,0.0216
ann_thyroid,0,scale,DR-M2,features,1,0.262681,0.0082
ann_thyroid,0,scale,DR-M3,features,1,4e-06,0.0247
ann_thyroid,0,scale,DR-M4,features,1,0.13371,0.1036
ann_thyroid,0,scale,DR-M5,features,0,0.046294,0.0087
ann_thyroid,0,scale,DR-M6,features,1,0.384073,0.1193
ann_thyroid,0,scale,DR-M7,features,0,0.003177,0.0261
ann_thyroid,0,scale,DR-M8,errors,1,0.022,0.0001
ann_thyroid,0,scale,DR-M10,joint,0,0.003445,0.1701
ann_thyroid,0,scale,DR-M12,features,0,0.004373,0.7828
ann_thyroid,0,scale,DR-M13,features,1,0.0,0.0097
ann_thyroid,0,scale,DR-M14,joint,0,0.039452,0.1573
ann_thyroid,0,scale,DR-C1,errors,1,18.0,0.0006
ann_thyroid,0,scale,DR-C2,errors,0,,0.0003
ann_thyroid,0,scale,DR-C3,errors,0,,0.0007
ann_thyroid,0,scale,DR-C4,errors,0,,0.0003
ann_thyroid,0,scale,DR-C5,errors,0,,0.5581
ann_thyroid,0,scale,DR-C6,errors,0,,0.0339
ann_thyroid,0,scale,DR-C7,errors,0,,0.0128
ann_thyroid,0,scale,DR-C9,errors,0,,0.0005
ann_thyroid,0,scale,DR-MV1,joint,1,35.879663,0.0009
ann_thyroid,0,scale,DR-MV2,joint,0,0.044,0.007
ann_thyroid,0,scale,DR-CV1,joint,1,0.72164,1.3396
ann_thyroid,0,correlation,DR-M1,features,0,0.20871,0.0287
ann_thyroid,0,correlation,DR-M2,features,0,0.103774,0.0109
ann_thyroid,0,correlation,DR-M3,features,0,0.062284,0.0287
ann_thyroid,0,correlation,DR-M4,features,0,0.054447,0.1304
ann_thyroid,0,correlation,DR-M5,features,0,0.018498,0.0085
ann_thyroid,0,correlation,DR-M6,features,0,0.137258,0.0703
ann_thyroid,0,correlation,DR-M7,features,0,0.085965,0.023
ann_thyroid,0,correlation,DR-M8,errors,0,-0.002,0.0001
ann_thyroid,0,correlation,DR-M10,joint,0,0.00386,0.174
ann_thyroid,0,correlation,DR-M12,features,0,0.109445,0.7507
ann_thyroid,0,correlation,DR-M13,features,0,0.028881,0.0103
ann_thyroid,0,correlation,DR-M14,joint,0,0.031464,0.1593
ann_thyroid,0,correlation,DR-C1,errors,1,140.0,0.0007
ann_thyroid,0,correlation,DR-C2,errors,0,,0.0003
ann_thyroid,0,correlation,DR-C3,errors,0,,0.0006
ann_thyroid,0,correlation,DR-C4,errors,0,,0.0003
ann_thyroid,0,correlation,DR-C5,errors,0,,0.6029
ann_thyroid,0,correlation,DR-C6,errors,0,,0.0352
ann_thyroid,0,correlation,DR-C7,errors,0,,0.0128
ann_thyroid,0,correlation,DR-C9,errors,0,,0.0005
ann_thyroid,0,correlation,DR-MV1,joint,0,12.832778,0.0009
ann_thyroid,0,correlation,DR-MV2,joint,0,0.036,0.0028
ann_thyroid,0,correlation,DR-CV1,joint,1,0.81726,1.2249
ann_thyroid,0,selection,DR-M1,features,1,0.0,0.0155
ann_thyroid,0,selection,DR-M2,features,1,0.42721,0.0043
ann_thyroid,0,selection,DR-M3,features,1,0.0,0.0161
ann_thyroid,0,selection,DR-M4,features,1,0.234643,0.0694
ann_thyroid,0,selection,DR-M5,features,0,0.073473,0.0049
ann_thyroid,0,selection,DR-M6,features,1,0.860879,0.0431
ann_thyroid,0,selection,DR-M7,features,1,0.0,0.0141
ann_thyroid,0,selection,DR-M8,errors,0,-0.006,0.0001
ann_thyroid,0,selection,DR-M10,joint,1,0.013733,0.1362
ann_thyroid,0,selection,DR-M12,features,1,0.0,0.8956
ann_thyroid,0,selection,DR-M13,features,1,0.0,0.0064
ann_thyroid,0,selection,DR-M14,joint,1,0.166662,0.1769
ann_thyroid,0,selection,DR-C1,errors,0,,0.0008
ann_thyroid,0,selection,DR-C2,errors,0,,0.0003
ann_thyroid,0,selection,DR-C3,errors,0,,0.0124
ann_thyroid,0,selection,DR-C4,errors,0,,0.0004
ann_thyroid,0,selection,DR-C5,errors,0,,0.5241
ann_thyroid,0,selection,DR-C6,errors,0,,0.0413
ann_thyroid,0,selection,DR-C7,errors,0,,0.014
ann_thyroid,0,selection,DR-C9,errors,0,,0.0009
ann_thyroid,0,selection,DR-MV1,joint,1,158.824201,0.0011
ann_thyroid,0,selection,DR-MV2,joint,0,0.048,0.0039
ann_thyroid,0,selection,DR-CV1,joint,0,0.57718,0.869
ann_thyroid,0,label_shift,DR-M1,features,0,0.316137,0.0139
ann_thyroid,0,label_shift,DR-M2,features,0,0.097319,0.0042
ann_thyroid,0,label_shift,DR-M3,features,0,0.080976,0.0173
ann_thyroid,0,label_shift,DR-M4,features,0,0.050665,0.0699
ann_thyroid,0,label_shift,DR-M5,features,0,0.017384,0.005
ann_thyroid,0,label_shift,DR-M6,features,1,0.413267,0.0451
ann_thyroid,0,label_shift,DR-M7,features,0,0.010377,0.0132
ann_thyroid,0,label_shift,DR-M8,errors,1,0.002,0.0001
ann_thyroid,0,label_shift,DR-M10,joint,0,0.003678,0.1514
ann_thyroid,0,label_shift,DR-M12,features,0,0.110945,0.8513
ann_thyroid,0,label_shift,DR-M13,features,0,0.028881,0.0113
ann_thyroid,0,label_shift,DR-M14,joint,0,0.040826,0.1193
ann_thyroid,0,label_shift,DR-C1,errors,1,47.0,0.0011
ann_thyroid,0,label_shift,DR-C2,errors,0,,0.0006
ann_thyroid,0,label_shift,DR-C3,errors,0,,0.0023
ann_thyroid,0,label_shift,DR-C4,errors,0,,0.0006
ann_thyroid,0,label_shift,DR-C5,errors,0,,0.4754
ann_thyroid,0,label_shift,DR-C6,errors,0,,0.0275
ann_thyroid,0,label_shift,DR-C7,errors,0,,0.0089
ann_thyroid,0,label_shift,DR-C9,errors,0,,0.0005
ann_thyroid,0,label_shift,DR-MV1,joint,1,50.598739,0.001
ann_thyroid,0,label_shift,DR-MV2,joint,0,0.052,0.0032
ann_thyroid,0,label_shift,DR-CV1,joint,0,0.52254,0.8645
ann_thyroid,0,concept,DR-M1,features,0,0.14841,0.0202
ann_thyroid,0,concept,DR-M2,features,0,0.103354,0.0069
ann_thyroid,0,concept,DR-M3,features,0,0.064518,0.0243
ann_thyroid,0,concept,DR-M4,features,0,0.054301,0.1201
ann_thyroid,0,concept,DR-M5,features,0,0.018405,0.0086
ann_thyroid,0,concept,DR-M6,features,0,0.182948,0.071
ann_thyroid,0,concept,DR-M7,features,0,0.044103,0.0163
ann_thyroid,0,concept,DR-M8,errors,1,0.146,0.0001
ann_thyroid,0,concept,DR-M10,joint,0,0.003861,0.139
ann_thyroid,0,concept,DR-M12,features,0,0.042979,0.8638
ann_thyroid,0,concept,DR-M13,features,0,0.007964,0.0105
ann_thyroid,0,concept,DR-M14,joint,0,0.031309,0.1116
ann_thyroid,0,concept,DR-C1,errors,1,11.0,0.0007
ann_thyroid,0,concept,DR-C2,errors,1,189.0,0.0003
ann_thyroid,0,concept,DR-C3,errors,0,,0.0006
ann_thyroid,0,concept,DR-C4,errors,1,139.0,0.0003
ann_thyroid,0,concept,DR-C5,errors,0,,0.472
ann_thyroid,0,concept,DR-C6,errors,1,248.0,0.0193
ann_thyroid,0,concept,DR-C7,errors,0,,0.0089
ann_thyroid,0,concept,DR-C9,errors,0,,0.0005
ann_thyroid,0,concept,DR-MV1,joint,0,18.247493,0.001
ann_thyroid,0,concept,DR-MV2,joint,0,0.052,0.003
ann_thyroid,0,concept,DR-CV1,joint,0,0.52698,0.8669
ann_thyroid,1,none,DR-M1,features,0,0.116626,0.0129
ann_thyroid,1,none,DR-M2,features,0,0.106574,0.0035
ann_thyroid,1,none,DR-M3,features,0,0.038275,0.0156
ann_thyroid,1,none,DR-M4,features,0,0.052761,0.0793
ann_thyroid,1,none,DR-M5,features,0,0.019071,0.0047
ann_thyroid,1,none,DR-M6,features,0,0.136871,0.0463
ann_thyroid,1,none,DR-M7,features,0,0.082233,0.0131
ann_thyroid,1,none,DR-M8,errors,1,0.004,0.0001
ann_thyroid,1,none,DR-M10,joint,1,0.006606,0.1392
ann_thyroid,1,none,DR-M12,features,0,0.115942,0.9808
ann_thyroid,1,none,DR-M13,features,0,0.026496,0.0066
ann_thyroid,1,none,DR-M14,joint,0,0.042679,0.1065
ann_thyroid,1,none,DR-C1,errors,0,,0.0008
ann_thyroid,1,none,DR-C2,errors,0,,0.0003
ann_thyroid,1,none,DR-C3,errors,0,,0.0015
ann_thyroid,1,none,DR-C4,errors,0,,0.0004
ann_thyroid,1,none,DR-C5,errors,0,,0.372
ann_thyroid,1,none,DR-C6,errors,0,,0.0227
ann_thyroid,1,none,DR-C7,errors,0,,0.0138
ann_thyroid,1,none,DR-C9,errors,0,,0.0006
ann_thyroid,1,none,DR-MV1,joint,0,19.850877,0.0009
ann_thyroid,1,none,DR-MV2,joint,0,0.02,0.0028
ann_thyroid,1,none,DR-CV1,joint,0,0.45174,0.9335
ann_thyroid,1,shift,DR-M1,features,1,1.1e-05,0.0192
ann_thyroid,1,shift,DR-M2,features,1,0.270634,0.0055
ann_thyroid,1,shift,DR-M3,features,1,2e-06,0.0186
ann_thyroid,1,shift,DR-M4,features,1,0.135893,0.0732
ann_thyroid,1,shift,DR-M5,features,0,0.047679,0.0048
ann_thyroid,1,shift,DR-M6,features,0,0.305483,0.0422
ann_thyroid,1,shift,DR-M7,features,1,8e-05,0.0141
ann_thyroid,1,shift,DR-M8,errors,1,0.008,0.0001
ann_thyroid,1,shift,DR-M10,joint,1,0.00647,0.2133
ann_thyroid,1,shift,DR-M12,features,1,4e-06,0.8644
ann_thyroid,1,shift,DR-M13,features,1,0.0,0.0175
ann_thyroid,1,shift,DR-M14,joint,1,0.055343,0.1565
ann_thyroid,1,shift,DR-C1,errors,0,,0.0009
ann_thyroid,1,shift,DR-C2,errors,0,,0.0003
ann_thyroid,1,shift,DR-C3,errors,0,,0.0048
ann_thyroid,1,shift,DR-C4,errors,0,,0.0004
ann_thyroid,1,shift,DR-C5,errors,0,,0.6386
ann_thyroid,1,shift,DR-C6,errors,0,,0.0364
ann_thyroid,1,shift,DR-C7,errors,0,,0.0189
ann_thyroid,1,shift,DR-C9,errors,0,,0.0005
ann_thyroid,1,shift,DR-MV1,joint,1,316.221207,0.001
ann_thyroid,1,shift,DR-MV2,joint,0,0.052,0.0031
ann_thyroid,1,shift,DR-CV1,joint,1,0.8792,1.3962
ann_thyroid,1,scale,DR-M1,features,0,0.116626,0.0227
ann_thyroid,1,scale,DR-M2,features,0,0.112726,0.0039
ann_thyroid,1,scale,DR-M3,features,0,0.030594,0.0246
ann_thyroid,1,scale,DR-M4,features,0,0.065331,0.1075
ann_thyroid,1,scale,DR-M5,features,0,0.020144,0.0087
ann_thyroid,1,scale,DR-M6,features,0,0.313363,0.0646
ann_thyroid,1,scale,DR-M7,features,0,0.026353,0.0228
ann_thyroid,1,scale,DR-M8,errors,0,-0.004,0.0001
ann_thyroid,1,scale,DR-M10,joint,0,0.004259,0.1702
ann_thyroid,1,scale,DR-M12,features,0,0.043978,0.8703
ann_thyroid,1,scale,DR-M13,features,0,0.003017,0.0113
ann_thyroid,1,scale,DR-M14,joint,0,0.042217,0.1749
ann_thyroid,1,scale,DR-C1,errors,0,,0.0008
ann_thyroid,1,scale,DR-C2,errors,0,,0.0003
ann_thyroid,1,scale,DR-C3,errors,0,,0.0007
ann_thyroid,1,scale,DR-C4,errors,0,,0.0004
ann_thyroid,1,scale,DR-C5,errors,0,,0.5983
ann_thyroid,1,scale,DR-C6,errors,0,,0.0319
ann_thyroid,1,scale,DR-C7,errors,0,,0.019
ann_thyroid,1,scale,DR-C9,errors,0,,0.0046
ann_thyroid,1,scale,DR-MV1,joint,1,39.606448,0.0011
ann_thyroid,1,scale,DR-MV2,joint,0,0.052,0.0034
ann_thyroid,1,scale,DR-CV1,joint,1,0.69352,1.2853
ann_thyroid,1,correlation,DR-M1,features,0,0.232537,0.0255
ann_thyroid,1,correlation,DR-M2,features,0,0.09436,0.004
ann_thyroid,1,correlation,DR-M3,features,0,0.059686,0.0298
ann_thyroid,1,correlation,DR-M4,features,0,0.048779,0.1173
ann_thyroid,1,correlation,DR-M5,features,0,0.016807,0.0043
ann_thyroid,1,correlation,DR-M6,features,0,0.223831,0.0754
ann_thyroid,1,correlation,DR-M7,features,0,0.065014,0.0235
ann_thyroid,1,correlation,DR-M8,errors,0,0.0,0.0001
ann_thyroid,1,correlation,DR-M10,joint,0,0.005581,0.1806
ann_thyroid,1,correlation,DR-M12,features,0,0.076462,0.9528
ann_thyroid,1,correlation,DR-M13,features,0,0.0168,0.0061
ann_thyroid,1,correlation,DR-M14,joint,0,0.043757,0.1712
ann_thyroid,1,correlation,DR-C1,errors,0,,0.0014
ann_thyroid,1,correlation,DR-C2,errors,0,,0.0005
ann_thyroid,1,correlation,DR-C3,errors,0,,0.0011
ann_thyroid,1,correlation,DR-C4,errors,0,,0.0005
ann_thyroid,1,correlation,DR-C5,errors,0,,0.5962
ann_thyroid,1,correlation,DR-C6,errors,0,,0.0391
ann_thyroid,1,correlation,DR-C7,errors,0,,0.0149
ann_thyroid,1,correlation,DR-C9,errors,0,,0.0045
ann_thyroid,1,correlation,DR-MV1,joint,0,23.044117,0.0013
ann_thyroid,1,correlation,DR-MV2,joint,0,0.048,0.0055
ann_thyroid,1,correlation,DR-CV1,joint,1,0.80468,1.3268
ann_thyroid,1,selection,DR-M1,features,1,0.0,0.0291
ann_thyroid,1,selection,DR-M2,features,1,0.3687,0.0038
ann_thyroid,1,selection,DR-M3,features,1,0.0,0.0205
ann_thyroid,1,selection,DR-M4,features,1,0.204058,0.1139
ann_thyroid,1,selection,DR-M5,features,0,0.061608,0.0046
ann_thyroid,1,selection,DR-M6,features,1,0.651151,0.0664
ann_thyroid,1,selection,DR-M7,features,1,0.0,0.0227
ann_thyroid,1,selection,DR-M8,errors,0,-0.004,0.0001
ann_thyroid,1,selection,DR-M10,joint,1,0.013865,0.1825
ann_thyroid,1,selection,DR-M12,features,1,0.0,0.8434
ann_thyroid,1,selection,DR-M13,features,1,0.0,0.0105
ann_thyroid,1,selection,DR-M14,joint,1,0.156301,0.1052
ann_thyroid,1,selection,DR-C1,errors,0,,0.0008
ann_thyroid,1,selection,DR-C2,errors,0,,0.0003
ann_thyroid,1,selection,DR-C3,errors,0,,0.0006
ann_thyroid,1,selection,DR-C4,errors,0,,0.0003
ann_thyroid,1,selection,DR-C5,errors,0,,0.4256
ann_thyroid,1,selection,DR-C6,errors,0,,0.0276
ann_thyroid,1,selection,DR-C7,errors,0,,0.0175
ann_thyroid,1,selection,DR-C9,errors,0,,0.0005
ann_thyroid,1,selection,DR-MV1,joint,1,88.874252,0.0011
ann_thyroid,1,selection,DR-MV2,joint,0,0.068,0.0032
ann_thyroid,1,selection,DR-CV1,joint,0,0.55744,0.8154
ann_thyroid,1,label_shift,DR-M1,features,0,0.13174,0.0142
ann_thyroid,1,label_shift,DR-M2,features,0,0.09054,0.0036
ann_thyroid,1,label_shift,DR-M3,features,0,0.055501,0.0205
ann_thyroid,1,label_shift,DR-M4,features,0,0.045111,0.1216
ann_thyroid,1,label_shift,DR-M5,features,0,0.016183,0.0044
ann_thyroid,1,label_shift,DR-M6,features,0,0.223831,0.0419
ann_thyroid,1,label_shift,DR-M7,features,0,0.03848,0.015
ann_thyroid,1,label_shift,DR-M8,errors,0,0.0,0.0001
ann_thyroid,1,label_shift,DR-M10,joint,0,0.002715,0.1166
ann_thyroid,1,label_shift,DR-M12,features,0,0.042479,0.7962
ann_thyroid,1,label_shift,DR-M13,features,0,0.006142,0.0067
ann_thyroid,1,label_shift,DR-M14,joint,0,0.03035,0.1068
ann_thyroid,1,label_shift,DR-C1,errors,0,,0.0009
ann_thyroid,1,label_shift,DR-C2,errors,0,,0.0003
ann_thyroid,1,label_shift,DR-C3,errors,0,,0.0006
ann_thyroid,1,label_shift,DR-C4,errors,0,,0.0006
ann_thyroid,1,label_shift,DR-C5,errors,0,,0.365
ann_thyroid,1,label_shift,DR-C6,errors,0,,0.0242
ann_thyroid,1,label_shift,DR-C7,errors,0,,0.0136
ann_thyroid,1,label_shift,DR-C9,errors,0,,0.0005
ann_thyroid,1,label_shift,DR-MV1,joint,0,21.340551,0.0009
ann_thyroid,1,label_shift,DR-MV2,joint,0,0.032,0.0028
ann_thyroid,1,label_shift,DR-CV1,joint,0,0.53776,0.9562
ann_thyroid,1,concept,DR-M1,features,0,0.004835,0.0154
ann_thyroid,1,concept,DR-M2,features,0,0.180992,0.0069
ann_thyroid,1,concept,DR-M3,features,1,0.002104,0.0243
ann_thyroid,1,concept,DR-M4,features,1,0.104554,0.0952
ann_thyroid,1,concept,DR-M5,features,0,0.030737,0.006
ann_thyroid,1,concept,DR-M6,features,0,0.271791,0.0728
ann_thyroid,1,concept,DR-M7,features,1,0.000333,0.0235
ann_thyroid,1,concept,DR-M8,errors,1,0.14,0.0001
ann_thyroid,1,concept,DR-M10,joint,1,0.007308,0.1178
ann_thyroid,1,concept,DR-M12,features,1,0.000686,0.8483
ann_thyroid,1,concept,DR-M13,features,1,0.0,0.0066
ann_thyroid,1,concept,DR-M14,joint,1,0.061411,0.1154
ann_thyroid,1,concept,DR-C1,errors,1,11.0,0.0007
ann_thyroid,1,concept,DR-C2,errors,1,193.0,0.0003
ann_thyroid,1,concept,DR-C3,errors,0,,0.0006
ann_thyroid,1,concept,DR-C4,errors,1,139.0,0.0003
ann_thyroid,1,concept,DR-C5,errors,0,,0.3819
ann_thyroid,1,concept,DR-C6,errors,0,,0.0186
ann_thyroid,1,concept,DR-C7,errors,0,,0.0102
ann_thyroid,1,concept,DR-C9,errors,0,,0.0005
ann_thyroid,1,concept,DR-MV1,joint,1,38.601539,0.0011
ann_thyroid,1,concept,DR-MV2,joint,0,0.052,0.0029
ann_thyroid,1,concept,DR-CV1,joint,0,0.4975,0.8651
ann_thyroid,2,none,DR-M1,features,0,0.666288,0.013
ann_thyroid,2,none,DR-M2,features,0,0.064102,0.0036
ann_thyroid,2,none,DR-M3,features,0,0.021767,0.015
ann_thyroid,2,none,DR-M4,features,0,0.045522,0.0674
ann_thyroid,2,none,DR-M5,features,0,0.011489,0.0045
ann_thyroid,2,none,DR-M6,features,0,0.206419,0.0416
ann_thyroid,2,none,DR-M7,features,0,0.015308,0.0134
ann_thyroid,2,none,DR-M8,errors,0,0.0,0.0
ann_thyroid,2,none,DR-M10,joint,0,0.002627,0.1109
ann_thyroid,2,none,DR-M12,features,0,0.023988,0.8527
ann_thyroid,2,none,DR-M13,features,1,0.001121,0.0067
ann_thyroid,2,none,DR-M14,joint,0,0.031614,0.0947
ann_thyroid,2,none,DR-C1,errors,1,211.0,0.0008
ann_thyroid,2,none,DR-C2,errors,0,,0.0003
ann_thyroid,2,none,DR-C3,errors,0,,0.0007
ann_thyroid,2,none,DR-C4,errors,0,,0.0006
ann_thyroid,2,none,DR-C5,errors,0,,0.4198
ann_thyroid,2,none,DR-C6,errors,0,,0.0269
ann_thyroid,2,none,DR-C7,errors,0,,0.0153
ann_thyroid,2,none,DR-C9,errors,0,,0.0005
ann_thyroid,2,none,DR-MV1,joint,0,26.978089,0.0009
ann_thyroid,2,none,DR-MV2,joint,0,0.068,0.0026
ann_thyroid,2,none,DR-CV1,joint,0,0.4461,0.8328
ann_thyroid,2,shift,DR-M1,features,1,0.0,0.0132
ann_thyroid,2,shift,DR-M2,features,1,0.304638,0.004
ann_thyroid,2,shift,DR-M3,features,1,0.0,0.0172
ann_thyroid,2,shift,DR-M4,features,1,0.158634,0.0729
ann_thyroid,2,shift,DR-M5,features,0,0.0537,0.0043
ann_thyroid,2,shift,DR-M6,features,0,0.403241,0.0428
ann_thyroid,2,shift,DR-M7,features,1,2e-06,0.013
ann_thyroid,2,shift,DR-M8,errors,1,0.008,0.0001
ann_thyroid,2,shift,DR-M10,joint,1,0.006542,0.1099
ann_thyroid,2,shift,DR-M12,features,1,0.0,0.8461
ann_thyroid,2,shift,DR-M13,features,1,0.0,0.0059
ann_thyroid,2,shift,DR-M14,joint,1,0.060974,0.0983
ann_thyroid,2,shift,DR-C1,errors,1,5.0,0.0005
ann_thyroid,2,shift,DR-C2,errors,0,,0.0003
ann_thyroid,2,shift,DR-C3,errors,0,,0.0006
ann_thyroid,2,shift,DR-C4,errors,0,,0.0006
ann_thyroid,2,shift,DR-C5,errors,0,,0.3633
ann_thyroid,2,shift,DR-C6,errors,0,,0.0221
ann_thyroid,2,shift,DR-C7,errors,0,,0.0161
ann_thyroid,2,shift,DR-C9,errors,0,,0.0005
ann_thyroid,2,shift,DR-MV1,joint,1,363.539848,0.0009
ann_thyroid,2,shift,DR-MV2,joint,1,0.084,0.0027
ann_thyroid,2,shift,DR-CV1,joint,1,0.84372,0.7864
ann_thyroid,2,scale,DR-M1,features,0,0.021888,0.0137
ann_thyroid,2,scale,DR-M2,features,0,0.23712,0.0037
ann_thyroid,2,scale,DR-M3,features,1,1.1e-05,0.0219
ann_thyroid,2,scale,DR-M4,features,1,0.116571,0.0866
ann_thyroid,2,scale,DR-M5,features,0,0.041972,0.0044
ann_thyroid,2,scale,DR-M6,features,0,0.446421,0.0441
ann_thyroid,2,scale,DR-M7,features,0,0.035456,0.0143
ann_thyroid,2,scale,DR-M8,errors,1,0.012,0.0001
ann_thyroid,2,scale,DR-M10,joint,0,0.004304,0.1437
ann_thyroid,2,scale,DR-M12,features,0,0.00834,0.8468
ann_thyroid,2,scale,DR-M13,features,1,0.0,0.0063
ann_thyroid,2,scale,DR-M14,joint,0,0.039989,0.1158
ann_thyroid,2,scale,DR-C1,errors,1,126.0,0.0008
ann_thyroid,2,scale,DR-C2,errors,0,,0.0003
ann_thyroid,2,scale,DR-C3,errors,0,,0.0006
ann_thyroid,2,scale,DR-C4,errors,0,,0.0004
ann_thyroid,2,scale,DR-C5,errors,0,,0.616
ann_thyroid,2,scale,DR-C6,errors,0,,0.0228
ann_thyroid,2,scale,DR-C7,errors,0,,0.0163
ann_thyroid,2,scale,DR-C9,errors,0,,0.0005
ann_thyroid,2,scale,DR-MV1,joint,1,50.978034,0.0018
ann_thyroid,2,scale,DR-MV2,joint,0,0.068,0.0047
ann_thyroid,2,scale,DR-CV1,joint,1,0.67068,0.8718
ann_thyroid,2,correlation,DR-M1,features,0,0.348152,0.0149
ann_thyroid,2,correlation,DR-M2,features,0,0.13157,0.0049
ann_thyroid,2,correlation,DR-M3,features,0,0.030722,0.0188
ann_thyroid,2,correlation,DR-M4,features,1,0.107826,0.0732
ann_thyroid,2,correlation,DR-M5,features,0,0.012105,0.0051
ann_thyroid,2,correlation,DR-M6,features,0,0.178893,0.0442
ann_thyroid,2,correlation,DR-M7,features,0,0.013502,0.0131
ann_thyroid,2,correlation,DR-M8,errors,1,0.02,0.0001
ann_thyroid,2,correlation,DR-M10,joint,0,0.004169,0.1193
ann_thyroid,2,correlation,DR-M12,features,0,0.022989,0.8635
ann_thyroid,2,correlation,DR-M13,features,1,0.0,0.0156
ann_thyroid,2,correlation,DR-M14,joint,0,0.037354,0.1023
ann_thyroid,2,correlation,DR-C1,errors,1,31.0,0.0007
ann_thyroid,2,correlation,DR-C2,errors,0,,0.0003
ann_thyroid,2,correlation,DR-C3,errors,0,,0.0007
ann_thyroid,2,correlation,DR-C4,errors,0,,0.0006
ann_thyroid,2,correlation,DR-C5,errors,0,,0.3716
ann_thyroid,2,correlation,DR-C6,errors,0,,0.0215
ann_thyroid,2,correlation,DR-C7,errors,0,,0.0154
ann_thyroid,2,correlation,DR-C9,errors,0,,0.0005
ann_thyroid,2,correlation,DR-MV1,joint,0,20.081537,0.0011
ann_thyroid,2,correlation,DR-MV2,joint,1,0.1,0.0033
ann_thyroid,2,correlation,DR-CV1,joint,1,0.7736,0.8016
ann_thyroid,2,selection,DR-M1,features,1,1e-06,0.0136
ann_thyroid,2,selection,DR-M2,features,1,0.267171,0.0037
ann_thyroid,2,selection,DR-M3,features,1,3e-06,0.0157
ann_thyroid,2,selection,DR-M4,features,1,0.136814,0.0689
ann_thyroid,2,selection,DR-M5,features,0,0.047095,0.0044
ann_thyroid,2,selection,DR-M6,features,1,0.577456,0.0428
ann_thyroid,2,selection,DR-M7,features,1,0.0,0.0181
ann_thyroid,2,selection,DR-M8,errors,1,0.008,0.0001
ann_thyroid,2,selection,DR-M10,joint,1,0.010431,0.1373
ann_thyroid,2,selection,DR-M12,features,1,0.0,0.7508
ann_thyroid,2,selection,DR-M13,features,1,0.0,0.0061
ann_thyroid,2,selection,DR-M14,joint,1,0.116245,0.1016
ann_thyroid,2,selection,DR-C1,errors,1,82.0,0.0007
ann_thyroid,2,selection,DR-C2,errors,0,,0.0005
ann_thyroid,2,selection,DR-C3,errors,0,,0.0007
ann_thyroid,2,selection,DR-C4,errors,0,,0.0003
ann_thyroid,2,selection,DR-C5,errors,0,,0.468
ann_thyroid,2,selection,DR-C6,errors,0,,0.0233
ann_thyroid,2,selection,DR-C7,errors,0,,0.0159
ann_thyroid,2,selection,DR-C9,errors,0,,0.0005
ann_thyroid,2,selection,DR-MV1,joint,1,79.147849,0.0012
ann_thyroid,2,selection,DR-MV2,joint,1,0.08,0.0034
ann_thyroid,2,selection,DR-CV1,joint,0,0.51752,0.7947
ann_thyroid,2,label_shift,DR-M1,features,0,0.029718,0.0137
ann_thyroid,2,label_shift,DR-M2,features,0,0.099821,0.0037
ann_thyroid,2,label_shift,DR-M3,features,1,0.002141,0.0156
ann_thyroid,2,label_shift,DR-M4,features,0,0.051218,0.068
ann_thyroid,2,label_shift,DR-M5,features,0,0.017814,0.0044
ann_thyroid,2,label_shift,DR-M6,features,0,0.28014,0.0545
ann_thyroid,2,label_shift,DR-M7,features,1,0.001366,0.0172
ann_thyroid,2,label_shift,DR-M8,errors,1,0.004,0.0001
ann_thyroid,2,label_shift,DR-M10,joint,0,0.005285,0.1173
ann_thyroid,2,label_shift,DR-M12,features,0,0.002999,0.8423
ann_thyroid,2,label_shift,DR-M13,features,1,0.0,0.0067
ann_thyroid,2,label_shift,DR-M14,joint,1,0.048531,0.0949
ann_thyroid,2,label_shift,DR-C1,errors,1,49.0,0.0007
ann_thyroid,2,label_shift,DR-C2,errors,0,,0.0003
ann_thyroid,2,label_shift,DR-C3,errors,0,,0.0007
ann_thyroid,2,label_shift,DR-C4,errors,0,,0.0003
ann_thyroid,2,label_shift,DR-C5,errors,0,,0.361
ann_thyroid,2,label_shift,DR-C6,errors,0,,0.0224
ann_thyroid,2,label_shift,DR-C7,errors,0,,0.0157
ann_thyroid,2,label_shift,DR-C9,errors,0,,0.0005
ann_thyroid,2,label_shift,DR-MV1,joint,1,35.200149,0.0009
ann_thyroid,2,label_shift,DR-MV2,joint,0,0.068,0.0038
ann_thyroid,2,label_shift,DR-CV1,joint,0,0.52552,0.7956
ann_thyroid,2,concept,DR-M1,features,0,0.348152,0.0128
ann_thyroid,2,concept,DR-M2,features,0,0.071136,0.0037
ann_thyroid,2,concept,DR-M3,features,0,0.198461,0.0157
ann_thyroid,2,concept,DR-M4,features,0,0.037972,0.0674
ann_thyroid,2,concept,DR-M5,features,0,0.012644,0.0042
ann_thyroid,2,concept,DR-M6,features,0,0.146944,0.0416
ann_thyroid,2,concept,DR-M7,features,0,0.113789,0.0133
ann_thyroid,2,concept,DR-M8,errors,1,0.168,0.0001
ann_thyroid,2,concept,DR-M10,joint,0,0.003798,0.1074
ann_thyroid,2,concept,DR-M12,features,0,0.154923,0.8984
ann_thyroid,2,concept,DR-M13,features,0,0.049786,0.0111
ann_thyroid,2,concept,DR-M14,joint,0,0.03271,0.1014
ann_thyroid,2,concept,DR-C1,errors,1,7.0,0.0006
ann_thyroid,2,concept,DR-C2,errors,1,186.0,0.0003
ann_thyroid,2,concept,DR-C3,errors,0,,0.0007
ann_thyroid,2,concept,DR-C4,errors,1,139.0,0.0003
ann_thyroid,2,concept,DR-C5,errors,0,,0.3536
ann_thyroid,2,concept,DR-C6,errors,1,207.0,0.0186
ann_thyroid,2,concept,DR-C7,errors,0,,0.0157
ann_thyroid,2,concept,DR-C9,errors,0,,0.0005
ann_thyroid,2,concept,DR-MV1,joint,0,17.288174,0.0009
ann_thyroid,2,concept,DR-MV2,joint,0,0.04,0.0026
ann_thyroid,2,concept,DR-CV1,joint,0,0.49586,0.7963
ann_thyroid,3,none,DR-M1,features,0,0.06089,0.0138
ann_thyroid,3,none,DR-M2,features,0,0.088823,0.007
ann_thyroid,3,none,DR-M3,features,0,0.098063,0.0231
ann_thyroid,3,none,DR-M4,features,0,0.044067,0.0806
ann_thyroid,3,none,DR-M5,features,0,0.01587,0.0048
ann_thyroid,3,none,DR-M6,features,0,0.288644,0.0494
ann_thyroid,3,none,DR-M7,features,0,0.013903,0.0142
ann_thyroid,3,none,DR-M8,errors,1,0.004,0.0001
ann_thyroid,3,none,DR-M10,joint,0,0.004958,0.1288
ann_thyroid,3,none,DR-M12,features,0,0.014187,0.7916
ann_thyroid,3,none,DR-M13,features,0,0.018972,0.0063
ann_thyroid,3,none,DR-M14,joint,0,0.04446,0.1093
ann_thyroid,3,none,DR-C1,errors,1,53.0,0.0006
ann_thyroid,3,none,DR-C2,errors,0,,0.0003
ann_thyroid,3,none,DR-C3,errors,0,,0.0006
ann_thyroid,3,none,DR-C4,errors,0,,0.0003
ann_thyroid,3,none,DR-C5,errors,0,,0.403
ann_thyroid,3,none,DR-C6,errors,0,,0.0226
ann_thyroid,3,none,DR-C7,errors,0,,0.0108
ann_thyroid,3,none,DR-C9,errors,0,,0.0005
ann_thyroid,3,none,DR-MV1,joint,0,24.082871,0.0009
ann_thyroid,3,none,DR-MV2,joint,0,0.04,0.0028
ann_thyroid,3,none,DR-CV1,joint,0,0.53028,0.9081
ann_thyroid,3,shift,DR-M1,features,1,0.0,0.02
ann_thyroid,3,shift,DR-M2,features,1,0.254909,0.0063
ann_thyroid,3,shift,DR-M3,features,1,4e-06,0.0156
ann_thyroid,3,shift,DR-M4,features,1,0.126952,0.0663
ann_thyroid,3,shift,DR-M5,features,0,0.04522,0.0043
ann_thyroid,3,shift,DR-M6,features,1,0.380235,0.0425
ann_thyroid,3,shift,DR-M7,features,1,2.6e-05,0.0136
ann_thyroid,3,shift,DR-M8,errors,0,0.0,0.0001
ann_thyroid,3,shift,DR-M10,joint,1,0.006033,0.1112
ann_thyroid,3,shift,DR-M12,features,1,0.0,0.7561
ann_thyroid,3,shift,DR-M13,features,1,0.0,0.0058
ann_thyroid,3,shift,DR-M14,joint,1,0.063021,0.0836
ann_thyroid,3,shift,DR-C1,errors,1,1.0,0.0006
ann_thyroid,3,shift,DR-C2,errors,0,,0.0003
ann_thyroid,3,shift,DR-C3,errors,0,,0.0006
ann_thyroid,3,shift,DR-C4,errors,0,,0.0003
ann_thyroid,3,shift,DR-C5,errors,0,,0.3803
ann_thyroid,3,shift,DR-C6,errors,0,,0.024
ann_thyroid,3,shift,DR-C7,errors,0,,0.014
ann_thyroid,3,shift,DR-C9,errors,0,,0.0008
ann_thyroid,3,shift,DR-MV1,joint,1,240.553773,0.001
ann_thyroid,3,shift,DR-MV2,joint,0,0.032,0.0029
ann_thyroid,3,shift,DR-CV1,joint,1,0.79268,0.9751
ann_thyroid,3,scale,DR-M1,features,1,0.001564,0.0132
ann_thyroid,3,scale,DR-M2,features,0,0.220706,0.0037
ann_thyroid,3,scale,DR-M3,features,1,6.5e-05,0.0155
ann_thyroid,3,scale,DR-M4,features,1,0.114001,0.0715
ann_thyroid,3,scale,DR-M5,features,0,0.039035,0.0084
ann_thyroid,3,scale,DR-M6,features,1,0.390643,0.0527
ann_thyroid,3,scale,DR-M7,features,0,0.065014,0.0173
ann_thyroid,3,scale,DR-M8,errors,1,0.004,0.0001
ann_thyroid,3,scale,DR-M10,joint,0,0.004223,0.1136
ann_thyroid,3,scale,DR-M12,features,0,0.003989,0.774
ann_thyroid,3,scale,DR-M13,features,1,0.001338,0.0066
ann_thyroid,3,scale,DR-M14,joint,0,0.037997,0.1093
ann_thyroid,3,scale,DR-C1,errors,1,129.0,0.0014
ann_thyroid,3,scale,DR-C2,errors,0,,0.0003
ann_thyroid,3,scale,DR-C3,errors,0,,0.0006
ann_thyroid,3,scale,DR-C4,errors,0,,0.0003
ann_thyroid,3,scale,DR-C5,errors,0,,0.4122
ann_thyroid,3,scale,DR-C6,errors,0,,0.0326
ann_thyroid,3,scale,DR-C7,errors,0,,0.0128
ann_thyroid,3,scale,DR-C9,errors,0,,0.0046
ann_thyroid,3,scale,DR-MV1,joint,0,30.51192,0.0012
ann_thyroid,3,scale,DR-MV2,joint,0,0.044,0.0033
ann_thyroid,3,scale,DR-CV1,joint,1,0.71068,0.8809
ann_thyroid,3,correlation,DR-M1,features,0,0.186802,0.0169
ann_thyroid,3,correlation,DR-M2,features,0,0.071806,0.0038
ann_thyroid,3,correlation,DR-M3,features,0,0.166851,0.0196
ann_thyroid,3,correlation,DR-M4,features,0,0.038232,0.073
ann_thyroid,3,correlation,DR-M5,features,0,0.012778,0.0043
ann_thyroid,3,correlation,DR-M6,features,0,0.181284,0.0418
ann_thyroid,3,correlation,DR-M7,features,0,0.078698,0.0139
ann_thyroid,3,correlation,DR-M8,errors,1,0.036,0.0
ann_thyroid,3,correlation,DR-M10,joint,0,0.005737,0.1088
ann_thyroid,3,correlation,DR-M12,features,0,0.114442,0.8222
ann_thyroid,3,correlation,DR-M13,features,0,0.024329,0.0068
ann_thyroid,3,correlation,DR-M14,joint,0,0.050486,0.1002
ann_thyroid,3,correlation,DR-C1,errors,1,27.0,0.0006
ann_thyroid,3,correlation,DR-C2,errors,0,,0.0003
ann_thyroid,3,correlation,DR-C3,errors,0,,0.0006
ann_thyroid,3,correlation,DR-C4,errors,0,,0.0003
ann_thyroid,3,correlation,DR-C5,errors,0,,0.3796
ann_thyroid,3,correlation,DR-C6,errors,0,,0.0253
ann_thyroid,3,correlation,DR-C7,errors,0,,0.0147
ann_thyroid,3,correlation,DR-C9,errors,0,,0.0006
ann_thyroid,3,correlation,DR-MV1,joint,0,27.297563,0.0009
ann_thyroid,3,correlation,DR-MV2,joint,0,0.056,0.0028
ann_thyroid,3,correlation,DR-CV1,joint,1,0.7912,0.8526
ann_thyroid,3,selection,DR-M1,features,1,0.0,0.014
ann_thyroid,3,selection,DR-M2,features,0,0.213649,0.0043
ann_thyroid,3,selection,DR-M3,features,1,4.6e-05,0.023
ann_thyroid,3,selection,DR-M4,features,1,0.103991,0.0849
ann_thyroid,3,selection,DR-M5,features,0,0.03786,0.0055
ann_thyroid,3,selection,DR-M6,features,1,0.538783,0.0457
ann_thyroid,3,selection,DR-M7,features,1,0.0,0.0135
ann_thyroid,3,selection,DR-M8,errors,0,-0.004,0.0001
ann_thyroid,3,selection,DR-M10,joint,1,0.007436,0.1135
ann_thyroid,3,selection,DR-M12,features,1,0.0,0.9231
ann_thyroid,3,selection,DR-M13,features,1,0.0,0.0279
ann_thyroid,3,selection,DR-M14,joint,1,0.080092,0.1047
ann_thyroid,3,selection,DR-C1,errors,0,,0.0008
ann_thyroid,3,selection,DR-C2,errors,0,,0.0003
ann_thyroid,3,selection,DR-C3,errors,0,,0.0006
ann_thyroid,3,selection,DR-C4,errors,0,,0.0003
ann_thyroid,3,selection,DR-C5,errors,0,,0.443
ann_thyroid,3,selection,DR-C6,errors,0,,0.0254
ann_thyroid,3,selection,DR-C7,errors,0,,0.0143
ann_thyroid,3,selection,DR-C9,errors,0,,0.0005
ann_thyroid,3,selection,DR-MV1,joint,1,57.923045,0.0009
ann_thyroid,3,selection,DR-MV2,joint,0,0.052,0.0029
ann_thyroid,3,selection,DR-CV1,joint,0,0.5472,0.8661
ann_thyroid,3,label_shift,DR-M1,features,0,0.14841,0.0132
ann_thyroid,3,label_shift,DR-M2,features,0,0.091662,0.004
ann_thyroid,3,label_shift,DR-M3,features,0,0.083828,0.0158
ann_thyroid,3,label_shift,DR-M4,features,0,0.045243,0.0708
ann_thyroid,3,label_shift,DR-M5,features,0,0.016374,0.0052
ann_thyroid,3,label_shift,DR-M6,features,0,0.223046,0.0448
ann_thyroid,3,label_shift,DR-M7,features,0,0.103277,0.0142
ann_thyroid,3,label_shift,DR-M8,errors,0,-0.004,0.0001
ann_thyroid,3,label_shift,DR-M10,joint,0,0.005165,0.1094
ann_thyroid,3,label_shift,DR-M12,features,0,0.081659,0.8168
ann_thyroid,3,label_shift,DR-M13,features,0,0.05549,0.0078
ann_thyroid,3,label_shift,DR-M14,joint,0,0.040983,0.1002
ann_thyroid,3,label_shift,DR-C1,errors,0,,0.0008
ann_thyroid,3,label_shift,DR-C2,errors,0,,0.0003
ann_thyroid,3,label_shift,DR-C3,errors,0,,0.0006
ann_thyroid,3,label_shift,DR-C4,errors,0,,0.0003
ann_thyroid,3,label_shift,DR-C5,errors,0,,0.3846
ann_thyroid,3,label_shift,DR-C6,errors,0,,0.0285
ann_thyroid,3,label_shift,DR-C7,errors,0,,0.0167
ann_thyroid,3,label_shift,DR-C9,errors,0,,0.0005
ann_thyroid,3,label_shift,DR-MV1,joint,0,19.806125,0.0009
ann_thyroid,3,label_shift,DR-MV2,joint,0,0.04,0.0029
ann_thyroid,3,label_shift,DR-CV1,joint,0,0.46378,0.8676
ann_thyroid,3,concept,DR-M1,features,0,0.09066,0.0135
ann_thyroid,3,concept,DR-M2,features,0,0.088477,0.0041
ann_thyroid,3,concept,DR-M3,features,0,0.103577,0.0165
ann_thyroid,3,concept,DR-M4,features,0,0.0444,0.0669
ann_thyroid,3,concept,DR-M5,features,0,0.015851,0.0043
ann_thyroid,3,concept,DR-M6,features,0,0.17925,0.0426
ann_thyroid,3,concept,DR-M7,features,0,0.02347,0.0127
ann_thyroid,3,concept,DR-M8,errors,1,0.116,0.0001
ann_thyroid,3,concept,DR-M10,joint,0,0.003866,0.1082
ann_thyroid,3,concept,DR-M12,features,0,0.030148,0.8858
ann_thyroid,3,concept,DR-M13,features,0,0.032766,0.0066
ann_thyroid,3,concept,DR-M14,joint,0,0.030028,0.0994
ann_thyroid,3,concept,DR-C1,errors,1,6.0,0.0006
ann_thyroid,3,concept,DR-C2,errors,1,234.0,0.0003
ann_thyroid,3,concept,DR-C3,errors,0,,0.0006
ann_thyroid,3,concept,DR-C4,errors,1,203.0,0.0003
ann_thyroid,3,concept,DR-C5,errors,0,,0.389
ann_thyroid,3,concept,DR-C6,errors,0,,0.0191
ann_thyroid,3,concept,DR-C7,errors,0,,0.0104
ann_thyroid,3,concept,DR-C9,errors,0,,0.0005
ann_thyroid,3,concept,DR-MV1,joint,0,20.278702,0.0009
ann_thyroid,3,concept,DR-MV2,joint,0,0.02,0.0032
ann_thyroid,3,concept,DR-CV1,joint,0,0.47316,0.7913
ann_thyroid,4,none,DR-M1,features,0,0.232537,0.0135
ann_thyroid,4,none,DR-M2,features,0,0.105841,0.0037
ann_thyroid,4,none,DR-M3,features,0,0.05569,0.0161
ann_thyroid,4,none,DR-M4,features,0,0.086168,0.0669
ann_thyroid,4,none,DR-M5,features,0,0.016432,0.0045
ann_thyroid,4,none,DR-M6,features,0,0.142857,0.0423
ann_thyroid,4,none,DR-M7,features,0,0.024374,0.013
ann_thyroid,4,none,DR-M8,errors,0,-0.002,0.0001
ann_thyroid,4,none,DR-M10,joint,0,0.003094,0.1063
ann_thyroid,4,none,DR-M12,features,0,0.038481,0.8646
ann_thyroid,4,none,DR-M13,features,0,0.00261,0.0062
ann_thyroid,4,none,DR-M14,joint,0,0.028064,0.0969
ann_thyroid,4,none,DR-C1,errors,1,47.0,0.0006
ann_thyroid,4,none,DR-C2,errors,0,,0.0003
ann_thyroid,4,none,DR-C3,errors,0,,0.0007
ann_thyroid,4,none,DR-C4,errors,0,,0.0003
ann_thyroid,4,none,DR-C5,errors,0,,0.3657
ann_thyroid,4,none,DR-C6,errors,0,,0.0225
ann_thyroid,4,none,DR-C7,errors,0,,0.0105
ann_thyroid,4,none,DR-C9,errors,0,,0.0004
ann_thyroid,4,none,DR-MV1,joint,0,17.058273,0.0014
ann_thyroid,4,none,DR-MV2,joint,0,0.04,0.0026
ann_thyroid,4,none,DR-CV1,joint,0,0.49778,0.7996
ann_thyroid,4,shift,DR-M1,features,1,0.0,0.0152
ann_thyroid,4,shift,DR-M2,features,1,2.819813,0.0038
ann_thyroid,4,shift,DR-M3,features,1,0.0,0.0167
ann_thyroid,4,shift,DR-M4,features,1,2.17981,0.0783
ann_thyroid,4,shift,DR-M5,features,1,0.245151,0.0045
ann_thyroid,4,shift,DR-M6,features,0,0.293824,0.0479
ann_thyroid,4,shift,DR-M7,features,0,0.006906,0.0136
ann_thyroid,4,shift,DR-M8,errors,0,-0.006,0.0001
ann_thyroid,4,shift,DR-M10,joint,0,0.004641,0.1126
ann_thyroid,4,shift,DR-M12,features,1,0.0,0.7829
ann_thyroid,4,shift,DR-M13,features,1,0.0,0.0067
ann_thyroid,4,shift,DR-M14,joint,0,0.039488,0.1017
ann_thyroid,4,shift,DR-C1,errors,0,,0.0008
ann_thyroid,4,shift,DR-C2,errors,0,,0.0003
ann_thyroid,4,shift,DR-C3,errors,0,,0.0006
ann_thyroid,4,shift,DR-C4,errors,0,,0.0003
ann_thyroid,4,shift,DR-C5,errors,0,,0.3719
ann_thyroid,4,shift,DR-C6,errors,0,,0.0239
ann_thyroid,4,shift,DR-C7,errors,0,,0.0104
ann_thyroid,4,shift,DR-C9,errors,0,,0.0005
ann_thyroid,4,shift,DR-MV1,joint,0,23.710838,0.0009
ann_thyroid,4,shift,DR-MV2,joint,0,0.036,0.0031
ann_thyroid,4,shift,DR-CV1,joint,1,0.86524,0.8512
ann_thyroid,4,scale,DR-M1,features,1,0.001564,0.014
ann_thyroid,4,scale,DR-M2,features,1,0.962153,0.0044
ann_thyroid,4,scale,DR-M3,features,1,0.0,0.0165
ann_thyroid,4,scale,DR-M4,features,1,0.751349,0.0702
ann_thyroid,4,scale,DR-M5,features,0,0.089265,0.0044
ann_thyroid,4,scale,DR-M6,features,0,0.386859,0.0432
ann_thyroid,4,scale,DR-M7,features,0,0.01789,0.0132
ann_thyroid,4,scale,DR-M8,errors,0,-0.006,0.0
ann_thyroid,4,scale,DR-M10,joint,1,0.005793,0.1068
ann_thyroid,4,scale,DR-M12,features,0,0.004611,0.7917
ann_thyroid,4,scale,DR-M13,features,1,0.0,0.0065
ann_thyroid,4,scale,DR-M14,joint,0,0.044886,0.101
ann_thyroid,4,scale,DR-C1,errors,0,,0.0008
ann_thyroid,4,scale,DR-C2,errors,0,,0.0003
ann_thyroid,4,scale,DR-C3,errors,0,,0.0006
ann_thyroid,4,scale,DR-C4,errors,0,,0.0003
ann_thyroid,4,scale,DR-C5,errors,0,,0.3639
ann_thyroid,4,scale,DR-C6,errors,0,,0.0224
ann_thyroid,4,scale,DR-C7,errors,0,,0.011
ann_thyroid,4,scale,DR-C9,errors,0,,0.0006
ann_thyroid,4,scale,DR-MV1,joint,0,27.10734,0.001
ann_thyroid,4,scale,DR-MV2,joint,0,0.02,0.003
ann_thyroid,4,scale,DR-CV1,joint,1,0.76744,0.81
ann_thyroid,4,correlation,DR-M1,features,0,0.046073,0.0137
ann_thyroid,4,correlation,DR-M2,features,0,0.073423,0.0039
ann_thyroid,4,correlation,DR-M3,features,0,0.186212,0.0161
ann_thyroid,4,correlation,DR-M4,features,0,0.036791,0.0691
ann_thyroid,4,correlation,DR-M5,features,0,0.013169,0.0044
ann_thyroid,4,correlation,DR-M6,features,0,0.139399,0.0446
ann_thyroid,4,correlation,DR-M7,features,0,0.131213,0.0134
ann_thyroid,4,correlation,DR-M8,errors,1,0.002,0.0001
ann_thyroid,4,correlation,DR-M10,joint,0,0.004305,0.1084
ann_thyroid,4,correlation,DR-M12,features,0,0.031065,0.8285
ann_thyroid,4,correlation,DR-M13,features,0,0.046651,0.0072
ann_thyroid,4,correlation,DR-M14,joint,0,0.03473,0.109
ann_thyroid,4,correlation,DR-C1,errors,1,30.0,0.0007
ann_thyroid,4,correlation,DR-C2,errors,0,,0.0003
ann_thyroid,4,correlation,DR-C3,errors,0,,0.0006
ann_thyroid,4,correlation,DR-C4,errors,0,,0.0003
ann_thyroid,4,correlation,DR-C5,errors,0,,0.4277
ann_thyroid,4,correlation,DR-C6,errors,0,,0.0307
ann_thyroid,4,correlation,DR-C7,errors,0,,0.0105
ann_thyroid,4,correlation,DR-C9,errors,0,,0.0006
ann_thyroid,4,correlation,DR-MV1,joint,0,14.714034,0.0009
ann_thyroid,4,correlation,DR-MV2,joint,0,0.028,0.0031
ann_thyroid,4,correlation,DR-CV1,joint,1,0.81464,0.839
ann_thyroid,4,selection,DR-M1,features,1,8e-06,0.0145
ann_thyroid,4,selection,DR-M2,features,0,0.232011,0.0039
ann_thyroid,4,selection,DR-M3,features,1,4e-06,0.0193
ann_thyroid,4,selection,DR-M4,features,1,0.107829,0.0751
ann_thyroid,4,selection,DR-M5,features,0,0.040591,0.0056
ann_thyroid,4,selection,DR-M6,features,1,0.80698,0.0504
ann_thyroid,4,selection,DR-M7,features,1,0.0,0.0136
ann_thyroid,4,selection,DR-M8,errors,0,-0.006,0.0001
ann_thyroid,4,selection,DR-M10,joint,1,0.009145,0.1198
ann_thyroid,4,selection,DR-M12,features,1,0.0,1.0343
ann_thyroid,4,selection,DR-M13,features,1,0.0,0.0109
ann_thyroid,4,selection,DR-M14,joint,1,0.128706,0.1027
ann_thyroid,4,selection,DR-C1,errors,0,,0.0008
ann_thyroid,4,selection,DR-C2,errors,0,,0.0003
ann_thyroid,4,selection,DR-C3,errors,0,,0.0006
ann_thyroid,4,selection,DR-C4,errors,0,,0.0003
ann_thyroid,4,selection,DR-C5,errors,0,,0.362
ann_thyroid,4,selection,DR-C6,errors,0,,0.0225
ann_thyroid,4,selection,DR-C7,errors,0,,0.0111
ann_thyroid,4,selection,DR-C9,errors,0,,0.0005
ann_thyroid,4,selection,DR-MV1,joint,1,133.332435,0.0009
ann_thyroid,4,selection,DR-MV2,joint,1,0.08,0.0027
ann_thyroid,4,selection,DR-CV1,joint,0,0.5403,0.8065
ann_thyroid,4,label_shift,DR-M1,features,0,0.021888,0.0142
ann_thyroid,4,label_shift,DR-M2,features,0,0.165049,0.0039
ann_thyroid,4,label_shift,DR-M3,features,1,0.002139,0.0163
ann_thyroid,4,label_shift,DR-M4,features,0,0.084888,0.0737
ann_thyroid,4,label_shift,DR-M5,features,0,0.028958,0.0044
ann_thyroid,4,label_shift,DR-M6,features,0,0.219643,0.0466
ann_thyroid,4,label_shift,DR-M7,features,0,0.017839,0.014
ann_thyroid,4,label_shift,DR-M8,errors,1,0.002,0.0001
ann_thyroid,4,label_shift,DR-M10,joint,1,0.005612,0.1151
ann_thyroid,4,label_shift,DR-M12,features,0,0.002963,1.0957
ann_thyroid,4,label_shift,DR-M13,features,1,0.001772,0.0085
ann_thyroid,4,label_shift,DR-M14,joint,1,0.050587,0.1058
ann_thyroid,4,label_shift,DR-C1,errors,1,100.0,0.0007
ann_thyroid,4,label_shift,DR-C2,errors,0,,0.0014
ann_thyroid,4,label_shift,DR-C3,errors,0,,0.0008
ann_thyroid,4,label_shift,DR-C4,errors,0,,0.0004
ann_thyroid,4,label_shift,DR-C5,errors,0,,0.4057
ann_thyroid,4,label_shift,DR-C6,errors,0,,0.0218
ann_thyroid,4,label_shift,DR-C7,errors,0,,0.0102
ann_thyroid,4,label_shift,DR-C9,errors,0,,0.0004
ann_thyroid,4,label_shift,DR-MV1,joint,0,29.950323,0.0009
ann_thyroid,4,label_shift,DR-MV2,joint,0,0.016,0.0027
ann_thyroid,4,label_shift,DR-CV1,joint,0,0.52474,0.8696
ann_thyroid,4,concept,DR-M1,features,0,0.20871,0.014
ann_thyroid,4,concept,DR-M2,features,0,0.10132,0.0046
ann_thyroid,4,concept,DR-M3,features,0,0.04629,0.0244
ann_thyroid,4,concept,DR-M4,features,0,0.053362,0.0729
ann_thyroid,4,concept,DR-M5,features,0,0.018026,0.0045
ann_thyroid,4,concept,DR-M6,features,0,0.157117,0.0445
ann_thyroid,4,concept,DR-M7,features,0,0.037626,0.0135
ann_thyroid,4,concept,DR-M8,errors,1,0.11,0.0001
ann_thyroid,4,concept,DR-M10,joint,0,0.004573,0.1129
ann_thyroid,4,concept,DR-M12,features,0,0.03948,1.1334
ann_thyroid,4,concept,DR-M13,features,0,0.005886,0.0078
ann_thyroid,4,concept,DR-M14,joint,0,0.036809,0.1004
ann_thyroid,4,concept,DR-C1,errors,1,9.0,0.0007
ann_thyroid,4,concept,DR-C2,errors,1,227.0,0.0003
ann_thyroid,4,concept,DR-C3,errors,0,,0.0006
ann_thyroid,4,concept,DR-C4,errors,1,139.0,0.0003
ann_thyroid,4,concept,DR-C5,errors,0,,0.3839
ann_thyroid,4,concept,DR-C6,errors,0,,0.0187
ann_thyroid,4,concept,DR-C7,errors,0,,0.0108
ann_thyroid,4,concept,DR-C9,errors,0,,0.0005
ann_thyroid,4,concept,DR-MV1,joint,0,23.372652,0.0013
ann_thyroid,4,concept,DR-MV2,joint,0,0.036,0.0027
ann_thyroid,4,concept,DR-CV1,joint,0,0.48268,0.8079
banana,0,none,DR-M1,features,1,0.005781,0.0019
banana,0,none,DR-M2,features,0,0.085658,0.0007
banana,0,none,DR-M3,features,0,0.153459,0.0019
banana,0,none,DR-M4,features,0,0.045342,0.0118
banana,0,none,DR-M5,features,0,0.015198,0.0007
banana,0,none,DR-M6,features,0,0.167728,0.0064
banana,0,none,DR-M7,features,0,0.033681,0.0016
banana,0,none,DR-M8,errors,0,0.008,0.0
banana,0,none,DR-M10,joint,0,0.007055,0.1134
banana,0,none,DR-M12,features,0,0.026997,0.0013
banana,0,none,DR-M13,features,0,0.044749,0.0011
banana,0,none,DR-M14,joint,0,0.021531,0.0938
banana,0,none,DR-C1,errors,0,,0.0007
banana,0,none,DR-C2,errors,1,107.0,0.0004
banana,0,none,DR-C3,errors,0,,0.0006
banana,0,none,DR-C4,errors,0,,0.0004
banana,0,none,DR-C5,errors,0,,0.3759
banana,0,none,DR-C6,errors,0,,0.0094
banana,0,none,DR-C7,errors,0,,0.0065
banana,0,none,DR-C9,errors,0,,0.0005
banana,0,none,DR-MV1,joint,1,6.280425,0.0006
banana,0,none,DR-MV2,joint,0,0.06,0.0023
banana,0,none,DR-CV1,joint,0,0.54096,0.6242
banana,0,shift,DR-M1,features,1,0.000567,0.0019
banana,0,shift,DR-M2,features,0,0.139748,0.0008
banana,0,shift,DR-M3,features,1,0.004512,0.0019
banana,0,shift,DR-M4,features,0,0.066252,0.0116
banana,0,shift,DR-M5,features,0,0.024772,0.0008
banana,0,shift,DR-M6,features,1,0.354573,0.0066
banana,0,shift,DR-M7,features,1,7e-06,0.0016
banana,0,shift,DR-M8,errors,1,0.052,0.0
banana,0,shift,DR-M10,joint,1,0.017514,0.1066
banana,0,shift,DR-M12,features,1,4.4e-05,0.0014
banana,0,shift,DR-M13,features,1,0.0,0.0011
banana,0,shift,DR-M14,joint,1,0.065661,0.0922
banana,0,shift,DR-C1,errors,0,,0.0007
banana,0,shift,DR-C2,errors,1,104.0,0.0003
banana,0,shift,DR-C3,errors,0,,0.0007
banana,0,shift,DR-C4,errors,0,,0.0003
banana,0,shift,DR-C5,errors,0,,0.3605
banana,0,shift,DR-C6,errors,0,,0.0127
banana,0,shift,DR-C7,errors,0,,0.0072
banana,0,shift,DR-C9,errors,0,,0.0005
banana,0,shift,DR-MV1,joint,1,27.642687,0.0007
banana,0,shift,DR-MV2,joint,0,0.048,0.0023
banana,0,shift,DR-CV1,joint,0,0.59004,0.6378
banana,0,scale,DR-M1,features,1,4e-06,0.002
banana,0,scale,DR-M2,features,1,0.394458,0.0007
banana,0,scale,DR-M3,features,1,0.0,0.0018
banana,0,scale,DR-M4,features,1,0.185828,0.0116
banana,0,scale,DR-M5,features,0,0.069243,0.0007
banana,0,scale,DR-M6,features,1,0.442239,0.0064
banana,0,scale,DR-M7,features,0,0.31318,0.0015
banana,0,scale,DR-M8,errors,1,0.052,0.0
banana,0,scale,DR-M10,joint,1,0.034203,0.1119
banana,0,scale,DR-M12,features,1,0.00017,0.0054
banana,0,scale,DR-M13,features,1,0.0,0.0031
banana,0,scale,DR-M14,joint,1,0.065623,0.0938
banana,0,scale,DR-C1,errors,0,,0.0007
banana,0,scale,DR-C2,errors,1,75.0,0.0003
banana,0,scale,DR-C3,errors,0,,0.0006
banana,0,scale,DR-C4,errors,0,,0.0004
banana,0,scale,DR-C5,errors,0,,0.3959
banana,0,scale,DR-C6,errors,0,,0.0079
banana,0,scale,DR-C7,errors,0,,0.0059
banana,0,scale,DR-C9,errors,0,,0.0005
banana,0,scale,DR-MV1,joint,0,1.693409,0.0005
banana,0,scale,DR-MV2,joint,1,0.112,0.0023
banana,0,scale,DR-CV1,joint,1,0.69522,0.5699
banana,0,correlation,DR-M1,features,0,0.348152,0.0016
banana,0,correlation,DR-M2,features,0,0.034118,0.0008
banana,0,correlation,DR-M3,features,0,0.780147,0.0018
banana,0,correlation,DR-M4,features,0,0.017274,0.0117
banana,0,correlation,DR-M5,features,0,0.006131,0.0006
banana,0,correlation,DR-M6,features,0,0.100441,0.0074
banana,0,correlation,DR-M7,features,0,0.200012,0.0016
banana,0,correlation,DR-M8,errors,1,0.308,0.0001
banana,0,correlation,DR-M10,joint,0,0.006586,0.1147
banana,0,correlation,DR-M12,features,0,0.347559,0.001
banana,0,correlation,DR-M13,features,0,0.25,0.001
banana,0,correlation,DR-M14,joint,0,0.018047,0.0957
banana,0,correlation,DR-C1,errors,1,38.0,0.0007
banana,0,correlation,DR-C2,errors,1,20.0,0.0003
banana,0,correlation,DR-C3,errors,1,194.0,0.0006
banana,0,correlation,DR-C4,errors,1,75.0,0.0003
banana,0,correlation,DR-C5,errors,0,,0.3695
banana,0,correlation,DR-C6,errors,1,29.0,0.007
banana,0,correlation,DR-C7,errors,1,28.0,0.0049
banana,0,correlation,DR-C9,errors,1,74.0,0.0004
banana,0,correlation,DR-MV1,joint,0,3.221375,0.0007
banana,0,correlation,DR-MV2,joint,0,0.048,0.0021
banana,0,correlation,DR-CV1,joint,0,0.59522,0.618
banana,0,selection,DR-M1,features,1,0.0,0.0021
banana,0,selection,DR-M2,features,1,0.409255,0.0008
banana,0,selection,DR-M3,features,1,0.0,0.0019
banana,0,selection,DR-M4,features,1,0.223423,0.014
banana,0,selection,DR-M5,features,0,0.070075,0.0009
banana,0,selection,DR-M6,features,1,0.577603,0.0105
banana,0,selection,DR-M7,features,1,0.0,0.002
banana,0,selection,DR-M8,errors,0,-0.008,0.0001
banana,0,selection,DR-M10,joint,1,0.051256,0.1111
banana,0,selection,DR-M12,features,1,0.0,0.0013
banana,0,selection,DR-M13,features,1,0.0,0.0009
banana,0,selection,DR-M14,joint,1,0.167314,0.1424
banana,0,selection,DR-C1,errors,0,,0.0009
banana,0,selection,DR-C2,errors,1,215.0,0.0003
banana,0,selection,DR-C3,errors,0,,0.0006
banana,0,selection,DR-C4,errors,0,,0.0003
banana,0,selection,DR-C5,errors,0,,0.3586
banana,0,selection,DR-C6,errors,0,,0.0088
banana,0,selection,DR-C7,errors,0,,0.0059
banana,0,selection,DR-C9,errors,0,,0.0004
banana,0,selection,DR-MV1,joint,1,60.090332,0.0005
banana,0,selection,DR-MV2,joint,0,0.052,0.0019
banana,0,selection,DR-CV1,joint,1,0.60376,0.6241
banana,0,label_shift,DR-M1,features,0,0.025539,0.0018
banana,0,label_shift,DR-M2,features,0,0.066901,0.0007
banana,0,label_shift,DR-M3,features,0,0.295198,0.0021
banana,0,label_shift,DR-M4,features,0,0.034421,0.0118
banana,0,label_shift,DR-M5,features,0,0.011968,0.0009
banana,0,label_shift,DR-M6,features,0,0.143518,0.0067
banana,0,label_shift,DR-M7,features,0,0.071461,0.0016
banana,0,label_shift,DR-M8,errors,0,0.016,0.0
banana,0,label_shift,DR-M10,joint,0,0.005694,0.1101
banana,0,label_shift,DR-M12,features,0,0.043159,0.0055
banana,0,label_shift,DR-M13,features,0,0.070015,0.0011
banana,0,label_shift,DR-M14,joint,0,0.015923,0.1005
banana,0,label_shift,DR-C1,errors,0,,0.0008
banana,0,label_shift,DR-C2,errors,1,172.0,0.0003
banana,0,label_shift,DR-C3,errors,0,,0.0006
banana,0,label_shift,DR-C4,errors,0,,0.0004
banana,0,label_shift,DR-C5,errors,0,,0.402
banana,0,label_shift,DR-C6,errors,0,,0.0097
banana,0,label_shift,DR-C7,errors,0,,0.0064
banana,0,label_shift,DR-C9,errors,0,,0.0005
banana,0,label_shift,DR-MV1,joint,0,3.262824,0.0006
banana,0,label_shift,DR-MV2,joint,0,0.072,0.002
banana,0,label_shift,DR-CV1,joint,0,0.49148,0.6142
banana,0,concept,DR-M1,features,0,0.4183,0.0016
banana,0,concept,DR-M2,features,0,0.048777,0.0009
banana,0,concept,DR-M3,features,0,0.517052,0.0019
banana,0,concept,DR-M4,features,0,0.024125,0.0122
banana,0,concept,DR-M5,features,0,0.00876,0.0007
banana,0,concept,DR-M6,features,0,0.084439,0.0071
banana,0,concept,DR-M7,features,0,0.446944,0.0016
banana,0,concept,DR-M8,errors,1,0.088,0.0
banana,0,concept,DR-M10,joint,0,0.00232,0.1048
banana,0,concept,DR-M12,features,0,0.45017,0.0012
banana,0,concept,DR-M13,features,0,0.25,0.0009
banana,0,concept,DR-M14,joint,0,0.007381,0.0998
banana,0,concept,DR-C1,errors,0,,0.0015
banana,0,concept,DR-C2,errors,1,31.0,0.0006
banana,0,concept,DR-C3,errors,0,,0.0015
banana,0,concept,DR-C4,errors,0,,0.0007
banana,0,concept,DR-C5,errors,0,,0.4
banana,0,concept,DR-C6,errors,0,,0.0081
banana,0,concept,DR-C7,errors,0,,0.0063
banana,0,concept,DR-C9,errors,0,,0.0005
banana,0,concept,DR-MV1,joint,0,0.774159,0.0006
banana,0,concept,DR-MV2,joint,0,0.044,0.002
banana,0,concept,DR-CV1,joint,0,0.49018,0.6507
banana,1,none,DR-M1,features,0,0.666288,0.0021
banana,1,none,DR-M2,features,0,0.055786,0.0008
banana,1,none,DR-M3,features,0,0.467252,0.002
banana,1,none,DR-M4,features,0,0.029432,0.0129
banana,1,none,DR-M5,features,0,0.009954,0.0007
banana,1,none,DR-M6,features,0,0.073958,0.0084
banana,1,none,DR-M7,features,0,0.720655,0.0017
banana,1,none,DR-M8,errors,0,-0.014,0.0001
banana,1,none,DR-M10,joint,0,0.003262,0.1138
banana,1,none,DR-M12,features,0,0.725857,0.0058
banana,1,none,DR-M13,features,0,0.25,0.0009
banana,1,none,DR-M14,joint,0,0.007809,0.1245
banana,1,none,DR-C1,errors,0,,0.0012
banana,1,none,DR-C2,errors,1,233.0,0.0006
banana,1,none,DR-C3,errors,0,,0.0011
banana,1,none,DR-C4,errors,0,,0.0005
banana,1,none,DR-C5,errors,0,,0.4026
banana,1,none,DR-C6,errors,0,,0.0125
banana,1,none,DR-C7,errors,0,,0.0059
banana,1,none,DR-C9,errors,0,,0.0005
banana,1,none,DR-MV1,joint,0,0.184452,0.0006
banana,1,none,DR-MV2,joint,0,0.028,0.0021
banana,1,none,DR-CV1,joint,0,0.48896,0.6255
banana,1,shift,DR-M1,features,0,0.102966,0.0018
banana,1,shift,DR-M2,features,0,0.082893,0.0007
banana,1,shift,DR-M3,features,0,0.156765,0.002
banana,1,shift,DR-M4,features,0,0.042919,0.0125
banana,1,shift,DR-M5,features,0,0.014763,0.0008
banana,1,shift,DR-M6,features,0,0.203088,0.0064
banana,1,shift,DR-M7,features,1,0.009174,0.003
banana,1,shift,DR-M8,errors,1,0.078,0.0001
banana,1,shift,DR-M10,joint,0,0.006761,0.1106
banana,1,shift,DR-M12,features,0,0.030322,0.0012
banana,1,shift,DR-M13,features,1,0.015599,0.0014
banana,1,shift,DR-M14,joint,1,0.025661,0.1019
banana,1,shift,DR-C1,errors,0,,0.0009
banana,1,shift,DR-C2,errors,1,14.0,0.0003
banana,1,shift,DR-C3,errors,0,,0.0006
banana,1,shift,DR-C4,errors,0,,0.0003
banana,1,shift,DR-C5,errors,0,,0.3613
banana,1,shift,DR-C6,errors,0,,0.0078
banana,1,shift,DR-C7,errors,0,,0.0061
banana,1,shift,DR-C9,errors,0,,0.0005
banana,1,shift,DR-MV1,joint,1,9.815712,0.0007
banana,1,shift,DR-MV2,joint,0,0.04,0.0021
banana,1,shift,DR-CV1,joint,0,0.5448,0.6372
banana,1,scale,DR-M1,features,1,0.000192,0.002
banana,1,scale,DR-M2,features,1,0.395088,0.0009
banana,1,scale,DR-M3,features,1,0.0,0.002
banana,1,scale,DR-M4,features,1,0.191871,0.0121
banana,1,scale,DR-M5,features,0,0.069406,0.0007
banana,1,scale,DR-M6,features,1,0.464395,0.0067
banana,1,scale,DR-M7,features,0,0.076101,0.0017
banana,1,scale,DR-M8,errors,1,0.082,0.0001
banana,1,scale,DR-M10,joint,1,0.035107,0.1054
banana,1,scale,DR-M12,features,1,0.000195,0.0014
banana,1,scale,DR-M13,features,1,0.0,0.0011
banana,1,scale,DR-M14,joint,1,0.074014,0.0925
banana,1,scale,DR-C1,errors,0,,0.0008
banana,1,scale,DR-C2,errors,1,17.0,0.0003
banana,1,scale,DR-C3,errors,0,,0.0007
banana,1,scale,DR-C4,errors,0,,0.0004
banana,1,scale,DR-C5,errors,0,,0.3882
banana,1,scale,DR-C6,errors,0,,0.008
banana,1,scale,DR-C7,errors,0,,0.0061
banana,1,scale,DR-C9,errors,0,,0.0005
banana,1,scale,DR-MV1,joint,0,5.760144,0.0006
banana,1,scale,DR-MV2,joint,1,0.116,0.0021
banana,1,scale,DR-CV1,joint,1,0.6436,0.6783
banana,1,correlation,DR-M1,features,0,0.4183,0.0018
banana,1,correlation,DR-M2,features,0,0.07154,0.0008
banana,1,correlation,DR-M3,features,0,0.233138,0.0018
banana,1,correlation,DR-M4,features,0,0.036128,0.0118
banana,1,correlation,DR-M5,features,0,0.012777,0.0007
banana,1,correlation,DR-M6,features,0,0.109549,0.0065
banana,1,correlation,DR-M7,features,0,0.253927,0.0016
banana,1,correlation,DR-M8,errors,1,0.262,0.0001
banana,1,correlation,DR-M10,joint,0,0.006757,0.1093
banana,1,correlation,DR-M12,features,0,0.2682,0.001
banana,1,correlation,DR-M13,features,0,0.191515,0.0012
banana,1,correlation,DR-M14,joint,0,0.017158,0.1075
banana,1,correlation,DR-C1,errors,1,121.0,0.0007
banana,1,correlation,DR-C2,errors,1,7.0,0.0002
banana,1,correlation,DR-C3,errors,1,233.0,0.0006
banana,1,correlation,DR-C4,errors,1,43.0,0.0003
banana,1,correlation,DR-C5,errors,1,19.0,0.2431
banana,1,correlation,DR-C6,errors,1,15.0,0.0065
banana,1,correlation,DR-C7,errors,1,15.0,0.0049
banana,1,correlation,DR-C9,errors,1,46.0,0.0004
banana,1,correlation,DR-MV1,joint,0,2.136414,0.0006
banana,1,correlation,DR-MV2,joint,0,0.052,0.0021
banana,1,correlation,DR-CV1,joint,0,0.58318,0.6643
banana,1,selection,DR-M1,features,1,2e-06,0.0022
banana,1,selection,DR-M2,features,0,0.203926,0.0008
banana,1,selection,DR-M3,features,1,0.000225,0.002
banana,1,selection,DR-M4,features,1,0.106806,0.0139
banana,1,selection,DR-M5,features,0,0.036088,0.0008
banana,1,selection,DR-M6,features,1,0.419759,0.0066
banana,1,selection,DR-M7,features,1,0.0,0.0016
banana,1,selection,DR-M8,errors,0,-0.014,0.0
banana,1,selection,DR-M10,joint,1,0.02875,0.1079
banana,1,selection,DR-M12,features,1,0.0,0.0013
banana,1,selection,DR-M13,features,1,0.0,0.0011
banana,1,selection,DR-M14,joint,1,0.091353,0.0939
banana,1,selection,DR-C1,errors,0,,0.0008
banana,1,selection,DR-C2,errors,1,154.0,0.0004
banana,1,selection,DR-C3,errors,0,,0.0007
banana,1,selection,DR-C4,errors,0,,0.0004
banana,1,selection,DR-C5,errors,0,,0.394
banana,1,selection,DR-C6,errors,0,,0.0085
banana,1,selection,DR-C7,errors,0,,0.0059
banana,1,selection,DR-C9,errors,0,,0.0005
banana,1,selection,DR-MV1,joint,1,31.802279,0.0006
banana,1,selection,DR-MV2,joint,0,0.064,0.0021
banana,1,selection,DR-CV1,joint,0,0.50168,0.6434
banana,1,label_shift,DR-M1,features,0,0.316137,0.0023
banana,1,label_shift,DR-M2,features,0,0.070865,0.0008
banana,1,label_shift,DR-M3,features,0,0.266648,0.002
banana,1,label_shift,DR-M4,features,0,0.0371,0.0129
banana,1,label_shift,DR-M5,features,0,0.012658,0.0007
banana,1,label_shift,DR-M6,features,0,0.090957,0.0099
banana,1,label_shift,DR-M7,features,0,0.863143,0.0016
banana,1,label_shift,DR-M8,errors,0,0.01,0.0
banana,1,label_shift,DR-M10,joint,0,0.001682,0.1046
banana,1,label_shift,DR-M12,features,0,0.375056,0.001
banana,1,label_shift,DR-M13,features,0,0.25,0.0009
banana,1,label_shift,DR-M14,joint,0,0.005345,0.111
banana,1,label_shift,DR-C1,errors,0,,0.0007
banana,1,label_shift,DR-C2,errors,1,20.0,0.0003
banana,1,label_shift,DR-C3,errors,0,,0.0006
banana,1,label_shift,DR-C4,errors,0,,0.0003
banana,1,label_shift,DR-C5,errors,0,,0.4414
banana,1,label_shift,DR-C6,errors,0,,0.0128
banana,1,label_shift,DR-C7,errors,0,,0.006
banana,1,label_shift,DR-C9,errors,0,,0.0005
banana,1,label_shift,DR-MV1,joint,0,0.028825,0.0006
banana,1,label_shift,DR-MV2,joint,0,0.04,0.0021
banana,1,label_shift,DR-CV1,joint,0,0.4972,0.6528
banana,1,concept,DR-M1,features,0,0.949654,0.0016
banana,1,concept,DR-M2,features,0,0.058738,0.0007
banana,1,concept,DR-M3,features,0,0.424111,0.002
banana,1,concept,DR-M4,features,0,0.030993,0.0119
banana,1,concept,DR-M5,features,0,0.010485,0.0008
banana,1,concept,DR-M6,features,0,0.052636,0.0063
banana,1,concept,DR-M7,features,0,0.826934,0.0016
banana,1,concept,DR-M8,errors,1,0.066,0.0001
banana,1,concept,DR-M10,joint,0,0.000877,0.1075
banana,1,concept,DR-M12,features,0,0.908766,0.0053
banana,1,concept,DR-M13,features,0,0.25,0.0009
banana,1,concept,DR-M14,joint,0,0.004147,0.0934
banana,1,concept,DR-C1,errors,0,,0.0007
banana,1,concept,DR-C2,errors,1,16.0,0.0003
banana,1,concept,DR-C3,errors,0,,0.0006
banana,1,concept,DR-C4,errors,0,,0.0003
banana,1,concept,DR-C5,errors,0,,0.3666
banana,1,concept,DR-C6,errors,0,,0.0077
banana,1,concept,DR-C7,errors,0,,0.0065
banana,1,concept,DR-C9,errors,0,,0.0005
banana,1,concept,DR-MV1,joint,0,0.048046,0.0007
banana,1,concept,DR-MV2,joint,0,0.06,0.0022
banana,1,concept,DR-CV1,joint,0,0.50702,0.6014
banana,2,none,DR-M1,features,0,0.039916,0.002
banana,2,none,DR-M2,features,0,0.129807,0.0007
banana,2,none,DR-M3,features,1,0.017262,0.0019
banana,2,none,DR-M4,features,1,0.068461,0.0127
banana,2,none,DR-M5,features,0,0.023061,0.0008
banana,2,none,DR-M6,features,0,0.16923,0.0064
banana,2,none,DR-M7,features,0,0.039218,0.0015
banana,2,none,DR-M8,errors,1,0.05,0.0001
banana,2,none,DR-M10,joint,0,0.00691,0.095
banana,2,none,DR-M12,features,0,0.045101,0.0014
banana,2,none,DR-M13,features,0,0.036016,0.0014
banana,2,none,DR-M14,joint,0,0.022234,0.0909
banana,2,none,DR-C1,errors,1,28.0,0.0006
banana,2,none,DR-C2,errors,1,67.0,0.0003
banana,2,none,DR-C3,errors,0,,0.0006
banana,2,none,DR-C4,errors,0,,0.0003
banana,2,none,DR-C5,errors,0,,0.3497
banana,2,none,DR-C6,errors,0,,0.0077
banana,2,none,DR-C7,errors,0,,0.006
banana,2,none,DR-C9,errors,0,,0.0004
banana,2,none,DR-MV1,joint,0,5.508635,0.0006
banana,2,none,DR-MV2,joint,0,0.052,0.002
banana,2,none,DR-CV1,joint,0,0.49166,0.7039
banana,2,shift,DR-M1,features,0,0.039916,0.0018
banana,2,shift,DR-M2,features,0,0.094868,0.0008
banana,2,shift,DR-M3,features,0,0.111982,0.0019
banana,2,shift,DR-M4,features,0,0.051009,0.0116
banana,2,shift,DR-M5,features,0,0.016749,0.0007
banana,2,shift,DR-M6,features,1,0.246074,0.0063
banana,2,shift,DR-M7,features,1,0.001579,0.0016
banana,2,shift,DR-M8,errors,1,0.05,0.0
banana,2,shift,DR-M10,joint,0,0.006358,0.1026
banana,2,shift,DR-M12,features,1,0.008183,0.0014
banana,2,shift,DR-M13,features,1,0.004064,0.0012
banana,2,shift,DR-M14,joint,1,0.028889,0.0899
banana,2,shift,DR-C1,errors,1,24.0,0.0006
banana,2,shift,DR-C2,errors,1,30.0,0.0003
banana,2,shift,DR-C3,errors,0,,0.0006
banana,2,shift,DR-C4,errors,0,,0.0003
banana,2,shift,DR-C5,errors,0,,0.3627
banana,2,shift,DR-C6,errors,0,,0.008
banana,2,shift,DR-C7,errors,0,,0.0059
banana,2,shift,DR-C9,errors,0,,0.0004
banana,2,shift,DR-MV1,joint,1,11.241305,0.0006
banana,2,shift,DR-MV2,joint,0,0.028,0.002
banana,2,shift,DR-CV1,joint,0,0.52416,0.603
banana,2,scale,DR-M1,features,1,3.7e-05,0.0021
banana,2,scale,DR-M2,features,1,0.48364,0.0017
banana,2,scale,DR-M3,features,1,0.0,0.0022
banana,2,scale,DR-M4,features,1,0.242439,0.0127
banana,2,scale,DR-M5,features,0,0.084301,0.0008
banana,2,scale,DR-M6,features,1,0.421703,0.007
banana,2,scale,DR-M7,features,0,0.05811,0.0025
banana,2,scale,DR-M8,errors,1,0.122,0.0001
banana,2,scale,DR-M10,joint,1,0.033274,0.1067
banana,2,scale,DR-M12,features,1,0.00029,0.0058
banana,2,scale,DR-M13,features,1,0.0,0.0011
banana,2,scale,DR-M14,joint,1,0.066681,0.1103
banana,2,scale,DR-C1,errors,0,,0.0008
banana,2,scale,DR-C2,errors,1,12.0,0.0003
banana,2,scale,DR-C3,errors,0,,0.0006
banana,2,scale,DR-C4,errors,0,,0.0003
banana,2,scale,DR-C5,errors,0,,0.3956
banana,2,scale,DR-C6,errors,0,,0.0091
banana,2,scale,DR-C7,errors,0,,0.006
banana,2,scale,DR-C9,errors,0,,0.0004
banana,2,scale,DR-MV1,joint,0,4.054637,0.0006
banana,2,scale,DR-MV2,joint,0,0.068,0.0022
banana,2,scale,DR-CV1,joint,1,0.65728,0.5977
banana,2,correlation,DR-M1,features,0,0.13174,0.0019
banana,2,correlation,DR-M2,features,0,0.130387,0.0008
banana,2,correlation,DR-M3,features,1,0.008794,0.0018
banana,2,correlation,DR-M4,features,0,0.06334,0.0123
banana,2,correlation,DR-M5,features,0,0.023284,0.0008
banana,2,correlation,DR-M6,features,0,0.118346,0.0065
banana,2,correlation,DR-M7,features,0,0.40947,0.0017
banana,2,correlation,DR-M8,errors,1,0.29,0.0
banana,2,correlation,DR-M10,joint,0,0.005433,0.1016
banana,2,correlation,DR-M12,features,0,0.143413,0.0015
banana,2,correlation,DR-M13,features,0,0.031511,0.0012
banana,2,correlation,DR-M14,joint,0,0.013523,0.1006
banana,2,correlation,DR-C1,errors,1,50.0,0.0006
banana,2,correlation,DR-C2,errors,1,13.0,0.0003
banana,2,correlation,DR-C3,errors,1,193.0,0.0006
banana,2,correlation,DR-C4,errors,1,107.0,0.0003
banana,2,correlation,DR-C5,errors,0,,0.3554
banana,2,correlation,DR-C6,errors,1,59.0,0.0067
banana,2,correlation,DR-C7,errors,1,81.0,0.0052
banana,2,correlation,DR-C9,errors,1,81.0,0.0004
banana,2,correlation,DR-MV1,joint,0,0.897494,0.0005
banana,2,correlation,DR-MV2,joint,0,0.02,0.0021
banana,2,correlation,DR-CV1,joint,0,0.55192,0.6983
banana,2,selection,DR-M1,features,1,0.0,0.0021
banana,2,selection,DR-M2,features,1,0.356655,0.0008
banana,2,selection,DR-M3,features,1,0.0,0.0019
banana,2,selection,DR-M4,features,1,0.193966,0.0129
banana,2,selection,DR-M5,features,0,0.061256,0.0007
banana,2,selection,DR-M6,features,1,0.539939,0.0067
banana,2,selection,DR-M7,features,1,0.0,0.0016
banana,2,selection,DR-M8,errors,0,-0.014,0.0
banana,2,selection,DR-M10,joint,1,0.040825,0.1022
banana,2,selection,DR-M12,features,1,0.0,0.0017
banana,2,selection,DR-M13,features,1,0.0,0.0009
banana,2,selection,DR-M14,joint,1,0.141269,0.1066
banana,2,selection,DR-C1,errors,0,,0.0007
banana,2,selection,DR-C2,errors,1,42.0,0.0003
banana,2,selection,DR-C3,errors,0,,0.0006
banana,2,selection,DR-C4,errors,0,,0.0004
banana,2,selection,DR-C5,errors,0,,0.3969
banana,2,selection,DR-C6,errors,0,,0.0093
banana,2,selection,DR-C7,errors,0,,0.0059
banana,2,selection,DR-C9,errors,0,,0.0005
banana,2,selection,DR-MV1,joint,1,48.47252,0.0006
banana,2,selection,DR-MV2,joint,0,0.052,0.002
banana,2,selection,DR-CV1,joint,0,0.54728,0.598
banana,2,label_shift,DR-M1,features,0,0.831818,0.0016
banana,2,label_shift,DR-M2,features,0,0.075348,0.0008
banana,2,label_shift,DR-M3,features,0,0.182195,0.0019
banana,2,label_shift,DR-M4,features,0,0.037285,0.0116
banana,2,label_shift,DR-M5,features,0,0.01351,0.0007
banana,2,label_shift,DR-M6,features,0,0.089861,0.0066
banana,2,label_shift,DR-M7,features,0,0.262645,0.0015
banana,2,label_shift,DR-M8,errors,0,-0.018,0.0
banana,2,label_shift,DR-M10,joint,0,0.002356,0.1039
banana,2,label_shift,DR-M12,features,0,0.51946,0.0013
banana,2,label_shift,DR-M13,features,0,0.25,0.0009
banana,2,label_shift,DR-M14,joint,0,0.009468,0.0913
banana,2,label_shift,DR-C1,errors,0,,0.0008
banana,2,label_shift,DR-C2,errors,1,37.0,0.0003
banana,2,label_shift,DR-C3,errors,0,,0.0006
banana,2,label_shift,DR-C4,errors,0,,0.0003
banana,2,label_shift,DR-C5,errors,0,,0.3804
banana,2,label_shift,DR-C6,errors,0,,0.0087
banana,2,label_shift,DR-C7,errors,0,,0.0059
banana,2,label_shift,DR-C9,errors,0,,0.0005
banana,2,label_shift,DR-MV1,joint,0,1.522495,0.0006
banana,2,label_shift,DR-MV2,joint,0,0.028,0.0022
banana,2,label_shift,DR-CV1,joint,0,0.51964,0.5958
banana,2,concept,DR-M1,features,0,0.666288,0.0016
banana,2,concept,DR-M2,features,0,0.1224,0.0007
banana,2,concept,DR-M3,features,1,0.018133,0.0019
banana,2,concept,DR-M4,features,0,0.061798,0.0116
banana,2,concept,DR-M5,features,0,0.021864,0.0008
banana,2,concept,DR-M6,features,0,0.081698,0.0066
banana,2,concept,DR-M7,features,0,0.49787,0.0018
banana,2,concept,DR-M8,errors,1,0.106,0.0
banana,2,concept,DR-M10,joint,0,0.002303,0.1043
banana,2,concept,DR-M12,features,0,0.561333,0.0054
banana,2,concept,DR-M13,features,0,0.25,0.0009
banana,2,concept,DR-M14,joint,0,0.006098,0.0922
banana,2,concept,DR-C1,errors,0,,0.0008
banana,2,concept,DR-C2,errors,1,15.0,0.0003
banana,2,concept,DR-C3,errors,0,,0.0006
banana,2,concept,DR-C4,errors,0,,0.0003
banana,2,concept,DR-C5,errors,0,,0.3748
banana,2,concept,DR-C6,errors,0,,0.0083
banana,2,concept,DR-C7,errors,0,,0.0061
banana,2,concept,DR-C9,errors,0,,0.0005
banana,2,concept,DR-MV1,joint,0,0.732399,0.0006
banana,2,concept,DR-MV2,joint,0,0.024,0.0021
banana,2,concept,DR-CV1,joint,0,0.4938,0.6953
banana,3,none,DR-M1,features,0,0.348152,0.002
banana,3,none,DR-M2,features,0,0.114945,0.0007
banana,3,none,DR-M3,features,0,0.025897,0.0019
banana,3,none,DR-M4,features,0,0.057528,0.0122
banana,3,none,DR-M5,features,0,0.020547,0.0007
banana,3,none,DR-M6,features,0,0.098957,0.0066
banana,3,none,DR-M7,features,0,0.319351,0.0019
banana,3,none,DR-M8,errors,0,0.008,0.0
banana,3,none,DR-M10,joint,0,0.00236,0.1022
banana,3,none,DR-M12,features,0,0.357896,0.0054
banana,3,none,DR-M13,features,0,0.205241,0.0013
banana,3,none,DR-M14,joint,0,0.007739,0.0936
banana,3,none,DR-C1,errors,0,,0.0008
banana,3,none,DR-C2,errors,1,224.0,0.0003
banana,3,none,DR-C3,errors,0,,0.0006
banana,3,none,DR-C4,errors,0,,0.0003
banana,3,none,DR-C5,errors,0,,0.4318
banana,3,none,DR-C6,errors,0,,0.0093
banana,3,none,DR-C7,errors,0,,0.0059
banana,3,none,DR-C9,errors,0,,0.0005
banana,3,none,DR-MV1,joint,0,1.246269,0.0007
banana,3,none,DR-MV2,joint,0,0.036,0.0021
banana,3,none,DR-CV1,joint,0,0.52532,0.6295
banana,3,shift,DR-M1,features,1,0.004033,0.0031
banana,3,shift,DR-M2,features,0,0.183418,0.0015
banana,3,shift,DR-M3,features,1,0.002685,0.0031
banana,3,shift,DR-M4,features,1,0.104368,0.0155
banana,3,shift,DR-M5,features,0,0.031616,0.0009
banana,3,shift,DR-M6,features,1,0.208338,0.0067
banana,3,shift,DR-M7,features,1,0.006457,0.0017
banana,3,shift,DR-M8,errors,1,0.068,0.0
banana,3,shift,DR-M10,joint,1,0.011325,0.1026
banana,3,shift,DR-M12,features,1,0.005763,0.0015
banana,3,shift,DR-M13,features,1,0.001317,0.0012
banana,3,shift,DR-M14,joint,1,0.037249,0.1032
banana,3,shift,DR-C1,errors,1,9.0,0.001
banana,3,shift,DR-C2,errors,1,58.0,0.0005
banana,3,shift,DR-C3,errors,0,,0.0012
banana,3,shift,DR-C4,errors,0,,0.0006
banana,3,shift,DR-C5,errors,0,,0.3723
banana,3,shift,DR-C6,errors,0,,0.013
banana,3,shift,DR-C7,errors,0,,0.0058
banana,3,shift,DR-C9,errors,0,,0.0005
banana,3,shift,DR-MV1,joint,1,14.117773,0.0006
banana,3,shift,DR-MV2,joint,0,0.032,0.002
banana,3,shift,DR-CV1,joint,0,0.59922,0.5979
banana,3,scale,DR-M1,features,1,4e-06,0.002
banana,3,scale,DR-M2,features,1,0.324336,0.0008
banana,3,scale,DR-M3,features,1,0.0,0.0019
banana,3,scale,DR-M4,features,1,0.150266,0.0118
banana,3,scale,DR-M5,features,0,0.056874,0.0007
banana,3,scale,DR-M6,features,1,0.371889,0.0068
banana,3,scale,DR-M7,features,0,0.093064,0.0016
banana,3,scale,DR-M8,errors,1,0.06,0.0
banana,3,scale,DR-M10,joint,1,0.024894,0.1059
banana,3,scale,DR-M12,features,1,0.000181,0.0027
banana,3,scale,DR-M13,features,1,0.0,0.0009
banana,3,scale,DR-M14,joint,1,0.053344,0.0944
banana,3,scale,DR-C1,errors,1,77.0,0.0007
banana,3,scale,DR-C2,errors,1,76.0,0.0003
banana,3,scale,DR-C3,errors,0,,0.0006
banana,3,scale,DR-C4,errors,0,,0.0003
banana,3,scale,DR-C5,errors,0,,0.3836
banana,3,scale,DR-C6,errors,0,,0.0094
banana,3,scale,DR-C7,errors,0,,0.0082
banana,3,scale,DR-C9,errors,0,,0.0006
banana,3,scale,DR-MV1,joint,0,4.049714,0.001
banana,3,scale,DR-MV2,joint,1,0.112,0.004
banana,3,scale,DR-CV1,joint,1,0.63262,0.6342
banana,3,correlation,DR-M1,features,0,0.456263,0.0019
banana,3,correlation,DR-M2,features,0,0.039523,0.0008
banana,3,correlation,DR-M3,features,0,0.691848,0.002
banana,3,correlation,DR-M4,features,0,0.020022,0.0118
banana,3,correlation,DR-M5,features,0,0.007104,0.0008
banana,3,correlation,DR-M6,features,0,0.098212,0.0067
banana,3,correlation,DR-M7,features,0,0.339959,0.0016
banana,3,correlation,DR-M8,errors,1,0.32,0.0
banana,3,correlation,DR-M10,joint,0,0.004836,0.1082
banana,3,correlation,DR-M12,features,0,0.403418,0.0013
banana,3,correlation,DR-M13,features,0,0.25,0.0009
banana,3,correlation,DR-M14,joint,0,0.012393,0.0935
banana,3,correlation,DR-C1,errors,1,13.0,0.0006
banana,3,correlation,DR-C2,errors,1,31.0,0.0003
banana,3,correlation,DR-C3,errors,1,138.0,0.0005
banana,3,correlation,DR-C4,errors,1,75.0,0.0002
banana,3,correlation,DR-C5,errors,0,,0.3732
banana,3,correlation,DR-C6,errors,1,48.0,0.0079
banana,3,correlation,DR-C7,errors,1,41.0,0.0048
banana,3,correlation,DR-C9,errors,1,58.0,0.0003
banana,3,correlation,DR-MV1,joint,0,1.369985,0.0007
banana,3,correlation,DR-MV2,joint,0,0.06,0.002
banana,3,correlation,DR-CV1,joint,0,0.57302,0.6198
banana,3,selection,DR-M1,features,1,2.9e-05,0.0031
banana,3,selection,DR-M2,features,0,0.193017,0.0013
banana,3,selection,DR-M3,features,1,0.000355,0.0024
banana,3,selection,DR-M4,features,1,0.099651,0.0181
banana,3,selection,DR-M5,features,0,0.03425,0.0008
banana,3,selection,DR-M6,features,1,0.341483,0.0069
banana,3,selection,DR-M7,features,1,1e-05,0.0017
banana,3,selection,DR-M8,errors,1,0.052,0.0001
banana,3,selection,DR-M10,joint,1,0.026029,0.1052
banana,3,selection,DR-M12,features,1,7e-06,0.0057
banana,3,selection,DR-M13,features,1,0.0,0.0013
banana,3,selection,DR-M14,joint,1,0.073939,0.1041
banana,3,selection,DR-C1,errors,1,26.0,0.0009
banana,3,selection,DR-C2,errors,1,47.0,0.0004
banana,3,selection,DR-C3,errors,0,,0.0011
banana,3,selection,DR-C4,errors,0,,0.0006
banana,3,selection,DR-C5,errors,0,,0.3944
banana,3,selection,DR-C6,errors,0,,0.0096
banana,3,selection,DR-C7,errors,0,,0.0064
banana,3,selection,DR-C9,errors,0,,0.0005
banana,3,selection,DR-MV1,joint,1,19.315057,0.0008
banana,3,selection,DR-MV2,joint,0,0.028,0.0023
banana,3,selection,DR-CV1,joint,0,0.55834,0.6192
banana,3,label_shift,DR-M1,features,0,0.166732,0.0018
banana,3,label_shift,DR-M2,features,0,0.09326,0.0007
banana,3,label_shift,DR-M3,features,0,0.090955,0.0018
banana,3,label_shift,DR-M4,features,0,0.047773,0.0122
banana,3,label_shift,DR-M5,features,0,0.016672,0.0008
banana,3,label_shift,DR-M6,features,0,0.130082,0.0069
banana,3,label_shift,DR-M7,features,0,0.411993,0.0016
banana,3,label_shift,DR-M8,errors,1,0.056,0.0002
banana,3,label_shift,DR-M10,joint,0,0.004227,0.1024
banana,3,label_shift,DR-M12,features,0,0.112123,0.0013
banana,3,label_shift,DR-M13,features,0,0.088659,0.0012
banana,3,label_shift,DR-M14,joint,0,0.011282,0.0857
banana,3,label_shift,DR-C1,errors,1,1.0,0.0006
banana,3,label_shift,DR-C2,errors,1,41.0,0.0003
banana,3,label_shift,DR-C3,errors,0,,0.0006
banana,3,label_shift,DR-C4,errors,0,,0.0003
banana,3,label_shift,DR-C5,errors,0,,0.3929
banana,3,label_shift,DR-C6,errors,0,,0.0109
banana,3,label_shift,DR-C7,errors,0,,0.0061
banana,3,label_shift,DR-C9,errors,0,,0.0005
banana,3,label_shift,DR-MV1,joint,0,1.050463,0.0006
banana,3,label_shift,DR-MV2,joint,0,0.052,0.002
banana,3,label_shift,DR-CV1,joint,0,0.47506,0.6489
banana,3,concept,DR-M1,features,0,0.166732,0.0018
banana,3,concept,DR-M2,features,0,0.103701,0.0009
banana,3,concept,DR-M3,features,0,0.04124,0.0024
banana,3,concept,DR-M4,features,0,0.050395,0.0146
banana,3,concept,DR-M5,features,0,0.018515,0.0007
banana,3,concept,DR-M6,features,0,0.144998,0.0068
banana,3,concept,DR-M7,features,0,0.135388,0.0016
banana,3,concept,DR-M8,errors,1,0.116,0.0
banana,3,concept,DR-M10,joint,0,0.003995,0.1069
banana,3,concept,DR-M12,features,0,0.084173,0.0014
banana,3,concept,DR-M13,features,0,0.071807,0.0011
banana,3,concept,DR-M14,joint,0,0.012011,0.0926
banana,3,concept,DR-C1,errors,1,77.0,0.0007
banana,3,concept,DR-C2,errors,1,76.0,0.0003
banana,3,concept,DR-C3,errors,0,,0.0006
banana,3,concept,DR-C4,errors,0,,0.0003
banana,3,concept,DR-C5,errors,0,,0.355
banana,3,concept,DR-C6,errors,0,,0.0094
banana,3,concept,DR-C7,errors,0,,0.0058
banana,3,concept,DR-C9,errors,0,,0.0004
banana,3,concept,DR-MV1,joint,0,2.352439,0.0006
banana,3,concept,DR-MV2,joint,0,0.036,0.002
banana,3,concept,DR-CV1,joint,0,0.52192,0.5962
banana,4,none,DR-M1,features,0,0.537142,0.0019
banana,4,none,DR-M2,features,0,0.106987,0.0008
banana,4,none,DR-M3,features,0,0.045527,0.0019
banana,4,none,DR-M4,features,0,0.054566,0.0129
banana,4,none,DR-M5,features,0,0.019054,0.0007
banana,4,none,DR-M6,features,0,0.096716,0.007
banana,4,none,DR-M7,features,0,0.53166,0.0016
banana,4,none,DR-M8,errors,0,-0.002,0.0001
banana,4,none,DR-M10,joint,0,0.003364,0.1052
banana,4,none,DR-M12,features,0,0.359507,0.0059
banana,4,none,DR-M13,features,0,0.25,0.0009
banana,4,none,DR-M14,joint,0,0.008845,0.0948
banana,4,none,DR-C1,errors,0,,0.0009
banana,4,none,DR-C2,errors,1,189.0,0.0003
banana,4,none,DR-C3,errors,0,,0.0006
banana,4,none,DR-C4,errors,0,,0.0003
banana,4,none,DR-C5,errors,0,,0.3603
banana,4,none,DR-C6,errors,0,,0.0094
banana,4,none,DR-C7,errors,0,,0.0062
banana,4,none,DR-C9,errors,0,,0.0005
banana,4,none,DR-MV1,joint,0,0.553723,0.0007
banana,4,none,DR-MV2,joint,1,0.08,0.002
banana,4,none,DR-CV1,joint,0,0.58074,0.6302
banana,4,shift,DR-M1,features,1,0.000239,0.002
banana,4,shift,DR-M2,features,1,0.313719,0.0008
banana,4,shift,DR-M3,features,1,5e-06,0.0021
banana,4,shift,DR-M4,features,1,0.182549,0.012
banana,4,shift,DR-M5,features,0,0.051344,0.0007
banana,4,shift,DR-M6,features,1,0.415225,0.0072
banana,4,shift,DR-M7,features,1,0.0,0.002
banana,4,shift,DR-M8,errors,1,0.07,0.0001
banana,4,shift,DR-M10,joint,1,0.029405,0.1058
banana,4,shift,DR-M12,features,1,1e-06,0.0016
banana,4,shift,DR-M13,features,1,0.0,0.0011
banana,4,shift,DR-M14,joint,1,0.098569,0.0986
banana,4,shift,DR-C1,errors,1,173.0,0.0007
banana,4,shift,DR-C2,errors,1,111.0,0.0003
banana,4,shift,DR-C3,errors,0,,0.0006
banana,4,shift,DR-C4,errors,0,,0.0004
banana,4,shift,DR-C5,errors,0,,0.3748
banana,4,shift,DR-C6,errors,0,,0.0082
banana,4,shift,DR-C7,errors,0,,0.0063
banana,4,shift,DR-C9,errors,0,,0.0005
banana,4,shift,DR-MV1,joint,1,37.032626,0.0006
banana,4,shift,DR-MV2,joint,0,0.064,0.0021
banana,4,shift,DR-CV1,joint,1,0.64432,0.5916
banana,4,scale,DR-M1,features,1,0.0,0.0019
banana,4,scale,DR-M2,features,1,0.48749,0.0007
banana,4,scale,DR-M3,features,1,0.0,0.0019
banana,4,scale,DR-M4,features,1,0.231939,0.0119
banana,4,scale,DR-M5,features,0,0.084971,0.0007
banana,4,scale,DR-M6,features,1,0.50589,0.0067
banana,4,scale,DR-M7,features,0,0.486688,0.0016
banana,4,scale,DR-M8,errors,1,0.07,0.0001
banana,4,scale,DR-M10,joint,1,0.043832,0.11
banana,4,scale,DR-M12,features,1,4e-06,0.0018
banana,4,scale,DR-M13,features,1,0.0,0.001
banana,4,scale,DR-M14,joint,1,0.082888,0.1074
banana,4,scale,DR-C1,errors,1,90.0,0.0008
banana,4,scale,DR-C2,errors,1,90.0,0.0004
banana,4,scale,DR-C3,errors,0,,0.0006
banana,4,scale,DR-C4,errors,0,,0.0004
banana,4,scale,DR-C5,errors,0,,0.4123
banana,4,scale,DR-C6,errors,0,,0.0081
banana,4,scale,DR-C7,errors,0,,0.0063
banana,4,scale,DR-C9,errors,0,,0.0004
banana,4,scale,DR-MV1,joint,0,0.917974,0.0007
banana,4,scale,DR-MV2,joint,1,0.12,0.0022
banana,4,scale,DR-CV1,joint,1,0.72242,0.5926
banana,4,correlation,DR-M1,features,0,0.495953,0.0017
banana,4,correlation,DR-M2,features,0,0.119628,0.0008
banana,4,correlation,DR-M3,features,1,0.024448,0.0018
banana,4,correlation,DR-M4,features,0,0.0618,0.0123
banana,4,correlation,DR-M5,features,0,0.021398,0.0007
banana,4,correlation,DR-M6,features,0,0.077964,0.0064
banana,4,correlation,DR-M7,features,0,0.730583,0.0017
banana,4,correlation,DR-M8,errors,1,0.398,0.0
banana,4,correlation,DR-M10,joint,0,0.006552,0.1051
banana,4,correlation,DR-M12,features,0,0.682597,0.0014
banana,4,correlation,DR-M13,features,0,0.25,0.0009
banana,4,correlation,DR-M14,joint,0,0.014762,0.0952
banana,4,correlation,DR-C1,errors,1,28.0,0.0006
banana,4,correlation,DR-C2,errors,1,48.0,0.0003
banana,4,correlation,DR-C3,errors,1,143.0,0.0006
banana,4,correlation,DR-C4,errors,1,75.0,0.0003
banana,4,correlation,DR-C5,errors,1,73.0,0.2637
banana,4,correlation,DR-C6,errors,1,53.0,0.0071
banana,4,correlation,DR-C7,errors,1,55.0,0.0054
banana,4,correlation,DR-C9,errors,1,60.0,0.0004
banana,4,correlation,DR-MV1,joint,0,0.121028,0.0006
banana,4,correlation,DR-MV2,joint,0,0.056,0.002
banana,4,correlation,DR-CV1,joint,1,0.60804,0.5898
banana,4,selection,DR-M1,features,1,0.0,0.002
banana,4,selection,DR-M2,features,1,0.378359,0.0008
banana,4,selection,DR-M3,features,1,0.0,0.002
banana,4,selection,DR-M4,features,1,0.189754,0.0118
banana,4,selection,DR-M5,features,0,0.065978,0.0007
banana,4,selection,DR-M6,features,1,0.478479,0.0064
banana,4,selection,DR-M7,features,1,0.0,0.0015
banana,4,selection,DR-M8,errors,0,0.01,0.0
banana,4,selection,DR-M10,joint,1,0.039814,0.1002
banana,4,selection,DR-M12,features,1,0.0,0.006
banana,4,selection,DR-M13,features,1,0.0,0.001
banana,4,selection,DR-M14,joint,1,0.122839,0.0898
banana,4,selection,DR-C1,errors,0,,0.0008
banana,4,selection,DR-C2,errors,1,182.0,0.0003
banana,4,selection,DR-C3,errors,0,,0.0006
banana,4,selection,DR-C4,errors,0,,0.0004
banana,4,selection,DR-C5,errors,0,,0.382
banana,4,selection,DR-C6,errors,0,,0.0086
banana,4,selection,DR-C7,errors,0,,0.0063
banana,4,selection,DR-C9,errors,0,,0.0005
banana,4,selection,DR-MV1,joint,1,38.464017,0.0006
banana,4,selection,DR-MV2,joint,0,0.04,0.002
banana,4,selection,DR-CV1,joint,1,0.61598,0.5805
banana,4,label_shift,DR-M1,features,0,0.053038,0.0017
banana,4,label_shift,DR-M2,features,0,0.152815,0.0007
banana,4,label_shift,DR-M3,features,1,0.002787,0.002
banana,4,label_shift,DR-M4,features,0,0.075462,0.0117
banana,4,label_shift,DR-M5,features,0,0.027086,0.0007
banana,4,label_shift,DR-M6,features,0,0.148157,0.0067
banana,4,label_shift,DR-M7,features,0,0.129664,0.0016
banana,4,label_shift,DR-M8,errors,1,0.038,0.0
banana,4,label_shift,DR-M10,joint,0,0.005734,0.1051
banana,4,label_shift,DR-M12,features,0,0.112162,0.0056
banana,4,label_shift,DR-M13,features,0,0.051656,0.0011
banana,4,label_shift,DR-M14,joint,0,0.018068,0.0879
banana,4,label_shift,DR-C1,errors,0,,0.0008
banana,4,label_shift,DR-C2,errors,1,119.0,0.0003
banana,4,label_shift,DR-C3,errors,0,,0.0007
banana,4,label_shift,DR-C4,errors,0,,0.0003
banana,4,label_shift,DR-C5,errors,0,,0.3763
banana,4,label_shift,DR-C6,errors,1,103.0,0.0077
banana,4,label_shift,DR-C7,errors,0,,0.0063
banana,4,label_shift,DR-C9,errors,0,,0.0004
banana,4,label_shift,DR-MV1,joint,0,2.660751,0.0006
banana,4,label_shift,DR-MV2,joint,1,0.108,0.0021
banana,4,label_shift,DR-CV1,joint,0,0.52674,0.602
banana,4,concept,DR-M1,features,0,0.09066,0.0017
banana,4,concept,DR-M2,features,0,0.107115,0.0007
banana,4,concept,DR-M3,features,0,0.033342,0.0019
banana,4,concept,DR-M4,features,0,0.051741,0.0121
banana,4,concept,DR-M5,features,0,0.019108,0.0007
banana,4,concept,DR-M6,features,0,0.186136,0.0064
banana,4,concept,DR-M7,features,0,0.118325,0.0024
banana,4,concept,DR-M8,errors,1,0.162,0.0001
banana,4,concept,DR-M10,joint,0,0.006888,0.1166
banana,4,concept,DR-M12,features,0,0.04933,0.0013
banana,4,concept,DR-M13,features,0,0.035739,0.0012
banana,4,concept,DR-M14,joint,0,0.017457,0.092
banana,4,concept,DR-C1,errors,1,43.0,0.0006
banana,4,concept,DR-C2,errors,1,60.0,0.0003
banana,4,concept,DR-C3,errors,0,,0.0006
banana,4,concept,DR-C4,errors,0,,0.0004
banana,4,concept,DR-C5,errors,0,,0.3814
banana,4,concept,DR-C6,errors,1,244.0,0.0084
banana,4,concept,DR-C7,errors,0,,0.0062
banana,4,concept,DR-C9,errors,0,,0.0004
banana,4,concept,DR-MV1,joint,0,2.727187,0.0007
banana,4,concept,DR-MV2,joint,1,0.076,0.002
banana,4,concept,DR-CV1,joint,0,0.49036,0.5821
churn,0,none,DR-M1,features,0,0.14841,0.0142
churn,0,none,DR-M2,features,0,0.085578,0.0054
churn,0,none,DR-M3,features,0,0.123844,0.018
churn,0,none,DR-M4,features,0,0.043919,0.0978
churn,0,none,DR-M5,features,0,0.015306,0.0082
churn,0,none,DR-M6,features,0,0.197441,0.0596
churn,0,none,DR-M7,features,0,0.01361,0.0125
churn,0,none,DR-M8,errors,0,-0.008,0.0001
churn,0,none,DR-M10,joint,0,0.003409,0.1211
churn,0,none,DR-M12,features,0,0.048088,0.4585
churn,0,none,DR-M13,features,0,0.02983,0.0075
churn,0,none,DR-M14,joint,0,0.037738,0.103
churn,0,none,DR-C1,errors,0,,0.0008
churn,0,none,DR-C2,errors,1,242.0,0.0003
churn,0,none,DR-C3,errors,0,,0.0006
churn,0,none,DR-C4,errors,0,,0.0003
churn,0,none,DR-C5,errors,0,,0.4012
churn,0,none,DR-C6,errors,0,,0.0168
churn,0,none,DR-C7,errors,0,,0.0074
churn,0,none,DR-C9,errors,0,,0.0006
churn,0,none,DR-MV1,joint,0,19.53416,0.0013
churn,0,none,DR-MV2,joint,0,0.032,0.0034
churn,0,none,DR-CV1,joint,0,0.53852,0.8618
churn,0,shift,DR-M1,features,1,0.000459,0.0184
churn,0,shift,DR-M2,features,0,0.138438,0.0062
churn,0,shift,DR-M3,features,0,0.009843,0.021
churn,0,shift,DR-M4,features,0,0.077095,0.1151
churn,0,shift,DR-M5,features,0,0.023969,0.0059
churn,0,shift,DR-M6,features,1,0.28294,0.0494
churn,0,shift,DR-M7,features,1,0.000456,0.0125
churn,0,shift,DR-M8,errors,1,0.052,0.0001
churn,0,shift,DR-M10,joint,0,0.005261,0.1098
churn,0,shift,DR-M12,features,1,0.000165,0.4761
churn,0,shift,DR-M13,features,1,0.0,0.014
churn,0,shift,DR-M14,joint,1,0.05265,0.1168
churn,0,shift,DR-C1,errors,1,53.0,0.0006
churn,0,shift,DR-C2,errors,1,86.0,0.0003
churn,0,shift,DR-C3,errors,0,,0.0007
churn,0,shift,DR-C4,errors,0,,0.0004
churn,0,shift,DR-C5,errors,0,,0.4346
churn,0,shift,DR-C6,errors,0,,0.0149
churn,0,shift,DR-C7,errors,0,,0.0076
churn,0,shift,DR-C9,errors,0,,0.0005
churn,0,shift,DR-MV1,joint,1,7471.753175,0.0012
churn,0,shift,DR-MV2,joint,0,0.032,0.0057
churn,0,shift,DR-CV1,joint,1,0.98536,0.9808
churn,0,scale,DR-M1,features,1,0.001901,0.0153
churn,0,scale,DR-M2,features,1,0.343422,0.0055
churn,0,scale,DR-M3,features,1,0.0,0.0177
churn,0,scale,DR-M4,features,1,0.164156,0.1014
churn,0,scale,DR-M5,features,0,0.060592,0.0059
churn,0,scale,DR-M6,features,1,0.463986,0.0498
churn,0,scale,DR-M7,features,0,0.043963,0.0125
churn,0,scale,DR-M8,errors,1,0.016,0.0001
churn,0,scale,DR-M10,joint,0,0.004683,0.1096
churn,0,scale,DR-M12,features,1,0.001597,0.4032
churn,0,scale,DR-M13,features,1,0.0,0.0072
churn,0,scale,DR-M14,joint,0,0.039877,0.0973
churn,0,scale,DR-C1,errors,0,,0.0008
churn,0,scale,DR-C2,errors,1,110.0,0.0003
churn,0,scale,DR-C3,errors,0,,0.0006
churn,0,scale,DR-C4,errors,0,,0.0003
churn,0,scale,DR-C5,errors,0,,0.4317
churn,0,scale,DR-C6,errors,0,,0.0238
churn,0,scale,DR-C7,errors,0,,0.0113
churn,0,scale,DR-C9,errors,0,,0.0008
churn,0,scale,DR-MV1,joint,1,62.648061,0.0013
churn,0,scale,DR-MV2,joint,0,0.02,0.0037
churn,0,scale,DR-CV1,joint,1,0.94956,0.9554
churn,0,correlation,DR-M1,features,0,0.09066,0.0142
churn,0,correlation,DR-M2,features,0,0.101964,0.005
churn,0,correlation,DR-M3,features,0,0.065183,0.0169
churn,0,correlation,DR-M4,features,0,0.053072,0.0965
churn,0,correlation,DR-M5,features,0,0.018179,0.0059
churn,0,correlation,DR-M6,features,0,0.19331,0.0515
churn,0,correlation,DR-M7,features,0,0.013675,0.0133
churn,0,correlation,DR-M8,errors,1,0.124,0.0001
churn,0,correlation,DR-M10,joint,1,0.005552,0.1153
churn,0,correlation,DR-M12,features,0,0.04031,0.4072
churn,0,correlation,DR-M13,features,0,0.027745,0.0081
churn,0,correlation,DR-M14,joint,1,0.052174,0.0981
churn,0,correlation,DR-C1,errors,1,46.0,0.0007
churn,0,correlation,DR-C2,errors,1,65.0,0.0002
churn,0,correlation,DR-C3,errors,0,,0.0006
churn,0,correlation,DR-C4,errors,0,,0.0003
churn,0,correlation,DR-C5,errors,0,,0.3566
churn,0,correlation,DR-C6,errors,0,,0.0138
churn,0,correlation,DR-C7,errors,0,,0.0067
churn,0,correlation,DR-C9,errors,0,,0.0005
churn,0,correlation,DR-MV1,joint,0,24.180899,0.0008
churn,0,correlation,DR-MV2,joint,1,0.132,0.0026
churn,0,correlation,DR-CV1,joint,1,0.814,0.9125
churn,0,selection,DR-M1,features,1,1e-06,0.0145
churn,0,selection,DR-M2,features,1,0.284109,0.0053
churn,0,selection,DR-M3,features,1,1e-06,0.0172
churn,0,selection,DR-M4,features,1,0.145292,0.1009
churn,0,selection,DR-M5,features,0,0.049361,0.006
churn,0,selection,DR-M6,features,1,0.481157,0.0542
churn,0,selection,DR-M7,features,1,0.0,0.0143
churn,0,selection,DR-M8,errors,0,-0.004,0.0001
churn,0,selection,DR-M10,joint,1,0.010273,0.1179
churn,0,selection,DR-M12,features,1,0.0,0.403
churn,0,selection,DR-M13,features,1,0.0,0.0069
churn,0,selection,DR-M14,joint,1,0.099986,0.1008
churn,0,selection,DR-C1,errors,0,,0.0008
churn,0,selection,DR-C2,errors,1,168.0,0.0003
churn,0,selection,DR-C3,errors,0,,0.0007
churn,0,selection,DR-C4,errors,0,,0.0005
churn,0,selection,DR-C5,errors,0,,0.3982
churn,0,selection,DR-C6,errors,0,,0.019
churn,0,selection,DR-C7,errors,0,,0.0064
churn,0,selection,DR-C9,errors,0,,0.0008
churn,0,selection,DR-MV1,joint,1,51.493783,0.0014
churn,0,selection,DR-MV2,joint,0,0.02,0.0041
churn,0,selection,DR-CV1,joint,0,0.52488,0.8833
churn,0,label_shift,DR-M1,features,0,0.013558,0.0149
churn,0,label_shift,DR-M2,features,0,0.122546,0.0052
churn,0,label_shift,DR-M3,features,0,0.018164,0.0176
churn,0,label_shift,DR-M4,features,0,0.062487,0.0952
churn,0,label_shift,DR-M5,features,0,0.021785,0.0066
churn,0,label_shift,DR-M6,features,0,0.218659,0.0513
churn,0,label_shift,DR-M7,features,0,0.004184,0.0151
churn,0,label_shift,DR-M8,errors,1,0.012,0.0001
churn,0,label_shift,DR-M10,joint,0,0.004772,0.1135
churn,0,label_shift,DR-M12,features,0,0.005343,0.4118
churn,0,label_shift,DR-M13,features,0,0.003428,0.008
churn,0,label_shift,DR-M14,joint,0,0.046365,0.1038
churn,0,label_shift,DR-C1,errors,0,,0.0008
churn,0,label_shift,DR-C2,errors,1,131.0,0.0003
churn,0,label_shift,DR-C3,errors,0,,0.0006
churn,0,label_shift,DR-C4,errors,0,,0.0003
churn,0,label_shift,DR-C5,errors,0,,0.3714
churn,0,label_shift,DR-C6,errors,0,,0.0146
churn,0,label_shift,DR-C7,errors,0,,0.0068
churn,0,label_shift,DR-C9,errors,0,,0.0005
churn,0,label_shift,DR-MV1,joint,0,24.229639,0.0008
churn,0,label_shift,DR-MV2,joint,0,0.044,0.0028
churn,0,label_shift,DR-CV1,joint,0,0.48924,0.9214
churn,0,concept,DR-M1,features,0,0.034488,0.0184
churn,0,concept,DR-M2,features,0,0.118093,0.0052
churn,0,concept,DR-M3,features,0,0.027354,0.0196
churn,0,concept,DR-M4,features,0,0.061191,0.1054
churn,0,concept,DR-M5,features,0,0.021097,0.0059
churn,0,concept,DR-M6,features,0,0.15405,0.0514
churn,0,concept,DR-M7,features,0,0.050688,0.015
churn,0,concept,DR-M8,errors,1,0.124,0.0001
churn,0,concept,DR-M10,joint,0,0.003342,0.1187
churn,0,concept,DR-M12,features,0,0.057526,0.3209
churn,0,concept,DR-M13,features,0,0.062661,0.0077
churn,0,concept,DR-M14,joint,0,0.034041,0.1213
churn,0,concept,DR-C1,errors,1,51.0,0.0011
churn,0,concept,DR-C2,errors,1,58.0,0.0005
churn,0,concept,DR-C3,errors,0,,0.0012
churn,0,concept,DR-C4,errors,0,,0.0005
churn,0,concept,DR-C5,errors,0,,0.413
churn,0,concept,DR-C6,errors,0,,0.0146
churn,0,concept,DR-C7,errors,0,,0.0068
churn,0,concept,DR-C9,errors,0,,0.0005
churn,0,concept,DR-MV1,joint,0,11.044811,0.001
churn,0,concept,DR-MV2,joint,0,0.052,0.0029
churn,0,concept,DR-CV1,joint,0,0.49064,0.878
churn,1,none,DR-M1,features,0,0.166732,0.0145
churn,1,none,DR-M2,features,0,0.098984,0.0051
churn,1,none,DR-M3,features,0,0.164809,0.018
churn,1,none,DR-M4,features,0,0.067261,0.0982
churn,1,none,DR-M5,features,0,0.014095,0.0058
churn,1,none,DR-M6,features,0,0.150005,0.0517
churn,1,none,DR-M7,features,0,0.076466,0.0134
churn,1,none,DR-M8,errors,1,0.02,0.0001
churn,1,none,DR-M10,joint,0,0.003245,0.1311
churn,1,none,DR-M12,features,0,0.102968,0.3013
churn,1,none,DR-M13,features,0,0.092376,0.0072
churn,1,none,DR-M14,joint,0,0.032971,0.1079
churn,1,none,DR-C1,errors,0,,0.0014
churn,1,none,DR-C2,errors,1,147.0,0.0005
churn,1,none,DR-C3,errors,0,,0.0011
churn,1,none,DR-C4,errors,0,,0.0006
churn,1,none,DR-C5,errors,0,,0.4642
churn,1,none,DR-C6,errors,0,,0.0182
churn,1,none,DR-C7,errors,0,,0.0072
churn,1,none,DR-C9,errors,0,,0.0005
churn,1,none,DR-MV1,joint,0,12.04468,0.0008
churn,1,none,DR-MV2,joint,1,0.088,0.0027
churn,1,none,DR-CV1,joint,0,0.48564,0.9119
churn,1,shift,DR-M1,features,0,0.006893,0.0199
churn,1,shift,DR-M2,features,0,0.182015,0.0053
churn,1,shift,DR-M3,features,1,0.001097,0.0175
churn,1,shift,DR-M4,features,0,0.096847,0.125
churn,1,shift,DR-M5,features,0,0.032013,0.006
churn,1,shift,DR-M6,features,1,0.343673,0.0511
churn,1,shift,DR-M7,features,1,1.2e-05,0.0127
churn,1,shift,DR-M8,errors,1,0.012,0.0001
churn,1,shift,DR-M10,joint,0,0.005043,0.106
churn,1,shift,DR-M12,features,1,0.000528,0.2824
churn,1,shift,DR-M13,features,1,0.0,0.0075
churn,1,shift,DR-M14,joint,0,0.050838,0.1115
churn,1,shift,DR-C1,errors,0,,0.0008
churn,1,shift,DR-C2,errors,0,,0.0003
churn,1,shift,DR-C3,errors,0,,0.0006
churn,1,shift,DR-C4,errors,0,,0.0003
churn,1,shift,DR-C5,errors,0,,0.3782
churn,1,shift,DR-C6,errors,0,,0.0145
churn,1,shift,DR-C7,errors,0,,0.0073
churn,1,shift,DR-C9,errors,0,,0.0005
churn,1,shift,DR-MV1,joint,1,7529.018258,0.0009
churn,1,shift,DR-MV2,joint,0,0.068,0.0026
churn,1,shift,DR-CV1,joint,1,0.98092,0.9062
churn,1,scale,DR-M1,features,1,0.000567,0.0139
churn,1,scale,DR-M2,features,1,0.351522,0.0051
churn,1,scale,DR-M3,features,1,0.0,0.017
churn,1,scale,DR-M4,features,1,0.176503,0.0947
churn,1,scale,DR-M5,features,0,0.061763,0.0063
churn,1,scale,DR-M6,features,1,0.4828,0.0495
churn,1,scale,DR-M7,features,0,0.044438,0.0129
churn,1,scale,DR-M8,errors,0,0.004,0.0001
churn,1,scale,DR-M10,joint,0,0.004194,0.1195
churn,1,scale,DR-M12,features,1,0.000329,0.2767
churn,1,scale,DR-M13,features,1,0.0,0.0068
churn,1,scale,DR-M14,joint,0,0.036137,0.0989
churn,1,scale,DR-C1,errors,0,,0.0007
churn,1,scale,DR-C2,errors,0,,0.0003
churn,1,scale,DR-C3,errors,0,,0.0006
churn,1,scale,DR-C4,errors,0,,0.0004
churn,1,scale,DR-C5,errors,0,,0.3882
churn,1,scale,DR-C6,errors,0,,0.0149
churn,1,scale,DR-C7,errors,0,,0.0064
churn,1,scale,DR-C9,errors,0,,0.0005
churn,1,scale,DR-MV1,joint,1,96.778401,0.0009
churn,1,scale,DR-MV2,joint,0,0.048,0.0028
churn,1,scale,DR-CV1,joint,1,0.93928,0.9328
churn,1,correlation,DR-M1,features,0,0.053038,0.0145
churn,1,correlation,DR-M2,features,0,0.132928,0.0051
churn,1,correlation,DR-M3,features,0,0.009388,0.0176
churn,1,correlation,DR-M4,features,0,0.066481,0.0942
churn,1,correlation,DR-M5,features,0,0.023718,0.0056
churn,1,correlation,DR-M6,features,0,0.145472,0.0519
churn,1,correlation,DR-M7,features,0,0.068521,0.013
churn,1,correlation,DR-M8,errors,1,0.012,0.0001
churn,1,correlation,DR-M10,joint,0,0.004541,0.1068
churn,1,correlation,DR-M12,features,0,0.071627,0.2867
churn,1,correlation,DR-M13,features,0,0.056123,0.0071
churn,1,correlation,DR-M14,joint,0,0.039045,0.1121
churn,1,correlation,DR-C1,errors,0,,0.0007
churn,1,correlation,DR-C2,errors,1,90.0,0.0003
churn,1,correlation,DR-C3,errors,0,,0.0006
churn,1,correlation,DR-C4,errors,0,,0.0003
churn,1,correlation,DR-C5,errors,0,,0.3675
churn,1,correlation,DR-C6,errors,0,,0.0137
churn,1,correlation,DR-C7,errors,0,,0.0064
churn,1,correlation,DR-C9,errors,0,,0.0005
churn,1,correlation,DR-MV1,joint,0,14.082908,0.0009
churn,1,correlation,DR-MV2,joint,1,0.108,0.0025
churn,1,correlation,DR-CV1,joint,1,0.86548,0.8397
churn,1,selection,DR-M1,features,1,0.0,0.0149
churn,1,selection,DR-M2,features,1,0.406137,0.0055
churn,1,selection,DR-M3,features,1,0.0,0.0179
churn,1,selection,DR-M4,features,1,0.202884,0.0973
churn,1,selection,DR-M5,features,0,0.070655,0.0063
churn,1,selection,DR-M6,features,1,0.589481,0.0538
churn,1,selection,DR-M7,features,1,0.0,0.0132
churn,1,selection,DR-M8,errors,0,0.004,0.0001
churn,1,selection,DR-M10,joint,1,0.013221,0.1116
churn,1,selection,DR-M12,features,1,0.0,0.2785
churn,1,selection,DR-M13,features,1,0.0,0.012
churn,1,selection,DR-M14,joint,1,0.129877,0.1163
churn,1,selection,DR-C1,errors,0,,0.0008
churn,1,selection,DR-C2,errors,1,160.0,0.0003
churn,1,selection,DR-C3,errors,0,,0.0006
churn,1,selection,DR-C4,errors,0,,0.0003
churn,1,selection,DR-C5,errors,0,,0.4111
churn,1,selection,DR-C6,errors,0,,0.0137
churn,1,selection,DR-C7,errors,0,,0.0066
churn,1,selection,DR-C9,errors,0,,0.0005
churn,1,selection,DR-MV1,joint,1,67.287826,0.0009
churn,1,selection,DR-MV2,joint,0,0.068,0.0026
churn,1,selection,DR-CV1,joint,0,0.58304,0.8793
churn,1,label_shift,DR-M1,features,0,0.015948,0.0143
churn,1,label_shift,DR-M2,features,0,0.106096,0.0059
churn,1,label_shift,DR-M3,features,0,0.07771,0.0176
churn,1,label_shift,DR-M4,features,0,0.069971,0.099
churn,1,label_shift,DR-M5,features,0,0.014788,0.0057
churn,1,label_shift,DR-M6,features,0,0.225463,0.0489
churn,1,label_shift,DR-M7,features,0,0.006008,0.0125
churn,1,label_shift,DR-M8,errors,1,0.04,0.0001
churn,1,label_shift,DR-M10,joint,0,0.003882,0.1102
churn,1,label_shift,DR-M12,features,0,0.008996,0.2765
churn,1,label_shift,DR-M13,features,0,0.003224,0.0074
churn,1,label_shift,DR-M14,joint,0,0.039218,0.1009
churn,1,label_shift,DR-C1,errors,0,,0.0008
churn,1,label_shift,DR-C2,errors,1,85.0,0.0003
churn,1,label_shift,DR-C3,errors,0,,0.0006
churn,1,label_shift,DR-C4,errors,0,,0.0003
churn,1,label_shift,DR-C5,errors,0,,0.4152
churn,1,label_shift,DR-C6,errors,0,,0.0132
churn,1,label_shift,DR-C7,errors,0,,0.0074
churn,1,label_shift,DR-C9,errors,0,,0.0006
churn,1,label_shift,DR-MV1,joint,0,19.495097,0.001
churn,1,label_shift,DR-MV2,joint,1,0.088,0.0033
churn,1,label_shift,DR-CV1,joint,0,0.49176,0.8648
churn,1,concept,DR-M1,features,0,0.021888,0.0137
churn,1,concept,DR-M2,features,0,0.152409,0.0051
churn,1,concept,DR-M3,features,0,0.082337,0.017
churn,1,concept,DR-M4,features,0,0.103685,0.1059
churn,1,concept,DR-M5,features,0,0.020801,0.0064
churn,1,concept,DR-M6,features,0,0.165214,0.0595
churn,1,concept,DR-M7,features,0,0.087594,0.0155
churn,1,concept,DR-M8,errors,1,0.116,0.0001
churn,1,concept,DR-M10,joint,0,0.003518,0.1157
churn,1,concept,DR-M12,features,0,0.035104,0.2818
churn,1,concept,DR-M13,features,0,0.037256,0.0073
churn,1,concept,DR-M14,joint,0,0.037067,0.0993
churn,1,concept,DR-C1,errors,1,46.0,0.0006
churn,1,concept,DR-C2,errors,1,39.0,0.0002
churn,1,concept,DR-C3,errors,0,,0.0006
churn,1,concept,DR-C4,errors,0,,0.0003
churn,1,concept,DR-C5,errors,0,,0.3713
churn,1,concept,DR-C6,errors,0,,0.0126
churn,1,concept,DR-C7,errors,0,,0.0065
churn,1,concept,DR-C9,errors,0,,0.0004
churn,1,concept,DR-MV1,joint,0,15.575501,0.0009
churn,1,concept,DR-MV2,joint,1,0.08,0.0027
churn,1,concept,DR-CV1,joint,0,0.47364,0.9084
churn,2,none,DR-M1,features,1,0.000857,0.0155
churn,2,none,DR-M2,features,0,0.151626,0.0062
churn,2,none,DR-M3,features,0,0.016331,0.017
churn,2,none,DR-M4,features,0,0.094269,0.0956
churn,2,none,DR-M5,features,0,0.023392,0.0065
churn,2,none,DR-M6,features,0,0.196882,0.0491
churn,2,none,DR-M7,features,0,0.029603,0.0176
churn,2,none,DR-M8,errors,1,0.03,0.0001
churn,2,none,DR-M10,joint,0,0.003825,0.1208
churn,2,none,DR-M12,features,0,0.004457,0.3153
churn,2,none,DR-M13,features,0,0.005836,0.0074
churn,2,none,DR-M14,joint,0,0.037693,0.1028
churn,2,none,DR-C1,errors,0,,0.0006
churn,2,none,DR-C2,errors,1,106.0,0.0005
churn,2,none,DR-C3,errors,0,,0.0006
churn,2,none,DR-C4,errors,0,,0.0003
churn,2,none,DR-C5,errors,0,,0.3661
churn,2,none,DR-C6,errors,0,,0.0151
churn,2,none,DR-C7,errors,0,,0.0068
churn,2,none,DR-C9,errors,0,,0.0004
churn,2,none,DR-MV1,joint,0,19.101548,0.0008
churn,2,none,DR-MV2,joint,1,0.088,0.0027
churn,2,none,DR-CV1,joint,0,0.53552,0.8919
churn,2,shift,DR-M1,features,1,0.00037,0.0157
churn,2,shift,DR-M2,features,0,0.139746,0.0057
churn,2,shift,DR-M3,features,0,0.006109,0.0195
churn,2,shift,DR-M4,features,0,0.084244,0.1043
churn,2,shift,DR-M5,features,0,0.024989,0.0104
churn,2,shift,DR-M6,features,1,0.311745,0.0726
churn,2,shift,DR-M7,features,1,6.8e-05,0.013
churn,2,shift,DR-M8,errors,0,-0.01,0.0001
churn,2,shift,DR-M10,joint,0,0.004119,0.1199
churn,2,shift,DR-M12,features,1,0.000161,0.291
churn,2,shift,DR-M13,features,1,0.0,0.0069
churn,2,shift,DR-M14,joint,0,0.040721,0.1015
churn,2,shift,DR-C1,errors,0,,0.0007
churn,2,shift,DR-C2,errors,0,,0.0003
churn,2,shift,DR-C3,errors,0,,0.0006
churn,2,shift,DR-C4,errors,0,,0.0004
churn,2,shift,DR-C5,errors,0,,0.388
churn,2,shift,DR-C6,errors,0,,0.0208
churn,2,shift,DR-C7,errors,0,,0.0074
churn,2,shift,DR-C9,errors,0,,0.0005
churn,2,shift,DR-MV1,joint,1,7511.62695,0.0009
churn,2,shift,DR-MV2,joint,0,0.044,0.0029
churn,2,shift,DR-CV1,joint,1,0.97928,0.8945
churn,2,scale,DR-M1,features,0,0.015948,0.0178
churn,2,scale,DR-M2,features,0,0.225509,0.0056
churn,2,scale,DR-M3,features,1,2.9e-05,0.0217
churn,2,scale,DR-M4,features,0,0.112639,0.0958
churn,2,scale,DR-M5,features,0,0.039972,0.0056
churn,2,scale,DR-M6,features,1,0.35767,0.0607
churn,2,scale,DR-M7,features,0,0.014796,0.0145
churn,2,scale,DR-M8,errors,0,-0.01,0.0001
churn,2,scale,DR-M10,joint,0,0.00487,0.1186
churn,2,scale,DR-M12,features,0,0.008308,0.2774
churn,2,scale,DR-M13,features,1,0.0,0.008
churn,2,scale,DR-M14,joint,0,0.045994,0.0986
churn,2,scale,DR-C1,errors,0,,0.0008
churn,2,scale,DR-C2,errors,0,,0.0004
churn,2,scale,DR-C3,errors,0,,0.0006
churn,2,scale,DR-C4,errors,0,,0.0003
churn,2,scale,DR-C5,errors,0,,0.4075
churn,2,scale,DR-C6,errors,0,,0.0199
churn,2,scale,DR-C7,errors,0,,0.0069
churn,2,scale,DR-C9,errors,0,,0.0006
churn,2,scale,DR-MV1,joint,1,84.803432,0.0009
churn,2,scale,DR-MV2,joint,0,0.02,0.0029
churn,2,scale,DR-CV1,joint,1,0.94844,0.9276
churn,2,correlation,DR-M1,features,0,0.14841,0.0157
churn,2,correlation,DR-M2,features,0,0.146058,0.0053
churn,2,correlation,DR-M3,features,0,0.050468,0.0177
churn,2,correlation,DR-M4,features,0,0.087412,0.1003
churn,2,correlation,DR-M5,features,0,0.022261,0.0062
churn,2,correlation,DR-M6,features,0,0.154266,0.0539
churn,2,correlation,DR-M7,features,0,0.041052,0.0127
churn,2,correlation,DR-M8,errors,1,0.03,0.0001
churn,2,correlation,DR-M10,joint,0,0.004702,0.1197
churn,2,correlation,DR-M12,features,0,0.016501,0.298
churn,2,correlation,DR-M13,features,0,0.006946,0.0072
churn,2,correlation,DR-M14,joint,0,0.039074,0.099
churn,2,correlation,DR-C1,errors,0,,0.0008
churn,2,correlation,DR-C2,errors,1,165.0,0.0003
churn,2,correlation,DR-C3,errors,0,,0.0006
churn,2,correlation,DR-C4,errors,0,,0.0003
churn,2,correlation,DR-C5,errors,0,,0.3799
churn,2,correlation,DR-C6,errors,0,,0.0169
churn,2,correlation,DR-C7,errors,0,,0.0076
churn,2,correlation,DR-C9,errors,0,,0.0005
churn,2,correlation,DR-MV1,joint,0,11.888291,0.0009
churn,2,correlation,DR-MV2,joint,1,0.108,0.003
churn,2,correlation,DR-CV1,joint,1,0.77016,0.9357
churn,2,selection,DR-M1,features,1,0.0,0.0157
churn,2,selection,DR-M2,features,1,0.315495,0.01
churn,2,selection,DR-M3,features,1,0.0,0.0259
churn,2,selection,DR-M4,features,1,0.166586,0.1041
churn,2,selection,DR-M5,features,0,0.055065,0.0061
churn,2,selection,DR-M6,features,1,0.505504,0.0536
churn,2,selection,DR-M7,features,1,0.0,0.0134
churn,2,selection,DR-M8,errors,1,0.038,0.0001
churn,2,selection,DR-M10,joint,1,0.011172,0.1133
churn,2,selection,DR-M12,features,1,0.0,0.2765
churn,2,selection,DR-M13,features,1,0.0,0.0079
churn,2,selection,DR-M14,joint,1,0.107441,0.1037
churn,2,selection,DR-C1,errors,0,,0.0009
churn,2,selection,DR-C2,errors,1,125.0,0.0003
churn,2,selection,DR-C3,errors,0,,0.0009
churn,2,selection,DR-C4,errors,0,,0.0005
churn,2,selection,DR-C5,errors,0,,0.4683
churn,2,selection,DR-C6,errors,0,,0.0154
churn,2,selection,DR-C7,errors,0,,0.0074
churn,2,selection,DR-C9,errors,0,,0.0005
churn,2,selection,DR-MV1,joint,1,51.614022,0.0009
churn,2,selection,DR-MV2,joint,0,0.036,0.0027
churn,2,selection,DR-CV1,joint,0,0.5898,0.912
churn,2,label_shift,DR-M1,features,0,0.021888,0.0142
churn,2,label_shift,DR-M2,features,0,0.109475,0.0053
churn,2,label_shift,DR-M3,features,0,0.052493,0.0179
churn,2,label_shift,DR-M4,features,0,0.058027,0.0985
churn,2,label_shift,DR-M5,features,0,0.019314,0.0059
churn,2,label_shift,DR-M6,features,0,0.147151,0.0678
churn,2,label_shift,DR-M7,features,0,0.162014,0.0127
churn,2,label_shift,DR-M8,errors,1,0.042,0.0001
churn,2,label_shift,DR-M10,joint,0,0.002821,0.107
churn,2,label_shift,DR-M12,features,0,0.050538,0.2836
churn,2,label_shift,DR-M13,features,0,0.069533,0.0072
churn,2,label_shift,DR-M14,joint,0,0.028516,0.1018
churn,2,label_shift,DR-C1,errors,0,,0.0007
churn,2,label_shift,DR-C2,errors,1,137.0,0.0003
churn,2,label_shift,DR-C3,errors,0,,0.0007
churn,2,label_shift,DR-C4,errors,0,,0.0003
churn,2,label_shift,DR-C5,errors,0,,0.3991
churn,2,label_shift,DR-C6,errors,0,,0.0149
churn,2,label_shift,DR-C7,errors,0,,0.007
churn,2,label_shift,DR-C9,errors,0,,0.0005
churn,2,label_shift,DR-MV1,joint,0,7.125987,0.0009
churn,2,label_shift,DR-MV2,joint,0,0.032,0.0026
churn,2,label_shift,DR-CV1,joint,0,0.5328,0.849
churn,2,concept,DR-M1,features,0,0.09066,0.0145
churn,2,concept,DR-M2,features,0,0.096902,0.0052
churn,2,concept,DR-M3,features,0,0.079043,0.0177
churn,2,concept,DR-M4,features,0,0.057141,0.096
churn,2,concept,DR-M5,features,0,0.017033,0.0065
churn,2,concept,DR-M6,features,0,0.138786,0.0529
churn,2,concept,DR-M7,features,0,0.089153,0.0129
churn,2,concept,DR-M8,errors,1,0.138,0.0001
churn,2,concept,DR-M10,joint,0,0.003574,0.1052
churn,2,concept,DR-M12,features,0,0.102508,0.27
churn,2,concept,DR-M13,features,0,0.115621,0.0075
churn,2,concept,DR-M14,joint,0,0.036399,0.099
churn,2,concept,DR-C1,errors,1,77.0,0.0007
churn,2,concept,DR-C2,errors,1,72.0,0.0002
churn,2,concept,DR-C3,errors,0,,0.0006
churn,2,concept,DR-C4,errors,1,171.0,0.0003
churn,2,concept,DR-C5,errors,0,,0.3664
churn,2,concept,DR-C6,errors,0,,0.0156
churn,2,concept,DR-C7,errors,0,,0.0072
churn,2,concept,DR-C9,errors,0,,0.0005
churn,2,concept,DR-MV1,joint,0,16.049963,0.001
churn,2,concept,DR-MV2,joint,0,0.052,0.0029
churn,2,concept,DR-CV1,joint,0,0.5368,0.8945
churn,3,none,DR-M1,features,0,0.316137,0.0141
churn,3,none,DR-M2,features,0,0.158716,0.0051
churn,3,none,DR-M3,features,0,0.003809,0.0172
churn,3,none,DR-M4,features,0,0.082534,0.0965
churn,3,none,DR-M5,features,0,0.027795,0.0058
churn,3,none,DR-M6,features,0,0.124006,0.0513
churn,3,none,DR-M7,features,0,0.234891,0.0229
churn,3,none,DR-M8,errors,0,-0.004,0.0001
churn,3,none,DR-M10,joint,0,0.002531,0.115
churn,3,none,DR-M12,features,0,0.204898,0.2729
churn,3,none,DR-M13,features,0,0.238662,0.0078
churn,3,none,DR-M14,joint,0,0.026061,0.0921
churn,3,none,DR-C1,errors,0,,0.0008
churn,3,none,DR-C2,errors,1,80.0,0.0003
churn,3,none,DR-C3,errors,0,,0.0006
churn,3,none,DR-C4,errors,0,,0.0004
churn,3,none,DR-C5,errors,0,,0.3999
churn,3,none,DR-C6,errors,0,,0.0142
churn,3,none,DR-C7,errors,0,,0.0066
churn,3,none,DR-C9,errors,0,,0.0005
churn,3,none,DR-MV1,joint,0,7.050346,0.0008
churn,3,none,DR-MV2,joint,1,0.084,0.0027
churn,3,none,DR-CV1,joint,0,0.5274,0.9041
churn,3,shift,DR-M1,features,1,3.7e-05,0.0145
churn,3,shift,DR-M2,features,0,0.201788,0.0051
churn,3,shift,DR-M3,features,1,0.000185,0.0173
churn,3,shift,DR-M4,features,0,0.103049,0.0942
churn,3,shift,DR-M5,features,0,0.035709,0.006
churn,3,shift,DR-M6,features,1,0.363627,0.0535
churn,3,shift,DR-M7,features,1,3e-06,0.0136
churn,3,shift,DR-M8,errors,0,0.008,0.0001
churn,3,shift,DR-M10,joint,1,0.005892,0.1103
churn,3,shift,DR-M12,features,1,6e-06,0.2851
churn,3,shift,DR-M13,features,1,0.0,0.0073
churn,3,shift,DR-M14,joint,1,0.058408,0.0975
churn,3,shift,DR-C1,errors,0,,0.0008
churn,3,shift,DR-C2,errors,1,64.0,0.0002
churn,3,shift,DR-C3,errors,0,,0.0006
churn,3,shift,DR-C4,errors,0,,0.0003
churn,3,shift,DR-C5,errors,0,,0.4295
churn,3,shift,DR-C6,errors,0,,0.0139
churn,3,shift,DR-C7,errors,0,,0.0066
churn,3,shift,DR-C9,errors,0,,0.0005
churn,3,shift,DR-MV1,joint,1,7527.631074,0.0009
churn,3,shift,DR-MV2,joint,0,0.06,0.0027
churn,3,shift,DR-CV1,joint,1,0.98336,0.9535
churn,3,scale,DR-M1,features,1,0.0,0.0209
churn,3,scale,DR-M2,features,1,0.406123,0.0051
churn,3,scale,DR-M3,features,1,0.0,0.0253
churn,3,scale,DR-M4,features,1,0.196243,0.0967
churn,3,scale,DR-M5,features,0,0.071289,0.0063
churn,3,scale,DR-M6,features,1,0.603782,0.0739
churn,3,scale,DR-M7,features,0,0.007553,0.0206
churn,3,scale,DR-M8,errors,0,0.0,0.0001
churn,3,scale,DR-M10,joint,1,0.007149,0.1153
churn,3,scale,DR-M12,features,1,4e-06,0.2815
churn,3,scale,DR-M13,features,1,0.0,0.0071
churn,3,scale,DR-M14,joint,1,0.05805,0.0969
churn,3,scale,DR-C1,errors,0,,0.0008
churn,3,scale,DR-C2,errors,1,192.0,0.0003
churn,3,scale,DR-C3,errors,0,,0.0007
churn,3,scale,DR-C4,errors,0,,0.0003
churn,3,scale,DR-C5,errors,0,,0.4661
churn,3,scale,DR-C6,errors,0,,0.0161
churn,3,scale,DR-C7,errors,0,,0.0069
churn,3,scale,DR-C9,errors,0,,0.0005
churn,3,scale,DR-MV1,joint,1,498.990451,0.0009
churn,3,scale,DR-MV2,joint,0,0.068,0.0029
churn,3,scale,DR-CV1,joint,1,0.9482,0.9857
churn,3,correlation,DR-M1,features,0,0.069718,0.0143
churn,3,correlation,DR-M2,features,0,0.122248,0.0054
churn,3,correlation,DR-M3,features,0,0.034025,0.0403
churn,3,correlation,DR-M4,features,0,0.06066,0.116
churn,3,correlation,DR-M5,features,0,0.021671,0.0064
churn,3,correlation,DR-M6,features,0,0.169549,0.0512
churn,3,correlation,DR-M7,features,0,0.028436,0.0146
churn,3,correlation,DR-M8,errors,1,0.104,0.0001
churn,3,correlation,DR-M10,joint,0,0.004338,0.1315
churn,3,correlation,DR-M12,features,0,0.016992,0.2799
churn,3,correlation,DR-M13,features,0,0.003049,0.0074
churn,3,correlation,DR-M14,joint,0,0.040532,0.1089
churn,3,correlation,DR-C1,errors,1,45.0,0.0006
churn,3,correlation,DR-C2,errors,1,22.0,0.0002
churn,3,correlation,DR-C3,errors,0,,0.0006
churn,3,correlation,DR-C4,errors,0,,0.0003
churn,3,correlation,DR-C5,errors,0,,0.3713
churn,3,correlation,DR-C6,errors,0,,0.0173
churn,3,correlation,DR-C7,errors,0,,0.0069
churn,3,correlation,DR-C9,errors,0,,0.0005
churn,3,correlation,DR-MV1,joint,0,16.651659,0.0009
churn,3,correlation,DR-MV2,joint,1,0.132,0.0027
churn,3,correlation,DR-CV1,joint,1,0.82756,0.9839
churn,3,selection,DR-M1,features,1,0.0,0.0337
churn,3,selection,DR-M2,features,1,0.429692,0.0093
churn,3,selection,DR-M3,features,1,0.0,0.0175
churn,3,selection,DR-M4,features,1,0.200838,0.0966
churn,3,selection,DR-M5,features,0,0.074697,0.0062
churn,3,selection,DR-M6,features,1,0.662627,0.0522
churn,3,selection,DR-M7,features,1,0.0,0.0134
churn,3,selection,DR-M8,errors,0,-0.016,0.0001
churn,3,selection,DR-M10,joint,1,0.017638,0.1173
churn,3,selection,DR-M12,features,1,0.0,0.2739
churn,3,selection,DR-M13,features,1,0.0,0.0077
churn,3,selection,DR-M14,joint,1,0.171405,0.1207
churn,3,selection,DR-C1,errors,0,,0.0009
churn,3,selection,DR-C2,errors,1,77.0,0.0003
churn,3,selection,DR-C3,errors,0,,0.0007
churn,3,selection,DR-C4,errors,0,,0.0006
churn,3,selection,DR-C5,errors,0,,0.4257
churn,3,selection,DR-C6,errors,0,,0.0246
churn,3,selection,DR-C7,errors,0,,0.012
churn,3,selection,DR-C9,errors,0,,0.0008
churn,3,selection,DR-MV1,joint,1,95.882888,0.0015
churn,3,selection,DR-MV2,joint,0,0.052,0.0043
churn,3,selection,DR-CV1,joint,0,0.5898,0.8926
churn,3,label_shift,DR-M1,features,0,0.039916,0.0146
churn,3,label_shift,DR-M2,features,0,0.134904,0.0062
churn,3,label_shift,DR-M3,features,0,0.098541,0.0183
churn,3,label_shift,DR-M4,features,0,0.07277,0.0956
churn,3,label_shift,DR-M5,features,0,0.02343,0.0057
churn,3,label_shift,DR-M6,features,0,0.179535,0.0517
churn,3,label_shift,DR-M7,features,0,0.029572,0.014
churn,3,label_shift,DR-M8,errors,1,0.016,0.0001
churn,3,label_shift,DR-M10,joint,0,0.003463,0.1084
churn,3,label_shift,DR-M12,features,0,0.028107,0.2785
churn,3,label_shift,DR-M13,features,0,0.027374,0.0073
churn,3,label_shift,DR-M14,joint,0,0.035182,0.0995
churn,3,label_shift,DR-C1,errors,0,,0.0009
churn,3,label_shift,DR-C2,errors,1,84.0,0.0003
churn,3,label_shift,DR-C3,errors,0,,0.0006
churn,3,label_shift,DR-C4,errors,0,,0.0003
churn,3,label_shift,DR-C5,errors,0,,0.3729
churn,3,label_shift,DR-C6,errors,0,,0.0137
churn,3,label_shift,DR-C7,errors,0,,0.0069
churn,3,label_shift,DR-C9,errors,0,,0.0005
churn,3,label_shift,DR-MV1,joint,0,17.583107,0.0009
churn,3,label_shift,DR-MV2,joint,0,0.052,0.0027
churn,3,label_shift,DR-CV1,joint,0,0.5186,0.8644
churn,3,concept,DR-M1,features,0,0.053038,0.0142
churn,3,concept,DR-M2,features,0,0.138578,0.006
churn,3,concept,DR-M3,features,0,0.039658,0.0181
churn,3,concept,DR-M4,features,0,0.079893,0.0961
churn,3,concept,DR-M5,features,0,0.023306,0.0058
churn,3,concept,DR-M6,features,0,0.184567,0.0511
churn,3,concept,DR-M7,features,0,0.04072,0.0139
churn,3,concept,DR-M8,errors,1,0.164,0.0001
churn,3,concept,DR-M10,joint,0,0.00288,0.1098
churn,3,concept,DR-M12,features,0,0.025852,0.2965
churn,3,concept,DR-M13,features,0,0.025529,0.007
churn,3,concept,DR-M14,joint,0,0.029859,0.0987
churn,3,concept,DR-C1,errors,1,40.0,0.0007
churn,3,concept,DR-C2,errors,1,29.0,0.0002
churn,3,concept,DR-C3,errors,0,,0.0006
churn,3,concept,DR-C4,errors,1,107.0,0.0003
churn,3,concept,DR-C5,errors,0,,0.3704
churn,3,concept,DR-C6,errors,1,89.0,0.0127
churn,3,concept,DR-C7,errors,0,,0.0068
churn,3,concept,DR-C9,errors,1,150.0,0.0004
churn,3,concept,DR-MV1,joint,0,10.5304,0.0009
churn,3,concept,DR-MV2,joint,0,0.032,0.0024
churn,3,concept,DR-CV1,joint,0,0.48224,0.8398
churn,4,none,DR-M1,features,0,0.14841,0.0136
churn,4,none,DR-M2,features,0,0.134227,0.005
churn,4,none,DR-M3,features,0,0.153423,0.0168
churn,4,none,DR-M4,features,0,0.069914,0.0922
churn,4,none,DR-M5,features,0,0.023172,0.0055
churn,4,none,DR-M6,features,0,0.144447,0.0491
churn,4,none,DR-M7,features,0,0.28328,0.0123
churn,4,none,DR-M8,errors,0,0.0,0.0
churn,4,none,DR-M10,joint,0,0.00235,0.109
churn,4,none,DR-M12,features,0,0.125937,0.2873
churn,4,none,DR-M13,features,0,0.126606,0.007
churn,4,none,DR-M14,joint,0,0.025309,0.0955
churn,4,none,DR-C1,errors,0,,0.0009
churn,4,none,DR-C2,errors,1,64.0,0.0002
churn,4,none,DR-C3,errors,0,,0.0006
churn,4,none,DR-C4,errors,0,,0.0003
churn,4,none,DR-C5,errors,0,,0.3531
churn,4,none,DR-C6,errors,0,,0.0127
churn,4,none,DR-C7,errors,0,,0.0061
churn,4,none,DR-C9,errors,0,,0.0005
churn,4,none,DR-MV1,joint,0,5.575019,0.0008
churn,4,none,DR-MV2,joint,0,0.04,0.0026
churn,4,none,DR-CV1,joint,0,0.4652,0.8408
churn,4,shift,DR-M1,features,0,0.069718,0.0145
churn,4,shift,DR-M2,features,0,0.116258,0.0051
churn,4,shift,DR-M3,features,0,0.071297,0.0171
churn,4,shift,DR-M4,features,0,0.065014,0.1264
churn,4,shift,DR-M5,features,0,0.019955,0.0056
churn,4,shift,DR-M6,features,0,0.209855,0.0632
churn,4,shift,DR-M7,features,0,0.011557,0.0129
churn,4,shift,DR-M8,errors,0,-0.004,0.0001
churn,4,shift,DR-M10,joint,0,0.004176,0.3286
churn,4,shift,DR-M12,features,0,0.033899,0.3653
churn,4,shift,DR-M13,features,0,0.018059,0.0116
churn,4,shift,DR-M14,joint,0,0.04086,0.1073
churn,4,shift,DR-C1,errors,0,,0.0009
churn,4,shift,DR-C2,errors,1,25.0,0.0002
churn,4,shift,DR-C3,errors,0,,0.0006
churn,4,shift,DR-C4,errors,0,,0.0004
churn,4,shift,DR-C5,errors,0,,0.393
churn,4,shift,DR-C6,errors,0,,0.0151
churn,4,shift,DR-C7,errors,0,,0.0063
churn,4,shift,DR-C9,errors,0,,0.0005
churn,4,shift,DR-MV1,joint,1,7510.188886,0.0009
churn,4,shift,DR-MV2,joint,0,0.064,0.0026
churn,4,shift,DR-CV1,joint,1,0.98252,0.8684
churn,4,scale,DR-M1,features,0,0.004033,0.0141
churn,4,scale,DR-M2,features,1,0.299331,0.005
churn,4,scale,DR-M3,features,1,0.0,0.017
churn,4,scale,DR-M4,features,1,0.145221,0.1179
churn,4,scale,DR-M5,features,0,0.052838,0.0057
churn,4,scale,DR-M6,features,1,0.507513,0.0588
churn,4,scale,DR-M7,features,0,0.002726,0.0202
churn,4,scale,DR-M8,errors,0,-0.032,0.0001
churn,4,scale,DR-M10,joint,0,0.004587,0.1277
churn,4,scale,DR-M12,features,1,0.000391,0.3522
churn,4,scale,DR-M13,features,1,0.0,0.0078
churn,4,scale,DR-M14,joint,0,0.038789,0.1015
churn,4,scale,DR-C1,errors,0,,0.0009
churn,4,scale,DR-C2,errors,1,139.0,0.0003
churn,4,scale,DR-C3,errors,0,,0.0006
churn,4,scale,DR-C4,errors,0,,0.0003
churn,4,scale,DR-C5,errors,0,,0.3944
churn,4,scale,DR-C6,errors,0,,0.0386
churn,4,scale,DR-C7,errors,0,,0.0072
churn,4,scale,DR-C9,errors,0,,0.0004
churn,4,scale,DR-MV1,joint,1,80.737698,0.0009
churn,4,scale,DR-MV2,joint,0,0.032,0.0076
churn,4,scale,DR-CV1,joint,1,0.96064,0.8543
churn,4,correlation,DR-M1,features,0,0.029718,0.0138
churn,4,correlation,DR-M2,features,0,0.124541,0.0052
churn,4,correlation,DR-M3,features,0,0.015883,0.0176
churn,4,correlation,DR-M4,features,0,0.065151,0.0921
churn,4,correlation,DR-M5,features,0,0.022292,0.0055
churn,4,correlation,DR-M6,features,0,0.161828,0.0501
churn,4,correlation,DR-M7,features,0,0.068599,0.0126
churn,4,correlation,DR-M8,errors,0,-0.028,0.0
churn,4,correlation,DR-M10,joint,0,0.004827,0.1136
churn,4,correlation,DR-M12,features,0,0.083534,0.4443
churn,4,correlation,DR-M13,features,0,0.06541,0.0074
churn,4,correlation,DR-M14,joint,0,0.043046,0.0965
churn,4,correlation,DR-C1,errors,0,,0.0008
churn,4,correlation,DR-C2,errors,1,89.0,0.0002
churn,4,correlation,DR-C3,errors,0,,0.0007
churn,4,correlation,DR-C4,errors,0,,0.0003
churn,4,correlation,DR-C5,errors,0,,0.3647
churn,4,correlation,DR-C6,errors,0,,0.0151
churn,4,correlation,DR-C7,errors,0,,0.0073
churn,4,correlation,DR-C9,errors,0,,0.0005
churn,4,correlation,DR-MV1,joint,0,14.130734,0.0009
churn,4,correlation,DR-MV2,joint,1,0.092,0.0031
churn,4,correlation,DR-CV1,joint,1,0.84908,0.8763
churn,4,selection,DR-M1,features,1,0.001564,0.0141
churn,4,selection,DR-M2,features,0,0.155393,0.0056
churn,4,selection,DR-M3,features,1,0.002385,0.0174
churn,4,selection,DR-M4,features,0,0.076727,0.0975
churn,4,selection,DR-M5,features,0,0.027531,0.0061
churn,4,selection,DR-M6,features,1,0.357761,0.0523
churn,4,selection,DR-M7,features,1,6e-06,0.0135
churn,4,selection,DR-M8,errors,0,0.0,0.0001
churn,4,selection,DR-M10,joint,1,0.006846,0.1094
churn,4,selection,DR-M12,features,1,5.1e-05,0.4385
churn,4,selection,DR-M13,features,1,0.0,0.0068
churn,4,selection,DR-M14,joint,1,0.064719,0.1018
churn,4,selection,DR-C1,errors,0,,0.0008
churn,4,selection,DR-C2,errors,1,20.0,0.0002
churn,4,selection,DR-C3,errors,0,,0.0006
churn,4,selection,DR-C4,errors,0,,0.0003
churn,4,selection,DR-C5,errors,0,,0.3807
churn,4,selection,DR-C6,errors,0,,0.0165
churn,4,selection,DR-C7,errors,0,,0.0058
churn,4,selection,DR-C9,errors,0,,0.0005
churn,4,selection,DR-MV1,joint,0,27.113441,0.0009
churn,4,selection,DR-MV2,joint,0,0.044,0.0026
churn,4,selection,DR-CV1,joint,0,0.50368,0.8277
churn,4,label_shift,DR-M1,features,0,0.348152,0.0135
churn,4,label_shift,DR-M2,features,0,0.104753,0.0059
churn,4,label_shift,DR-M3,features,0,0.257862,0.0173
churn,4,label_shift,DR-M4,features,0,0.055429,0.0923
churn,4,label_shift,DR-M5,features,0,0.017816,0.0058
churn,4,label_shift,DR-M6,features,0,0.110539,0.05
churn,4,label_shift,DR-M7,features,0,0.166447,0.0124
churn,4,label_shift,DR-M8,errors,1,0.016,0.0001
churn,4,label_shift,DR-M10,joint,0,0.002386,0.112
churn,4,label_shift,DR-M12,features,0,0.225312,0.4367
churn,4,label_shift,DR-M13,features,0,0.180638,0.007
churn,4,label_shift,DR-M14,joint,0,0.02688,0.1017
churn,4,label_shift,DR-C1,errors,0,,0.0008
churn,4,label_shift,DR-C2,errors,1,56.0,0.0002
churn,4,label_shift,DR-C3,errors,0,,0.0007
churn,4,label_shift,DR-C4,errors,0,,0.0003
churn,4,label_shift,DR-C5,errors,0,,0.3739
churn,4,label_shift,DR-C6,errors,0,,0.0165
churn,4,label_shift,DR-C7,errors,0,,0.0102
churn,4,label_shift,DR-C9,errors,0,,0.0005
churn,4,label_shift,DR-MV1,joint,0,10.515565,0.0008
churn,4,label_shift,DR-MV2,joint,0,0.048,0.0026
churn,4,label_shift,DR-CV1,joint,0,0.48432,0.8781
churn,4,concept,DR-M1,features,0,0.029718,0.0134
churn,4,concept,DR-M2,features,0,0.134181,0.0051
churn,4,concept,DR-M3,features,0,0.012151,0.0171
churn,4,concept,DR-M4,features,0,0.07658,0.0912
churn,4,concept,DR-M5,features,0,0.023895,0.0056
churn,4,concept,DR-M6,features,0,0.14719,0.0501
churn,4,concept,DR-M7,features,0,0.154615,0.0124
churn,4,concept,DR-M8,errors,1,0.136,0.0
churn,4,concept,DR-M10,joint,0,0.002485,0.1064
churn,4,concept,DR-M12,features,0,0.042979,0.5573
churn,4,concept,DR-M13,features,0,0.053882,0.0067
churn,4,concept,DR-M14,joint,0,0.028121,0.0974
churn,4,concept,DR-C1,errors,1,43.0,0.0006
churn,4,concept,DR-C2,errors,1,9.0,0.0003
churn,4,concept,DR-C3,errors,0,,0.0006
churn,4,concept,DR-C4,errors,0,,0.0003
churn,4,concept,DR-C5,errors,0,,0.3666
churn,4,concept,DR-C6,errors,0,,0.0125
churn,4,concept,DR-C7,errors,0,,0.006
churn,4,concept,DR-C9,errors,0,,0.0005
churn,4,concept,DR-MV1,joint,0,9.826289,0.0009
churn,4,concept,DR-MV2,joint,0,0.04,0.0025
churn,4,concept,DR-CV1,joint,0,0.48948,0.8331
coil2000,0,none,DR-M1,features,0,0.079609,0.0546
coil2000,0,none,DR-M2,features,0,0.109102,0.0114
coil2000,0,none,DR-M3,features,0,0.033865,0.0629
coil2000,0,none,DR-M4,features,0,0.057791,0.2298
coil2000,0,none,DR-M5,features,0,0.019444,0.0135
coil2000,0,none,DR-M6,features,1,0.671492,0.1782
coil2000,0,none,DR-M7,features,0,0.027899,0.0529
coil2000,0,none,DR-M8,errors,0,0.012,0.0001
coil2000,0,none,DR-M10,joint,0,0.003485,0.1386
coil2000,0,none,DR-M12,features,0,0.011494,7.0465
coil2000,0,none,DR-M13,features,0,0.003701,0.0239
coil2000,0,none,DR-M14,joint,0,0.080649,0.1166
coil2000,0,none,DR-C1,errors,0,,0.0008
coil2000,0,none,DR-C2,errors,1,212.0,0.0003
coil2000,0,none,DR-C3,errors,0,,0.0006
coil2000,0,none,DR-C4,errors,0,,0.0003
coil2000,0,none,DR-C5,errors,0,,0.3575
coil2000,0,none,DR-C6,errors,0,,0.0096
coil2000,0,none,DR-C7,errors,0,,0.006
coil2000,0,none,DR-C9,errors,0,,0.0004
coil2000,0,none,DR-MV1,joint,1,18220.241988,0.0016
coil2000,0,none,DR-MV2,joint,0,0.06,0.0056
coil2000,0,none,DR-CV1,joint,0,0.4926,1.3757
coil2000,0,shift,DR-M1,features,1,0.0,0.0638
coil2000,0,shift,DR-M2,features,1,0.557293,0.018
coil2000,0,shift,DR-M3,features,1,0.0,0.0777
coil2000,0,shift,DR-M4,features,1,0.304077,0.2257
coil2000,0,shift,DR-M5,features,0,0.09534,0.0138
coil2000,0,shift,DR-M6,features,0,0.304201,0.1846
coil2000,0,shift,DR-M7,features,1,0.000119,0.0519
coil2000,0,shift,DR-M8,errors,0,-0.024,0.0001
coil2000,0,shift,DR-M10,joint,1,0.005364,0.1387
coil2000,0,shift,DR-M12,features,1,0.0,7.6241
coil2000,0,shift,DR-M13,features,1,0.0,0.0246
coil2000,0,shift,DR-M14,joint,1,0.090371,0.1196
coil2000,0,shift,DR-C1,errors,0,,0.0008
coil2000,0,shift,DR-C2,errors,0,,0.0003
coil2000,0,shift,DR-C3,errors,0,,0.0007
coil2000,0,shift,DR-C4,errors,0,,0.0003
coil2000,0,shift,DR-C5,errors,0,,0.4004
coil2000,0,shift,DR-C6,errors,0,,0.0152
coil2000,0,shift,DR-C7,errors,0,,0.01
coil2000,0,shift,DR-C9,errors,0,,0.0005
coil2000,0,shift,DR-MV1,joint,1,697.439535,0.0016
coil2000,0,shift,DR-MV2,joint,0,0.052,0.01
coil2000,0,shift,DR-CV1,joint,1,0.98964,1.5096
coil2000,0,scale,DR-M1,features,1,0.0,0.0548
coil2000,0,scale,DR-M2,features,1,1.575924,0.0119
coil2000,0,scale,DR-M3,features,1,0.0,0.0591
coil2000,0,scale,DR-M4,features,1,0.994708,0.2466
coil2000,0,scale,DR-M5,features,1,0.209866,0.0167
coil2000,0,scale,DR-M6,features,1,0.605559,0.1903
coil2000,0,scale,DR-M7,features,1,9.3e-05,0.0743
coil2000,0,scale,DR-M8,errors,0,-0.016,0.0001
coil2000,0,scale,DR-M10,joint,0,0.004899,0.1303
coil2000,0,scale,DR-M12,features,1,0.0,11.9893
coil2000,0,scale,DR-M13,features,1,0.0,0.0229
coil2000,0,scale,DR-M14,joint,0,0.084675,0.1203
coil2000,0,scale,DR-C1,errors,0,,0.0008
coil2000,0,scale,DR-C2,errors,0,,0.0003
coil2000,0,scale,DR-C3,errors,0,,0.0006
coil2000,0,scale,DR-C4,errors,0,,0.0003
coil2000,0,scale,DR-C5,errors,0,,0.4135
coil2000,0,scale,DR-C6,errors,0,,0.0106
coil2000,0,scale,DR-C7,errors,0,,0.0068
coil2000,0,scale,DR-C9,errors,0,,0.0005
coil2000,0,scale,DR-MV1,joint,1,562.649964,0.0017
coil2000,0,scale,DR-MV2,joint,0,0.052,0.0057
coil2000,0,scale,DR-CV1,joint,1,0.97504,1.5375
coil2000,0,correlation,DR-M1,features,0,0.069718,0.0672
coil2000,0,correlation,DR-M2,features,0,0.138641,0.0151
coil2000,0,correlation,DR-M3,features,0,0.009614,0.0789
coil2000,0,correlation,DR-M4,features,0,0.107929,0.2068
coil2000,0,correlation,DR-M5,features,0,0.023983,0.0136
coil2000,0,correlation,DR-M6,features,1,0.671492,0.1697
coil2000,0,correlation,DR-M7,features,0,0.02961,0.0579
coil2000,0,correlation,DR-M8,errors,0,-0.012,0.0001
coil2000,0,correlation,DR-M10,joint,0,0.003964,0.1389
coil2000,0,correlation,DR-M12,features,0,0.028486,13.9517
coil2000,0,correlation,DR-M13,features,0,0.016916,0.0243
coil2000,0,correlation,DR-M14,joint,0,0.081123,0.1419
coil2000,0,correlation,DR-C1,errors,0,,0.0013
coil2000,0,correlation,DR-C2,errors,0,,0.0006
coil2000,0,correlation,DR-C3,errors,0,,0.0011
coil2000,0,correlation,DR-C4,errors,0,,0.0007
coil2000,0,correlation,DR-C5,errors,0,,0.4185
coil2000,0,correlation,DR-C6,errors,0,,0.01
coil2000,0,correlation,DR-C7,errors,0,,0.0062
coil2000,0,correlation,DR-C9,errors,0,,0.0005
coil2000,0,correlation,DR-MV1,joint,1,20996.313815,0.0018
coil2000,0,correlation,DR-MV2,joint,0,0.06,0.0056
coil2000,0,correlation,DR-CV1,joint,1,0.73784,1.4276
coil2000,0,selection,DR-M1,features,1,0.0,0.086
coil2000,0,selection,DR-M2,features,1,0.282716,0.0111
coil2000,0,selection,DR-M3,features,1,1e-06,0.0573
coil2000,0,selection,DR-M4,features,0,0.151843,0.2752
coil2000,0,selection,DR-M5,features,0,0.049422,0.0132
coil2000,0,selection,DR-M6,features,0,0.462067,0.1718
coil2000,0,selection,DR-M7,features,1,0.0,0.0546
coil2000,0,selection,DR-M8,errors,0,0.004,0.0001
coil2000,0,selection,DR-M10,joint,1,0.006829,0.1302
coil2000,0,selection,DR-M12,features,1,0.0,11.0746
coil2000,0,selection,DR-M13,features,1,0.0,0.0233
coil2000,0,selection,DR-M14,joint,1,0.108188,0.1724
coil2000,0,selection,DR-C1,errors,0,,0.0007
coil2000,0,selection,DR-C2,errors,1,215.0,0.0003
coil2000,0,selection,DR-C3,errors,0,,0.0006
coil2000,0,selection,DR-C4,errors,0,,0.0004
coil2000,0,selection,DR-C5,errors,0,,0.4062
coil2000,0,selection,DR-C6,errors,0,,0.0094
coil2000,0,selection,DR-C7,errors,0,,0.0134
coil2000,0,selection,DR-C9,errors,0,,0.0008
coil2000,0,selection,DR-MV1,joint,1,412.797612,0.0024
coil2000,0,selection,DR-MV2,joint,0,0.04,0.0082
coil2000,0,selection,DR-CV1,joint,0,0.55514,1.5877
coil2000,0,label_shift,DR-M1,features,0,0.018708,0.0555
coil2000,0,label_shift,DR-M2,features,0,0.125465,0.0109
coil2000,0,label_shift,DR-M3,features,0,0.012183,0.0571
coil2000,0,label_shift,DR-M4,features,0,0.086867,0.2018
coil2000,0,label_shift,DR-M5,features,0,0.021907,0.013
coil2000,0,label_shift,DR-M6,features,0,0.264161,0.1658
coil2000,0,label_shift,DR-M7,features,0,0.001577,0.055
coil2000,0,label_shift,DR-M8,errors,0,0.008,0.0001
coil2000,0,label_shift,DR-M10,joint,0,0.005034,0.1479
coil2000,0,label_shift,DR-M12,features,0,0.001499,9.1876
coil2000,0,label_shift,DR-M13,features,1,0.0,0.0526
coil2000,0,label_shift,DR-M14,joint,1,0.08834,0.119
coil2000,0,label_shift,DR-C1,errors,0,,0.0008
coil2000,0,label_shift,DR-C2,errors,1,229.0,0.0003
coil2000,0,label_shift,DR-C3,errors,0,,0.0006
coil2000,0,label_shift,DR-C4,errors,0,,0.0003
coil2000,0,label_shift,DR-C5,errors,0,,0.4083
coil2000,0,label_shift,DR-C6,errors,0,,0.0179
coil2000,0,label_shift,DR-C7,errors,0,,0.0059
coil2000,0,label_shift,DR-C9,errors,0,,0.0005
coil2000,0,label_shift,DR-MV1,joint,1,473.639156,0.0058
coil2000,0,label_shift,DR-MV2,joint,0,0.068,0.0055
coil2000,0,label_shift,DR-CV1,joint,0,0.51362,1.4701
coil2000,0,concept,DR-M1,features,0,0.069718,0.0524
coil2000,0,concept,DR-M2,features,0,0.162075,0.0115
coil2000,0,concept,DR-M3,features,0,0.02631,0.0568
coil2000,0,concept,DR-M4,features,0,0.11967,0.2028
coil2000,0,concept,DR-M5,features,0,0.021163,0.0175
coil2000,0,concept,DR-M6,features,0,0.171522,0.2008
coil2000,0,concept,DR-M7,features,0,0.034751,0.0846
coil2000,0,concept,DR-M8,errors,1,0.1,0.0001
coil2000,0,concept,DR-M10,joint,0,0.003708,0.129
coil2000,0,concept,DR-M12,features,0,0.03948,9.4436
coil2000,0,concept,DR-M13,features,0,0.008407,0.0226
coil2000,0,concept,DR-M14,joint,0,0.064453,0.1612
coil2000,0,concept,DR-C1,errors,1,82.0,0.0012
coil2000,0,concept,DR-C2,errors,1,93.0,0.0004
coil2000,0,concept,DR-C3,errors,0,,0.0007
coil2000,0,concept,DR-C4,errors,0,,0.0003
coil2000,0,concept,DR-C5,errors,0,,0.4556
coil2000,0,concept,DR-C6,errors,0,,0.0092
coil2000,0,concept,DR-C7,errors,0,,0.0059
coil2000,0,concept,DR-C9,errors,0,,0.0006
coil2000,0,concept,DR-MV1,joint,0,88.81021,0.0018
coil2000,0,concept,DR-MV2,joint,0,0.04,0.0102
coil2000,0,concept,DR-CV1,joint,0,0.47098,1.6925
coil2000,1,none,DR-M1,features,0,0.069718,0.0521
coil2000,1,none,DR-M2,features,0,0.113637,0.0116
coil2000,1,none,DR-M3,features,0,0.069936,0.0576
coil2000,1,none,DR-M4,features,0,0.078041,0.2062
coil2000,1,none,DR-M5,features,0,0.017909,0.0293
coil2000,1,none,DR-M6,features,0,0.212272,0.1851
coil2000,1,none,DR-M7,features,0,0.005543,0.0547
coil2000,1,none,DR-M8,errors,0,-0.034,0.0001
coil2000,1,none,DR-M10,joint,0,0.004171,0.1381
coil2000,1,none,DR-M12,features,0,0.002499,9.3858
coil2000,1,none,DR-M13,features,1,0.0,0.0235
coil2000,1,none,DR-M14,joint,0,0.070345,0.1291
coil2000,1,none,DR-C1,errors,0,,0.0008
coil2000,1,none,DR-C2,errors,0,,0.0003
coil2000,1,none,DR-C3,errors,0,,0.0006
coil2000,1,none,DR-C4,errors,0,,0.0003
coil2000,1,none,DR-C5,errors,0,,0.3812
coil2000,1,none,DR-C6,errors,0,,0.0107
coil2000,1,none,DR-C7,errors,0,,0.0068
coil2000,1,none,DR-C9,errors,0,,0.0005
coil2000,1,none,DR-MV1,joint,1,1576.084341,0.0018
coil2000,1,none,DR-MV2,joint,0,0.024,0.006
coil2000,1,none,DR-CV1,joint,0,0.50548,1.4506
coil2000,1,shift,DR-M1,features,1,6e-06,0.053
coil2000,1,shift,DR-M2,features,1,0.384296,0.0114
coil2000,1,shift,DR-M3,features,1,0.0,0.0605
coil2000,1,shift,DR-M4,features,1,0.222126,0.2137
coil2000,1,shift,DR-M5,features,0,0.064425,0.0149
coil2000,1,shift,DR-M6,features,0,0.402739,0.215
coil2000,1,shift,DR-M7,features,0,0.002857,0.0804
coil2000,1,shift,DR-M8,errors,1,0.026,0.0001
coil2000,1,shift,DR-M10,joint,0,0.003487,0.1716
coil2000,1,shift,DR-M12,features,1,3.2e-05,9.3373
coil2000,1,shift,DR-M13,features,1,0.0,0.0287
coil2000,1,shift,DR-M14,joint,0,0.065533,0.1319
coil2000,1,shift,DR-C1,errors,0,,0.0009
coil2000,1,shift,DR-C2,errors,0,,0.0004
coil2000,1,shift,DR-C3,errors,0,,0.0007
coil2000,1,shift,DR-C4,errors,0,,0.0005
coil2000,1,shift,DR-C5,errors,0,,0.4936
coil2000,1,shift,DR-C6,errors,0,,0.0122
coil2000,1,shift,DR-C7,errors,0,,0.006
coil2000,1,shift,DR-C9,errors,0,,0.0005
coil2000,1,shift,DR-MV1,joint,1,5771.966759,0.002
coil2000,1,shift,DR-MV2,joint,0,0.048,0.0059
coil2000,1,shift,DR-CV1,joint,1,0.98896,1.5944
coil2000,1,scale,DR-M1,features,1,0.0,0.0528
coil2000,1,scale,DR-M2,features,1,2.080705,0.011
coil2000,1,scale,DR-M3,features,1,0.0,0.0661
coil2000,1,scale,DR-M4,features,1,1.478458,0.2089
coil2000,1,scale,DR-M5,features,1,0.233825,0.0174
coil2000,1,scale,DR-M6,features,1,0.536156,0.184
coil2000,1,scale,DR-M7,features,1,7.7e-05,0.0562
coil2000,1,scale,DR-M8,errors,0,-0.006,0.0001
coil2000,1,scale,DR-M10,joint,0,0.004341,0.1297
coil2000,1,scale,DR-M12,features,1,0.0,9.3335
coil2000,1,scale,DR-M13,features,1,0.0,0.0231
coil2000,1,scale,DR-M14,joint,0,0.07463,0.1204
coil2000,1,scale,DR-C1,errors,0,,0.0008
coil2000,1,scale,DR-C2,errors,0,,0.0003
coil2000,1,scale,DR-C3,errors,0,,0.0006
coil2000,1,scale,DR-C4,errors,0,,0.0003
coil2000,1,scale,DR-C5,errors,0,,0.3732
coil2000,1,scale,DR-C6,errors,0,,0.0111
coil2000,1,scale,DR-C7,errors,0,,0.0059
coil2000,1,scale,DR-C9,errors,0,,0.0005
coil2000,1,scale,DR-MV1,joint,1,1890.783913,0.0015
coil2000,1,scale,DR-MV2,joint,0,0.02,0.0059
coil2000,1,scale,DR-CV1,joint,1,0.97124,1.5063
coil2000,1,correlation,DR-M1,features,0,0.186802,0.0522
coil2000,1,correlation,DR-M2,features,0,0.150219,0.011
coil2000,1,correlation,DR-M3,features,0,0.011077,0.0585
coil2000,1,correlation,DR-M4,features,0,0.084877,0.2274
coil2000,1,correlation,DR-M5,features,0,0.025343,0.0148
coil2000,1,correlation,DR-M6,features,0,0.195487,0.1833
coil2000,1,correlation,DR-M7,features,0,0.010795,0.0525
coil2000,1,correlation,DR-M8,errors,0,-0.006,0.0001
coil2000,1,correlation,DR-M10,joint,0,0.00328,0.1367
coil2000,1,correlation,DR-M12,features,0,0.022989,9.9574
coil2000,1,correlation,DR-M13,features,0,0.005513,0.023
coil2000,1,correlation,DR-M14,joint,0,0.057907,0.1416
coil2000,1,correlation,DR-C1,errors,0,,0.0008
coil2000,1,correlation,DR-C2,errors,0,,0.0003
coil2000,1,correlation,DR-C3,errors,0,,0.0006
coil2000,1,correlation,DR-C4,errors,0,,0.0003
coil2000,1,correlation,DR-C5,errors,0,,0.4251
coil2000,1,correlation,DR-C6,errors,0,,0.0104
coil2000,1,correlation,DR-C7,errors,0,,0.0062
coil2000,1,correlation,DR-C9,errors,0,,0.0005
coil2000,1,correlation,DR-MV1,joint,1,240.053616,0.002
coil2000,1,correlation,DR-MV2,joint,0,0.036,0.0063
coil2000,1,correlation,DR-CV1,joint,1,0.7215,1.5844
coil2000,1,selection,DR-M1,features,1,0.000122,0.0697
coil2000,1,selection,DR-M2,features,0,0.199753,0.0209
coil2000,1,selection,DR-M3,features,0,0.000609,0.0952
coil2000,1,selection,DR-M4,features,0,0.123375,0.2411
coil2000,1,selection,DR-M5,features,0,0.033547,0.0139
coil2000,1,selection,DR-M6,features,0,0.402895,0.1985
coil2000,1,selection,DR-M7,features,1,2e-06,0.0546
coil2000,1,selection,DR-M8,errors,0,-0.038,0.0001
coil2000,1,selection,DR-M10,joint,1,0.005838,0.1441
coil2000,1,selection,DR-M12,features,1,0.000102,9.6527
coil2000,1,selection,DR-M13,features,1,0.0,0.0247
coil2000,1,selection,DR-M14,joint,1,0.10301,0.127
coil2000,1,selection,DR-C1,errors,0,,0.0007
coil2000,1,selection,DR-C2,errors,0,,0.0003
coil2000,1,selection,DR-C3,errors,0,,0.0006
coil2000,1,selection,DR-C4,errors,0,,0.0004
coil2000,1,selection,DR-C5,errors,0,,0.4161
coil2000,1,selection,DR-C6,errors,0,,0.0121
coil2000,1,selection,DR-C7,errors,0,,0.0066
coil2000,1,selection,DR-C9,errors,0,,0.0005
coil2000,1,selection,DR-MV1,joint,1,10464.812321,0.0022
coil2000,1,selection,DR-MV2,joint,0,0.036,0.0062
coil2000,1,selection,DR-CV1,joint,0,0.5137,1.7046
coil2000,1,label_shift,DR-M1,features,0,0.069718,0.0787
coil2000,1,label_shift,DR-M2,features,0,0.114482,0.0239
coil2000,1,label_shift,DR-M3,features,0,0.045839,0.0847
coil2000,1,label_shift,DR-M4,features,0,0.080526,0.2047
coil2000,1,label_shift,DR-M5,features,0,0.015149,0.0169
coil2000,1,label_shift,DR-M6,features,0,0.223831,0.1794
coil2000,1,label_shift,DR-M7,features,0,0.023432,0.0531
coil2000,1,label_shift,DR-M8,errors,1,0.034,0.0001
coil2000,1,label_shift,DR-M10,joint,0,0.003758,0.1417
coil2000,1,label_shift,DR-M12,features,0,0.006497,9.3767
coil2000,1,label_shift,DR-M13,features,1,0.0,0.0407
coil2000,1,label_shift,DR-M14,joint,0,0.071773,0.1387
coil2000,1,label_shift,DR-C1,errors,0,,0.0008
coil2000,1,label_shift,DR-C2,errors,1,183.0,0.0003
coil2000,1,label_shift,DR-C3,errors,0,,0.0006
coil2000,1,label_shift,DR-C4,errors,0,,0.0004
coil2000,1,label_shift,DR-C5,errors,0,,0.4335
coil2000,1,label_shift,DR-C6,errors,0,,0.0137
coil2000,1,label_shift,DR-C7,errors,0,,0.0106
coil2000,1,label_shift,DR-C9,errors,0,,0.0005
coil2000,1,label_shift,DR-MV1,joint,1,4898.266139,0.0082
coil2000,1,label_shift,DR-MV2,joint,0,0.06,0.0184
coil2000,1,label_shift,DR-CV1,joint,0,0.47296,1.6983
coil2000,1,concept,DR-M1,features,0,0.09066,0.0525
coil2000,1,concept,DR-M2,features,0,0.11582,0.0122
coil2000,1,concept,DR-M3,features,0,0.010464,0.0606
coil2000,1,concept,DR-M4,features,0,0.091758,0.2126
coil2000,1,concept,DR-M5,features,0,0.018547,0.0136
coil2000,1,concept,DR-M6,features,0,0.272486,0.1709
coil2000,1,concept,DR-M7,features,0,0.001656,0.0509
coil2000,1,concept,DR-M8,errors,1,0.09,0.0001
coil2000,1,concept,DR-M10,joint,0,0.004074,0.1312
coil2000,1,concept,DR-M12,features,0,0.001,9.7622
coil2000,1,concept,DR-M13,features,1,0.0,0.0239
coil2000,1,concept,DR-M14,joint,0,0.075338,0.1168
coil2000,1,concept,DR-C1,errors,1,114.0,0.0007
coil2000,1,concept,DR-C2,errors,1,92.0,0.0003
coil2000,1,concept,DR-C3,errors,0,,0.0006
coil2000,1,concept,DR-C4,errors,0,,0.0003
coil2000,1,concept,DR-C5,errors,0,,0.3568
coil2000,1,concept,DR-C6,errors,1,22.0,0.0081
coil2000,1,concept,DR-C7,errors,0,,0.0061
coil2000,1,concept,DR-C9,errors,0,,0.0005
coil2000,1,concept,DR-MV1,joint,1,1415.5976,0.0016
coil2000,1,concept,DR-MV2,joint,0,0.04,0.0055
coil2000,1,concept,DR-CV1,joint,0,0.48786,1.3431
coil2000,2,none,DR-M1,features,0,0.09066,0.0534
coil2000,2,none,DR-M2,features,0,0.152479,0.0111
coil2000,2,none,DR-M3,features,0,0.031955,0.0576
coil2000,2,none,DR-M4,features,0,0.101543,0.2481
coil2000,2,none,DR-M5,features,0,0.020873,0.0241
coil2000,2,none,DR-M6,features,0,0.402895,0.231
coil2000,2,none,DR-M7,features,0,0.052011,0.056
coil2000,2,none,DR-M8,errors,0,-0.024,0.0
coil2000,2,none,DR-M10,joint,0,0.003262,0.1277
coil2000,2,none,DR-M12,features,0,0.02099,8.3943
coil2000,2,none,DR-M13,features,0,0.010253,0.0355
coil2000,2,none,DR-M14,joint,0,0.065253,0.1558
coil2000,2,none,DR-C1,errors,0,,0.0007
coil2000,2,none,DR-C2,errors,1,239.0,0.0003
coil2000,2,none,DR-C3,errors,0,,0.0006
coil2000,2,none,DR-C4,errors,0,,0.0003
coil2000,2,none,DR-C5,errors,0,,0.3723
coil2000,2,none,DR-C6,errors,0,,0.0099
coil2000,2,none,DR-C7,errors,0,,0.007
coil2000,2,none,DR-C9,errors,0,,0.0005
coil2000,2,none,DR-MV1,joint,1,13700.80412,0.0018
coil2000,2,none,DR-MV2,joint,0,0.04,0.0058
coil2000,2,none,DR-CV1,joint,0,0.5271,1.5643
coil2000,2,shift,DR-M1,features,1,0.0,0.0793
coil2000,2,shift,DR-M2,features,1,0.479154,0.0116
coil2000,2,shift,DR-M3,features,1,0.0,0.062
coil2000,2,shift,DR-M4,features,1,0.251368,0.2407
coil2000,2,shift,DR-M5,features,0,0.082942,0.0148
coil2000,2,shift,DR-M6,features,0,0.341687,0.1812
coil2000,2,shift,DR-M7,features,1,1e-05,0.0619
coil2000,2,shift,DR-M8,errors,0,-0.028,0.0001
coil2000,2,shift,DR-M10,joint,1,0.005264,0.1403
coil2000,2,shift,DR-M12,features,1,0.0,6.9499
coil2000,2,shift,DR-M13,features,1,0.0,0.0236
coil2000,2,shift,DR-M14,joint,1,0.097374,0.124
coil2000,2,shift,DR-C1,errors,0,,0.0008
coil2000,2,shift,DR-C2,errors,1,248.0,0.0003
coil2000,2,shift,DR-C3,errors,0,,0.0006
coil2000,2,shift,DR-C4,errors,0,,0.0003
coil2000,2,shift,DR-C5,errors,0,,0.3859
coil2000,2,shift,DR-C6,errors,0,,0.0142
coil2000,2,shift,DR-C7,errors,0,,0.0106
coil2000,2,shift,DR-C9,errors,0,,0.0005
coil2000,2,shift,DR-MV1,joint,1,167.312678,0.0015
coil2000,2,shift,DR-MV2,joint,0,0.028,0.0097
coil2000,2,shift,DR-CV1,joint,1,0.99244,1.6608
coil2000,2,scale,DR-M1,features,1,0.0,0.053
coil2000,2,scale,DR-M2,features,1,1.352682,0.0121
coil2000,2,scale,DR-M3,features,1,0.0,0.0581
coil2000,2,scale,DR-M4,features,1,0.930279,0.2028
coil2000,2,scale,DR-M5,features,1,0.160663,0.0135
coil2000,2,scale,DR-M6,features,0,0.436547,0.2242
coil2000,2,scale,DR-M7,features,0,0.005278,0.049
coil2000,2,scale,DR-M8,errors,0,-0.04,0.0001
coil2000,2,scale,DR-M10,joint,0,0.004247,0.1319
coil2000,2,scale,DR-M12,features,1,0.0,8.5205
coil2000,2,scale,DR-M13,features,1,0.0,0.027
coil2000,2,scale,DR-M14,joint,0,0.081315,0.1585
coil2000,2,scale,DR-C1,errors,0,,0.0007
coil2000,2,scale,DR-C2,errors,0,,0.0004
coil2000,2,scale,DR-C3,errors,0,,0.0006
coil2000,2,scale,DR-C4,errors,0,,0.0003
coil2000,2,scale,DR-C5,errors,0,,0.3952
coil2000,2,scale,DR-C6,errors,0,,0.01
coil2000,2,scale,DR-C7,errors,0,,0.0061
coil2000,2,scale,DR-C9,errors,0,,0.0005
coil2000,2,scale,DR-MV1,joint,1,3512.306301,0.0017
coil2000,2,scale,DR-MV2,joint,0,0.032,0.0054
coil2000,2,scale,DR-CV1,joint,1,0.977,1.383
coil2000,2,correlation,DR-M1,features,0,0.06089,0.0506
coil2000,2,correlation,DR-M2,features,0,0.119389,0.0147
coil2000,2,correlation,DR-M3,features,0,0.020546,0.0815
coil2000,2,correlation,DR-M4,features,0,0.089463,0.1961
coil2000,2,correlation,DR-M5,features,0,0.018317,0.0132
coil2000,2,correlation,DR-M6,features,0,0.258288,0.2118
coil2000,2,correlation,DR-M7,features,0,0.001235,0.0521
coil2000,2,correlation,DR-M8,errors,0,-0.044,0.0001
coil2000,2,correlation,DR-M10,joint,0,0.004624,0.1263
coil2000,2,correlation,DR-M12,features,0,0.004998,9.1831
coil2000,2,correlation,DR-M13,features,1,0.0,0.0375
coil2000,2,correlation,DR-M14,joint,0,0.084504,0.1725
coil2000,2,correlation,DR-C1,errors,0,,0.0012
coil2000,2,correlation,DR-C2,errors,0,,0.0006
coil2000,2,correlation,DR-C3,errors,0,,0.0011
coil2000,2,correlation,DR-C4,errors,0,,0.0006
coil2000,2,correlation,DR-C5,errors,0,,0.4059
coil2000,2,correlation,DR-C6,errors,0,,0.0102
coil2000,2,correlation,DR-C7,errors,0,,0.007
coil2000,2,correlation,DR-C9,errors,0,,0.0005
coil2000,2,correlation,DR-MV1,joint,1,169.370555,0.0021
coil2000,2,correlation,DR-MV2,joint,0,0.044,0.0057
coil2000,2,correlation,DR-CV1,joint,1,0.6713,1.4733
coil2000,2,selection,DR-M1,features,1,1e-06,0.0546
coil2000,2,selection,DR-M2,features,1,0.328497,0.0115
coil2000,2,selection,DR-M3,features,1,0.0,0.0586
coil2000,2,selection,DR-M4,features,1,0.165893,0.2353
coil2000,2,selection,DR-M5,features,0,0.057114,0.0137
coil2000,2,selection,DR-M6,features,0,0.478079,0.1718
coil2000,2,selection,DR-M7,features,1,0.0,0.0568
coil2000,2,selection,DR-M8,errors,0,-0.036,0.0001
coil2000,2,selection,DR-M10,joint,1,0.005771,0.1294
coil2000,2,selection,DR-M12,features,1,0.0,9.639
coil2000,2,selection,DR-M13,features,1,0.0,0.0309
coil2000,2,selection,DR-M14,joint,1,0.102903,0.1487
coil2000,2,selection,DR-C1,errors,0,,0.0008
coil2000,2,selection,DR-C2,errors,0,,0.0003
coil2000,2,selection,DR-C3,errors,0,,0.0006
coil2000,2,selection,DR-C4,errors,0,,0.0003
coil2000,2,selection,DR-C5,errors,0,,0.4173
coil2000,2,selection,DR-C6,errors,0,,0.01
coil2000,2,selection,DR-C7,errors,0,,0.006
coil2000,2,selection,DR-C9,errors,0,,0.0005
coil2000,2,selection,DR-MV1,joint,1,155.064359,0.0021
coil2000,2,selection,DR-MV2,joint,0,0.036,0.0058
coil2000,2,selection,DR-CV1,joint,0,0.57998,1.4469
coil2000,2,label_shift,DR-M1,features,0,0.046073,0.0534
coil2000,2,label_shift,DR-M2,features,0,0.157196,0.0117
coil2000,2,label_shift,DR-M3,features,0,0.00184,0.0573
coil2000,2,label_shift,DR-M4,features,0,0.07123,0.2117
coil2000,2,label_shift,DR-M5,features,0,0.027059,0.0263
coil2000,2,label_shift,DR-M6,features,0,0.219367,0.2117
coil2000,2,label_shift,DR-M7,features,0,0.007803,0.0521
coil2000,2,label_shift,DR-M8,errors,1,0.044,0.0001
coil2000,2,label_shift,DR-M10,joint,0,0.003294,0.1387
coil2000,2,label_shift,DR-M12,features,0,0.004498,9.2757
coil2000,2,label_shift,DR-M13,features,0,0.001837,0.0224
coil2000,2,label_shift,DR-M14,joint,0,0.06084,0.1391
coil2000,2,label_shift,DR-C1,errors,0,,0.0008
coil2000,2,label_shift,DR-C2,errors,1,81.0,0.0003
coil2000,2,label_shift,DR-C3,errors,0,,0.0007
coil2000,2,label_shift,DR-C4,errors,0,,0.0003
coil2000,2,label_shift,DR-C5,errors,0,,0.3775
coil2000,2,label_shift,DR-C6,errors,0,,0.0084
coil2000,2,label_shift,DR-C7,errors,0,,0.0072
coil2000,2,label_shift,DR-C9,errors,0,,0.0006
coil2000,2,label_shift,DR-MV1,joint,1,134.790405,0.0017
coil2000,2,label_shift,DR-MV2,joint,0,0.036,0.006
coil2000,2,label_shift,DR-CV1,joint,0,0.51838,1.5611
coil2000,2,concept,DR-M1,features,0,0.029718,0.0586
coil2000,2,concept,DR-M2,features,0,0.18643,0.0113
coil2000,2,concept,DR-M3,features,0,0.006414,0.0632
coil2000,2,concept,DR-M4,features,0,0.110074,0.2095
coil2000,2,concept,DR-M5,features,0,0.027367,0.0132
coil2000,2,concept,DR-M6,features,0,0.402895,0.1856
coil2000,2,concept,DR-M7,features,0,0.001702,0.0983
coil2000,2,concept,DR-M8,errors,1,0.104,0.0001
coil2000,2,concept,DR-M10,joint,0,0.003915,0.1359
coil2000,2,concept,DR-M12,features,0,0.003998,9.4231
coil2000,2,concept,DR-M13,features,1,0.0,0.0237
coil2000,2,concept,DR-M14,joint,0,0.079067,0.115
coil2000,2,concept,DR-C1,errors,1,188.0,0.0007
coil2000,2,concept,DR-C2,errors,1,105.0,0.0003
coil2000,2,concept,DR-C3,errors,0,,0.0006
coil2000,2,concept,DR-C4,errors,0,,0.0003
coil2000,2,concept,DR-C5,errors,0,,0.3577
coil2000,2,concept,DR-C6,errors,0,,0.0089
coil2000,2,concept,DR-C7,errors,0,,0.0066
coil2000,2,concept,DR-C9,errors,0,,0.0005
coil2000,2,concept,DR-MV1,joint,1,13702.344018,0.0015
coil2000,2,concept,DR-MV2,joint,0,0.036,0.0057
coil2000,2,concept,DR-CV1,joint,0,0.51984,1.3815
coil2000,3,none,DR-M1,features,0,0.079609,0.0514
coil2000,3,none,DR-M2,features,0,0.179538,0.0107
coil2000,3,none,DR-M3,features,0,0.020722,0.0595
coil2000,3,none,DR-M4,features,0,0.12069,0.2076
coil2000,3,none,DR-M5,features,0,0.024339,0.0134
coil2000,3,none,DR-M6,features,0,0.195273,0.1663
coil2000,3,none,DR-M7,features,0,0.012424,0.0863
coil2000,3,none,DR-M8,errors,0,0.012,0.0001
coil2000,3,none,DR-M10,joint,0,0.004569,0.1257
coil2000,3,none,DR-M12,features,0,0.013993,9.5646
coil2000,3,none,DR-M13,features,0,0.002298,0.023
coil2000,3,none,DR-M14,joint,0,0.081082,0.1226
coil2000,3,none,DR-C1,errors,0,,0.0009
coil2000,3,none,DR-C2,errors,1,70.0,0.0003
coil2000,3,none,DR-C3,errors,0,,0.0008
coil2000,3,none,DR-C4,errors,0,,0.0003
coil2000,3,none,DR-C5,errors,0,,0.3802
coil2000,3,none,DR-C6,errors,0,,0.0103
coil2000,3,none,DR-C7,errors,0,,0.0062
coil2000,3,none,DR-C9,errors,0,,0.0005
coil2000,3,none,DR-MV1,joint,1,393.529211,0.0019
coil2000,3,none,DR-MV2,joint,0,0.02,0.0062
coil2000,3,none,DR-CV1,joint,0,0.49226,1.5559
coil2000,3,shift,DR-M1,features,1,0.0,0.0547
coil2000,3,shift,DR-M2,features,1,0.868255,0.0109
coil2000,3,shift,DR-M3,features,1,0.0,0.0649
coil2000,3,shift,DR-M4,features,1,0.529816,0.2065
coil2000,3,shift,DR-M5,features,1,0.127158,0.0136
coil2000,3,shift,DR-M6,features,0,0.391668,0.1696
coil2000,3,shift,DR-M7,features,1,0.0,0.0497
coil2000,3,shift,DR-M8,errors,0,-0.024,0.0001
coil2000,3,shift,DR-M10,joint,0,0.004941,0.1286
coil2000,3,shift,DR-M12,features,1,0.0,9.6495
coil2000,3,shift,DR-M13,features,1,0.0,0.0221
coil2000,3,shift,DR-M14,joint,0,0.08636,0.1273
coil2000,3,shift,DR-C1,errors,0,,0.0007
coil2000,3,shift,DR-C2,errors,1,9.0,0.0003
coil2000,3,shift,DR-C3,errors,0,,0.0007
coil2000,3,shift,DR-C4,errors,0,,0.0003
coil2000,3,shift,DR-C5,errors,0,,0.3707
coil2000,3,shift,DR-C6,errors,0,,0.0114
coil2000,3,shift,DR-C7,errors,0,,0.0062
coil2000,3,shift,DR-C9,errors,0,,0.0005
coil2000,3,shift,DR-MV1,joint,1,744.247433,0.0019
coil2000,3,shift,DR-MV2,joint,0,0.024,0.0061
coil2000,3,shift,DR-CV1,joint,1,0.9906,1.5852
coil2000,3,scale,DR-M1,features,1,0.0,0.0663
coil2000,3,scale,DR-M2,features,1,1.429383,0.0124
coil2000,3,scale,DR-M3,features,1,0.0,0.0665
coil2000,3,scale,DR-M4,features,1,0.811096,0.2211
coil2000,3,scale,DR-M5,features,1,0.214172,0.0135
coil2000,3,scale,DR-M6,features,0,0.428676,0.181
coil2000,3,scale,DR-M7,features,0,0.01368,0.0564
coil2000,3,scale,DR-M8,errors,0,-0.016,0.0001
coil2000,3,scale,DR-M10,joint,0,0.004082,0.1299
coil2000,3,scale,DR-M12,features,1,0.0,9.464
coil2000,3,scale,DR-M13,features,1,0.0,0.0243
coil2000,3,scale,DR-M14,joint,0,0.072394,0.1226
coil2000,3,scale,DR-C1,errors,0,,0.0008
coil2000,3,scale,DR-C2,errors,1,70.0,0.0003
coil2000,3,scale,DR-C3,errors,0,,0.0007
coil2000,3,scale,DR-C4,errors,0,,0.0003
coil2000,3,scale,DR-C5,errors,0,,0.369
coil2000,3,scale,DR-C6,errors,0,,0.0111
coil2000,3,scale,DR-C7,errors,0,,0.0065
coil2000,3,scale,DR-C9,errors,0,,0.0004
coil2000,3,scale,DR-MV1,joint,1,600.616968,0.0018
coil2000,3,scale,DR-MV2,joint,0,0.036,0.0056
coil2000,3,scale,DR-CV1,joint,1,0.98472,1.4067
coil2000,3,correlation,DR-M1,features,0,0.021888,0.0527
coil2000,3,correlation,DR-M2,features,0,0.151158,0.0112
coil2000,3,correlation,DR-M3,features,0,0.007235,0.0606
coil2000,3,correlation,DR-M4,features,0,0.081379,0.221
coil2000,3,correlation,DR-M5,features,0,0.026393,0.0181
coil2000,3,correlation,DR-M6,features,0,0.171079,0.216
coil2000,3,correlation,DR-M7,features,0,0.018743,0.0603
coil2000,3,correlation,DR-M8,errors,0,0.0,0.0001
coil2000,3,correlation,DR-M10,joint,0,0.0035,0.1365
coil2000,3,correlation,DR-M12,features,0,0.022989,9.8095
coil2000,3,correlation,DR-M13,features,0,0.008376,0.0241
coil2000,3,correlation,DR-M14,joint,0,0.063304,0.1242
coil2000,3,correlation,DR-C1,errors,0,,0.0007
coil2000,3,correlation,DR-C2,errors,1,14.0,0.0002
coil2000,3,correlation,DR-C3,errors,0,,0.0006
coil2000,3,correlation,DR-C4,errors,0,,0.0003
coil2000,3,correlation,DR-C5,errors,0,,0.402
coil2000,3,correlation,DR-C6,errors,0,,0.0123
coil2000,3,correlation,DR-C7,errors,0,,0.0069
coil2000,3,correlation,DR-C9,errors,0,,0.0006
coil2000,3,correlation,DR-MV1,joint,1,496.797183,0.0017
coil2000,3,correlation,DR-MV2,joint,0,0.032,0.0061
coil2000,3,correlation,DR-CV1,joint,1,0.7156,1.4137
coil2000,3,selection,DR-M1,features,1,0.0,0.0849
coil2000,3,selection,DR-M2,features,1,0.423121,0.0169
coil2000,3,selection,DR-M3,features,1,0.0,0.0582
coil2000,3,selection,DR-M4,features,1,0.239402,0.2226
coil2000,3,selection,DR-M5,features,0,0.072193,0.013
coil2000,3,selection,DR-M6,features,0,0.550163,0.1843
coil2000,3,selection,DR-M7,features,1,0.0,0.0504
coil2000,3,selection,DR-M8,errors,0,-0.012,0.0001
coil2000,3,selection,DR-M10,joint,1,0.009347,0.137
coil2000,3,selection,DR-M12,features,1,0.0,9.8888
coil2000,3,selection,DR-M13,features,1,0.0,0.0252
coil2000,3,selection,DR-M14,joint,1,0.156839,0.1355
coil2000,3,selection,DR-C1,errors,0,,0.0008
coil2000,3,selection,DR-C2,errors,0,,0.0003
coil2000,3,selection,DR-C3,errors,0,,0.0006
coil2000,3,selection,DR-C4,errors,0,,0.0004
coil2000,3,selection,DR-C5,errors,0,,0.3595
coil2000,3,selection,DR-C6,errors,0,,0.0112
coil2000,3,selection,DR-C7,errors,0,,0.0061
coil2000,3,selection,DR-C9,errors,0,,0.0004
coil2000,3,selection,DR-MV1,joint,1,233.198129,0.0018
coil2000,3,selection,DR-MV2,joint,0,0.032,0.0058
coil2000,3,selection,DR-CV1,joint,1,0.6026,1.3741
coil2000,3,label_shift,DR-M1,features,0,0.069718,0.0663
coil2000,3,label_shift,DR-M2,features,0,0.134291,0.0111
coil2000,3,label_shift,DR-M3,features,0,0.074503,0.0667
coil2000,3,label_shift,DR-M4,features,0,0.096677,0.2725
coil2000,3,label_shift,DR-M5,features,0,0.018019,0.0139
coil2000,3,label_shift,DR-M6,features,0,0.244467,0.1725
coil2000,3,label_shift,DR-M7,features,0,0.001804,0.0519
coil2000,3,label_shift,DR-M8,errors,1,0.052,0.0001
coil2000,3,label_shift,DR-M10,joint,0,0.003564,0.1391
coil2000,3,label_shift,DR-M12,features,0,0.003498,10.1778
coil2000,3,label_shift,DR-M13,features,0,0.001253,0.026
coil2000,3,label_shift,DR-M14,joint,0,0.071029,0.1276
coil2000,3,label_shift,DR-C1,errors,1,227.0,0.0008
coil2000,3,label_shift,DR-C2,errors,1,36.0,0.0002
coil2000,3,label_shift,DR-C3,errors,0,,0.0006
coil2000,3,label_shift,DR-C4,errors,0,,0.0003
coil2000,3,label_shift,DR-C5,errors,0,,0.3724
coil2000,3,label_shift,DR-C6,errors,0,,0.01
coil2000,3,label_shift,DR-C7,errors,0,,0.0065
coil2000,3,label_shift,DR-C9,errors,0,,0.0005
coil2000,3,label_shift,DR-MV1,joint,1,131.93771,0.0018
coil2000,3,label_shift,DR-MV2,joint,0,0.056,0.0056
coil2000,3,label_shift,DR-CV1,joint,0,0.48586,1.48
coil2000,3,concept,DR-M1,features,0,0.166732,0.0524
coil2000,3,concept,DR-M2,features,0,0.169254,0.0111
coil2000,3,concept,DR-M3,features,0,0.031488,0.0587
coil2000,3,concept,DR-M4,features,0,0.128397,0.2048
coil2000,3,concept,DR-M5,features,0,0.019353,0.0174
coil2000,3,concept,DR-M6,features,0,0.194333,0.1862
coil2000,3,concept,DR-M7,features,0,0.016201,0.0568
coil2000,3,concept,DR-M8,errors,1,0.088,0.0001
coil2000,3,concept,DR-M10,joint,0,0.003916,0.1421
coil2000,3,concept,DR-M12,features,0,0.046477,13.415
coil2000,3,concept,DR-M13,features,0,0.017733,0.0256
coil2000,3,concept,DR-M14,joint,0,0.072005,0.1208
coil2000,3,concept,DR-C1,errors,1,121.0,0.0007
coil2000,3,concept,DR-C2,errors,1,8.0,0.0002
coil2000,3,concept,DR-C3,errors,0,,0.0007
coil2000,3,concept,DR-C4,errors,0,,0.0003
coil2000,3,concept,DR-C5,errors,0,,0.3622
coil2000,3,concept,DR-C6,errors,0,,0.0102
coil2000,3,concept,DR-C7,errors,0,,0.0064
coil2000,3,concept,DR-C9,errors,0,,0.0005
coil2000,3,concept,DR-MV1,joint,1,146.921491,0.0016
coil2000,3,concept,DR-MV2,joint,0,0.024,0.006
coil2000,3,concept,DR-CV1,joint,0,0.52864,1.4417
coil2000,4,none,DR-M1,features,0,0.021888,0.053
coil2000,4,none,DR-M2,features,0,0.096355,0.0109
coil2000,4,none,DR-M3,features,0,0.005672,0.0581
coil2000,4,none,DR-M4,features,0,0.072704,0.2005
coil2000,4,none,DR-M5,features,0,0.016534,0.013
coil2000,4,none,DR-M6,features,0,0.359211,0.1687
coil2000,4,none,DR-M7,features,0,0.002237,0.0609
coil2000,4,none,DR-M8,errors,0,0.0,0.0001
coil2000,4,none,DR-M10,joint,0,0.004481,0.1476
coil2000,4,none,DR-M12,features,0,0.002999,8.4051
coil2000,4,none,DR-M13,features,1,0.0,0.0244
coil2000,4,none,DR-M14,joint,1,0.091179,0.1491
coil2000,4,none,DR-C1,errors,0,,0.0015
coil2000,4,none,DR-C2,errors,0,,0.0007
coil2000,4,none,DR-C3,errors,0,,0.0011
coil2000,4,none,DR-C4,errors,0,,0.0006
coil2000,4,none,DR-C5,errors,0,,0.4128
coil2000,4,none,DR-C6,errors,0,,0.0092
coil2000,4,none,DR-C7,errors,0,,0.006
coil2000,4,none,DR-C9,errors,0,,0.0004
coil2000,4,none,DR-MV1,joint,1,2989.988172,0.0016
coil2000,4,none,DR-MV2,joint,0,0.04,0.0052
coil2000,4,none,DR-CV1,joint,0,0.50728,1.3475
coil2000,4,shift,DR-M1,features,1,0.0,0.053
coil2000,4,shift,DR-M2,features,1,0.493776,0.011
coil2000,4,shift,DR-M3,features,1,0.0,0.0584
coil2000,4,shift,DR-M4,features,1,0.28624,0.2155
coil2000,4,shift,DR-M5,features,0,0.079921,0.0133
coil2000,4,shift,DR-M6,features,0,0.439716,0.1711
coil2000,4,shift,DR-M7,features,1,0.0,0.0606
coil2000,4,shift,DR-M8,errors,0,-0.004,0.0001
coil2000,4,shift,DR-M10,joint,1,0.006292,0.1679
coil2000,4,shift,DR-M12,features,1,0.0,10.4407
coil2000,4,shift,DR-M13,features,1,0.0,0.026
coil2000,4,shift,DR-M14,joint,1,0.105146,0.1469
coil2000,4,shift,DR-C1,errors,0,,0.0008
coil2000,4,shift,DR-C2,errors,0,,0.0003
coil2000,4,shift,DR-C3,errors,0,,0.0007
coil2000,4,shift,DR-C4,errors,0,,0.0003
coil2000,4,shift,DR-C5,errors,0,,0.3792
coil2000,4,shift,DR-C6,errors,0,,0.0095
coil2000,4,shift,DR-C7,errors,0,,0.0061
coil2000,4,shift,DR-C9,errors,0,,0.0006
coil2000,4,shift,DR-MV1,joint,1,171.42057,0.0017
coil2000,4,shift,DR-MV2,joint,0,0.032,0.0059
coil2000,4,shift,DR-CV1,joint,1,0.98256,1.4985
coil2000,4,scale,DR-M1,features,1,0.0,0.0534
coil2000,4,scale,DR-M2,features,1,1.491496,0.0115
coil2000,4,scale,DR-M3,features,1,0.0,0.0576
coil2000,4,scale,DR-M4,features,1,1.023468,0.2326
coil2000,4,scale,DR-M5,features,1,0.178627,0.0138
coil2000,4,scale,DR-M6,features,0,0.418057,0.1744
coil2000,4,scale,DR-M7,features,0,0.004246,0.0598
coil2000,4,scale,DR-M8,errors,0,-0.004,0.0001
coil2000,4,scale,DR-M10,joint,0,0.004621,0.1356
coil2000,4,scale,DR-M12,features,1,1e-06,7.4971
coil2000,4,scale,DR-M13,features,1,0.0,0.0342
coil2000,4,scale,DR-M14,joint,0,0.081886,0.1433
coil2000,4,scale,DR-C1,errors,0,,0.0013
coil2000,4,scale,DR-C2,errors,0,,0.0007
coil2000,4,scale,DR-C3,errors,0,,0.0012
coil2000,4,scale,DR-C4,errors,0,,0.0005
coil2000,4,scale,DR-C5,errors,0,,0.4289
coil2000,4,scale,DR-C6,errors,0,,0.0155
coil2000,4,scale,DR-C7,errors,0,,0.0103
coil2000,4,scale,DR-C9,errors,0,,0.0009
coil2000,4,scale,DR-MV1,joint,1,166.301196,0.0024
coil2000,4,scale,DR-MV2,joint,0,0.024,0.0068
coil2000,4,scale,DR-CV1,joint,1,0.96552,1.5189
coil2000,4,correlation,DR-M1,features,0,0.186802,0.0567
coil2000,4,correlation,DR-M2,features,0,0.153194,0.0115
coil2000,4,correlation,DR-M3,features,0,0.024943,0.0633
coil2000,4,correlation,DR-M4,features,0,0.090363,0.2346
coil2000,4,correlation,DR-M5,features,0,0.022723,0.0144
coil2000,4,correlation,DR-M6,features,0,0.402895,0.1966
coil2000,4,correlation,DR-M7,features,0,0.016117,0.056
coil2000,4,correlation,DR-M8,errors,1,0.02,0.0001
coil2000,4,correlation,DR-M10,joint,0,0.003693,0.1347
coil2000,4,correlation,DR-M12,features,0,0.038481,7.3076
coil2000,4,correlation,DR-M13,features,1,0.0,0.041
coil2000,4,correlation,DR-M14,joint,0,0.070367,0.1342
coil2000,4,correlation,DR-C1,errors,0,,0.0008
coil2000,4,correlation,DR-C2,errors,1,59.0,0.0003
coil2000,4,correlation,DR-C3,errors,0,,0.0006
coil2000,4,correlation,DR-C4,errors,0,,0.0003
coil2000,4,correlation,DR-C5,errors,0,,0.3838
coil2000,4,correlation,DR-C6,errors,0,,0.0087
coil2000,4,correlation,DR-C7,errors,0,,0.006
coil2000,4,correlation,DR-C9,errors,0,,0.0005
coil2000,4,correlation,DR-MV1,joint,1,3671.596801,0.0018
coil2000,4,correlation,DR-MV2,joint,0,0.032,0.0054
coil2000,4,correlation,DR-CV1,joint,1,0.7474,1.5205
coil2000,4,selection,DR-M1,features,1,0.000122,0.0595
coil2000,4,selection,DR-M2,features,0,0.166831,0.0122
coil2000,4,selection,DR-M3,features,0,0.001538,0.0612
coil2000,4,selection,DR-M4,features,0,0.084588,0.2188
coil2000,4,selection,DR-M5,features,0,0.029526,0.0157
coil2000,4,selection,DR-M6,features,0,0.358468,0.2048
coil2000,4,selection,DR-M7,features,1,2e-06,0.0517
coil2000,4,selection,DR-M8,errors,0,-0.016,0.0001
coil2000,4,selection,DR-M10,joint,1,0.005778,0.1656
coil2000,4,selection,DR-M12,features,1,3e-06,7.1903
coil2000,4,selection,DR-M13,features,1,0.0,0.0244
coil2000,4,selection,DR-M14,joint,1,0.098209,0.1106
coil2000,4,selection,DR-C1,errors,0,,0.0007
coil2000,4,selection,DR-C2,errors,0,,0.0003
coil2000,4,selection,DR-C3,errors,0,,0.0006
coil2000,4,selection,DR-C4,errors,0,,0.0003
coil2000,4,selection,DR-C5,errors,0,,0.413
coil2000,4,selection,DR-C6,errors,0,,0.0098
coil2000,4,selection,DR-C7,errors,0,,0.0063
coil2000,4,selection,DR-C9,errors,0,,0.0005
coil2000,4,selection,DR-MV1,joint,1,2818.749423,0.0017
coil2000,4,selection,DR-MV2,joint,0,0.044,0.0057
coil2000,4,selection,DR-CV1,joint,0,0.46592,1.4715
coil2000,4,label_shift,DR-M1,features,0,0.06089,0.0636
coil2000,4,label_shift,DR-M2,features,0,0.10036,0.0109
coil2000,4,label_shift,DR-M3,features,0,0.024624,0.0595
coil2000,4,label_shift,DR-M4,features,0,0.057731,0.2321
coil2000,4,label_shift,DR-M5,features,0,0.017944,0.0152
coil2000,4,label_shift,DR-M6,features,0,0.20558,0.1741
coil2000,4,label_shift,DR-M7,features,0,0.007778,0.0517
coil2000,4,label_shift,DR-M8,errors,1,0.04,0.0001
coil2000,4,label_shift,DR-M10,joint,0,0.003982,0.1566
coil2000,4,label_shift,DR-M12,features,0,0.005497,6.8839
coil2000,4,label_shift,DR-M13,features,1,0.0,0.0263
coil2000,4,label_shift,DR-M14,joint,0,0.068529,0.1244
coil2000,4,label_shift,DR-C1,errors,0,,0.0008
coil2000,4,label_shift,DR-C2,errors,1,134.0,0.0003
coil2000,4,label_shift,DR-C3,errors,0,,0.0007
coil2000,4,label_shift,DR-C4,errors,0,,0.0003
coil2000,4,label_shift,DR-C5,errors,0,,0.4233
coil2000,4,label_shift,DR-C6,errors,0,,0.0089
coil2000,4,label_shift,DR-C7,errors,0,,0.0062
coil2000,4,label_shift,DR-C9,errors,0,,0.0005
coil2000,4,label_shift,DR-MV1,joint,0,98.253748,0.0019
coil2000,4,label_shift,DR-MV2,joint,0,0.036,0.0057
coil2000,4,label_shift,DR-CV1,joint,0,0.46854,1.3632
coil2000,4,concept,DR-M1,features,0,0.102966,0.0554
coil2000,4,concept,DR-M2,features,0,0.112709,0.0149
coil2000,4,concept,DR-M3,features,0,0.022757,0.0646
coil2000,4,concept,DR-M4,features,0,0.077393,0.1971
coil2000,4,concept,DR-M5,features,0,0.019564,0.0212
coil2000,4,concept,DR-M6,features,0,0.223831,0.169
coil2000,4,concept,DR-M7,features,0,0.01135,0.0498
coil2000,4,concept,DR-M8,errors,1,0.132,0.0001
coil2000,4,concept,DR-M10,joint,0,0.003585,0.1295
coil2000,4,concept,DR-M12,features,0,0.016492,7.0871
coil2000,4,concept,DR-M13,features,1,0.0,0.0222
coil2000,4,concept,DR-M14,joint,0,0.067364,0.1176
coil2000,4,concept,DR-C1,errors,1,78.0,0.0006
coil2000,4,concept,DR-C2,errors,1,28.0,0.0003
coil2000,4,concept,DR-C3,errors,0,,0.0006
coil2000,4,concept,DR-C4,errors,0,,0.0003
coil2000,4,concept,DR-C5,errors,0,,0.3832
coil2000,4,concept,DR-C6,errors,0,,0.0086
coil2000,4,concept,DR-C7,errors,0,,0.0062
coil2000,4,concept,DR-C9,errors,0,,0.0005
coil2000,4,concept,DR-MV1,joint,1,2762.86446,0.0016
coil2000,4,concept,DR-MV2,joint,0,0.024,0.0054
coil2000,4,concept,DR-CV1,joint,0,0.50038,1.4489
magic,0,none,DR-M1,features,0,0.102966,0.0075
magic,0,none,DR-M2,features,0,0.056482,0.0031
magic,0,none,DR-M3,features,0,0.426833,0.009
magic,0,none,DR-M4,features,0,0.028974,0.0536
magic,0,none,DR-M5,features,0,0.010135,0.0032
magic,0,none,DR-M6,features,0,0.174685,0.027
magic,0,none,DR-M7,features,0,0.046205,0.0066
magic,0,none,DR-M8,errors,0,0.006,0.0001
magic,0,none,DR-M10,joint,0,0.003382,0.1046
magic,0,none,DR-M12,features,0,0.102001,0.0097
magic,0,none,DR-M13,features,0,0.136804,0.0043
magic,0,none,DR-M14,joint,0,0.022084,0.0967
magic,0,none,DR-C1,errors,0,,0.0008
magic,0,none,DR-C2,errors,0,,0.0004
magic,0,none,DR-C3,errors,0,,0.0006
magic,0,none,DR-C4,errors,0,,0.0003
magic,0,none,DR-C5,errors,0,,0.3856
magic,0,none,DR-C6,errors,0,,0.0078
magic,0,none,DR-C7,errors,0,,0.006
magic,0,none,DR-C9,errors,0,,0.0005
magic,0,none,DR-MV1,joint,1,24.949116,0.0007
magic,0,none,DR-MV2,joint,0,0.056,0.0025
magic,0,none,DR-CV1,joint,0,0.50912,0.8201
magic,0,shift,DR-M1,features,1,9.7e-05,0.0071
magic,0,shift,DR-M2,features,0,0.144239,0.0093
magic,0,shift,DR-M3,features,0,0.006508,0.0093
magic,0,shift,DR-M4,features,0,0.074607,0.0531
magic,0,shift,DR-M5,features,0,0.025671,0.0033
magic,0,shift,DR-M6,features,1,0.340556,0.0276
magic,0,shift,DR-M7,features,1,1.6e-05,0.0067
magic,0,shift,DR-M8,errors,1,0.038,0.0
magic,0,shift,DR-M10,joint,1,0.007802,0.1202
magic,0,shift,DR-M12,features,1,4.2e-05,0.0049
magic,0,shift,DR-M13,features,1,0.0,0.0044
magic,0,shift,DR-M14,joint,1,0.045403,0.1057
magic,0,shift,DR-C1,errors,0,,0.0008
magic,0,shift,DR-C2,errors,1,120.0,0.0003
magic,0,shift,DR-C3,errors,0,,0.0006
magic,0,shift,DR-C4,errors,0,,0.0006
magic,0,shift,DR-C5,errors,0,,0.3851
magic,0,shift,DR-C6,errors,0,,0.0074
magic,0,shift,DR-C7,errors,0,,0.0066
magic,0,shift,DR-C9,errors,0,,0.0005
magic,0,shift,DR-MV1,joint,1,574.347277,0.0008
magic,0,shift,DR-MV2,joint,0,0.032,0.0025
magic,0,shift,DR-CV1,joint,1,0.89384,0.8589
magic,0,scale,DR-M1,features,1,0.000698,0.0095
magic,0,scale,DR-M2,features,1,0.320171,0.0046
magic,0,scale,DR-M3,features,1,0.0,0.0124
magic,0,scale,DR-M4,features,1,0.156874,0.0701
magic,0,scale,DR-M5,features,0,0.056375,0.0035
magic,0,scale,DR-M6,features,1,0.501267,0.0305
magic,0,scale,DR-M7,features,1,0.003932,0.0071
magic,0,scale,DR-M8,errors,0,-0.006,0.0001
magic,0,scale,DR-M10,joint,1,0.011199,0.1177
magic,0,scale,DR-M12,features,1,0.000161,0.0051
magic,0,scale,DR-M13,features,1,0.0,0.0045
magic,0,scale,DR-M14,joint,1,0.054505,0.0993
magic,0,scale,DR-C1,errors,0,,0.0008
magic,0,scale,DR-C2,errors,0,,0.0004
magic,0,scale,DR-C3,errors,0,,0.0006
magic,0,scale,DR-C4,errors,0,,0.0003
magic,0,scale,DR-C5,errors,0,,0.3781
magic,0,scale,DR-C6,errors,0,,0.008
magic,0,scale,DR-C7,errors,0,,0.0057
magic,0,scale,DR-C9,errors,0,,0.0004
magic,0,scale,DR-MV1,joint,1,122.575011,0.0008
magic,0,scale,DR-MV2,joint,0,0.044,0.0023
magic,0,scale,DR-CV1,joint,1,0.8546,0.7896
magic,0,correlation,DR-M1,features,0,0.14841,0.0094
magic,0,correlation,DR-M2,features,0,0.115355,0.0046
magic,0,correlation,DR-M3,features,0,0.03225,0.0097
magic,0,correlation,DR-M4,features,0,0.059903,0.0553
magic,0,correlation,DR-M5,features,0,0.02059,0.0032
magic,0,correlation,DR-M6,features,0,0.141846,0.0272
magic,0,correlation,DR-M7,features,0,0.16291,0.0064
magic,0,correlation,DR-M8,errors,1,0.054,0.0
magic,0,correlation,DR-M10,joint,1,0.013877,0.1414
magic,0,correlation,DR-M12,features,0,0.107266,0.0046
magic,0,correlation,DR-M13,features,0,0.114548,0.0047
magic,0,correlation,DR-M14,joint,1,0.052167,0.1009
magic,0,correlation,DR-C1,errors,0,,0.0008
magic,0,correlation,DR-C2,errors,1,172.0,0.0003
magic,0,correlation,DR-C3,errors,0,,0.0006
magic,0,correlation,DR-C4,errors,0,,0.0003
magic,0,correlation,DR-C5,errors,0,,0.3613
magic,0,correlation,DR-C6,errors,0,,0.0077
magic,0,correlation,DR-C7,errors,0,,0.0057
magic,0,correlation,DR-C9,errors,0,,0.0004
magic,0,correlation,DR-MV1,joint,0,12.281464,0.0008
magic,0,correlation,DR-MV2,joint,1,0.136,0.0023
magic,0,correlation,DR-CV1,joint,1,0.86344,0.801
magic,0,selection,DR-M1,features,1,0.0,0.0089
magic,0,selection,DR-M2,features,1,0.278769,0.003
magic,0,selection,DR-M3,features,1,4e-06,0.009
magic,0,selection,DR-M4,features,1,0.149652,0.0617
magic,0,selection,DR-M5,features,0,0.048877,0.0033
magic,0,selection,DR-M6,features,1,0.422876,0.0279
magic,0,selection,DR-M7,features,1,0.0,0.0091
magic,0,selection,DR-M8,errors,1,0.086,0.0001
magic,0,selection,DR-M10,joint,1,0.018153,0.1201
magic,0,selection,DR-M12,features,1,0.0,0.0097
magic,0,selection,DR-M13,features,1,0.0,0.0051
magic,0,selection,DR-M14,joint,1,0.128016,0.102
magic,0,selection,DR-C1,errors,0,,0.0008
magic,0,selection,DR-C2,errors,1,133.0,0.0005
magic,0,selection,DR-C3,errors,0,,0.0007
magic,0,selection,DR-C4,errors,0,,0.0003
magic,0,selection,DR-C5,errors,0,,0.3694
magic,0,selection,DR-C6,errors,0,,0.0079
magic,0,selection,DR-C7,errors,0,,0.0061
magic,0,selection,DR-C9,errors,0,,0.0005
magic,0,selection,DR-MV1,joint,1,42.592356,0.0008
magic,0,selection,DR-MV2,joint,0,0.024,0.0023
magic,0,selection,DR-CV1,joint,0,0.53792,0.7898
magic,0,label_shift,DR-M1,features,1,0.001283,0.0088
magic,0,label_shift,DR-M2,features,0,0.140328,0.0045
magic,0,label_shift,DR-M3,features,0,0.008214,0.0119
magic,0,label_shift,DR-M4,features,0,0.072588,0.0609
magic,0,label_shift,DR-M5,features,0,0.024956,0.0032
magic,0,label_shift,DR-M6,features,1,0.288241,0.0302
magic,0,label_shift,DR-M7,features,1,0.000346,0.0069
magic,0,label_shift,DR-M8,errors,0,0.01,0.0001
magic,0,label_shift,DR-M10,joint,1,0.008102,0.1127
magic,0,label_shift,DR-M12,features,1,0.000833,0.0102
magic,0,label_shift,DR-M13,features,1,0.0,0.0052
magic,0,label_shift,DR-M14,joint,1,0.044649,0.1108
magic,0,label_shift,DR-C1,errors,0,,0.0008
magic,0,label_shift,DR-C2,errors,1,129.0,0.0003
magic,0,label_shift,DR-C3,errors,0,,0.0007
magic,0,label_shift,DR-C4,errors,0,,0.0005
magic,0,label_shift,DR-C5,errors,0,,0.3681
magic,0,label_shift,DR-C6,errors,0,,0.0078
magic,0,label_shift,DR-C7,errors,0,,0.0061
magic,0,label_shift,DR-C9,errors,0,,0.0005
magic,0,label_shift,DR-MV1,joint,1,35.76857,0.0009
magic,0,label_shift,DR-MV2,joint,0,0.052,0.0025
magic,0,label_shift,DR-CV1,joint,0,0.51124,0.8698
magic,0,concept,DR-M1,features,0,0.13174,0.0076
magic,0,concept,DR-M2,features,0,0.098112,0.0031
magic,0,concept,DR-M3,features,0,0.066847,0.0135
magic,0,concept,DR-M4,features,0,0.04971,0.0617
magic,0,concept,DR-M5,features,0,0.017579,0.0035
magic,0,concept,DR-M6,features,0,0.150961,0.0282
magic,0,concept,DR-M7,features,0,0.086988,0.0066
magic,0,concept,DR-M8,errors,1,0.098,0.0001
magic,0,concept,DR-M10,joint,0,0.003065,0.1124
magic,0,concept,DR-M12,features,0,0.060755,0.0049
magic,0,concept,DR-M13,features,0,0.065054,0.0046
magic,0,concept,DR-M14,joint,0,0.020559,0.1091
magic,0,concept,DR-C1,errors,1,210.0,0.0007
magic,0,concept,DR-C2,errors,1,85.0,0.0003
magic,0,concept,DR-C3,errors,0,,0.0006
magic,0,concept,DR-C4,errors,0,,0.0003
magic,0,concept,DR-C5,errors,0,,0.365
magic,0,concept,DR-C6,errors,0,,0.0076
magic,0,concept,DR-C7,errors,0,,0.0058
magic,0,concept,DR-C9,errors,0,,0.0005
magic,0,concept,DR-MV1,joint,0,7.791273,0.0008
magic,0,concept,DR-MV2,joint,0,0.032,0.0023
magic,0,concept,DR-CV1,joint,0,0.51958,0.825
magic,1,none,DR-M1,features,1,0.004835,0.0085
magic,1,none,DR-M2,features,0,0.126272,0.003
magic,1,none,DR-M3,features,0,0.023531,0.0089
magic,1,none,DR-M4,features,0,0.067065,0.0581
magic,1,none,DR-M5,features,0,0.022188,0.0035
magic,1,none,DR-M6,features,0,0.203824,0.0342
magic,1,none,DR-M7,features,0,0.007655,0.0066
magic,1,none,DR-M8,errors,0,-0.022,0.0001
magic,1,none,DR-M10,joint,1,0.007984,0.1179
magic,1,none,DR-M12,features,0,0.011223,0.0096
magic,1,none,DR-M13,features,0,0.010316,0.0061
magic,1,none,DR-M14,joint,1,0.054827,0.1018
magic,1,none,DR-C1,errors,0,,0.0008
magic,1,none,DR-C2,errors,0,,0.0004
magic,1,none,DR-C3,errors,0,,0.0006
magic,1,none,DR-C4,errors,0,,0.0003
magic,1,none,DR-C5,errors,0,,0.3813
magic,1,none,DR-C6,errors,0,,0.0075
magic,1,none,DR-C7,errors,0,,0.0057
magic,1,none,DR-C9,errors,0,,0.0006
magic,1,none,DR-MV1,joint,0,15.749065,0.0008
magic,1,none,DR-MV2,joint,0,0.032,0.0025
magic,1,none,DR-CV1,joint,0,0.52652,0.7926
magic,1,shift,DR-M1,features,1,0.0,0.0083
magic,1,shift,DR-M2,features,1,2.206298,0.0043
magic,1,shift,DR-M3,features,1,0.0,0.0095
magic,1,shift,DR-M4,features,1,1.835058,0.0598
magic,1,shift,DR-M5,features,1,0.174309,0.0034
magic,1,shift,DR-M6,features,1,0.401519,0.0296
magic,1,shift,DR-M7,features,1,0.0,0.007
magic,1,shift,DR-M8,errors,0,0.006,0.0001
magic,1,shift,DR-M10,joint,1,0.012793,0.1111
magic,1,shift,DR-M12,features,1,0.0,0.0127
magic,1,shift,DR-M13,features,1,0.0,0.005
magic,1,shift,DR-M14,joint,1,0.071652,0.1029
magic,1,shift,DR-C1,errors,0,,0.0008
magic,1,shift,DR-C2,errors,1,162.0,0.0003
magic,1,shift,DR-C3,errors,0,,0.0006
magic,1,shift,DR-C4,errors,0,,0.0003
magic,1,shift,DR-C5,errors,0,,0.3642
magic,1,shift,DR-C6,errors,0,,0.0071
magic,1,shift,DR-C7,errors,0,,0.0057
magic,1,shift,DR-C9,errors,0,,0.0004
magic,1,shift,DR-MV1,joint,1,46.980073,0.0008
magic,1,shift,DR-MV2,joint,0,0.044,0.0023
magic,1,shift,DR-CV1,joint,1,0.69636,0.7509
magic,1,scale,DR-M1,features,1,0.0,0.0081
magic,1,scale,DR-M2,features,1,0.532384,0.0032
magic,1,scale,DR-M3,features,1,0.0,0.0088
magic,1,scale,DR-M4,features,1,0.261245,0.0576
magic,1,scale,DR-M5,features,0,0.09215,0.0035
magic,1,scale,DR-M6,features,1,0.526004,0.0307
magic,1,scale,DR-M7,features,1,0.000421,0.0134
magic,1,scale,DR-M8,errors,0,0.014,0.0001
magic,1,scale,DR-M10,joint,1,0.009743,0.1225
magic,1,scale,DR-M12,features,1,8e-06,0.0065
magic,1,scale,DR-M13,features,1,0.0,0.0044
magic,1,scale,DR-M14,joint,1,0.0611,0.1048
magic,1,scale,DR-C1,errors,0,,0.0008
magic,1,scale,DR-C2,errors,1,156.0,0.0003
magic,1,scale,DR-C3,errors,0,,0.0007
magic,1,scale,DR-C4,errors,0,,0.0003
magic,1,scale,DR-C5,errors,0,,0.3716
magic,1,scale,DR-C6,errors,0,,0.0077
magic,1,scale,DR-C7,errors,0,,0.0064
magic,1,scale,DR-C9,errors,0,,0.0005
magic,1,scale,DR-MV1,joint,1,37.124431,0.0009
magic,1,scale,DR-MV2,joint,1,0.076,0.0025
magic,1,scale,DR-CV1,joint,1,0.74232,0.7923
magic,1,correlation,DR-M1,features,0,0.13174,0.0077
magic,1,correlation,DR-M2,features,0,0.122172,0.0032
magic,1,correlation,DR-M3,features,0,0.033252,0.0122
magic,1,correlation,DR-M4,features,0,0.06629,0.0638
magic,1,correlation,DR-M5,features,0,0.021495,0.0033
magic,1,correlation,DR-M6,features,0,0.162663,0.0276
magic,1,correlation,DR-M7,features,0,0.032378,0.0074
magic,1,correlation,DR-M8,errors,0,-0.022,0.0001
magic,1,correlation,DR-M10,joint,1,0.013965,0.1132
magic,1,correlation,DR-M12,features,0,0.091517,0.0051
magic,1,correlation,DR-M13,features,0,0.067032,0.0042
magic,1,correlation,DR-M14,joint,1,0.05718,0.1088
magic,1,correlation,DR-C1,errors,0,,0.0008
magic,1,correlation,DR-C2,errors,1,171.0,0.0004
magic,1,correlation,DR-C3,errors,0,,0.0006
magic,1,correlation,DR-C4,errors,0,,0.0003
magic,1,correlation,DR-C5,errors,0,,0.4033
magic,1,correlation,DR-C6,errors,0,,0.0101
magic,1,correlation,DR-C7,errors,0,,0.0068
magic,1,correlation,DR-C9,errors,0,,0.0005
magic,1,correlation,DR-MV1,joint,0,8.9013,0.0008
magic,1,correlation,DR-MV2,joint,1,0.216,0.0025
magic,1,correlation,DR-CV1,joint,1,0.84432,0.8007
magic,1,selection,DR-M1,features,1,0.0,0.0093
magic,1,selection,DR-M2,features,1,0.58148,0.0032
magic,1,selection,DR-M3,features,1,0.0,0.0093
magic,1,selection,DR-M4,features,1,0.27671,0.069
magic,1,selection,DR-M5,features,1,0.101085,0.0033
magic,1,selection,DR-M6,features,1,0.800312,0.0316
magic,1,selection,DR-M7,features,1,0.0,0.0065
magic,1,selection,DR-M8,errors,0,0.002,0.0001
magic,1,selection,DR-M10,joint,1,0.043401,0.1227
magic,1,selection,DR-M12,features,1,0.0,0.0103
magic,1,selection,DR-M13,features,1,0.0,0.0053
magic,1,selection,DR-M14,joint,1,0.243284,0.1012
magic,1,selection,DR-C1,errors,0,,0.0008
magic,1,selection,DR-C2,errors,1,134.0,0.0003
magic,1,selection,DR-C3,errors,0,,0.0006
magic,1,selection,DR-C4,errors,0,,0.0003
magic,1,selection,DR-C5,errors,0,,0.3846
magic,1,selection,DR-C6,errors,0,,0.0069
magic,1,selection,DR-C7,errors,0,,0.0059
magic,1,selection,DR-C9,errors,0,,0.0005
magic,1,selection,DR-MV1,joint,1,122.250731,0.0008
magic,1,selection,DR-MV2,joint,1,0.076,0.0024
magic,1,selection,DR-CV1,joint,0,0.58568,0.8023
magic,1,label_shift,DR-M1,features,1,0.000459,0.0076
magic,1,label_shift,DR-M2,features,0,0.149412,0.0032
magic,1,label_shift,DR-M3,features,1,0.003753,0.0095
magic,1,label_shift,DR-M4,features,0,0.075355,0.0559
magic,1,label_shift,DR-M5,features,0,0.026685,0.0049
magic,1,label_shift,DR-M6,features,0,0.262186,0.0289
magic,1,label_shift,DR-M7,features,1,0.000959,0.0069
magic,1,label_shift,DR-M8,errors,0,0.006,0.0001
magic,1,label_shift,DR-M10,joint,1,0.008166,0.1247
magic,1,label_shift,DR-M12,features,1,0.000122,0.0092
magic,1,label_shift,DR-M13,features,1,0.0,0.0045
magic,1,label_shift,DR-M14,joint,1,0.045499,0.1003
magic,1,label_shift,DR-C1,errors,0,,0.0008
magic,1,label_shift,DR-C2,errors,1,141.0,0.0004
magic,1,label_shift,DR-C3,errors,0,,0.0006
magic,1,label_shift,DR-C4,errors,0,,0.0003
magic,1,label_shift,DR-C5,errors,0,,0.3582
magic,1,label_shift,DR-C6,errors,0,,0.0074
magic,1,label_shift,DR-C7,errors,0,,0.0057
magic,1,label_shift,DR-C9,errors,0,,0.0005
magic,1,label_shift,DR-MV1,joint,1,24.433986,0.0007
magic,1,label_shift,DR-MV2,joint,0,0.044,0.0025
magic,1,label_shift,DR-CV1,joint,0,0.55796,0.7867
magic,1,concept,DR-M1,features,0,0.029718,0.0098
magic,1,concept,DR-M2,features,0,0.134624,0.0031
magic,1,concept,DR-M3,features,0,0.010384,0.0193
magic,1,concept,DR-M4,features,0,0.068862,0.071
magic,1,concept,DR-M5,features,0,0.023957,0.0041
magic,1,concept,DR-M6,features,0,0.170787,0.0303
magic,1,concept,DR-M7,features,0,0.03814,0.0077
magic,1,concept,DR-M8,errors,1,0.086,0.0001
magic,1,concept,DR-M10,joint,1,0.006136,0.1139
magic,1,concept,DR-M12,features,0,0.010532,0.0093
magic,1,concept,DR-M13,features,0,0.011606,0.0054
magic,1,concept,DR-M14,joint,0,0.035903,0.1069
magic,1,concept,DR-C1,errors,1,72.0,0.0006
magic,1,concept,DR-C2,errors,1,76.0,0.0004
magic,1,concept,DR-C3,errors,0,,0.0007
magic,1,concept,DR-C4,errors,0,,0.0004
magic,1,concept,DR-C5,errors,0,,0.3623
magic,1,concept,DR-C6,errors,0,,0.008
magic,1,concept,DR-C7,errors,0,,0.0072
magic,1,concept,DR-C9,errors,0,,0.0006
magic,1,concept,DR-MV1,joint,0,10.476129,0.0008
magic,1,concept,DR-MV2,joint,0,0.016,0.0024
magic,1,concept,DR-CV1,joint,0,0.47444,0.8528
magic,2,none,DR-M1,features,0,0.166732,0.0077
magic,2,none,DR-M2,features,0,0.073161,0.0046
magic,2,none,DR-M3,features,0,0.260074,0.0091
magic,2,none,DR-M4,features,0,0.038989,0.0549
magic,2,none,DR-M5,features,0,0.013027,0.0034
magic,2,none,DR-M6,features,0,0.143846,0.0288
magic,2,none,DR-M7,features,0,0.181311,0.0064
magic,2,none,DR-M8,errors,0,-0.014,0.0001
magic,2,none,DR-M10,joint,0,0.002734,0.1117
magic,2,none,DR-M12,features,0,0.112066,0.0104
magic,2,none,DR-M13,features,0,0.095287,0.0041
magic,2,none,DR-M14,joint,0,0.018316,0.0982
magic,2,none,DR-C1,errors,0,,0.0008
magic,2,none,DR-C2,errors,1,196.0,0.0003
magic,2,none,DR-C3,errors,0,,0.0006
magic,2,none,DR-C4,errors,0,,0.0003
magic,2,none,DR-C5,errors,0,,0.3503
magic,2,none,DR-C6,errors,0,,0.0075
magic,2,none,DR-C7,errors,0,,0.0057
magic,2,none,DR-C9,errors,0,,0.0005
magic,2,none,DR-MV1,joint,0,5.813004,0.0007
magic,2,none,DR-MV2,joint,0,0.048,0.0026
magic,2,none,DR-CV1,joint,0,0.48508,0.7861
magic,2,shift,DR-M1,features,1,9.7e-05,0.0077
magic,2,shift,DR-M2,features,0,0.154274,0.0033
magic,2,shift,DR-M3,features,1,0.003875,0.0107
magic,2,shift,DR-M4,features,0,0.080171,0.0664
magic,2,shift,DR-M5,features,0,0.027432,0.0035
magic,2,shift,DR-M6,features,1,0.356754,0.0414
magic,2,shift,DR-M7,features,1,8e-06,0.0076
magic,2,shift,DR-M8,errors,0,-0.022,0.0001
magic,2,shift,DR-M10,joint,1,0.008735,0.1226
magic,2,shift,DR-M12,features,1,1.4e-05,0.0082
magic,2,shift,DR-M13,features,1,0.0,0.0046
magic,2,shift,DR-M14,joint,1,0.057818,0.1218
magic,2,shift,DR-C1,errors,0,,0.0013
magic,2,shift,DR-C2,errors,1,197.0,0.0006
magic,2,shift,DR-C3,errors,0,,0.0012
magic,2,shift,DR-C4,errors,0,,0.0006
magic,2,shift,DR-C5,errors,0,,0.4241
magic,2,shift,DR-C6,errors,0,,0.008
magic,2,shift,DR-C7,errors,0,,0.0056
magic,2,shift,DR-C9,errors,0,,0.0004
magic,2,shift,DR-MV1,joint,1,105.992668,0.0008
magic,2,shift,DR-MV2,joint,0,0.052,0.0024
magic,2,shift,DR-CV1,joint,1,0.63332,0.8253
magic,2,scale,DR-M1,features,0,0.008196,0.0121
magic,2,scale,DR-M2,features,0,0.249365,0.0034
magic,2,scale,DR-M3,features,1,3e-06,0.0138
magic,2,scale,DR-M4,features,1,0.11827,0.06
magic,2,scale,DR-M5,features,0,0.044181,0.0034
magic,2,scale,DR-M6,features,1,0.370166,0.0275
magic,2,scale,DR-M7,features,0,0.016747,0.0066
magic,2,scale,DR-M8,errors,0,-0.05,0.0
magic,2,scale,DR-M10,joint,1,0.007762,0.1369
magic,2,scale,DR-M12,features,1,0.002441,0.009
magic,2,scale,DR-M13,features,1,0.0,0.0076
magic,2,scale,DR-M14,joint,1,0.039535,0.1391
magic,2,scale,DR-C1,errors,0,,0.0008
magic,2,scale,DR-C2,errors,0,,0.0004
magic,2,scale,DR-C3,errors,0,,0.0006
magic,2,scale,DR-C4,errors,0,,0.0003
magic,2,scale,DR-C5,errors,0,,0.3803
magic,2,scale,DR-C6,errors,0,,0.0081
magic,2,scale,DR-C7,errors,0,,0.006
magic,2,scale,DR-C9,errors,0,,0.0005
magic,2,scale,DR-MV1,joint,1,24.344071,0.001
magic,2,scale,DR-MV2,joint,0,0.064,0.0026
magic,2,scale,DR-CV1,joint,1,0.69388,0.8858
magic,2,correlation,DR-M1,features,0,0.015948,0.0078
magic,2,correlation,DR-M2,features,0,0.156855,0.0032
magic,2,correlation,DR-M3,features,1,0.003135,0.0092
magic,2,correlation,DR-M4,features,0,0.081128,0.0531
magic,2,correlation,DR-M5,features,0,0.027907,0.0042
magic,2,correlation,DR-M6,features,0,0.20297,0.0274
magic,2,correlation,DR-M7,features,0,0.007301,0.0065
magic,2,correlation,DR-M8,errors,0,-0.01,0.0001
magic,2,correlation,DR-M10,joint,1,0.014432,0.1189
magic,2,correlation,DR-M12,features,0,0.012691,0.009
magic,2,correlation,DR-M13,features,0,0.015466,0.0045
magic,2,correlation,DR-M14,joint,1,0.059327,0.1064
magic,2,correlation,DR-C1,errors,0,,0.0008
magic,2,correlation,DR-C2,errors,1,212.0,0.0004
magic,2,correlation,DR-C3,errors,0,,0.0006
magic,2,correlation,DR-C4,errors,0,,0.0003
magic,2,correlation,DR-C5,errors,0,,0.4543
magic,2,correlation,DR-C6,errors,0,,0.0076
magic,2,correlation,DR-C7,errors,0,,0.0057
magic,2,correlation,DR-C9,errors,0,,0.0005
magic,2,correlation,DR-MV1,joint,1,19.857977,0.0009
magic,2,correlation,DR-MV2,joint,1,0.176,0.0025
magic,2,correlation,DR-CV1,joint,1,0.85636,0.8644
magic,2,selection,DR-M1,features,1,0.0,0.0108
magic,2,selection,DR-M2,features,1,0.71891,0.0031
magic,2,selection,DR-M3,features,1,0.0,0.0091
magic,2,selection,DR-M4,features,1,0.382999,0.0594
magic,2,selection,DR-M5,features,1,0.117276,0.0033
magic,2,selection,DR-M6,features,1,0.86446,0.0277
magic,2,selection,DR-M7,features,1,0.0,0.0068
magic,2,selection,DR-M8,errors,0,-0.046,0.0001
magic,2,selection,DR-M10,joint,1,0.060617,0.1274
magic,2,selection,DR-M12,features,1,0.0,0.0113
magic,2,selection,DR-M13,features,1,0.0,0.0077
magic,2,selection,DR-M14,joint,1,0.485788,0.1318
magic,2,selection,DR-C1,errors,0,,0.0007
magic,2,selection,DR-C2,errors,1,236.0,0.0004
magic,2,selection,DR-C3,errors,0,,0.0006
magic,2,selection,DR-C4,errors,0,,0.0003
magic,2,selection,DR-C5,errors,0,,0.3953
magic,2,selection,DR-C6,errors,0,,0.0081
magic,2,selection,DR-C7,errors,0,,0.0055
magic,2,selection,DR-C9,errors,0,,0.0004
magic,2,selection,DR-MV1,joint,1,140.113073,0.0008
magic,2,selection,DR-MV2,joint,1,0.112,0.0023
magic,2,selection,DR-CV1,joint,1,0.64696,0.7768
magic,2,label_shift,DR-M1,features,0,0.009719,0.0082
magic,2,label_shift,DR-M2,features,0,0.151974,0.003
magic,2,label_shift,DR-M3,features,1,0.003967,0.0093
magic,2,label_shift,DR-M4,features,0,0.078261,0.0543
magic,2,label_shift,DR-M5,features,0,0.027083,0.0036
magic,2,label_shift,DR-M6,features,0,0.283082,0.0279
magic,2,label_shift,DR-M7,features,1,0.001064,0.0068
magic,2,label_shift,DR-M8,errors,0,-0.022,0.0001
magic,2,label_shift,DR-M10,joint,1,0.008399,0.1141
magic,2,label_shift,DR-M12,features,0,0.020082,0.0052
magic,2,label_shift,DR-M13,features,0,0.00858,0.0051
magic,2,label_shift,DR-M14,joint,1,0.062809,0.107
magic,2,label_shift,DR-C1,errors,0,,0.0007
magic,2,label_shift,DR-C2,errors,1,208.0,0.0004
magic,2,label_shift,DR-C3,errors,0,,0.0006
magic,2,label_shift,DR-C4,errors,0,,0.0003
magic,2,label_shift,DR-C5,errors,0,,0.3737
magic,2,label_shift,DR-C6,errors,0,,0.0083
magic,2,label_shift,DR-C7,errors,0,,0.0056
magic,2,label_shift,DR-C9,errors,0,,0.0005
magic,2,label_shift,DR-MV1,joint,1,30.54323,0.0008
magic,2,label_shift,DR-MV2,joint,1,0.08,0.003
magic,2,label_shift,DR-CV1,joint,0,0.54132,0.7931
magic,2,concept,DR-M1,features,0,0.116626,0.0078
magic,2,concept,DR-M2,features,0,0.076638,0.0035
magic,2,concept,DR-M3,features,0,0.219405,0.01
magic,2,concept,DR-M4,features,0,0.040522,0.0569
magic,2,concept,DR-M5,features,0,0.013673,0.0034
magic,2,concept,DR-M6,features,0,0.189765,0.028
magic,2,concept,DR-M7,features,0,0.066167,0.0069
magic,2,concept,DR-M8,errors,1,0.09,0.0001
magic,2,concept,DR-M10,joint,0,0.003803,0.1102
magic,2,concept,DR-M12,features,0,0.052328,0.0095
magic,2,concept,DR-M13,features,0,0.028432,0.0041
magic,2,concept,DR-M14,joint,0,0.024583,0.0942
magic,2,concept,DR-C1,errors,0,,0.0008
magic,2,concept,DR-C2,errors,1,95.0,0.0003
magic,2,concept,DR-C3,errors,0,,0.0007
magic,2,concept,DR-C4,errors,0,,0.0003
magic,2,concept,DR-C5,errors,0,,0.3622
magic,2,concept,DR-C6,errors,1,44.0,0.0063
magic,2,concept,DR-C7,errors,1,48.0,0.0049
magic,2,concept,DR-C9,errors,0,,0.0005
magic,2,concept,DR-MV1,joint,0,9.535839,0.0008
magic,2,concept,DR-MV2,joint,0,0.072,0.0023
magic,2,concept,DR-CV1,joint,0,0.53536,0.7782
magic,3,none,DR-M1,features,0,0.025539,0.0074
magic,3,none,DR-M2,features,0,0.099403,0.0031
magic,3,none,DR-M3,features,0,0.0796,0.0089
magic,3,none,DR-M4,features,0,0.052305,0.0615
magic,3,none,DR-M5,features,0,0.017653,0.0032
magic,3,none,DR-M6,features,0,0.128668,0.0277
magic,3,none,DR-M7,features,0,0.153705,0.0064
magic,3,none,DR-M8,errors,0,-0.014,0.0001
magic,3,none,DR-M10,joint,0,0.003298,0.1133
magic,3,none,DR-M12,features,0,0.049534,0.0104
magic,3,none,DR-M13,features,0,0.081205,0.0047
magic,3,none,DR-M14,joint,0,0.02119,0.1034
magic,3,none,DR-C1,errors,0,,0.0008
magic,3,none,DR-C2,errors,1,144.0,0.0003
magic,3,none,DR-C3,errors,0,,0.0006
magic,3,none,DR-C4,errors,0,,0.0003
magic,3,none,DR-C5,errors,0,,0.4069
magic,3,none,DR-C6,errors,0,,0.0121
magic,3,none,DR-C7,errors,0,,0.006
magic,3,none,DR-C9,errors,0,,0.0009
magic,3,none,DR-MV1,joint,0,10.330606,0.0008
magic,3,none,DR-MV2,joint,0,0.052,0.0026
magic,3,none,DR-CV1,joint,0,0.53056,0.8527
magic,3,shift,DR-M1,features,1,0.000298,0.0081
magic,3,shift,DR-M2,features,0,0.161387,0.003
magic,3,shift,DR-M3,features,1,0.002674,0.0092
magic,3,shift,DR-M4,features,0,0.08385,0.0553
magic,3,shift,DR-M5,features,0,0.028545,0.0033
magic,3,shift,DR-M6,features,1,0.306425,0.037
magic,3,shift,DR-M7,features,1,9.1e-05,0.0068
magic,3,shift,DR-M8,errors,0,-0.014,0.0001
magic,3,shift,DR-M10,joint,1,0.009135,0.1243
magic,3,shift,DR-M12,features,1,8.6e-05,0.0097
magic,3,shift,DR-M13,features,1,0.0,0.0043
magic,3,shift,DR-M14,joint,1,0.052576,0.1089
magic,3,shift,DR-C1,errors,0,,0.0008
magic,3,shift,DR-C2,errors,1,174.0,0.0003
magic,3,shift,DR-C3,errors,0,,0.0006
magic,3,shift,DR-C4,errors,0,,0.0003
magic,3,shift,DR-C5,errors,0,,0.3721
magic,3,shift,DR-C6,errors,0,,0.0079
magic,3,shift,DR-C7,errors,0,,0.006
magic,3,shift,DR-C9,errors,0,,0.0004
magic,3,shift,DR-MV1,joint,1,385.750505,0.0007
magic,3,shift,DR-MV2,joint,0,0.06,0.0024
magic,3,shift,DR-CV1,joint,1,0.83636,0.8247
magic,3,scale,DR-M1,features,0,0.013558,0.0084
magic,3,scale,DR-M2,features,0,0.202984,0.0032
magic,3,scale,DR-M3,features,1,7.6e-05,0.0091
magic,3,scale,DR-M4,features,0,0.09746,0.0553
magic,3,scale,DR-M5,features,0,0.036062,0.0033
magic,3,scale,DR-M6,features,1,0.378618,0.0273
magic,3,scale,DR-M7,features,0,0.037353,0.0097
magic,3,scale,DR-M8,errors,1,0.038,0.0001
magic,3,scale,DR-M10,joint,1,0.006456,0.1292
magic,3,scale,DR-M12,features,0,0.005277,0.0079
magic,3,scale,DR-M13,features,1,0.0,0.0041
magic,3,scale,DR-M14,joint,0,0.03554,0.0898
magic,3,scale,DR-C1,errors,0,,0.0008
magic,3,scale,DR-C2,errors,1,138.0,0.0003
magic,3,scale,DR-C3,errors,0,,0.0006
magic,3,scale,DR-C4,errors,0,,0.0003
magic,3,scale,DR-C5,errors,0,,0.3505
magic,3,scale,DR-C6,errors,0,,0.0074
magic,3,scale,DR-C7,errors,0,,0.0059
magic,3,scale,DR-C9,errors,0,,0.0005
magic,3,scale,DR-MV1,joint,1,58.470179,0.0007
magic,3,scale,DR-MV2,joint,1,0.08,0.0029
magic,3,scale,DR-CV1,joint,1,0.76916,0.7802
magic,3,correlation,DR-M1,features,0,0.09066,0.0074
magic,3,correlation,DR-M2,features,0,0.104695,0.0035
magic,3,correlation,DR-M3,features,0,0.059459,0.0088
magic,3,correlation,DR-M4,features,0,0.054776,0.0534
magic,3,correlation,DR-M5,features,0,0.018606,0.0035
magic,3,correlation,DR-M6,features,0,0.127013,0.0298
magic,3,correlation,DR-M7,features,0,0.255402,0.0071
magic,3,correlation,DR-M8,errors,1,0.03,0.0001
magic,3,correlation,DR-M10,joint,1,0.01587,0.1131
magic,3,correlation,DR-M12,features,0,0.118683,0.013
magic,3,correlation,DR-M13,features,0,0.135573,0.0042
magic,3,correlation,DR-M14,joint,1,0.060251,0.1019
magic,3,correlation,DR-C1,errors,0,,0.0008
magic,3,correlation,DR-C2,errors,1,119.0,0.0003
magic,3,correlation,DR-C3,errors,0,,0.0007
magic,3,correlation,DR-C4,errors,0,,0.0003
magic,3,correlation,DR-C5,errors,0,,0.4059
magic,3,correlation,DR-C6,errors,0,,0.0117
magic,3,correlation,DR-C7,errors,0,,0.0095
magic,3,correlation,DR-C9,errors,0,,0.0008
magic,3,correlation,DR-MV1,joint,0,10.115944,0.001
magic,3,correlation,DR-MV2,joint,1,0.252,0.0033
magic,3,correlation,DR-CV1,joint,1,0.87204,0.7785
magic,3,selection,DR-M1,features,1,1.4e-05,0.0089
magic,3,selection,DR-M2,features,0,0.233751,0.003
magic,3,selection,DR-M3,features,1,1.1e-05,0.0092
magic,3,selection,DR-M4,features,1,0.111924,0.0541
magic,3,selection,DR-M5,features,0,0.041184,0.0034
magic,3,selection,DR-M6,features,1,0.499825,0.0272
magic,3,selection,DR-M7,features,1,0.0,0.0074
magic,3,selection,DR-M8,errors,0,0.006,0.0
magic,3,selection,DR-M10,joint,1,0.025993,0.1159
magic,3,selection,DR-M12,features,1,0.0,0.0253
magic,3,selection,DR-M13,features,1,0.0,0.005
magic,3,selection,DR-M14,joint,1,0.165326,0.0957
magic,3,selection,DR-C1,errors,0,,0.0007
magic,3,selection,DR-C2,errors,1,133.0,0.0003
magic,3,selection,DR-C3,errors,0,,0.0006
magic,3,selection,DR-C4,errors,0,,0.0003
magic,3,selection,DR-C5,errors,0,,0.4213
magic,3,selection,DR-C6,errors,0,,0.0076
magic,3,selection,DR-C7,errors,0,,0.0096
magic,3,selection,DR-C9,errors,0,,0.0005
magic,3,selection,DR-MV1,joint,1,54.834886,0.0008
magic,3,selection,DR-MV2,joint,0,0.056,0.0023
magic,3,selection,DR-CV1,joint,0,0.5519,0.7892
magic,3,label_shift,DR-M1,features,1,0.001283,0.0079
magic,3,label_shift,DR-M2,features,0,0.139202,0.0035
magic,3,label_shift,DR-M3,features,0,0.012385,0.0089
magic,3,label_shift,DR-M4,features,0,0.074547,0.0538
magic,3,label_shift,DR-M5,features,0,0.02454,0.0038
magic,3,label_shift,DR-M6,features,1,0.252128,0.0289
magic,3,label_shift,DR-M7,features,1,0.001702,0.007
magic,3,label_shift,DR-M8,errors,1,0.074,0.0001
magic,3,label_shift,DR-M10,joint,1,0.007636,0.1181
magic,3,label_shift,DR-M12,features,1,0.001403,0.0142
magic,3,label_shift,DR-M13,features,1,0.002024,0.0046
magic,3,label_shift,DR-M14,joint,1,0.040703,0.0986
magic,3,label_shift,DR-C1,errors,1,103.0,0.0008
magic,3,label_shift,DR-C2,errors,1,93.0,0.0003
magic,3,label_shift,DR-C3,errors,0,,0.0007
magic,3,label_shift,DR-C4,errors,0,,0.0003
magic,3,label_shift,DR-C5,errors,0,,0.3694
magic,3,label_shift,DR-C6,errors,0,,0.0074
magic,3,label_shift,DR-C7,errors,0,,0.006
magic,3,label_shift,DR-C9,errors,0,,0.0005
magic,3,label_shift,DR-MV1,joint,0,15.2223,0.0007
magic,3,label_shift,DR-MV2,joint,0,0.056,0.0024
magic,3,label_shift,DR-CV1,joint,0,0.51868,0.763
magic,3,concept,DR-M1,features,0,0.09066,0.0078
magic,3,concept,DR-M2,features,0,0.085533,0.003
magic,3,concept,DR-M3,features,0,0.131238,0.0092
magic,3,concept,DR-M4,features,0,0.043722,0.0537
magic,3,concept,DR-M5,features,0,0.015262,0.0034
magic,3,concept,DR-M6,features,0,0.167221,0.0292
magic,3,concept,DR-M7,features,0,0.033938,0.0072
magic,3,concept,DR-M8,errors,1,0.086,0.0
magic,3,concept,DR-M10,joint,0,0.003236,0.1129
magic,3,concept,DR-M12,features,0,0.069799,0.0093
magic,3,concept,DR-M13,features,0,0.058361,0.0047
magic,3,concept,DR-M14,joint,0,0.027639,0.0984
magic,3,concept,DR-C1,errors,1,101.0,0.0007
magic,3,concept,DR-C2,errors,1,91.0,0.0004
magic,3,concept,DR-C3,errors,0,,0.0007
magic,3,concept,DR-C4,errors,0,,0.0004
magic,3,concept,DR-C5,errors,0,,0.3748
magic,3,concept,DR-C6,errors,0,,0.0079
magic,3,concept,DR-C7,errors,0,,0.0059
magic,3,concept,DR-C9,errors,0,,0.0004
magic,3,concept,DR-MV1,joint,0,16.78884,0.0008
magic,3,concept,DR-MV2,joint,0,0.068,0.0023
magic,3,concept,DR-CV1,joint,0,0.51124,0.767
magic,4,none,DR-M1,features,0,0.046073,0.0081
magic,4,none,DR-M2,features,0,0.086165,0.0032
magic,4,none,DR-M3,features,0,0.1137,0.0096
magic,4,none,DR-M4,features,0,0.043097,0.0545
magic,4,none,DR-M5,features,0,0.015453,0.004
magic,4,none,DR-M6,features,1,0.262946,0.028
magic,4,none,DR-M7,features,0,0.016198,0.0075
magic,4,none,DR-M8,errors,1,0.04,0.0001
magic,4,none,DR-M10,joint,0,0.003734,0.1075
magic,4,none,DR-M12,features,0,0.107809,0.0057
magic,4,none,DR-M13,features,0,0.124895,0.0044
magic,4,none,DR-M14,joint,0,0.03074,0.1025
magic,4,none,DR-C1,errors,0,,0.0008
magic,4,none,DR-C2,errors,1,128.0,0.0004
magic,4,none,DR-C3,errors,0,,0.0006
magic,4,none,DR-C4,errors,0,,0.0003
magic,4,none,DR-C5,errors,0,,0.3745
magic,4,none,DR-C6,errors,0,,0.0063
magic,4,none,DR-C7,errors,0,,0.0055
magic,4,none,DR-C9,errors,0,,0.0005
magic,4,none,DR-MV1,joint,1,22.413044,0.0008
magic,4,none,DR-MV2,joint,0,0.072,0.0024
magic,4,none,DR-CV1,joint,0,0.49432,0.7808
magic,4,shift,DR-M1,features,1,0.0,0.0082
magic,4,shift,DR-M2,features,1,1.677967,0.0031
magic,4,shift,DR-M3,features,1,0.0,0.0097
magic,4,shift,DR-M4,features,1,1.330852,0.0535
magic,4,shift,DR-M5,features,1,0.152327,0.0033
magic,4,shift,DR-M6,features,1,0.371458,0.0289
magic,4,shift,DR-M7,features,1,3e-06,0.0066
magic,4,shift,DR-M8,errors,1,0.044,0.0
magic,4,shift,DR-M10,joint,1,0.010298,0.1149
magic,4,shift,DR-M12,features,1,0.0,0.0059
magic,4,shift,DR-M13,features,1,0.0,0.0048
magic,4,shift,DR-M14,joint,1,0.069486,0.1072
magic,4,shift,DR-C1,errors,0,,0.0007
magic,4,shift,DR-C2,errors,1,164.0,0.0003
magic,4,shift,DR-C3,errors,0,,0.0006
magic,4,shift,DR-C4,errors,0,,0.0003
magic,4,shift,DR-C5,errors,0,,0.3747
magic,4,shift,DR-C6,errors,0,,0.0071
magic,4,shift,DR-C7,errors,0,,0.0057
magic,4,shift,DR-C9,errors,0,,0.0004
magic,4,shift,DR-MV1,joint,1,53.437166,0.0009
magic,4,shift,DR-MV2,joint,0,0.064,0.0026
magic,4,shift,DR-CV1,joint,1,0.86536,0.8677
magic,4,scale,DR-M1,features,1,0.002303,0.0076
magic,4,scale,DR-M2,features,1,0.380511,0.003
magic,4,scale,DR-M3,features,1,0.0,0.0088
magic,4,scale,DR-M4,features,1,0.198987,0.0546
magic,4,scale,DR-M5,features,0,0.065427,0.0038
magic,4,scale,DR-M6,features,1,0.450938,0.0302
magic,4,scale,DR-M7,features,1,0.000193,0.0071
magic,4,scale,DR-M8,errors,0,-0.032,0.0001
magic,4,scale,DR-M10,joint,0,0.004401,0.1178
magic,4,scale,DR-M12,features,1,0.004828,0.009
magic,4,scale,DR-M13,features,1,0.0,0.0075
magic,4,scale,DR-M14,joint,1,0.045465,0.1101
magic,4,scale,DR-C1,errors,0,,0.0008
magic,4,scale,DR-C2,errors,0,,0.0004
magic,4,scale,DR-C3,errors,0,,0.0006
magic,4,scale,DR-C4,errors,0,,0.0003
magic,4,scale,DR-C5,errors,0,,0.3512
magic,4,scale,DR-C6,errors,0,,0.007
magic,4,scale,DR-C7,errors,0,,0.0055
magic,4,scale,DR-C9,errors,0,,0.0005
magic,4,scale,DR-MV1,joint,1,39.19272,0.0007
magic,4,scale,DR-MV2,joint,1,0.092,0.0023
magic,4,scale,DR-CV1,joint,1,0.7322,0.7698
magic,4,correlation,DR-M1,features,0,0.079609,0.0076
magic,4,correlation,DR-M2,features,0,0.118867,0.003
magic,4,correlation,DR-M3,features,0,0.023019,0.0087
magic,4,correlation,DR-M4,features,0,0.060129,0.0524
magic,4,correlation,DR-M5,features,0,0.021163,0.0033
magic,4,correlation,DR-M6,features,1,0.306331,0.0269
magic,4,correlation,DR-M7,features,1,0.001996,0.0071
magic,4,correlation,DR-M8,errors,0,-0.028,0.0001
magic,4,correlation,DR-M10,joint,1,0.019006,0.104
magic,4,correlation,DR-M12,features,0,0.041678,0.0086
magic,4,correlation,DR-M13,features,0,0.053711,0.0045
magic,4,correlation,DR-M14,joint,1,0.090298,0.0962
magic,4,correlation,DR-C1,errors,0,,0.0008
magic,4,correlation,DR-C2,errors,1,239.0,0.0004
magic,4,correlation,DR-C3,errors,0,,0.0006
magic,4,correlation,DR-C4,errors,0,,0.0003
magic,4,correlation,DR-C5,errors,0,,0.3607
magic,4,correlation,DR-C6,errors,0,,0.0074
magic,4,correlation,DR-C7,errors,0,,0.006
magic,4,correlation,DR-C9,errors,0,,0.0007
magic,4,correlation,DR-MV1,joint,1,28.028408,0.001
magic,4,correlation,DR-MV2,joint,1,0.22,0.0029
magic,4,correlation,DR-CV1,joint,1,0.8732,0.7749
magic,4,selection,DR-M1,features,1,0.0,0.0099
magic,4,selection,DR-M2,features,1,0.702548,0.003
magic,4,selection,DR-M3,features,1,0.0,0.0088
magic,4,selection,DR-M4,features,1,0.326955,0.0516
magic,4,selection,DR-M5,features,1,0.119475,0.0032
magic,4,selection,DR-M6,features,1,1.262432,0.0267
magic,4,selection,DR-M7,features,1,0.0,0.0067
magic,4,selection,DR-M8,errors,0,-0.104,0.0001
magic,4,selection,DR-M10,joint,1,0.061629,0.1119
magic,4,selection,DR-M12,features,1,0.0,0.0109
magic,4,selection,DR-M13,features,1,0.0,0.0041
magic,4,selection,DR-M14,joint,1,0.673606,0.0986
magic,4,selection,DR-C1,errors,0,,0.0008
magic,4,selection,DR-C2,errors,0,,0.0004
magic,4,selection,DR-C3,errors,0,,0.0006
magic,4,selection,DR-C4,errors,0,,0.0003
magic,4,selection,DR-C5,errors,0,,0.3448
magic,4,selection,DR-C6,errors,0,,0.008
magic,4,selection,DR-C7,errors,0,,0.0062
magic,4,selection,DR-C9,errors,0,,0.0005
magic,4,selection,DR-MV1,joint,1,324.616971,0.0008
magic,4,selection,DR-MV2,joint,1,0.188,0.0023
magic,4,selection,DR-CV1,joint,1,0.63776,0.7467
magic,4,label_shift,DR-M1,features,0,0.018708,0.0082
magic,4,label_shift,DR-M2,features,0,0.109225,0.0029
magic,4,label_shift,DR-M3,features,0,0.049231,0.0088
magic,4,label_shift,DR-M4,features,0,0.057417,0.052
magic,4,label_shift,DR-M5,features,0,0.0194,0.0032
magic,4,label_shift,DR-M6,features,1,0.300538,0.0268
magic,4,label_shift,DR-M7,features,1,0.001577,0.0075
magic,4,label_shift,DR-M8,errors,0,-0.012,0.0001
magic,4,label_shift,DR-M10,joint,0,0.005786,0.1084
magic,4,label_shift,DR-M12,features,0,0.043948,0.0051
magic,4,label_shift,DR-M13,features,0,0.02657,0.0051
magic,4,label_shift,DR-M14,joint,1,0.054047,0.0876
magic,4,label_shift,DR-C1,errors,0,,0.0008
magic,4,label_shift,DR-C2,errors,1,184.0,0.0003
magic,4,label_shift,DR-C3,errors,0,,0.0006
magic,4,label_shift,DR-C4,errors,0,,0.0004
magic,4,label_shift,DR-C5,errors,0,,0.3545
magic,4,label_shift,DR-C6,errors,0,,0.0109
magic,4,label_shift,DR-C7,errors,0,,0.0096
magic,4,label_shift,DR-C9,errors,0,,0.0009
magic,4,label_shift,DR-MV1,joint,1,24.758217,0.0011
magic,4,label_shift,DR-MV2,joint,0,0.044,0.0027
magic,4,label_shift,DR-CV1,joint,0,0.562,0.8208
magic,4,concept,DR-M1,features,0,0.102966,0.0165
magic,4,concept,DR-M2,features,0,0.087407,0.0054
magic,4,concept,DR-M3,features,0,0.0943,0.011
magic,4,concept,DR-M4,features,0,0.042134,0.0582
magic,4,concept,DR-M5,features,0,0.015614,0.0042
magic,4,concept,DR-M6,features,1,0.270804,0.0296
magic,4,concept,DR-M7,features,1,0.003798,0.0084
magic,4,concept,DR-M8,errors,1,0.128,0.0001
magic,4,concept,DR-M10,joint,0,0.004408,0.1218
magic,4,concept,DR-M12,features,0,0.03062,0.0099
magic,4,concept,DR-M13,features,0,0.020841,0.005
magic,4,concept,DR-M14,joint,0,0.041942,0.1158
magic,4,concept,DR-C1,errors,1,78.0,0.0011
magic,4,concept,DR-C2,errors,1,123.0,0.0004
magic,4,concept,DR-C3,errors,0,,0.0008
magic,4,concept,DR-C4,errors,0,,0.0003
magic,4,concept,DR-C5,errors,0,,0.4327
magic,4,concept,DR-C6,errors,0,,0.0067
magic,4,concept,DR-C7,errors,0,,0.0055
magic,4,concept,DR-C9,errors,0,,0.0005
magic,4,concept,DR-MV1,joint,0,15.043036,0.0007
magic,4,concept,DR-MV2,joint,0,0.044,0.0024
magic,4,concept,DR-CV1,joint,0,0.48692,0.7906
mfeat_fourier,0,none,DR-M1,features,0,0.005781,0.0754
mfeat_fourier,0,none,DR-M2,features,0,0.130113,0.03
mfeat_fourier,0,none,DR-M3,features,0,0.01885,0.1065
mfeat_fourier,0,none,DR-M4,features,0,0.069334,0.4258
mfeat_fourier,0,none,DR-M5,features,0,0.023022,0.0255
mfeat_fourier,0,none,DR-M6,features,0,0.209346,0.282
mfeat_fourier,0,none,DR-M7,features,0,0.011935,0.0948
mfeat_fourier,0,none,DR-M8,errors,0,0.024,0.0001
mfeat_fourier,0,none,DR-M10,joint,0,0.003105,0.1587
mfeat_fourier,0,none,DR-M12,features,0,0.003766,0.0671
mfeat_fourier,0,none,DR-M13,features,0,0.005221,0.0297
mfeat_fourier,0,none,DR-M14,joint,0,0.062349,0.1338
mfeat_fourier,0,none,DR-C1,errors,0,,0.0008
mfeat_fourier,0,none,DR-C2,errors,1,206.0,0.0004
mfeat_fourier,0,none,DR-C3,errors,0,,0.0007
mfeat_fourier,0,none,DR-C4,errors,0,,0.0003
mfeat_fourier,0,none,DR-C5,errors,0,,0.4045
mfeat_fourier,0,none,DR-C6,errors,0,,0.0088
mfeat_fourier,0,none,DR-C7,errors,0,,0.0054
mfeat_fourier,0,none,DR-C9,errors,0,,0.0005
mfeat_fourier,0,none,DR-MV1,joint,0,73.198661,0.0017
mfeat_fourier,0,none,DR-MV2,joint,0,0.052,0.0066
mfeat_fourier,0,none,DR-CV1,joint,0,0.4678,2.7465
mfeat_fourier,0,shift,DR-M1,features,1,0.00037,0.067
mfeat_fourier,0,shift,DR-M2,features,0,0.193323,0.0296
mfeat_fourier,0,shift,DR-M3,features,1,0.000349,0.0672
mfeat_fourier,0,shift,DR-M4,features,0,0.099101,0.4881
mfeat_fourier,0,shift,DR-M5,features,0,0.034077,0.0284
mfeat_fourier,0,shift,DR-M6,features,1,0.40602,0.2039
mfeat_fourier,0,shift,DR-M7,features,1,1e-06,0.0594
mfeat_fourier,0,shift,DR-M8,errors,0,0.012,0.0
mfeat_fourier,0,shift,DR-M10,joint,0,0.004074,0.147
mfeat_fourier,0,shift,DR-M12,features,1,2.4e-05,0.0616
mfeat_fourier,0,shift,DR-M13,features,1,0.0,0.0283
mfeat_fourier,0,shift,DR-M14,joint,0,0.081489,0.137
mfeat_fourier,0,shift,DR-C1,errors,0,,0.0009
mfeat_fourier,0,shift,DR-C2,errors,1,152.0,0.0004
mfeat_fourier,0,shift,DR-C3,errors,0,,0.0006
mfeat_fourier,0,shift,DR-C4,errors,0,,0.0004
mfeat_fourier,0,shift,DR-C5,errors,0,,0.3861
mfeat_fourier,0,shift,DR-C6,errors,0,,0.0068
mfeat_fourier,0,shift,DR-C7,errors,0,,0.0054
mfeat_fourier,0,shift,DR-C9,errors,0,,0.0005
mfeat_fourier,0,shift,DR-MV1,joint,1,107.772493,0.0019
mfeat_fourier,0,shift,DR-MV2,joint,0,0.056,0.0063
mfeat_fourier,0,shift,DR-CV1,joint,0,0.5078,2.5691
mfeat_fourier,0,scale,DR-M1,features,0,0.005781,0.0551
mfeat_fourier,0,scale,DR-M2,features,1,0.254963,0.022
mfeat_fourier,0,scale,DR-M3,features,1,3e-06,0.0695
mfeat_fourier,0,scale,DR-M4,features,1,0.123739,0.4609
mfeat_fourier,0,scale,DR-M5,features,0,0.044993,0.0253
mfeat_fourier,0,scale,DR-M6,features,1,0.475473,0.2212
mfeat_fourier,0,scale,DR-M7,features,0,0.018698,0.0491
mfeat_fourier,0,scale,DR-M8,errors,0,-0.008,0.0001
mfeat_fourier,0,scale,DR-M10,joint,0,0.003623,0.1469
mfeat_fourier,0,scale,DR-M12,features,0,0.002785,0.0615
mfeat_fourier,0,scale,DR-M13,features,1,0.0,0.035
mfeat_fourier,0,scale,DR-M14,joint,0,0.070495,0.1282
mfeat_fourier,0,scale,DR-C1,errors,0,,0.0007
mfeat_fourier,0,scale,DR-C2,errors,1,166.0,0.0004
mfeat_fourier,0,scale,DR-C3,errors,0,,0.0006
mfeat_fourier,0,scale,DR-C4,errors,0,,0.0006
mfeat_fourier,0,scale,DR-C5,errors,0,,0.3657
mfeat_fourier,0,scale,DR-C6,errors,0,,0.0067
mfeat_fourier,0,scale,DR-C7,errors,0,,0.0055
mfeat_fourier,0,scale,DR-C9,errors,0,,0.0004
mfeat_fourier,0,scale,DR-MV1,joint,0,78.627106,0.0018
mfeat_fourier,0,scale,DR-MV2,joint,1,0.08,0.0055
mfeat_fourier,0,scale,DR-CV1,joint,0,0.59752,2.8927
mfeat_fourier,0,correlation,DR-M1,features,0,0.046073,0.0618
mfeat_fourier,0,correlation,DR-M2,features,0,0.149869,0.0227
mfeat_fourier,0,correlation,DR-M3,features,0,0.004653,0.0785
mfeat_fourier,0,correlation,DR-M4,features,0,0.076801,0.4137
mfeat_fourier,0,correlation,DR-M5,features,0,0.026494,0.0239
mfeat_fourier,0,correlation,DR-M6,features,0,0.141399,0.2186
mfeat_fourier,0,correlation,DR-M7,features,0,0.093012,0.0491
mfeat_fourier,0,correlation,DR-M8,errors,0,0.028,0.0001
mfeat_fourier,0,correlation,DR-M10,joint,0,0.003304,0.1515
mfeat_fourier,0,correlation,DR-M12,features,0,0.061492,0.0597
mfeat_fourier,0,correlation,DR-M13,features,0,0.087276,0.032
mfeat_fourier,0,correlation,DR-M14,joint,0,0.064979,0.1532
mfeat_fourier,0,correlation,DR-C1,errors,0,,0.0008
mfeat_fourier,0,correlation,DR-C2,errors,1,125.0,0.0003
mfeat_fourier,0,correlation,DR-C3,errors,0,,0.0006
mfeat_fourier,0,correlation,DR-C4,errors,0,,0.0003
mfeat_fourier,0,correlation,DR-C5,errors,0,,0.3637
mfeat_fourier,0,correlation,DR-C6,errors,0,,0.0071
mfeat_fourier,0,correlation,DR-C7,errors,0,,0.0055
mfeat_fourier,0,correlation,DR-C9,errors,0,,0.0005
mfeat_fourier,0,correlation,DR-MV1,joint,0,47.791521,0.0019
mfeat_fourier,0,correlation,DR-MV2,joint,0,0.052,0.006
mfeat_fourier,0,correlation,DR-CV1,joint,0,0.53164,3.2222
mfeat_fourier,0,selection,DR-M1,features,1,0.0,0.0602
mfeat_fourier,0,selection,DR-M2,features,1,0.376883,0.0238
mfeat_fourier,0,selection,DR-M3,features,1,0.0,0.0716
mfeat_fourier,0,selection,DR-M4,features,1,0.18088,0.4591
mfeat_fourier,0,selection,DR-M5,features,0,0.066297,0.0245
mfeat_fourier,0,selection,DR-M6,features,1,0.639312,0.2204
mfeat_fourier,0,selection,DR-M7,features,1,0.0,0.0492
mfeat_fourier,0,selection,DR-M8,errors,1,0.056,0.0001
mfeat_fourier,0,selection,DR-M10,joint,1,0.008959,0.139
mfeat_fourier,0,selection,DR-M12,features,1,0.0,0.0601
mfeat_fourier,0,selection,DR-M13,features,1,0.0,0.0359
mfeat_fourier,0,selection,DR-M14,joint,1,0.161949,0.1265
mfeat_fourier,0,selection,DR-C1,errors,0,,0.0008
mfeat_fourier,0,selection,DR-C2,errors,1,245.0,0.0004
mfeat_fourier,0,selection,DR-C3,errors,0,,0.0006
mfeat_fourier,0,selection,DR-C4,errors,0,,0.0003
mfeat_fourier,0,selection,DR-C5,errors,0,,0.5946
mfeat_fourier,0,selection,DR-C6,errors,0,,0.0111
mfeat_fourier,0,selection,DR-C7,errors,0,,0.0063
mfeat_fourier,0,selection,DR-C9,errors,0,,0.0006
mfeat_fourier,0,selection,DR-MV1,joint,1,138.419629,0.006
mfeat_fourier,0,selection,DR-MV2,joint,0,0.072,0.0122
mfeat_fourier,0,selection,DR-CV1,joint,0,0.59232,2.8135
mfeat_fourier,0,label_shift,DR-M1,features,0,0.009719,0.0599
mfeat_fourier,0,label_shift,DR-M2,features,0,0.148242,0.0221
mfeat_fourier,0,label_shift,DR-M3,features,0,0.005053,0.0927
mfeat_fourier,0,label_shift,DR-M4,features,0,0.076073,0.4286
mfeat_fourier,0,label_shift,DR-M5,features,0,0.026251,0.0244
mfeat_fourier,0,label_shift,DR-M6,features,0,0.171281,0.222
mfeat_fourier,0,label_shift,DR-M7,features,0,0.038865,0.0492
mfeat_fourier,0,label_shift,DR-M8,errors,0,-0.016,0.0001
mfeat_fourier,0,label_shift,DR-M10,joint,0,0.003108,0.1761
mfeat_fourier,0,label_shift,DR-M12,features,0,0.016344,0.0551
mfeat_fourier,0,label_shift,DR-M13,features,0,0.023541,0.0398
mfeat_fourier,0,label_shift,DR-M14,joint,0,0.062674,0.1315
mfeat_fourier,0,label_shift,DR-C1,errors,0,,0.0008
mfeat_fourier,0,label_shift,DR-C2,errors,1,167.0,0.0004
mfeat_fourier,0,label_shift,DR-C3,errors,0,,0.0007
mfeat_fourier,0,label_shift,DR-C4,errors,0,,0.0004
mfeat_fourier,0,label_shift,DR-C5,errors,0,,0.4018
mfeat_fourier,0,label_shift,DR-C6,errors,0,,0.0073
mfeat_fourier,0,label_shift,DR-C7,errors,0,,0.0056
mfeat_fourier,0,label_shift,DR-C9,errors,0,,0.0005
mfeat_fourier,0,label_shift,DR-MV1,joint,0,72.704842,0.0016
mfeat_fourier,0,label_shift,DR-MV2,joint,0,0.036,0.0057
mfeat_fourier,0,label_shift,DR-CV1,joint,0,0.52628,3.2656
mfeat_fourier,0,concept,DR-M1,features,0,0.008196,0.0597
mfeat_fourier,0,concept,DR-M2,features,0,0.11615,0.032
mfeat_fourier,0,concept,DR-M3,features,0,0.031104,0.0708
mfeat_fourier,0,concept,DR-M4,features,0,0.060223,0.4483
mfeat_fourier,0,concept,DR-M5,features,0,0.020682,0.0262
mfeat_fourier,0,concept,DR-M6,features,0,0.189619,0.296
mfeat_fourier,0,concept,DR-M7,features,0,0.031053,0.0557
mfeat_fourier,0,concept,DR-M8,errors,1,0.116,0.0001
mfeat_fourier,0,concept,DR-M10,joint,0,0.004203,0.1716
mfeat_fourier,0,concept,DR-M12,features,0,0.005437,0.1232
mfeat_fourier,0,concept,DR-M13,features,0,0.008083,0.0404
mfeat_fourier,0,concept,DR-M14,joint,0,0.079033,0.1387
mfeat_fourier,0,concept,DR-C1,errors,1,247.0,0.0009
mfeat_fourier,0,concept,DR-C2,errors,1,100.0,0.0003
mfeat_fourier,0,concept,DR-C3,errors,0,,0.0007
mfeat_fourier,0,concept,DR-C4,errors,0,,0.0004
mfeat_fourier,0,concept,DR-C5,errors,0,,0.4198
mfeat_fourier,0,concept,DR-C6,errors,0,,0.0074
mfeat_fourier,0,concept,DR-C7,errors,0,,0.0073
mfeat_fourier,0,concept,DR-C9,errors,0,,0.0005
mfeat_fourier,0,concept,DR-MV1,joint,1,107.008159,0.0019
mfeat_fourier,0,concept,DR-MV2,joint,1,0.076,0.0062
mfeat_fourier,0,concept,DR-CV1,joint,0,0.5248,2.6455
mfeat_fourier,1,none,DR-M1,features,0,0.034488,0.0622
mfeat_fourier,1,none,DR-M2,features,0,0.123086,0.0273
mfeat_fourier,1,none,DR-M3,features,0,0.029913,0.0716
mfeat_fourier,1,none,DR-M4,features,0,0.066253,0.4128
mfeat_fourier,1,none,DR-M5,features,0,0.021664,0.0272
mfeat_fourier,1,none,DR-M6,features,0,0.163421,0.2201
mfeat_fourier,1,none,DR-M7,features,0,0.070924,0.0515
mfeat_fourier,1,none,DR-M8,errors,0,0.01,0.0001
mfeat_fourier,1,none,DR-M10,joint,0,0.002363,0.1372
mfeat_fourier,1,none,DR-M12,features,0,0.023788,0.06
mfeat_fourier,1,none,DR-M13,features,0,0.017987,0.0357
mfeat_fourier,1,none,DR-M14,joint,0,0.051227,0.1317
mfeat_fourier,1,none,DR-C1,errors,0,,0.0008
mfeat_fourier,1,none,DR-C2,errors,1,18.0,0.0003
mfeat_fourier,1,none,DR-C3,errors,0,,0.0007
mfeat_fourier,1,none,DR-C4,errors,0,,0.0009
mfeat_fourier,1,none,DR-C5,errors,0,,0.4135
mfeat_fourier,1,none,DR-C6,errors,0,,0.0068
mfeat_fourier,1,none,DR-C7,errors,0,,0.0055
mfeat_fourier,1,none,DR-C9,errors,0,,0.0005
mfeat_fourier,1,none,DR-MV1,joint,0,48.239387,0.0015
mfeat_fourier,1,none,DR-MV2,joint,0,0.048,0.0055
mfeat_fourier,1,none,DR-CV1,joint,0,0.42344,2.8318
mfeat_fourier,1,shift,DR-M1,features,0,0.001283,0.058
mfeat_fourier,1,shift,DR-M2,features,0,0.187941,0.0237
mfeat_fourier,1,shift,DR-M3,features,0,0.000764,0.0713
mfeat_fourier,1,shift,DR-M4,features,0,0.100146,0.4176
mfeat_fourier,1,shift,DR-M5,features,0,0.033148,0.0273
mfeat_fourier,1,shift,DR-M6,features,0,0.300764,0.2233
mfeat_fourier,1,shift,DR-M7,features,1,0.000139,0.0482
mfeat_fourier,1,shift,DR-M8,errors,0,-0.006,0.0
mfeat_fourier,1,shift,DR-M10,joint,0,0.003302,0.1281
mfeat_fourier,1,shift,DR-M12,features,1,0.000476,0.0493
mfeat_fourier,1,shift,DR-M13,features,1,0.0,0.0459
mfeat_fourier,1,shift,DR-M14,joint,0,0.067156,0.3468
mfeat_fourier,1,shift,DR-C1,errors,0,,0.0008
mfeat_fourier,1,shift,DR-C2,errors,1,96.0,0.0004
mfeat_fourier,1,shift,DR-C3,errors,0,,0.0006
mfeat_fourier,1,shift,DR-C4,errors,0,,0.0003
mfeat_fourier,1,shift,DR-C5,errors,0,,0.5663
mfeat_fourier,1,shift,DR-C6,errors,0,,0.007
mfeat_fourier,1,shift,DR-C7,errors,0,,0.0058
mfeat_fourier,1,shift,DR-C9,errors,0,,0.0005
mfeat_fourier,1,shift,DR-MV1,joint,0,78.31848,0.0016
mfeat_fourier,1,shift,DR-MV2,joint,0,0.044,0.0061
mfeat_fourier,1,shift,DR-CV1,joint,0,0.53452,3.1795
mfeat_fourier,1,scale,DR-M1,features,1,0.000239,0.0536
mfeat_fourier,1,scale,DR-M2,features,0,0.233016,0.0222
mfeat_fourier,1,scale,DR-M3,features,1,1.3e-05,0.0693
mfeat_fourier,1,scale,DR-M4,features,0,0.11432,0.4361
mfeat_fourier,1,scale,DR-M5,features,0,0.041381,0.0245
mfeat_fourier,1,scale,DR-M6,features,1,0.401656,0.2009
mfeat_fourier,1,scale,DR-M7,features,0,0.017495,0.0485
mfeat_fourier,1,scale,DR-M8,errors,0,0.03,0.0
mfeat_fourier,1,scale,DR-M10,joint,0,0.002844,0.1263
mfeat_fourier,1,scale,DR-M12,features,1,0.000536,0.0755
mfeat_fourier,1,scale,DR-M13,features,1,0.0,0.0317
mfeat_fourier,1,scale,DR-M14,joint,0,0.05849,0.124
mfeat_fourier,1,scale,DR-C1,errors,0,,0.0008
mfeat_fourier,1,scale,DR-C2,errors,1,84.0,0.0003
mfeat_fourier,1,scale,DR-C3,errors,0,,0.0006
mfeat_fourier,1,scale,DR-C4,errors,0,,0.0003
mfeat_fourier,1,scale,DR-C5,errors,0,,0.3683
mfeat_fourier,1,scale,DR-C6,errors,0,,0.007
mfeat_fourier,1,scale,DR-C7,errors,0,,0.0064
mfeat_fourier,1,scale,DR-C9,errors,0,,0.0005
mfeat_fourier,1,scale,DR-MV1,joint,0,76.855736,0.0018
mfeat_fourier,1,scale,DR-MV2,joint,0,0.072,0.0059
mfeat_fourier,1,scale,DR-CV1,joint,0,0.53368,2.7471
mfeat_fourier,1,correlation,DR-M1,features,0,0.018708,0.0539
mfeat_fourier,1,correlation,DR-M2,features,0,0.149774,0.0213
mfeat_fourier,1,correlation,DR-M3,features,0,0.005802,0.0691
mfeat_fourier,1,correlation,DR-M4,features,0,0.079051,0.411
mfeat_fourier,1,correlation,DR-M5,features,0,0.026609,0.0243
mfeat_fourier,1,correlation,DR-M6,features,0,0.222131,0.2576
mfeat_fourier,1,correlation,DR-M7,features,0,0.004304,0.0521
mfeat_fourier,1,correlation,DR-M8,errors,1,0.078,0.0001
mfeat_fourier,1,correlation,DR-M10,joint,0,0.003995,0.132
mfeat_fourier,1,correlation,DR-M12,features,0,0.003672,0.0467
mfeat_fourier,1,correlation,DR-M13,features,0,0.003671,0.0291
mfeat_fourier,1,correlation,DR-M14,joint,0,0.074094,0.1186
mfeat_fourier,1,correlation,DR-C1,errors,1,242.0,0.0007
mfeat_fourier,1,correlation,DR-C2,errors,1,6.0,0.0003
mfeat_fourier,1,correlation,DR-C3,errors,0,,0.0006
mfeat_fourier,1,correlation,DR-C4,errors,0,,0.0003
mfeat_fourier,1,correlation,DR-C5,errors,0,,0.3644
mfeat_fourier,1,correlation,DR-C6,errors,0,,0.0197
mfeat_fourier,1,correlation,DR-C7,errors,0,,0.0141
mfeat_fourier,1,correlation,DR-C9,errors,0,,0.0008
mfeat_fourier,1,correlation,DR-MV1,joint,0,77.125307,0.0064
mfeat_fourier,1,correlation,DR-MV2,joint,0,0.056,0.0082
mfeat_fourier,1,correlation,DR-CV1,joint,0,0.50604,2.8943
mfeat_fourier,1,selection,DR-M1,features,1,1e-06,0.0645
mfeat_fourier,1,selection,DR-M2,features,1,0.250944,0.0215
mfeat_fourier,1,selection,DR-M3,features,1,1.1e-05,0.0683
mfeat_fourier,1,selection,DR-M4,features,1,0.130481,0.4349
mfeat_fourier,1,selection,DR-M5,features,0,0.044133,0.0248
mfeat_fourier,1,selection,DR-M6,features,1,0.42994,0.2099
mfeat_fourier,1,selection,DR-M7,features,1,0.0,0.0476
mfeat_fourier,1,selection,DR-M8,errors,0,0.018,0.0001
mfeat_fourier,1,selection,DR-M10,joint,1,0.006205,0.1307
mfeat_fourier,1,selection,DR-M12,features,1,0.0,0.0507
mfeat_fourier,1,selection,DR-M13,features,1,0.0,0.0295
mfeat_fourier,1,selection,DR-M14,joint,1,0.111491,0.1163
mfeat_fourier,1,selection,DR-C1,errors,0,,0.0008
mfeat_fourier,1,selection,DR-C2,errors,1,24.0,0.0003
mfeat_fourier,1,selection,DR-C3,errors,0,,0.0008
mfeat_fourier,1,selection,DR-C4,errors,0,,0.0005
mfeat_fourier,1,selection,DR-C5,errors,0,,0.39
mfeat_fourier,1,selection,DR-C6,errors,0,,0.0071
mfeat_fourier,1,selection,DR-C7,errors,0,,0.0056
mfeat_fourier,1,selection,DR-C9,errors,0,,0.0005
mfeat_fourier,1,selection,DR-MV1,joint,1,129.333148,0.0017
mfeat_fourier,1,selection,DR-MV2,joint,0,0.048,0.0055
mfeat_fourier,1,selection,DR-CV1,joint,0,0.54024,2.8968
mfeat_fourier,1,label_shift,DR-M1,features,0,0.046073,0.0553
mfeat_fourier,1,label_shift,DR-M2,features,0,0.154181,0.022
mfeat_fourier,1,label_shift,DR-M3,features,0,0.005389,0.0787
mfeat_fourier,1,label_shift,DR-M4,features,0,0.082508,0.4255
mfeat_fourier,1,label_shift,DR-M5,features,0,0.027257,0.0286
mfeat_fourier,1,label_shift,DR-M6,features,0,0.160207,0.2253
mfeat_fourier,1,label_shift,DR-M7,features,0,0.03708,0.0563
mfeat_fourier,1,label_shift,DR-M8,errors,0,-0.01,0.0001
mfeat_fourier,1,label_shift,DR-M10,joint,0,0.002977,0.1346
mfeat_fourier,1,label_shift,DR-M12,features,0,0.052202,0.062
mfeat_fourier,1,label_shift,DR-M13,features,0,0.066283,0.0338
mfeat_fourier,1,label_shift,DR-M14,joint,0,0.060975,0.1258
mfeat_fourier,1,label_shift,DR-C1,errors,0,,0.0009
mfeat_fourier,1,label_shift,DR-C2,errors,1,7.0,0.0003
mfeat_fourier,1,label_shift,DR-C3,errors,0,,0.0007
mfeat_fourier,1,label_shift,DR-C4,errors,0,,0.0003
mfeat_fourier,1,label_shift,DR-C5,errors,0,,0.611
mfeat_fourier,1,label_shift,DR-C6,errors,0,,0.0072
mfeat_fourier,1,label_shift,DR-C7,errors,0,,0.0082
mfeat_fourier,1,label_shift,DR-C9,errors,0,,0.0005
mfeat_fourier,1,label_shift,DR-MV1,joint,0,73.932417,0.0016
mfeat_fourier,1,label_shift,DR-MV2,joint,0,0.056,0.0065
mfeat_fourier,1,label_shift,DR-CV1,joint,0,0.51544,3.0452
mfeat_fourier,1,concept,DR-M1,features,0,0.046073,0.0564
mfeat_fourier,1,concept,DR-M2,features,0,0.117361,0.0221
mfeat_fourier,1,concept,DR-M3,features,0,0.029899,0.1017
mfeat_fourier,1,concept,DR-M4,features,0,0.061065,0.4677
mfeat_fourier,1,concept,DR-M5,features,0,0.020881,0.0249
mfeat_fourier,1,concept,DR-M6,features,0,0.182346,0.2125
mfeat_fourier,1,concept,DR-M7,features,0,0.018924,0.0693
mfeat_fourier,1,concept,DR-M8,errors,1,0.09,0.0001
mfeat_fourier,1,concept,DR-M10,joint,0,0.002987,0.2019
mfeat_fourier,1,concept,DR-M12,features,0,0.038299,0.0513
mfeat_fourier,1,concept,DR-M13,features,0,0.024011,0.0294
mfeat_fourier,1,concept,DR-M14,joint,0,0.061771,0.12
mfeat_fourier,1,concept,DR-C1,errors,1,228.0,0.0008
mfeat_fourier,1,concept,DR-C2,errors,1,31.0,0.0003
mfeat_fourier,1,concept,DR-C3,errors,0,,0.0007
mfeat_fourier,1,concept,DR-C4,errors,0,,0.0006
mfeat_fourier,1,concept,DR-C5,errors,0,,0.369
mfeat_fourier,1,concept,DR-C6,errors,0,,0.0076
mfeat_fourier,1,concept,DR-C7,errors,0,,0.0058
mfeat_fourier,1,concept,DR-C9,errors,0,,0.0025
mfeat_fourier,1,concept,DR-MV1,joint,0,73.753569,0.0019
mfeat_fourier,1,concept,DR-MV2,joint,0,0.044,0.0056
mfeat_fourier,1,concept,DR-CV1,joint,0,0.48852,2.6522
mfeat_fourier,2,none,DR-M1,features,0,0.039916,0.0559
mfeat_fourier,2,none,DR-M2,features,0,0.121584,0.0219
mfeat_fourier,2,none,DR-M3,features,0,0.03793,0.0696
mfeat_fourier,2,none,DR-M4,features,0,0.066832,0.4897
mfeat_fourier,2,none,DR-M5,features,0,0.021359,0.0535
mfeat_fourier,2,none,DR-M6,features,0,0.148263,0.3408
mfeat_fourier,2,none,DR-M7,features,0,0.054706,0.0598
mfeat_fourier,2,none,DR-M8,errors,0,0.004,0.0001
mfeat_fourier,2,none,DR-M10,joint,0,0.002997,0.138
mfeat_fourier,2,none,DR-M12,features,0,0.044305,0.0483
mfeat_fourier,2,none,DR-M13,features,0,0.059183,0.0316
mfeat_fourier,2,none,DR-M14,joint,0,0.060482,0.1174
mfeat_fourier,2,none,DR-C1,errors,0,,0.001
mfeat_fourier,2,none,DR-C2,errors,1,115.0,0.0005
mfeat_fourier,2,none,DR-C3,errors,0,,0.0007
mfeat_fourier,2,none,DR-C4,errors,0,,0.0004
mfeat_fourier,2,none,DR-C5,errors,0,,0.3682
mfeat_fourier,2,none,DR-C6,errors,0,,0.0069
mfeat_fourier,2,none,DR-C7,errors,0,,0.0057
mfeat_fourier,2,none,DR-C9,errors,0,,0.0005
mfeat_fourier,2,none,DR-MV1,joint,0,75.186113,0.0021
mfeat_fourier,2,none,DR-MV2,joint,0,0.048,0.0073
mfeat_fourier,2,none,DR-CV1,joint,0,0.48168,2.7767
mfeat_fourier,2,shift,DR-M1,features,0,0.002784,0.0769
mfeat_fourier,2,shift,DR-M2,features,0,0.157927,0.022
mfeat_fourier,2,shift,DR-M3,features,0,0.004517,0.0871
mfeat_fourier,2,shift,DR-M4,features,0,0.084147,0.504
mfeat_fourier,2,shift,DR-M5,features,0,0.02765,0.0403
mfeat_fourier,2,shift,DR-M6,features,0,0.336139,0.2474
mfeat_fourier,2,shift,DR-M7,features,1,2e-05,0.057
mfeat_fourier,2,shift,DR-M8,errors,0,-0.048,0.0001
mfeat_fourier,2,shift,DR-M10,joint,0,0.004001,0.1759
mfeat_fourier,2,shift,DR-M12,features,1,0.000213,0.048
mfeat_fourier,2,shift,DR-M13,features,1,0.0,0.0448
mfeat_fourier,2,shift,DR-M14,joint,0,0.077433,0.1541
mfeat_fourier,2,shift,DR-C1,errors,0,,0.0008
mfeat_fourier,2,shift,DR-C2,errors,1,130.0,0.0003
mfeat_fourier,2,shift,DR-C3,errors,0,,0.0006
mfeat_fourier,2,shift,DR-C4,errors,0,,0.0004
mfeat_fourier,2,shift,DR-C5,errors,0,,0.4226
mfeat_fourier,2,shift,DR-C6,errors,0,,0.0073
mfeat_fourier,2,shift,DR-C7,errors,0,,0.0055
mfeat_fourier,2,shift,DR-C9,errors,0,,0.0005
mfeat_fourier,2,shift,DR-MV1,joint,1,118.325665,0.0016
mfeat_fourier,2,shift,DR-MV2,joint,0,0.056,0.0052
mfeat_fourier,2,shift,DR-CV1,joint,0,0.57424,3.195
mfeat_fourier,2,scale,DR-M1,features,1,1.8e-05,0.0588
mfeat_fourier,2,scale,DR-M2,features,1,0.431354,0.0238
mfeat_fourier,2,scale,DR-M3,features,1,0.0,0.0943
mfeat_fourier,2,scale,DR-M4,features,1,0.208088,0.4918
mfeat_fourier,2,scale,DR-M5,features,0,0.075738,0.0252
mfeat_fourier,2,scale,DR-M6,features,1,0.529286,0.2465
mfeat_fourier,2,scale,DR-M7,features,0,0.024157,0.0558
mfeat_fourier,2,scale,DR-M8,errors,0,-0.004,0.0001
mfeat_fourier,2,scale,DR-M10,joint,0,0.003473,0.1601
mfeat_fourier,2,scale,DR-M12,features,1,6e-06,0.0733
mfeat_fourier,2,scale,DR-M13,features,1,0.0,0.0608
mfeat_fourier,2,scale,DR-M14,joint,0,0.068385,0.1346
mfeat_fourier,2,scale,DR-C1,errors,0,,0.0008
mfeat_fourier,2,scale,DR-C2,errors,1,100.0,0.0003
mfeat_fourier,2,scale,DR-C3,errors,0,,0.0007
mfeat_fourier,2,scale,DR-C4,errors,0,,0.0003
mfeat_fourier,2,scale,DR-C5,errors,0,,0.3657
mfeat_fourier,2,scale,DR-C6,errors,0,,0.0067
mfeat_fourier,2,scale,DR-C7,errors,0,,0.0055
mfeat_fourier,2,scale,DR-C9,errors,0,,0.0005
mfeat_fourier,2,scale,DR-MV1,joint,0,84.723613,0.0025
mfeat_fourier,2,scale,DR-MV2,joint,0,0.04,0.0056
mfeat_fourier,2,scale,DR-CV1,joint,1,0.70004,3.0927
mfeat_fourier,2,correlation,DR-M1,features,0,0.079609,0.0834
mfeat_fourier,2,correlation,DR-M2,features,0,0.151645,0.0232
mfeat_fourier,2,correlation,DR-M3,features,0,0.005648,0.0723
mfeat_fourier,2,correlation,DR-M4,features,0,0.080264,0.4745
mfeat_fourier,2,correlation,DR-M5,features,0,0.026751,0.0365
mfeat_fourier,2,correlation,DR-M6,features,0,0.172353,0.2011
mfeat_fourier,2,correlation,DR-M7,features,0,0.034213,0.0723
mfeat_fourier,2,correlation,DR-M8,errors,0,-0.008,0.0001
mfeat_fourier,2,correlation,DR-M10,joint,0,0.003366,0.2072
mfeat_fourier,2,correlation,DR-M12,features,0,0.03591,0.0512
mfeat_fourier,2,correlation,DR-M13,features,0,0.040992,0.0399
mfeat_fourier,2,correlation,DR-M14,joint,0,0.064229,0.1295
mfeat_fourier,2,correlation,DR-C1,errors,0,,0.0008
mfeat_fourier,2,correlation,DR-C2,errors,1,145.0,0.0003
mfeat_fourier,2,correlation,DR-C3,errors,0,,0.0007
mfeat_fourier,2,correlation,DR-C4,errors,0,,0.0003
mfeat_fourier,2,correlation,DR-C5,errors,0,,0.3671
mfeat_fourier,2,correlation,DR-C6,errors,0,,0.0069
mfeat_fourier,2,correlation,DR-C7,errors,0,,0.0056
mfeat_fourier,2,correlation,DR-C9,errors,0,,0.0005
mfeat_fourier,2,correlation,DR-MV1,joint,0,82.060628,0.0015
mfeat_fourier,2,correlation,DR-MV2,joint,0,0.048,0.0057
mfeat_fourier,2,correlation,DR-CV1,joint,1,0.61016,2.6223
mfeat_fourier,2,selection,DR-M1,features,1,0.000459,0.0564
mfeat_fourier,2,selection,DR-M2,features,0,0.178454,0.0211
mfeat_fourier,2,selection,DR-M3,features,0,0.001161,0.0696
mfeat_fourier,2,selection,DR-M4,features,0,0.094089,0.4009
mfeat_fourier,2,selection,DR-M5,features,0,0.031518,0.0253
mfeat_fourier,2,selection,DR-M6,features,1,0.350867,0.2089
mfeat_fourier,2,selection,DR-M7,features,1,7e-06,0.0482
mfeat_fourier,2,selection,DR-M8,errors,0,0.012,0.0001
mfeat_fourier,2,selection,DR-M10,joint,1,0.005834,0.1473
mfeat_fourier,2,selection,DR-M12,features,1,2.9e-05,0.0505
mfeat_fourier,2,selection,DR-M13,features,1,0.0,0.0367
mfeat_fourier,2,selection,DR-M14,joint,1,0.110731,0.1221
mfeat_fourier,2,selection,DR-C1,errors,0,,0.001
mfeat_fourier,2,selection,DR-C2,errors,1,108.0,0.0004
mfeat_fourier,2,selection,DR-C3,errors,0,,0.0006
mfeat_fourier,2,selection,DR-C4,errors,0,,0.0003
mfeat_fourier,2,selection,DR-C5,errors,0,,0.3653
mfeat_fourier,2,selection,DR-C6,errors,0,,0.0073
mfeat_fourier,2,selection,DR-C7,errors,0,,0.0059
mfeat_fourier,2,selection,DR-C9,errors,0,,0.0007
mfeat_fourier,2,selection,DR-MV1,joint,0,80.009877,0.0017
mfeat_fourier,2,selection,DR-MV2,joint,0,0.044,0.006
mfeat_fourier,2,selection,DR-CV1,joint,0,0.54868,3.5248
mfeat_fourier,2,label_shift,DR-M1,features,0,0.006893,0.0782
mfeat_fourier,2,label_shift,DR-M2,features,0,0.122316,0.0344
mfeat_fourier,2,label_shift,DR-M3,features,0,0.023475,0.1058
mfeat_fourier,2,label_shift,DR-M4,features,0,0.063796,0.6306
mfeat_fourier,2,label_shift,DR-M5,features,0,0.021756,0.0415
mfeat_fourier,2,label_shift,DR-M6,features,0,0.248345,0.3186
mfeat_fourier,2,label_shift,DR-M7,features,0,0.001434,0.072
mfeat_fourier,2,label_shift,DR-M8,errors,0,-0.04,0.0
mfeat_fourier,2,label_shift,DR-M10,joint,0,0.004002,0.2005
mfeat_fourier,2,label_shift,DR-M12,features,0,0.003018,0.0529
mfeat_fourier,2,label_shift,DR-M13,features,0,0.001373,0.0523
mfeat_fourier,2,label_shift,DR-M14,joint,0,0.077286,0.2051
mfeat_fourier,2,label_shift,DR-C1,errors,0,,0.0008
mfeat_fourier,2,label_shift,DR-C2,errors,1,129.0,0.0004
mfeat_fourier,2,label_shift,DR-C3,errors,0,,0.0007
mfeat_fourier,2,label_shift,DR-C4,errors,0,,0.0003
mfeat_fourier,2,label_shift,DR-C5,errors,0,,0.5676
mfeat_fourier,2,label_shift,DR-C6,errors,0,,0.0115
mfeat_fourier,2,label_shift,DR-C7,errors,0,,0.0096
mfeat_fourier,2,label_shift,DR-C9,errors,0,,0.0005
mfeat_fourier,2,label_shift,DR-MV1,joint,0,94.890711,0.0016
mfeat_fourier,2,label_shift,DR-MV2,joint,0,0.06,0.0093
mfeat_fourier,2,label_shift,DR-CV1,joint,0,0.5422,4.2225
mfeat_fourier,2,concept,DR-M1,features,0,0.018708,0.0858
mfeat_fourier,2,concept,DR-M2,features,0,0.103646,0.0369
mfeat_fourier,2,concept,DR-M3,features,0,0.046435,0.1153
mfeat_fourier,2,concept,DR-M4,features,0,0.052005,0.7144
mfeat_fourier,2,concept,DR-M5,features,0,0.018512,0.0377
mfeat_fourier,2,concept,DR-M6,features,0,0.184935,0.3431
mfeat_fourier,2,concept,DR-M7,features,0,0.016451,0.0964
mfeat_fourier,2,concept,DR-M8,errors,1,0.108,0.0003
mfeat_fourier,2,concept,DR-M10,joint,0,0.003819,0.2031
mfeat_fourier,2,concept,DR-M12,features,0,0.012434,0.2056
mfeat_fourier,2,concept,DR-M13,features,0,0.01744,0.0571
mfeat_fourier,2,concept,DR-M14,joint,0,0.072688,0.1746
mfeat_fourier,2,concept,DR-C1,errors,1,210.0,0.0007
mfeat_fourier,2,concept,DR-C2,errors,1,70.0,0.0003
mfeat_fourier,2,concept,DR-C3,errors,0,,0.0008
mfeat_fourier,2,concept,DR-C4,errors,0,,0.0004
mfeat_fourier,2,concept,DR-C5,errors,1,69.0,0.4042
mfeat_fourier,2,concept,DR-C6,errors,1,79.0,0.01
mfeat_fourier,2,concept,DR-C7,errors,1,60.0,0.0048
mfeat_fourier,2,concept,DR-C9,errors,1,146.0,0.0004
mfeat_fourier,2,concept,DR-MV1,joint,0,67.120823,0.0057
mfeat_fourier,2,concept,DR-MV2,joint,0,0.036,0.0054
mfeat_fourier,2,concept,DR-CV1,joint,0,0.4552,3.8414
mfeat_fourier,3,none,DR-M1,features,0,0.00105,0.0571
mfeat_fourier,3,none,DR-M2,features,0,0.137838,0.0211
mfeat_fourier,3,none,DR-M3,features,0,0.006051,0.0701
mfeat_fourier,3,none,DR-M4,features,0,0.066984,0.5916
mfeat_fourier,3,none,DR-M5,features,0,0.024453,0.0459
mfeat_fourier,3,none,DR-M6,features,0,0.199956,0.3103
mfeat_fourier,3,none,DR-M7,features,0,0.020099,0.0798
mfeat_fourier,3,none,DR-M8,errors,0,-0.03,0.0001
mfeat_fourier,3,none,DR-M10,joint,0,0.003387,0.2092
mfeat_fourier,3,none,DR-M12,features,0,0.0035,0.0539
mfeat_fourier,3,none,DR-M13,features,0,0.001211,0.048
mfeat_fourier,3,none,DR-M14,joint,0,0.066853,0.1953
mfeat_fourier,3,none,DR-C1,errors,0,,0.0009
mfeat_fourier,3,none,DR-C2,errors,1,130.0,0.0005
mfeat_fourier,3,none,DR-C3,errors,0,,0.0012
mfeat_fourier,3,none,DR-C4,errors,0,,0.001
mfeat_fourier,3,none,DR-C5,errors,0,,0.5746
mfeat_fourier,3,none,DR-C6,errors,0,,0.0171
mfeat_fourier,3,none,DR-C7,errors,0,,0.0059
mfeat_fourier,3,none,DR-C9,errors,0,,0.0005
mfeat_fourier,3,none,DR-MV1,joint,1,110.195526,0.0062
mfeat_fourier,3,none,DR-MV2,joint,1,0.076,0.0132
mfeat_fourier,3,none,DR-CV1,joint,0,0.51244,4.0977
mfeat_fourier,3,shift,DR-M1,features,0,0.011495,0.0787
mfeat_fourier,3,shift,DR-M2,features,0,0.168073,0.0257
mfeat_fourier,3,shift,DR-M3,features,0,0.001295,0.0697
mfeat_fourier,3,shift,DR-M4,features,0,0.084553,0.4003
mfeat_fourier,3,shift,DR-M5,features,0,0.029789,0.0247
mfeat_fourier,3,shift,DR-M6,features,0,0.272638,0.211
mfeat_fourier,3,shift,DR-M7,features,1,0.000601,0.0489
mfeat_fourier,3,shift,DR-M8,errors,0,-0.034,0.0
mfeat_fourier,3,shift,DR-M10,joint,0,0.004084,0.1424
mfeat_fourier,3,shift,DR-M12,features,0,0.00128,0.0672
mfeat_fourier,3,shift,DR-M13,features,1,0.0,0.0298
mfeat_fourier,3,shift,DR-M14,joint,0,0.076626,0.1241
mfeat_fourier,3,shift,DR-C1,errors,0,,0.0009
mfeat_fourier,3,shift,DR-C2,errors,1,160.0,0.0004
mfeat_fourier,3,shift,DR-C3,errors,0,,0.0007
mfeat_fourier,3,shift,DR-C4,errors,0,,0.0006
mfeat_fourier,3,shift,DR-C5,errors,0,,0.3835
mfeat_fourier,3,shift,DR-C6,errors,0,,0.0077
mfeat_fourier,3,shift,DR-C7,errors,0,,0.0061
mfeat_fourier,3,shift,DR-C9,errors,0,,0.0006
mfeat_fourier,3,shift,DR-MV1,joint,1,157.231293,0.0021
mfeat_fourier,3,shift,DR-MV2,joint,1,0.092,0.0067
mfeat_fourier,3,shift,DR-CV1,joint,0,0.56968,2.5682
mfeat_fourier,3,scale,DR-M1,features,1,1e-06,0.0564
mfeat_fourier,3,scale,DR-M2,features,1,0.666744,0.0217
mfeat_fourier,3,scale,DR-M3,features,1,0.0,0.0716
mfeat_fourier,3,scale,DR-M4,features,1,0.316085,0.505
mfeat_fourier,3,scale,DR-M5,features,1,0.115698,0.0269
mfeat_fourier,3,scale,DR-M6,features,1,0.50405,0.2119
mfeat_fourier,3,scale,DR-M7,features,0,0.013869,0.0481
mfeat_fourier,3,scale,DR-M8,errors,0,-0.014,0.0
mfeat_fourier,3,scale,DR-M10,joint,0,0.003761,0.1666
mfeat_fourier,3,scale,DR-M12,features,1,6e-06,0.0635
mfeat_fourier,3,scale,DR-M13,features,1,0.0,0.0291
mfeat_fourier,3,scale,DR-M14,joint,0,0.070484,0.1189
mfeat_fourier,3,scale,DR-C1,errors,0,,0.0007
mfeat_fourier,3,scale,DR-C2,errors,1,139.0,0.0003
mfeat_fourier,3,scale,DR-C3,errors,0,,0.0007
mfeat_fourier,3,scale,DR-C4,errors,0,,0.0003
mfeat_fourier,3,scale,DR-C5,errors,0,,0.3862
mfeat_fourier,3,scale,DR-C6,errors,0,,0.0074
mfeat_fourier,3,scale,DR-C7,errors,0,,0.0055
mfeat_fourier,3,scale,DR-C9,errors,0,,0.0005
mfeat_fourier,3,scale,DR-MV1,joint,1,108.645584,0.0016
mfeat_fourier,3,scale,DR-MV2,joint,0,0.068,0.0055
mfeat_fourier,3,scale,DR-CV1,joint,1,0.72288,2.8751
mfeat_fourier,3,correlation,DR-M1,features,0,0.001283,0.0562
mfeat_fourier,3,correlation,DR-M2,features,0,0.149867,0.0209
mfeat_fourier,3,correlation,DR-M3,features,0,0.007878,0.0691
mfeat_fourier,3,correlation,DR-M4,features,0,0.080845,0.4514
mfeat_fourier,3,correlation,DR-M5,features,0,0.026225,0.0253
mfeat_fourier,3,correlation,DR-M6,features,0,0.268506,0.2059
mfeat_fourier,3,correlation,DR-M7,features,1,0.000599,0.0547
mfeat_fourier,3,correlation,DR-M8,errors,0,-0.022,0.0001
mfeat_fourier,3,correlation,DR-M10,joint,1,0.005817,0.1341
mfeat_fourier,3,correlation,DR-M12,features,1,0.000428,0.0788
mfeat_fourier,3,correlation,DR-M13,features,1,0.0,0.041
mfeat_fourier,3,correlation,DR-M14,joint,1,0.104421,0.1299
mfeat_fourier,3,correlation,DR-C1,errors,0,,0.0007
mfeat_fourier,3,correlation,DR-C2,errors,0,,0.0004
mfeat_fourier,3,correlation,DR-C3,errors,0,,0.0006
mfeat_fourier,3,correlation,DR-C4,errors,0,,0.0003
mfeat_fourier,3,correlation,DR-C5,errors,0,,0.3803
mfeat_fourier,3,correlation,DR-C6,errors,0,,0.0072
mfeat_fourier,3,correlation,DR-C7,errors,0,,0.0057
mfeat_fourier,3,correlation,DR-C9,errors,0,,0.0006
mfeat_fourier,3,correlation,DR-MV1,joint,1,123.703872,0.0016
mfeat_fourier,3,correlation,DR-MV2,joint,1,0.084,0.0054
mfeat_fourier,3,correlation,DR-CV1,joint,1,0.64968,2.622
mfeat_fourier,3,selection,DR-M1,features,1,0.0,0.08
mfeat_fourier,3,selection,DR-M2,features,1,0.318586,0.0303
mfeat_fourier,3,selection,DR-M3,features,1,2e-06,0.0705
mfeat_fourier,3,selection,DR-M4,features,1,0.180838,0.446
mfeat_fourier,3,selection,DR-M5,features,0,0.053777,0.0239
mfeat_fourier,3,selection,DR-M6,features,1,0.435619,0.2162
mfeat_fourier,3,selection,DR-M7,features,1,0.0,0.048
mfeat_fourier,3,selection,DR-M8,errors,0,-0.058,0.0
mfeat_fourier,3,selection,DR-M10,joint,1,0.009809,0.1515
mfeat_fourier,3,selection,DR-M12,features,1,0.0,0.0592
mfeat_fourier,3,selection,DR-M13,features,1,0.0,0.0348
mfeat_fourier,3,selection,DR-M14,joint,1,0.175212,0.1496
mfeat_fourier,3,selection,DR-C1,errors,0,,0.0007
mfeat_fourier,3,selection,DR-C2,errors,1,200.0,0.0004
mfeat_fourier,3,selection,DR-C3,errors,0,,0.0006
mfeat_fourier,3,selection,DR-C4,errors,0,,0.0003
mfeat_fourier,3,selection,DR-C5,errors,0,,0.3989
mfeat_fourier,3,selection,DR-C6,errors,0,,0.0125
mfeat_fourier,3,selection,DR-C7,errors,0,,0.0102
mfeat_fourier,3,selection,DR-C9,errors,0,,0.0008
mfeat_fourier,3,selection,DR-MV1,joint,1,172.829032,0.0022
mfeat_fourier,3,selection,DR-MV2,joint,0,0.056,0.0077
mfeat_fourier,3,selection,DR-CV1,joint,0,0.543,3.4414
mfeat_fourier,3,label_shift,DR-M1,features,0,0.025539,0.0842
mfeat_fourier,3,label_shift,DR-M2,features,0,0.107507,0.0298
mfeat_fourier,3,label_shift,DR-M3,features,0,0.03492,0.112
mfeat_fourier,3,label_shift,DR-M4,features,0,0.053643,0.6397
mfeat_fourier,3,label_shift,DR-M5,features,0,0.019214,0.0363
mfeat_fourier,3,label_shift,DR-M6,features,0,0.229625,0.2987
mfeat_fourier,3,label_shift,DR-M7,features,0,0.004366,0.0792
mfeat_fourier,3,label_shift,DR-M8,errors,0,-0.038,0.0001
mfeat_fourier,3,label_shift,DR-M10,joint,0,0.004098,0.2413
mfeat_fourier,3,label_shift,DR-M12,features,0,0.007806,0.0583
mfeat_fourier,3,label_shift,DR-M13,features,0,0.004154,0.0595
mfeat_fourier,3,label_shift,DR-M14,joint,0,0.076783,0.1941
mfeat_fourier,3,label_shift,DR-C1,errors,0,,0.001
mfeat_fourier,3,label_shift,DR-C2,errors,0,,0.0045
mfeat_fourier,3,label_shift,DR-C3,errors,0,,0.0009
mfeat_fourier,3,label_shift,DR-C4,errors,0,,0.0057
mfeat_fourier,3,label_shift,DR-C5,errors,0,,0.5909
mfeat_fourier,3,label_shift,DR-C6,errors,0,,0.0119
mfeat_fourier,3,label_shift,DR-C7,errors,0,,0.0101
mfeat_fourier,3,label_shift,DR-C9,errors,0,,0.0006
mfeat_fourier,3,label_shift,DR-MV1,joint,0,76.960888,0.0021
mfeat_fourier,3,label_shift,DR-MV2,joint,0,0.056,0.0113
mfeat_fourier,3,label_shift,DR-CV1,joint,0,0.4656,3.6869
mfeat_fourier,3,concept,DR-M1,features,0,0.001283,0.0594
mfeat_fourier,3,concept,DR-M2,features,0,0.115991,0.0219
mfeat_fourier,3,concept,DR-M3,features,0,0.027513,0.0714
mfeat_fourier,3,concept,DR-M4,features,0,0.059099,0.5063
mfeat_fourier,3,concept,DR-M5,features,0,0.020717,0.0313
mfeat_fourier,3,concept,DR-M6,features,0,0.250474,0.2075
mfeat_fourier,3,concept,DR-M7,features,0,0.006942,0.0495
mfeat_fourier,3,concept,DR-M8,errors,1,0.114,0.0
mfeat_fourier,3,concept,DR-M10,joint,0,0.003746,0.1531
mfeat_fourier,3,concept,DR-M12,features,0,0.001403,0.0568
mfeat_fourier,3,concept,DR-M13,features,0,0.001493,0.0292
mfeat_fourier,3,concept,DR-M14,joint,0,0.072701,0.1194
mfeat_fourier,3,concept,DR-C1,errors,1,95.0,0.0007
mfeat_fourier,3,concept,DR-C2,errors,1,84.0,0.0003
mfeat_fourier,3,concept,DR-C3,errors,0,,0.0006
mfeat_fourier,3,concept,DR-C4,errors,0,,0.0003
mfeat_fourier,3,concept,DR-C5,errors,0,,0.371
mfeat_fourier,3,concept,DR-C6,errors,1,95.0,0.0062
mfeat_fourier,3,concept,DR-C7,errors,1,82.0,0.0048
mfeat_fourier,3,concept,DR-C9,errors,0,,0.0004
mfeat_fourier,3,concept,DR-MV1,joint,0,94.13072,0.0017
mfeat_fourier,3,concept,DR-MV2,joint,0,0.028,0.0055
mfeat_fourier,3,concept,DR-CV1,joint,0,0.4624,2.6481
mfeat_fourier,4,none,DR-M1,features,0,0.009719,0.0717
mfeat_fourier,4,none,DR-M2,features,0,0.144013,0.0278
mfeat_fourier,4,none,DR-M3,features,0,0.0045,0.1159
mfeat_fourier,4,none,DR-M4,features,0,0.071248,0.5126
mfeat_fourier,4,none,DR-M5,features,0,0.025682,0.0278
mfeat_fourier,4,none,DR-M6,features,0,0.226575,0.3576
mfeat_fourier,4,none,DR-M7,features,0,0.002731,0.094
mfeat_fourier,4,none,DR-M8,errors,0,-0.014,0.0001
mfeat_fourier,4,none,DR-M10,joint,0,0.003948,0.2077
mfeat_fourier,4,none,DR-M12,features,0,0.004918,0.0514
mfeat_fourier,4,none,DR-M13,features,0,0.004271,0.0301
mfeat_fourier,4,none,DR-M14,joint,0,0.074434,0.1175
mfeat_fourier,4,none,DR-C1,errors,0,,0.0009
mfeat_fourier,4,none,DR-C2,errors,0,,0.0004
mfeat_fourier,4,none,DR-C3,errors,0,,0.0006
mfeat_fourier,4,none,DR-C4,errors,0,,0.0005
mfeat_fourier,4,none,DR-C5,errors,0,,0.4205
mfeat_fourier,4,none,DR-C6,errors,0,,0.0072
mfeat_fourier,4,none,DR-C7,errors,0,,0.0057
mfeat_fourier,4,none,DR-C9,errors,0,,0.0005
mfeat_fourier,4,none,DR-MV1,joint,0,95.578814,0.0024
mfeat_fourier,4,none,DR-MV2,joint,0,0.044,0.007
mfeat_fourier,4,none,DR-CV1,joint,0,0.5188,2.8632
mfeat_fourier,4,shift,DR-M1,features,1,2e-06,0.058
mfeat_fourier,4,shift,DR-M2,features,1,0.276735,0.0244
mfeat_fourier,4,shift,DR-M3,features,1,2.2e-05,0.0712
mfeat_fourier,4,shift,DR-M4,features,1,0.157716,0.4269
mfeat_fourier,4,shift,DR-M5,features,0,0.046367,0.0241
mfeat_fourier,4,shift,DR-M6,features,1,0.423354,0.2496
mfeat_fourier,4,shift,DR-M7,features,1,0.0,0.0527
mfeat_fourier,4,shift,DR-M8,errors,0,0.018,0.0001
mfeat_fourier,4,shift,DR-M10,joint,0,0.004927,0.1676
mfeat_fourier,4,shift,DR-M12,features,1,0.0,0.0646
mfeat_fourier,4,shift,DR-M13,features,1,0.0,0.0377
mfeat_fourier,4,shift,DR-M14,joint,1,0.093518,0.1274
mfeat_fourier,4,shift,DR-C1,errors,0,,0.0008
mfeat_fourier,4,shift,DR-C2,errors,0,,0.0005
mfeat_fourier,4,shift,DR-C3,errors,0,,0.0006
mfeat_fourier,4,shift,DR-C4,errors,0,,0.0004
mfeat_fourier,4,shift,DR-C5,errors,0,,0.4126
mfeat_fourier,4,shift,DR-C6,errors,0,,0.0082
mfeat_fourier,4,shift,DR-C7,errors,0,,0.006
mfeat_fourier,4,shift,DR-C9,errors,0,,0.0005
mfeat_fourier,4,shift,DR-MV1,joint,1,168.765572,0.0018
mfeat_fourier,4,shift,DR-MV2,joint,0,0.072,0.0063
mfeat_fourier,4,shift,DR-CV1,joint,0,0.57976,3.0378
mfeat_fourier,4,scale,DR-M1,features,0,0.004033,0.0832
mfeat_fourier,4,scale,DR-M2,features,0,0.135363,0.0216
mfeat_fourier,4,scale,DR-M3,features,0,0.010813,0.0706
mfeat_fourier,4,scale,DR-M4,features,0,0.070235,0.5842
mfeat_fourier,4,scale,DR-M5,features,0,0.024152,0.0254
mfeat_fourier,4,scale,DR-M6,features,1,0.355044,0.2505
mfeat_fourier,4,scale,DR-M7,features,0,0.02929,0.0526
mfeat_fourier,4,scale,DR-M8,errors,0,0.014,0.0001
mfeat_fourier,4,scale,DR-M10,joint,0,0.003517,0.1829
mfeat_fourier,4,scale,DR-M12,features,0,0.009073,0.0654
mfeat_fourier,4,scale,DR-M13,features,1,0.0,0.032
mfeat_fourier,4,scale,DR-M14,joint,0,0.069307,0.1311
mfeat_fourier,4,scale,DR-C1,errors,0,,0.0008
mfeat_fourier,4,scale,DR-C2,errors,0,,0.0004
mfeat_fourier,4,scale,DR-C3,errors,0,,0.0006
mfeat_fourier,4,scale,DR-C4,errors,0,,0.0003
mfeat_fourier,4,scale,DR-C5,errors,0,,0.4601
mfeat_fourier,4,scale,DR-C6,errors,0,,0.007
mfeat_fourier,4,scale,DR-C7,errors,0,,0.0058
mfeat_fourier,4,scale,DR-C9,errors,0,,0.0005
mfeat_fourier,4,scale,DR-MV1,joint,0,85.901115,0.0018
mfeat_fourier,4,scale,DR-MV2,joint,1,0.08,0.0057
mfeat_fourier,4,scale,DR-CV1,joint,0,0.56456,3.0236
mfeat_fourier,4,correlation,DR-M1,features,0,0.079609,0.077
mfeat_fourier,4,correlation,DR-M2,features,0,0.138805,0.0446
mfeat_fourier,4,correlation,DR-M3,features,0,0.007596,0.1196
mfeat_fourier,4,correlation,DR-M4,features,0,0.070672,0.5355
mfeat_fourier,4,correlation,DR-M5,features,0,0.024793,0.0375
mfeat_fourier,4,correlation,DR-M6,features,0,0.183377,0.2475
mfeat_fourier,4,correlation,DR-M7,features,0,0.025958,0.0529
mfeat_fourier,4,correlation,DR-M8,errors,1,0.046,0.0
mfeat_fourier,4,correlation,DR-M10,joint,0,0.003131,0.1375
mfeat_fourier,4,correlation,DR-M12,features,0,0.082198,0.0604
mfeat_fourier,4,correlation,DR-M13,features,0,0.075909,0.0374
mfeat_fourier,4,correlation,DR-M14,joint,0,0.061613,0.1266
mfeat_fourier,4,correlation,DR-C1,errors,0,,0.0013
mfeat_fourier,4,correlation,DR-C2,errors,1,182.0,0.0007
mfeat_fourier,4,correlation,DR-C3,errors,0,,0.0012
mfeat_fourier,4,correlation,DR-C4,errors,0,,0.0007
mfeat_fourier,4,correlation,DR-C5,errors,0,,0.4991
mfeat_fourier,4,correlation,DR-C6,errors,0,,0.0072
mfeat_fourier,4,correlation,DR-C7,errors,0,,0.0067
mfeat_fourier,4,correlation,DR-C9,errors,0,,0.0008
mfeat_fourier,4,correlation,DR-MV1,joint,0,83.457752,0.0031
mfeat_fourier,4,correlation,DR-MV2,joint,1,0.088,0.0076
mfeat_fourier,4,correlation,DR-CV1,joint,0,0.58912,2.9027
mfeat_fourier,4,selection,DR-M1,features,1,0.000298,0.0772
mfeat_fourier,4,selection,DR-M2,features,0,0.206923,0.0224
mfeat_fourier,4,selection,DR-M3,features,1,0.000493,0.0715
mfeat_fourier,4,selection,DR-M4,features,0,0.11436,0.4228
mfeat_fourier,4,selection,DR-M5,features,0,0.035715,0.0245
mfeat_fourier,4,selection,DR-M6,features,1,0.353639,0.2038
mfeat_fourier,4,selection,DR-M7,features,1,8e-06,0.0738
mfeat_fourier,4,selection,DR-M8,errors,0,-0.006,0.0
mfeat_fourier,4,selection,DR-M10,joint,1,0.006502,0.1371
mfeat_fourier,4,selection,DR-M12,features,1,3.2e-05,0.0637
mfeat_fourier,4,selection,DR-M13,features,1,0.0,0.0323
mfeat_fourier,4,selection,DR-M14,joint,1,0.124078,0.1329
mfeat_fourier,4,selection,DR-C1,errors,0,,0.0008
mfeat_fourier,4,selection,DR-C2,errors,0,,0.0004
mfeat_fourier,4,selection,DR-C3,errors,0,,0.0006
mfeat_fourier,4,selection,DR-C4,errors,0,,0.0003
mfeat_fourier,4,selection,DR-C5,errors,0,,0.404
mfeat_fourier,4,selection,DR-C6,errors,0,,0.0076
mfeat_fourier,4,selection,DR-C7,errors,0,,0.0061
mfeat_fourier,4,selection,DR-C9,errors,0,,0.0006
mfeat_fourier,4,selection,DR-MV1,joint,1,128.130013,0.0016
mfeat_fourier,4,selection,DR-MV2,joint,1,0.092,0.0055
mfeat_fourier,4,selection,DR-CV1,joint,0,0.58364,2.7896
mfeat_fourier,4,label_shift,DR-M1,features,0,0.002303,0.0619
mfeat_fourier,4,label_shift,DR-M2,features,0,0.163945,0.0224
mfeat_fourier,4,label_shift,DR-M3,features,0,0.00334,0.0703
mfeat_fourier,4,label_shift,DR-M4,features,0,0.087824,0.4868
mfeat_fourier,4,label_shift,DR-M5,features,0,0.028751,0.0249
mfeat_fourier,4,label_shift,DR-M6,features,1,0.304619,0.2487
mfeat_fourier,4,label_shift,DR-M7,features,1,0.000153,0.0501
mfeat_fourier,4,label_shift,DR-M8,errors,0,0.018,0.0001
mfeat_fourier,4,label_shift,DR-M10,joint,1,0.006127,0.1414
mfeat_fourier,4,label_shift,DR-M12,features,1,0.000315,0.0584
mfeat_fourier,4,label_shift,DR-M13,features,1,0.0,0.032
mfeat_fourier,4,label_shift,DR-M14,joint,1,0.11903,0.1184
mfeat_fourier,4,label_shift,DR-C1,errors,0,,0.0009
mfeat_fourier,4,label_shift,DR-C2,errors,1,53.0,0.0003
mfeat_fourier,4,label_shift,DR-C3,errors,0,,0.0006
mfeat_fourier,4,label_shift,DR-C4,errors,0,,0.0003
mfeat_fourier,4,label_shift,DR-C5,errors,0,,0.4312
mfeat_fourier,4,label_shift,DR-C6,errors,0,,0.0068
mfeat_fourier,4,label_shift,DR-C7,errors,0,,0.0056
mfeat_fourier,4,label_shift,DR-C9,errors,0,,0.0005
mfeat_fourier,4,label_shift,DR-MV1,joint,1,128.680413,0.0017
mfeat_fourier,4,label_shift,DR-MV2,joint,1,0.112,0.0058
mfeat_fourier,4,label_shift,DR-CV1,joint,0,0.5526,2.9635
mfeat_fourier,4,concept,DR-M1,features,0,0.003355,0.0629
mfeat_fourier,4,concept,DR-M2,features,0,0.150382,0.0257
mfeat_fourier,4,concept,DR-M3,features,0,0.010361,0.0768
mfeat_fourier,4,concept,DR-M4,features,0,0.083126,0.481
mfeat_fourier,4,concept,DR-M5,features,0,0.026015,0.0251
mfeat_fourier,4,concept,DR-M6,features,0,0.231087,0.2102
mfeat_fourier,4,concept,DR-M7,features,0,0.003928,0.0546
mfeat_fourier,4,concept,DR-M8,errors,1,0.182,0.0001
mfeat_fourier,4,concept,DR-M10,joint,0,0.004576,0.1483
mfeat_fourier,4,concept,DR-M12,features,0,0.009344,0.0565
mfeat_fourier,4,concept,DR-M13,features,0,0.009947,0.0338
mfeat_fourier,4,concept,DR-M14,joint,0,0.09068,0.123
mfeat_fourier,4,concept,DR-C1,errors,0,,0.0016
mfeat_fourier,4,concept,DR-C2,errors,1,47.0,0.0011
mfeat_fourier,4,concept,DR-C3,errors,0,,0.0006
mfeat_fourier,4,concept,DR-C4,errors,1,235.0,0.0013
mfeat_fourier,4,concept,DR-C5,errors,0,,0.4353
mfeat_fourier,4,concept,DR-C6,errors,1,180.0,0.0069
mfeat_fourier,4,concept,DR-C7,errors,1,219.0,0.0055
mfeat_fourier,4,concept,DR-C9,errors,1,210.0,0.0005
mfeat_fourier,4,concept,DR-MV1,joint,1,109.250769,0.0016
mfeat_fourier,4,concept,DR-MV2,joint,0,0.064,0.0054
mfeat_fourier,4,concept,DR-CV1,joint,0,0.49868,2.7719
page_blocks,0,none,DR-M1,features,0,0.20871,0.0077
page_blocks,0,none,DR-M2,features,0,0.11585,0.003
page_blocks,0,none,DR-M3,features,0,0.034514,0.0091
page_blocks,0,none,DR-M4,features,0,0.060911,0.0542
page_blocks,0,none,DR-M5,features,0,0.020633,0.0033
page_blocks,0,none,DR-M6,features,0,0.194154,0.0274
page_blocks,0,none,DR-M7,features,0,0.079782,0.0066
page_blocks,0,none,DR-M8,errors,0,-0.03,0.0001
page_blocks,0,none,DR-M10,joint,0,0.002899,0.1217
page_blocks,0,none,DR-M12,features,0,0.216283,0.0097
page_blocks,0,none,DR-M13,features,0,0.179581,0.004
page_blocks,0,none,DR-M14,joint,0,0.018525,0.1025
page_blocks,0,none,DR-C1,errors,0,,0.0007
page_blocks,0,none,DR-C2,errors,0,,0.0003
page_blocks,0,none,DR-C3,errors,0,,0.0008
page_blocks,0,none,DR-C4,errors,0,,0.0004
page_blocks,0,none,DR-C5,errors,0,,0.4109
page_blocks,0,none,DR-C6,errors,0,,0.0209
page_blocks,0,none,DR-C7,errors,0,,0.0091
page_blocks,0,none,DR-C9,errors,0,,0.0006
page_blocks,0,none,DR-MV1,joint,1,25.117625,0.0007
page_blocks,0,none,DR-MV2,joint,0,0.06,0.0026
page_blocks,0,none,DR-CV1,joint,0,0.463,0.7458
page_blocks,0,shift,DR-M1,features,1,0.0,0.008
page_blocks,0,shift,DR-M2,features,1,1.57424,0.0031
page_blocks,0,shift,DR-M3,features,1,0.0,0.0171
page_blocks,0,shift,DR-M4,features,1,0.889194,0.0788
page_blocks,0,shift,DR-M5,features,1,0.246986,0.0074
page_blocks,0,shift,DR-M6,features,0,0.420604,0.0576
page_blocks,0,shift,DR-M7,features,1,1.4e-05,0.0124
page_blocks,0,shift,DR-M8,errors,0,-0.01,0.0001
page_blocks,0,shift,DR-M10,joint,1,0.021757,0.1151
page_blocks,0,shift,DR-M12,features,1,0.0,0.01
page_blocks,0,shift,DR-M13,features,1,0.0,0.0041
page_blocks,0,shift,DR-M14,joint,1,0.081079,0.1438
page_blocks,0,shift,DR-C1,errors,0,,0.0008
page_blocks,0,shift,DR-C2,errors,0,,0.0003
page_blocks,0,shift,DR-C3,errors,0,,0.0007
page_blocks,0,shift,DR-C4,errors,0,,0.0003
page_blocks,0,shift,DR-C5,errors,0,,0.4648
page_blocks,0,shift,DR-C6,errors,0,,0.029
page_blocks,0,shift,DR-C7,errors,0,,0.0114
page_blocks,0,shift,DR-C9,errors,0,,0.0005
page_blocks,0,shift,DR-MV1,joint,1,164.513628,0.0008
page_blocks,0,shift,DR-MV2,joint,0,0.072,0.0069
page_blocks,0,shift,DR-CV1,joint,1,0.98304,0.8237
page_blocks,0,scale,DR-M1,features,1,0.0,0.0081
page_blocks,0,scale,DR-M2,features,1,1.280363,0.003
page_blocks,0,scale,DR-M3,features,1,0.0,0.0109
page_blocks,0,scale,DR-M4,features,1,1.067839,0.0543
page_blocks,0,scale,DR-M5,features,0,0.097962,0.0032
page_blocks,0,scale,DR-M6,features,0,0.393248,0.0273
page_blocks,0,scale,DR-M7,features,0,0.007262,0.007
page_blocks,0,scale,DR-M8,errors,0,-0.002,0.0001
page_blocks,0,scale,DR-M10,joint,1,0.010689,0.1121
page_blocks,0,scale,DR-M12,features,1,3.7e-05,0.0128
page_blocks,0,scale,DR-M13,features,1,0.0,0.0046
page_blocks,0,scale,DR-M14,joint,1,0.046182,0.0978
page_blocks,0,scale,DR-C1,errors,0,,0.0008
page_blocks,0,scale,DR-C2,errors,0,,0.0003
page_blocks,0,scale,DR-C3,errors,0,,0.0006
page_blocks,0,scale,DR-C4,errors,0,,0.0003
page_blocks,0,scale,DR-C5,errors,0,,0.3781
page_blocks,0,scale,DR-C6,errors,0,,0.0182
page_blocks,0,scale,DR-C7,errors,0,,0.0068
page_blocks,0,scale,DR-C9,errors,0,,0.0005
page_blocks,0,scale,DR-MV1,joint,1,70.168342,0.0007
page_blocks,0,scale,DR-MV2,joint,1,0.104,0.0024
page_blocks,0,scale,DR-CV1,joint,1,0.8302,0.8336
page_blocks,0,correlation,DR-M1,features,0,0.286206,0.0075
page_blocks,0,correlation,DR-M2,features,0,0.124816,0.003
page_blocks,0,correlation,DR-M3,features,0,0.03932,0.0092
page_blocks,0,correlation,DR-M4,features,0,0.069964,0.0526
page_blocks,0,correlation,DR-M5,features,0,0.02171,0.0031
page_blocks,0,correlation,DR-M6,features,0,0.16464,0.0269
page_blocks,0,correlation,DR-M7,features,0,0.081479,0.007
page_blocks,0,correlation,DR-M8,errors,0,-0.006,0.0001
page_blocks,0,correlation,DR-M10,joint,1,0.010288,0.1465
page_blocks,0,correlation,DR-M12,features,0,0.124561,0.0114
page_blocks,0,correlation,DR-M13,features,0,0.0868,0.0044
page_blocks,0,correlation,DR-M14,joint,0,0.035479,0.1227
page_blocks,0,correlation,DR-C1,errors,0,,0.0009
page_blocks,0,correlation,DR-C2,errors,0,,0.0005
page_blocks,0,correlation,DR-C3,errors,0,,0.0007
page_blocks,0,correlation,DR-C4,errors,0,,0.0003
page_blocks,0,correlation,DR-C5,errors,0,,0.4387
page_blocks,0,correlation,DR-C6,errors,0,,0.0299
page_blocks,0,correlation,DR-C7,errors,0,,0.0111
page_blocks,0,correlation,DR-C9,errors,0,,0.0005
page_blocks,0,correlation,DR-MV1,joint,1,31.615132,0.0007
page_blocks,0,correlation,DR-MV2,joint,1,0.152,0.0025
page_blocks,0,correlation,DR-CV1,joint,1,0.86048,0.8568
page_blocks,0,selection,DR-M1,features,1,1.8e-05,0.0105
page_blocks,0,selection,DR-M2,features,0,0.226494,0.0036
page_blocks,0,selection,DR-M3,features,1,4e-06,0.0113
page_blocks,0,selection,DR-M4,features,1,0.111345,0.0567
page_blocks,0,selection,DR-M5,features,0,0.03993,0.0039
page_blocks,0,selection,DR-M6,features,0,1.457174,0.0326
page_blocks,0,selection,DR-M7,features,1,0.0,0.0068
page_blocks,0,selection,DR-M8,errors,1,0.022,0.0001
page_blocks,0,selection,DR-M10,joint,1,0.012061,0.1245
page_blocks,0,selection,DR-M12,features,1,0.0,0.0119
page_blocks,0,selection,DR-M13,features,1,0.0,0.0065
page_blocks,0,selection,DR-M14,joint,1,0.257155,0.1127
page_blocks,0,selection,DR-C1,errors,1,166.0,0.0007
page_blocks,0,selection,DR-C2,errors,1,166.0,0.0004
page_blocks,0,selection,DR-C3,errors,0,,0.0008
page_blocks,0,selection,DR-C4,errors,0,,0.0005
page_blocks,0,selection,DR-C5,errors,0,,0.4027
page_blocks,0,selection,DR-C6,errors,0,,0.0215
page_blocks,0,selection,DR-C7,errors,0,,0.0074
page_blocks,0,selection,DR-C9,errors,0,,0.0006
page_blocks,0,selection,DR-MV1,joint,1,420.689458,0.0008
page_blocks,0,selection,DR-MV2,joint,1,0.176,0.0023
page_blocks,0,selection,DR-CV1,joint,0,0.5283,0.7781
page_blocks,0,label_shift,DR-M1,features,0,0.021888,0.0081
page_blocks,0,label_shift,DR-M2,features,0,0.127482,0.0029
page_blocks,0,label_shift,DR-M3,features,0,0.010975,0.009
page_blocks,0,label_shift,DR-M4,features,0,0.066102,0.053
page_blocks,0,label_shift,DR-M5,features,0,0.022669,0.0032
page_blocks,0,label_shift,DR-M6,features,0,0.634328,0.0272
page_blocks,0,label_shift,DR-M7,features,1,0.004471,0.0071
page_blocks,0,label_shift,DR-M8,errors,1,0.014,0.0001
page_blocks,0,label_shift,DR-M10,joint,1,0.015576,0.1126
page_blocks,0,label_shift,DR-M12,features,0,0.014241,0.013
page_blocks,0,label_shift,DR-M13,features,0,0.00654,0.0047
page_blocks,0,label_shift,DR-M14,joint,1,0.084425,0.0962
page_blocks,0,label_shift,DR-C1,errors,0,,0.0007
page_blocks,0,label_shift,DR-C2,errors,1,198.0,0.0004
page_blocks,0,label_shift,DR-C3,errors,0,,0.0006
page_blocks,0,label_shift,DR-C4,errors,0,,0.0004
page_blocks,0,label_shift,DR-C5,errors,0,,0.372
page_blocks,0,label_shift,DR-C6,errors,0,,0.0165
page_blocks,0,label_shift,DR-C7,errors,0,,0.0069
page_blocks,0,label_shift,DR-C9,errors,0,,0.0005
page_blocks,0,label_shift,DR-MV1,joint,1,180.266011,0.0007
page_blocks,0,label_shift,DR-MV2,joint,1,0.152,0.0023
page_blocks,0,label_shift,DR-CV1,joint,0,0.54888,0.7697
page_blocks,0,concept,DR-M1,features,0,0.495953,0.0074
page_blocks,0,concept,DR-M2,features,0,0.071083,0.003
page_blocks,0,concept,DR-M3,features,0,0.280053,0.0091
page_blocks,0,concept,DR-M4,features,0,0.037848,0.0612
page_blocks,0,concept,DR-M5,features,0,0.012676,0.0034
page_blocks,0,concept,DR-M6,features,0,0.174137,0.0267
page_blocks,0,concept,DR-M7,features,0,0.302499,0.0073
page_blocks,0,concept,DR-M8,errors,1,0.118,0.0001
page_blocks,0,concept,DR-M10,joint,0,0.001603,0.1159
page_blocks,0,concept,DR-M12,features,0,0.609623,0.0108
page_blocks,0,concept,DR-M13,features,0,0.25,0.0039
page_blocks,0,concept,DR-M14,joint,0,0.009531,0.1022
page_blocks,0,concept,DR-C1,errors,1,19.0,0.0007
page_blocks,0,concept,DR-C2,errors,1,56.0,0.0002
page_blocks,0,concept,DR-C3,errors,0,,0.0006
page_blocks,0,concept,DR-C4,errors,0,,0.0003
page_blocks,0,concept,DR-C5,errors,0,,0.401
page_blocks,0,concept,DR-C6,errors,0,,0.0259
page_blocks,0,concept,DR-C7,errors,0,,0.0128
page_blocks,0,concept,DR-C9,errors,0,,0.0009
page_blocks,0,concept,DR-MV1,joint,0,11.212953,0.0012
page_blocks,0,concept,DR-MV2,joint,1,0.076,0.0037
page_blocks,0,concept,DR-CV1,joint,0,0.4716,0.9327
page_blocks,1,none,DR-M1,features,0,0.06089,0.0133
page_blocks,1,none,DR-M2,features,0,0.084498,0.0047
page_blocks,1,none,DR-M3,features,0,0.141442,0.0091
page_blocks,1,none,DR-M4,features,0,0.04363,0.0753
page_blocks,1,none,DR-M5,features,0,0.015118,0.0033
page_blocks,1,none,DR-M6,features,0,0.115553,0.0279
page_blocks,1,none,DR-M7,features,0,0.117547,0.007
page_blocks,1,none,DR-M8,errors,1,0.02,0.0001
page_blocks,1,none,DR-M10,joint,0,0.002055,0.1262
page_blocks,1,none,DR-M12,features,0,0.050143,0.005
page_blocks,1,none,DR-M13,features,0,0.056152,0.0042
page_blocks,1,none,DR-M14,joint,0,0.014183,0.1138
page_blocks,1,none,DR-C1,errors,1,103.0,0.0007
page_blocks,1,none,DR-C2,errors,0,,0.0003
page_blocks,1,none,DR-C3,errors,0,,0.0006
page_blocks,1,none,DR-C4,errors,0,,0.0004
page_blocks,1,none,DR-C5,errors,0,,0.6373
page_blocks,1,none,DR-C6,errors,0,,0.0476
page_blocks,1,none,DR-C7,errors,0,,0.0123
page_blocks,1,none,DR-C9,errors,0,,0.0006
page_blocks,1,none,DR-MV1,joint,0,9.876402,0.0013
page_blocks,1,none,DR-MV2,joint,0,0.04,0.0043
page_blocks,1,none,DR-CV1,joint,0,0.52432,1.1274
page_blocks,1,shift,DR-M1,features,1,0.0,0.0081
page_blocks,1,shift,DR-M2,features,1,0.263201,0.0031
page_blocks,1,shift,DR-M3,features,1,1.3e-05,0.01
page_blocks,1,shift,DR-M4,features,1,0.142876,0.0582
page_blocks,1,shift,DR-M5,features,0,0.045679,0.0033
page_blocks,1,shift,DR-M6,features,0,0.344194,0.0272
page_blocks,1,shift,DR-M7,features,1,2.1e-05,0.0065
page_blocks,1,shift,DR-M8,errors,1,0.008,0.0
page_blocks,1,shift,DR-M10,joint,1,0.012525,0.1056
page_blocks,1,shift,DR-M12,features,1,0.0,0.0093
page_blocks,1,shift,DR-M13,features,1,0.0,0.0035
page_blocks,1,shift,DR-M14,joint,1,0.052327,0.1165
page_blocks,1,shift,DR-C1,errors,0,,0.0007
page_blocks,1,shift,DR-C2,errors,0,,0.0003
page_blocks,1,shift,DR-C3,errors,0,,0.0006
page_blocks,1,shift,DR-C4,errors,0,,0.0004
page_blocks,1,shift,DR-C5,errors,0,,0.3866
page_blocks,1,shift,DR-C6,errors,0,,0.0209
page_blocks,1,shift,DR-C7,errors,0,,0.0077
page_blocks,1,shift,DR-C9,errors,0,,0.0005
page_blocks,1,shift,DR-MV1,joint,1,45.077171,0.0008
page_blocks,1,shift,DR-MV2,joint,0,0.052,0.0024
page_blocks,1,shift,DR-CV1,joint,1,0.72752,0.7773
page_blocks,1,scale,DR-M1,features,0,0.116626,0.0075
page_blocks,1,scale,DR-M2,features,0,0.178925,0.003
page_blocks,1,scale,DR-M3,features,1,0.00066,0.0092
page_blocks,1,scale,DR-M4,features,1,0.089956,0.056
page_blocks,1,scale,DR-M5,features,0,0.031631,0.0034
page_blocks,1,scale,DR-M6,features,0,0.279702,0.0275
page_blocks,1,scale,DR-M7,features,0,0.116043,0.0066
page_blocks,1,scale,DR-M8,errors,1,0.016,0.0001
page_blocks,1,scale,DR-M10,joint,0,0.004927,0.1143
page_blocks,1,scale,DR-M12,features,0,0.058215,0.0107
page_blocks,1,scale,DR-M13,features,0,0.011723,0.0043
page_blocks,1,scale,DR-M14,joint,0,0.02554,0.1035
page_blocks,1,scale,DR-C1,errors,0,,0.0007
page_blocks,1,scale,DR-C2,errors,0,,0.0003
page_blocks,1,scale,DR-C3,errors,0,,0.0006
page_blocks,1,scale,DR-C4,errors,0,,0.0003
page_blocks,1,scale,DR-C5,errors,0,,0.4
page_blocks,1,scale,DR-C6,errors,0,,0.0221
page_blocks,1,scale,DR-C7,errors,0,,0.0078
page_blocks,1,scale,DR-C9,errors,0,,0.0005
page_blocks,1,scale,DR-MV1,joint,0,8.733236,0.0008
page_blocks,1,scale,DR-MV2,joint,0,0.06,0.0025
page_blocks,1,scale,DR-CV1,joint,1,0.63432,0.8295
page_blocks,1,correlation,DR-M1,features,1,0.004835,0.0091
page_blocks,1,correlation,DR-M2,features,0,0.1454,0.004
page_blocks,1,correlation,DR-M3,features,0,0.008708,0.0096
page_blocks,1,correlation,DR-M4,features,0,0.077734,0.0622
page_blocks,1,correlation,DR-M5,features,0,0.025682,0.0033
page_blocks,1,correlation,DR-M6,features,0,0.202293,0.0322
page_blocks,1,correlation,DR-M7,features,1,0.004845,0.0069
page_blocks,1,correlation,DR-M8,errors,1,0.02,0.0001
page_blocks,1,correlation,DR-M10,joint,1,0.007179,0.1219
page_blocks,1,correlation,DR-M12,features,0,0.005808,0.0116
page_blocks,1,correlation,DR-M13,features,1,0.004176,0.0091
page_blocks,1,correlation,DR-M14,joint,1,0.040801,0.1594
page_blocks,1,correlation,DR-C1,errors,1,202.0,0.0009
page_blocks,1,correlation,DR-C2,errors,0,,0.0003
page_blocks,1,correlation,DR-C3,errors,0,,0.0008
page_blocks,1,correlation,DR-C4,errors,0,,0.0005
page_blocks,1,correlation,DR-C5,errors,0,,0.6597
page_blocks,1,correlation,DR-C6,errors,0,,0.0333
page_blocks,1,correlation,DR-C7,errors,0,,0.0119
page_blocks,1,correlation,DR-C9,errors,0,,0.0006
page_blocks,1,correlation,DR-MV1,joint,0,14.988218,0.0008
page_blocks,1,correlation,DR-MV2,joint,1,0.084,0.0032
page_blocks,1,correlation,DR-CV1,joint,1,0.89872,0.9817
page_blocks,1,selection,DR-M1,features,1,0.0,0.0091
page_blocks,1,selection,DR-M2,features,1,0.427508,0.003
page_blocks,1,selection,DR-M3,features,1,0.0,0.009
page_blocks,1,selection,DR-M4,features,1,0.216831,0.0539
page_blocks,1,selection,DR-M5,features,0,0.072666,0.0045
page_blocks,1,selection,DR-M6,features,1,2.035792,0.0394
page_blocks,1,selection,DR-M7,features,1,0.0,0.0111
page_blocks,1,selection,DR-M8,errors,1,0.016,0.0001
page_blocks,1,selection,DR-M10,joint,1,0.024683,0.1431
page_blocks,1,selection,DR-M12,features,1,0.0,0.0135
page_blocks,1,selection,DR-M13,features,1,0.0,0.0045
page_blocks,1,selection,DR-M14,joint,1,0.205147,0.1165
page_blocks,1,selection,DR-C1,errors,0,,0.0008
page_blocks,1,selection,DR-C2,errors,0,,0.0003
page_blocks,1,selection,DR-C3,errors,0,,0.0007
page_blocks,1,selection,DR-C4,errors,0,,0.0003
page_blocks,1,selection,DR-C5,errors,0,,0.3956
page_blocks,1,selection,DR-C6,errors,0,,0.0205
page_blocks,1,selection,DR-C7,errors,0,,0.0077
page_blocks,1,selection,DR-C9,errors,0,,0.0005
page_blocks,1,selection,DR-MV1,joint,1,1261.284238,0.0007
page_blocks,1,selection,DR-MV2,joint,1,0.088,0.0025
page_blocks,1,selection,DR-CV1,joint,1,0.62672,0.8925
page_blocks,1,label_shift,DR-M1,features,1,0.00105,0.0076
page_blocks,1,label_shift,DR-M2,features,0,0.103529,0.003
page_blocks,1,label_shift,DR-M3,features,0,0.040538,0.0089
page_blocks,1,label_shift,DR-M4,features,0,0.053017,0.0534
page_blocks,1,label_shift,DR-M5,features,0,0.018467,0.0033
page_blocks,1,label_shift,DR-M6,features,0,0.239137,0.0272
page_blocks,1,label_shift,DR-M7,features,0,0.029631,0.0065
page_blocks,1,label_shift,DR-M8,errors,1,0.044,0.0001
page_blocks,1,label_shift,DR-M10,joint,0,0.005762,0.1132
page_blocks,1,label_shift,DR-M12,features,1,0.000635,0.0106
page_blocks,1,label_shift,DR-M13,features,1,0.0,0.0041
page_blocks,1,label_shift,DR-M14,joint,0,0.031808,0.1009
page_blocks,1,label_shift,DR-C1,errors,1,123.0,0.0006
page_blocks,1,label_shift,DR-C2,errors,0,,0.0003
page_blocks,1,label_shift,DR-C3,errors,0,,0.0006
page_blocks,1,label_shift,DR-C4,errors,0,,0.0004
page_blocks,1,label_shift,DR-C5,errors,0,,0.3968
page_blocks,1,label_shift,DR-C6,errors,0,,0.0197
page_blocks,1,label_shift,DR-C7,errors,0,,0.0078
page_blocks,1,label_shift,DR-C9,errors,0,,0.0006
page_blocks,1,label_shift,DR-MV1,joint,1,23.457698,0.0009
page_blocks,1,label_shift,DR-MV2,joint,1,0.084,0.0027
page_blocks,1,label_shift,DR-CV1,joint,0,0.51896,0.8395
page_blocks,1,concept,DR-M1,features,0,0.069718,0.0078
page_blocks,1,concept,DR-M2,features,0,0.09716,0.0032
page_blocks,1,concept,DR-M3,features,0,0.122693,0.0089
page_blocks,1,concept,DR-M4,features,0,0.053942,0.0524
page_blocks,1,concept,DR-M5,features,0,0.017017,0.0032
page_blocks,1,concept,DR-M6,features,0,0.150172,0.0283
page_blocks,1,concept,DR-M7,features,0,0.041802,0.0073
page_blocks,1,concept,DR-M8,errors,1,0.148,0.0001
page_blocks,1,concept,DR-M10,joint,0,0.003591,0.1178
page_blocks,1,concept,DR-M12,features,0,0.029205,0.0113
page_blocks,1,concept,DR-M13,features,0,0.016733,0.004
page_blocks,1,concept,DR-M14,joint,0,0.01973,0.115
page_blocks,1,concept,DR-C1,errors,1,20.0,0.0006
page_blocks,1,concept,DR-C2,errors,1,156.0,0.0003
page_blocks,1,concept,DR-C3,errors,0,,0.0006
page_blocks,1,concept,DR-C4,errors,1,171.0,0.0003
page_blocks,1,concept,DR-C5,errors,0,,0.4361
page_blocks,1,concept,DR-C6,errors,0,,0.0175
page_blocks,1,concept,DR-C7,errors,0,,0.0095
page_blocks,1,concept,DR-C9,errors,0,,0.0008
page_blocks,1,concept,DR-MV1,joint,1,20.504544,0.001
page_blocks,1,concept,DR-MV2,joint,0,0.056,0.0078
page_blocks,1,concept,DR-CV1,joint,0,0.5529,1.0126
page_blocks,2,none,DR-M1,features,0,0.382227,0.0073
page_blocks,2,none,DR-M2,features,0,0.087955,0.0031
page_blocks,2,none,DR-M3,features,0,0.094501,0.0088
page_blocks,2,none,DR-M4,features,0,0.042735,0.0621
page_blocks,2,none,DR-M5,features,0,0.015716,0.0033
page_blocks,2,none,DR-M6,features,0,0.100879,0.0397
page_blocks,2,none,DR-M7,features,0,0.141059,0.0115
page_blocks,2,none,DR-M8,errors,1,0.02,0.0001
page_blocks,2,none,DR-M10,joint,0,0.002878,0.143
page_blocks,2,none,DR-M12,features,0,0.277736,0.0095
page_blocks,2,none,DR-M13,features,0,0.240088,0.0042
page_blocks,2,none,DR-M14,joint,0,0.014155,0.1433
page_blocks,2,none,DR-C1,errors,0,,0.0008
page_blocks,2,none,DR-C2,errors,0,,0.0003
page_blocks,2,none,DR-C3,errors,0,,0.0006
page_blocks,2,none,DR-C4,errors,0,,0.0046
page_blocks,2,none,DR-C5,errors,0,,0.5975
page_blocks,2,none,DR-C6,errors,0,,0.0217
page_blocks,2,none,DR-C7,errors,0,,0.0074
page_blocks,2,none,DR-C9,errors,0,,0.0005
page_blocks,2,none,DR-MV1,joint,0,6.569382,0.0009
page_blocks,2,none,DR-MV2,joint,0,0.032,0.0023
page_blocks,2,none,DR-CV1,joint,0,0.49268,0.9016
page_blocks,2,shift,DR-M1,features,1,0.0,0.0083
page_blocks,2,shift,DR-M2,features,1,4.924926,0.0031
page_blocks,2,shift,DR-M3,features,1,0.0,0.0099
page_blocks,2,shift,DR-M4,features,1,3.832562,0.0611
page_blocks,2,shift,DR-M5,features,1,0.429997,0.0042
page_blocks,2,shift,DR-M6,features,0,0.382519,0.0334
page_blocks,2,shift,DR-M7,features,1,1e-05,0.0077
page_blocks,2,shift,DR-M8,errors,1,0.032,0.0001
page_blocks,2,shift,DR-M10,joint,1,0.016576,0.1144
page_blocks,2,shift,DR-M12,features,1,0.0,0.0098
page_blocks,2,shift,DR-M13,features,1,0.0,0.0035
page_blocks,2,shift,DR-M14,joint,1,0.070399,0.1069
page_blocks,2,shift,DR-C1,errors,0,,0.0008
page_blocks,2,shift,DR-C2,errors,0,,0.0003
page_blocks,2,shift,DR-C3,errors,0,,0.0007
page_blocks,2,shift,DR-C4,errors,0,,0.0003
page_blocks,2,shift,DR-C5,errors,0,,0.4399
page_blocks,2,shift,DR-C6,errors,0,,0.0253
page_blocks,2,shift,DR-C7,errors,0,,0.0074
page_blocks,2,shift,DR-C9,errors,0,,0.0005
page_blocks,2,shift,DR-MV1,joint,1,63.474353,0.0007
page_blocks,2,shift,DR-MV2,joint,0,0.068,0.0025
page_blocks,2,shift,DR-CV1,joint,1,0.98134,0.7941
page_blocks,2,scale,DR-M1,features,1,0.0,0.008
page_blocks,2,scale,DR-M2,features,1,0.598301,0.003
page_blocks,2,scale,DR-M3,features,1,0.0,0.0098
page_blocks,2,scale,DR-M4,features,1,0.291608,0.0624
page_blocks,2,scale,DR-M5,features,1,0.102446,0.0033
page_blocks,2,scale,DR-M6,features,0,0.175954,0.0296
page_blocks,2,scale,DR-M7,features,0,0.059963,0.0073
page_blocks,2,scale,DR-M8,errors,1,0.036,0.0001
page_blocks,2,scale,DR-M10,joint,0,0.00401,0.1154
page_blocks,2,scale,DR-M12,features,1,4e-06,0.0053
page_blocks,2,scale,DR-M13,features,1,0.0,0.004
page_blocks,2,scale,DR-M14,joint,0,0.017952,0.1061
page_blocks,2,scale,DR-C1,errors,1,206.0,0.0008
page_blocks,2,scale,DR-C2,errors,0,,0.0003
page_blocks,2,scale,DR-C3,errors,0,,0.0007
page_blocks,2,scale,DR-C4,errors,0,,0.0003
page_blocks,2,scale,DR-C5,errors,0,,0.4562
page_blocks,2,scale,DR-C6,errors,0,,0.02
page_blocks,2,scale,DR-C7,errors,0,,0.0071
page_blocks,2,scale,DR-C9,errors,0,,0.0005
page_blocks,2,scale,DR-MV1,joint,0,17.755439,0.0007
page_blocks,2,scale,DR-MV2,joint,0,0.06,0.0023
page_blocks,2,scale,DR-CV1,joint,1,0.83116,0.7594
page_blocks,2,correlation,DR-M1,features,1,0.001564,0.0082
page_blocks,2,correlation,DR-M2,features,0,0.166536,0.0031
page_blocks,2,correlation,DR-M3,features,1,0.002339,0.0093
page_blocks,2,correlation,DR-M4,features,0,0.088154,0.0552
page_blocks,2,correlation,DR-M5,features,0,0.029525,0.0032
page_blocks,2,correlation,DR-M6,features,0,0.208648,0.028
page_blocks,2,correlation,DR-M7,features,0,0.024149,0.0066
page_blocks,2,correlation,DR-M8,errors,1,0.012,0.0001
page_blocks,2,correlation,DR-M10,joint,1,0.014605,0.1134
page_blocks,2,correlation,DR-M12,features,1,0.001196,0.0097
page_blocks,2,correlation,DR-M13,features,1,0.0,0.0037
page_blocks,2,correlation,DR-M14,joint,1,0.047753,0.1054
page_blocks,2,correlation,DR-C1,errors,0,,0.0008
page_blocks,2,correlation,DR-C2,errors,0,,0.0003
page_blocks,2,correlation,DR-C3,errors,0,,0.0006
page_blocks,2,correlation,DR-C4,errors,0,,0.0004
page_blocks,2,correlation,DR-C5,errors,0,,0.3805
page_blocks,2,correlation,DR-C6,errors,0,,0.0206
page_blocks,2,correlation,DR-C7,errors,0,,0.007
page_blocks,2,correlation,DR-C9,errors,0,,0.0004
page_blocks,2,correlation,DR-MV1,joint,0,16.024148,0.0008
page_blocks,2,correlation,DR-MV2,joint,0,0.044,0.0023
page_blocks,2,correlation,DR-CV1,joint,1,0.91132,0.8094
page_blocks,2,selection,DR-M1,features,1,2.9e-05,0.0116
page_blocks,2,selection,DR-M2,features,0,0.204741,0.0035
page_blocks,2,selection,DR-M3,features,1,0.000108,0.0094
page_blocks,2,selection,DR-M4,features,1,0.101196,0.0548
page_blocks,2,selection,DR-M5,features,0,0.036151,0.0033
page_blocks,2,selection,DR-M6,features,1,0.676535,0.028
page_blocks,2,selection,DR-M7,features,1,0.0,0.0072
page_blocks,2,selection,DR-M8,errors,1,0.008,0.0
page_blocks,2,selection,DR-M10,joint,1,0.013926,0.1146
page_blocks,2,selection,DR-M12,features,1,3.7e-05,0.0107
page_blocks,2,selection,DR-M13,features,1,0.0,0.0044
page_blocks,2,selection,DR-M14,joint,1,0.108815,0.0988
page_blocks,2,selection,DR-C1,errors,0,,0.0008
page_blocks,2,selection,DR-C2,errors,0,,0.0003
page_blocks,2,selection,DR-C3,errors,0,,0.0006
page_blocks,2,selection,DR-C4,errors,0,,0.0003
page_blocks,2,selection,DR-C5,errors,0,,0.3854
page_blocks,2,selection,DR-C6,errors,0,,0.0247
page_blocks,2,selection,DR-C7,errors,0,,0.0072
page_blocks,2,selection,DR-C9,errors,0,,0.0006
page_blocks,2,selection,DR-MV1,joint,1,84.270526,0.0008
page_blocks,2,selection,DR-MV2,joint,1,0.112,0.0022
page_blocks,2,selection,DR-CV1,joint,0,0.58546,0.8009
page_blocks,2,label_shift,DR-M1,features,0,0.046073,0.0085
page_blocks,2,label_shift,DR-M2,features,0,0.112268,0.0037
page_blocks,2,label_shift,DR-M3,features,0,0.040736,0.0093
page_blocks,2,label_shift,DR-M4,features,0,0.059965,0.0582
page_blocks,2,label_shift,DR-M5,features,0,0.019809,0.0032
page_blocks,2,label_shift,DR-M6,features,0,0.132594,0.0276
page_blocks,2,label_shift,DR-M7,features,0,0.235051,0.0067
page_blocks,2,label_shift,DR-M8,errors,1,0.02,0.0001
page_blocks,2,label_shift,DR-M10,joint,0,0.004253,0.1299
page_blocks,2,label_shift,DR-M12,features,0,0.138731,0.0051
page_blocks,2,label_shift,DR-M13,features,0,0.123011,0.0055
page_blocks,2,label_shift,DR-M14,joint,0,0.01696,0.1085
page_blocks,2,label_shift,DR-C1,errors,0,,0.0015
page_blocks,2,label_shift,DR-C2,errors,0,,0.0007
page_blocks,2,label_shift,DR-C3,errors,0,,0.0016
page_blocks,2,label_shift,DR-C4,errors,0,,0.0009
page_blocks,2,label_shift,DR-C5,errors,0,,0.6305
page_blocks,2,label_shift,DR-C6,errors,0,,0.0215
page_blocks,2,label_shift,DR-C7,errors,0,,0.0083
page_blocks,2,label_shift,DR-C9,errors,0,,0.0005
page_blocks,2,label_shift,DR-MV1,joint,0,7.368622,0.0009
page_blocks,2,label_shift,DR-MV2,joint,0,0.04,0.0033
page_blocks,2,label_shift,DR-CV1,joint,0,0.54604,0.9797
page_blocks,2,concept,DR-M1,features,0,0.258351,0.008
page_blocks,2,concept,DR-M2,features,0,0.074215,0.0032
page_blocks,2,concept,DR-M3,features,0,0.206564,0.0092
page_blocks,2,concept,DR-M4,features,0,0.037551,0.053
page_blocks,2,concept,DR-M5,features,0,0.013298,0.0032
page_blocks,2,concept,DR-M6,features,0,0.104308,0.029
page_blocks,2,concept,DR-M7,features,0,0.168884,0.0086
page_blocks,2,concept,DR-M8,errors,1,0.148,0.0001
page_blocks,2,concept,DR-M10,joint,0,0.004376,0.1214
page_blocks,2,concept,DR-M12,features,0,0.224302,0.0096
page_blocks,2,concept,DR-M13,features,0,0.22694,0.0041
page_blocks,2,concept,DR-M14,joint,0,0.015933,0.1036
page_blocks,2,concept,DR-C1,errors,1,28.0,0.0006
page_blocks,2,concept,DR-C2,errors,1,134.0,0.0004
page_blocks,2,concept,DR-C3,errors,0,,0.0006
page_blocks,2,concept,DR-C4,errors,1,203.0,0.0003
page_blocks,2,concept,DR-C5,errors,0,,0.3761
page_blocks,2,concept,DR-C6,errors,0,,0.0171
page_blocks,2,concept,DR-C7,errors,0,,0.0072
page_blocks,2,concept,DR-C9,errors,0,,0.0005
page_blocks,2,concept,DR-MV1,joint,0,7.739082,0.0007
page_blocks,2,concept,DR-MV2,joint,0,0.032,0.0023
page_blocks,2,concept,DR-CV1,joint,0,0.50826,0.7882
page_blocks,3,none,DR-M1,features,0,0.046073,0.0084
page_blocks,3,none,DR-M2,features,0,0.106264,0.0032
page_blocks,3,none,DR-M3,features,0,0.063497,0.0093
page_blocks,3,none,DR-M4,features,0,0.056767,0.0606
page_blocks,3,none,DR-M5,features,0,0.018789,0.0033
page_blocks,3,none,DR-M6,features,0,0.265628,0.028
page_blocks,3,none,DR-M7,features,0,0.127359,0.0065
page_blocks,3,none,DR-M8,errors,0,0.0,0.0001
page_blocks,3,none,DR-M10,joint,1,0.00863,0.116
page_blocks,3,none,DR-M12,features,0,0.027437,0.0077
page_blocks,3,none,DR-M13,features,0,0.027893,0.0047
page_blocks,3,none,DR-M14,joint,0,0.02783,0.1034
page_blocks,3,none,DR-C1,errors,0,,0.0009
page_blocks,3,none,DR-C2,errors,0,,0.0003
page_blocks,3,none,DR-C3,errors,0,,0.0006
page_blocks,3,none,DR-C4,errors,0,,0.0003
page_blocks,3,none,DR-C5,errors,0,,0.3875
page_blocks,3,none,DR-C6,errors,0,,0.0215
page_blocks,3,none,DR-C7,errors,0,,0.0073
page_blocks,3,none,DR-C9,errors,0,,0.0005
page_blocks,3,none,DR-MV1,joint,1,21.687857,0.0008
page_blocks,3,none,DR-MV2,joint,0,0.052,0.0023
page_blocks,3,none,DR-CV1,joint,0,0.49012,0.8138
page_blocks,3,shift,DR-M1,features,1,0.0,0.0086
page_blocks,3,shift,DR-M2,features,1,5.939095,0.0034
page_blocks,3,shift,DR-M3,features,1,0.0,0.0091
page_blocks,3,shift,DR-M4,features,1,4.537582,0.0535
page_blocks,3,shift,DR-M5,features,1,0.527511,0.0032
page_blocks,3,shift,DR-M6,features,0,0.323483,0.0313
page_blocks,3,shift,DR-M7,features,1,0.000172,0.0108
page_blocks,3,shift,DR-M8,errors,1,0.008,0.0001
page_blocks,3,shift,DR-M10,joint,1,0.018179,0.1443
page_blocks,3,shift,DR-M12,features,1,0.0,0.0167
page_blocks,3,shift,DR-M13,features,1,0.0,0.0041
page_blocks,3,shift,DR-M14,joint,1,0.06974,0.1001
page_blocks,3,shift,DR-C1,errors,0,,0.0008
page_blocks,3,shift,DR-C2,errors,0,,0.0003
page_blocks,3,shift,DR-C3,errors,0,,0.0006
page_blocks,3,shift,DR-C4,errors,0,,0.0003
page_blocks,3,shift,DR-C5,errors,0,,0.3882
page_blocks,3,shift,DR-C6,errors,0,,0.0204
page_blocks,3,shift,DR-C7,errors,0,,0.0073
page_blocks,3,shift,DR-C9,errors,0,,0.0004
page_blocks,3,shift,DR-MV1,joint,1,113.499261,0.0008
page_blocks,3,shift,DR-MV2,joint,0,0.064,0.0024
page_blocks,3,shift,DR-CV1,joint,1,0.99096,0.7201
page_blocks,3,scale,DR-M1,features,1,0.0,0.008
page_blocks,3,scale,DR-M2,features,1,0.43042,0.0031
page_blocks,3,scale,DR-M3,features,1,0.0,0.0096
page_blocks,3,scale,DR-M4,features,1,0.196463,0.0585
page_blocks,3,scale,DR-M5,features,0,0.07433,0.0033
page_blocks,3,scale,DR-M6,features,0,0.166397,0.0275
page_blocks,3,scale,DR-M7,features,0,0.412461,0.0075
page_blocks,3,scale,DR-M8,errors,1,0.024,0.0001
page_blocks,3,scale,DR-M10,joint,1,0.006859,0.1133
page_blocks,3,scale,DR-M12,features,1,8e-06,0.0168
page_blocks,3,scale,DR-M13,features,1,0.0,0.0039
page_blocks,3,scale,DR-M14,joint,0,0.02373,0.0981
page_blocks,3,scale,DR-C1,errors,0,,0.0007
page_blocks,3,scale,DR-C2,errors,0,,0.0004
page_blocks,3,scale,DR-C3,errors,0,,0.0007
page_blocks,3,scale,DR-C4,errors,0,,0.0006
page_blocks,3,scale,DR-C5,errors,0,,0.3772
page_blocks,3,scale,DR-C6,errors,0,,0.0201
page_blocks,3,scale,DR-C7,errors,0,,0.007
page_blocks,3,scale,DR-C9,errors,0,,0.0005
page_blocks,3,scale,DR-MV1,joint,0,17.413028,0.0008
page_blocks,3,scale,DR-MV2,joint,0,0.072,0.0067
page_blocks,3,scale,DR-CV1,joint,1,0.89444,0.8436
page_blocks,3,correlation,DR-M1,features,0,0.537142,0.0078
page_blocks,3,correlation,DR-M2,features,0,0.067864,0.0031
page_blocks,3,correlation,DR-M3,features,0,0.267175,0.0096
page_blocks,3,correlation,DR-M4,features,0,0.034256,0.1026
page_blocks,3,correlation,DR-M5,features,0,0.012174,0.0041
page_blocks,3,correlation,DR-M6,features,0,0.109176,0.0342
page_blocks,3,correlation,DR-M7,features,0,0.414276,0.0079
page_blocks,3,correlation,DR-M8,errors,0,0.004,0.0001
page_blocks,3,correlation,DR-M10,joint,0,0.006325,0.1214
page_blocks,3,correlation,DR-M12,features,0,0.583492,0.0094
page_blocks,3,correlation,DR-M13,features,0,0.25,0.0034
page_blocks,3,correlation,DR-M14,joint,0,0.024321,0.1054
page_blocks,3,correlation,DR-C1,errors,0,,0.0007
page_blocks,3,correlation,DR-C2,errors,0,,0.0003
page_blocks,3,correlation,DR-C3,errors,0,,0.0006
page_blocks,3,correlation,DR-C4,errors,0,,0.0004
page_blocks,3,correlation,DR-C5,errors,0,,0.405
page_blocks,3,correlation,DR-C6,errors,0,,0.0209
page_blocks,3,correlation,DR-C7,errors,0,,0.0081
page_blocks,3,correlation,DR-C9,errors,0,,0.0006
page_blocks,3,correlation,DR-MV1,joint,0,6.875767,0.0009
page_blocks,3,correlation,DR-MV2,joint,1,0.14,0.0028
page_blocks,3,correlation,DR-CV1,joint,1,0.89116,0.794
page_blocks,3,selection,DR-M1,features,1,1.8e-05,0.0089
page_blocks,3,selection,DR-M2,features,1,0.279843,0.003
page_blocks,3,selection,DR-M3,features,1,0.0,0.0091
page_blocks,3,selection,DR-M4,features,1,0.130287,0.0584
page_blocks,3,selection,DR-M5,features,0,0.048819,0.0032
page_blocks,3,selection,DR-M6,features,1,1.44164,0.0275
page_blocks,3,selection,DR-M7,features,1,0.0,0.0074
page_blocks,3,selection,DR-M8,errors,1,0.012,0.0001
page_blocks,3,selection,DR-M10,joint,1,0.014459,0.1154
page_blocks,3,selection,DR-M12,features,1,0.0,0.0117
page_blocks,3,selection,DR-M13,features,1,0.0,0.0047
page_blocks,3,selection,DR-M14,joint,1,0.383832,0.1097
page_blocks,3,selection,DR-C1,errors,0,,0.0009
page_blocks,3,selection,DR-C2,errors,0,,0.0004
page_blocks,3,selection,DR-C3,errors,0,,0.0012
page_blocks,3,selection,DR-C4,errors,0,,0.0004
page_blocks,3,selection,DR-C5,errors,0,,0.5008
page_blocks,3,selection,DR-C6,errors,0,,0.0214
page_blocks,3,selection,DR-C7,errors,0,,0.0071
page_blocks,3,selection,DR-C9,errors,0,,0.0005
page_blocks,3,selection,DR-MV1,joint,1,449.87078,0.0007
page_blocks,3,selection,DR-MV2,joint,1,0.152,0.0026
page_blocks,3,selection,DR-CV1,joint,0,0.5321,0.9991
page_blocks,3,label_shift,DR-M1,features,0,0.14841,0.0141
page_blocks,3,label_shift,DR-M2,features,0,0.108689,0.003
page_blocks,3,label_shift,DR-M3,features,0,0.05481,0.0091
page_blocks,3,label_shift,DR-M4,features,0,0.057784,0.0529
page_blocks,3,label_shift,DR-M5,features,0,0.019235,0.0032
page_blocks,3,label_shift,DR-M6,features,1,2.02591,0.0276
page_blocks,3,label_shift,DR-M7,features,0,0.011697,0.007
page_blocks,3,label_shift,DR-M8,errors,1,0.016,0.0
page_blocks,3,label_shift,DR-M10,joint,0,0.005236,0.114
page_blocks,3,label_shift,DR-M12,features,0,0.113614,0.0121
page_blocks,3,label_shift,DR-M13,features,0,0.157759,0.0039
page_blocks,3,label_shift,DR-M14,joint,1,0.059873,0.1282
page_blocks,3,label_shift,DR-C1,errors,0,,0.0009
page_blocks,3,label_shift,DR-C2,errors,0,,0.0004
page_blocks,3,label_shift,DR-C3,errors,0,,0.0009
page_blocks,3,label_shift,DR-C4,errors,0,,0.0004
page_blocks,3,label_shift,DR-C5,errors,0,,0.4095
page_blocks,3,label_shift,DR-C6,errors,0,,0.0201
page_blocks,3,label_shift,DR-C7,errors,0,,0.0072
page_blocks,3,label_shift,DR-C9,errors,0,,0.0005
page_blocks,3,label_shift,DR-MV1,joint,1,1022.577732,0.0007
page_blocks,3,label_shift,DR-MV2,joint,1,0.096,0.0024
page_blocks,3,label_shift,DR-CV1,joint,0,0.4891,0.8828
page_blocks,3,concept,DR-M1,features,0,0.537142,0.0117
page_blocks,3,concept,DR-M2,features,0,0.060891,0.0074
page_blocks,3,concept,DR-M3,features,0,0.174765,0.0138
page_blocks,3,concept,DR-M4,features,0,0.029881,0.0582
page_blocks,3,concept,DR-M5,features,0,0.010916,0.0034
page_blocks,3,concept,DR-M6,features,0,0.318524,0.0272
page_blocks,3,concept,DR-M7,features,0,0.041268,0.0067
page_blocks,3,concept,DR-M8,errors,1,0.168,0.0001
page_blocks,3,concept,DR-M10,joint,0,0.004944,0.1439
page_blocks,3,concept,DR-M12,features,0,0.360841,0.0114
page_blocks,3,concept,DR-M13,features,0,0.25,0.0079
page_blocks,3,concept,DR-M14,joint,0,0.027944,0.1112
page_blocks,3,concept,DR-C1,errors,1,36.0,0.0007
page_blocks,3,concept,DR-C2,errors,1,101.0,0.0003
page_blocks,3,concept,DR-C3,errors,0,,0.0007
page_blocks,3,concept,DR-C4,errors,1,139.0,0.0003
page_blocks,3,concept,DR-C5,errors,0,,0.447
page_blocks,3,concept,DR-C6,errors,1,147.0,0.0156
page_blocks,3,concept,DR-C7,errors,0,,0.0072
page_blocks,3,concept,DR-C9,errors,0,,0.0005
page_blocks,3,concept,DR-MV1,joint,1,31.624493,0.0007
page_blocks,3,concept,DR-MV2,joint,0,0.072,0.0024
page_blocks,3,concept,DR-CV1,joint,0,0.45552,0.8809
page_blocks,4,none,DR-M1,features,0,0.20871,0.0078
page_blocks,4,none,DR-M2,features,0,0.106677,0.0033
page_blocks,4,none,DR-M3,features,0,0.047485,0.0107
page_blocks,4,none,DR-M4,features,0,0.055358,0.0589
page_blocks,4,none,DR-M5,features,0,0.019003,0.0055
page_blocks,4,none,DR-M6,features,0,0.118198,0.0277
page_blocks,4,none,DR-M7,features,0,0.43996,0.007
page_blocks,4,none,DR-M8,errors,0,-0.008,0.0001
page_blocks,4,none,DR-M10,joint,0,0.003056,0.1092
page_blocks,4,none,DR-M12,features,0,0.167792,0.01
page_blocks,4,none,DR-M13,features,0,0.076072,0.0039
page_blocks,4,none,DR-M14,joint,0,0.013386,0.0973
page_blocks,4,none,DR-C1,errors,0,,0.0008
page_blocks,4,none,DR-C2,errors,0,,0.0003
page_blocks,4,none,DR-C3,errors,0,,0.0006
page_blocks,4,none,DR-C4,errors,0,,0.0003
page_blocks,4,none,DR-C5,errors,0,,0.3803
page_blocks,4,none,DR-C6,errors,0,,0.02
page_blocks,4,none,DR-C7,errors,0,,0.0078
page_blocks,4,none,DR-C9,errors,0,,0.0005
page_blocks,4,none,DR-MV1,joint,0,15.264076,0.0007
page_blocks,4,none,DR-MV2,joint,0,0.04,0.0024
page_blocks,4,none,DR-CV1,joint,0,0.53142,0.8365
page_blocks,4,shift,DR-M1,features,1,2.3e-05,0.0083
page_blocks,4,shift,DR-M2,features,1,0.328664,0.0032
page_blocks,4,shift,DR-M3,features,1,2e-06,0.0092
page_blocks,4,shift,DR-M4,features,1,0.188855,0.0587
page_blocks,4,shift,DR-M5,features,0,0.054148,0.0032
page_blocks,4,shift,DR-M6,features,0,0.317391,0.0284
page_blocks,4,shift,DR-M7,features,1,4.5e-05,0.0066
page_blocks,4,shift,DR-M8,errors,1,0.008,0.0001
page_blocks,4,shift,DR-M10,joint,1,0.015794,0.1067
page_blocks,4,shift,DR-M12,features,1,0.0,0.0055
page_blocks,4,shift,DR-M13,features,1,0.0,0.004
page_blocks,4,shift,DR-M14,joint,1,0.061882,0.1036
page_blocks,4,shift,DR-C1,errors,0,,0.0008
page_blocks,4,shift,DR-C2,errors,0,,0.0003
page_blocks,4,shift,DR-C3,errors,0,,0.0006
page_blocks,4,shift,DR-C4,errors,0,,0.0003
page_blocks,4,shift,DR-C5,errors,0,,0.3931
page_blocks,4,shift,DR-C6,errors,0,,0.0209
page_blocks,4,shift,DR-C7,errors,0,,0.0068
page_blocks,4,shift,DR-C9,errors,0,,0.0005
page_blocks,4,shift,DR-MV1,joint,1,33.374436,0.0008
page_blocks,4,shift,DR-MV2,joint,0,0.044,0.0024
page_blocks,4,shift,DR-CV1,joint,1,0.74896,0.8328
page_blocks,4,scale,DR-M1,features,0,0.029718,0.0075
page_blocks,4,scale,DR-M2,features,0,0.140187,0.0031
page_blocks,4,scale,DR-M3,features,1,0.004766,0.0091
page_blocks,4,scale,DR-M4,features,0,0.067681,0.0558
page_blocks,4,scale,DR-M5,features,0,0.024966,0.0035
page_blocks,4,scale,DR-M6,features,0,0.281894,0.028
page_blocks,4,scale,DR-M7,features,0,0.071786,0.0077
page_blocks,4,scale,DR-M8,errors,0,-0.004,0.0001
page_blocks,4,scale,DR-M10,joint,0,0.0056,0.1215
page_blocks,4,scale,DR-M12,features,0,0.019544,0.0098
page_blocks,4,scale,DR-M13,features,1,0.00116,0.0041
page_blocks,4,scale,DR-M14,joint,0,0.02201,0.1036
page_blocks,4,scale,DR-C1,errors,0,,0.0009
page_blocks,4,scale,DR-C2,errors,0,,0.0003
page_blocks,4,scale,DR-C3,errors,0,,0.0007
page_blocks,4,scale,DR-C4,errors,0,,0.0004
page_blocks,4,scale,DR-C5,errors,0,,0.4147
page_blocks,4,scale,DR-C6,errors,0,,0.0221
page_blocks,4,scale,DR-C7,errors,0,,0.0079
page_blocks,4,scale,DR-C9,errors,0,,0.0007
page_blocks,4,scale,DR-MV1,joint,0,12.55316,0.0009
page_blocks,4,scale,DR-MV2,joint,0,0.052,0.0027
page_blocks,4,scale,DR-CV1,joint,1,0.65868,0.8454
page_blocks,4,correlation,DR-M1,features,0,0.053038,0.009
page_blocks,4,correlation,DR-M2,features,0,0.153104,0.003
page_blocks,4,correlation,DR-M3,features,1,0.003519,0.0089
page_blocks,4,correlation,DR-M4,features,0,0.078272,0.0632
page_blocks,4,correlation,DR-M5,features,0,0.027251,0.0032
page_blocks,4,correlation,DR-M6,features,0,0.150192,0.0272
page_blocks,4,correlation,DR-M7,features,0,0.078128,0.0072
page_blocks,4,correlation,DR-M8,errors,0,-0.004,0.0001
page_blocks,4,correlation,DR-M10,joint,0,0.004172,0.1161
page_blocks,4,correlation,DR-M12,features,0,0.045741,0.0066
page_blocks,4,correlation,DR-M13,features,0,0.059794,0.0047
page_blocks,4,correlation,DR-M14,joint,0,0.023625,0.0986
page_blocks,4,correlation,DR-C1,errors,0,,0.0007
page_blocks,4,correlation,DR-C2,errors,0,,0.0003
page_blocks,4,correlation,DR-C3,errors,0,,0.0006
page_blocks,4,correlation,DR-C4,errors,0,,0.0003
page_blocks,4,correlation,DR-C5,errors,0,,0.3705
page_blocks,4,correlation,DR-C6,errors,0,,0.0197
page_blocks,4,correlation,DR-C7,errors,0,,0.007
page_blocks,4,correlation,DR-C9,errors,0,,0.0005
page_blocks,4,correlation,DR-MV1,joint,0,14.057996,0.0008
page_blocks,4,correlation,DR-MV2,joint,0,0.036,0.0023
page_blocks,4,correlation,DR-CV1,joint,1,0.83868,0.7602
page_blocks,4,selection,DR-M1,features,1,0.0,0.0099
page_blocks,4,selection,DR-M2,features,1,0.526141,0.0029
page_blocks,4,selection,DR-M3,features,1,0.0,0.0096
page_blocks,4,selection,DR-M4,features,1,0.266355,0.0528
page_blocks,4,selection,DR-M5,features,0,0.089565,0.0032
page_blocks,4,selection,DR-M6,features,1,0.827304,0.0281
page_blocks,4,selection,DR-M7,features,1,0.0,0.0071
page_blocks,4,selection,DR-M8,errors,1,0.02,0.0002
page_blocks,4,selection,DR-M10,joint,1,0.035026,0.1159
page_blocks,4,selection,DR-M12,features,1,0.0,0.0109
page_blocks,4,selection,DR-M13,features,1,0.0,0.0111
page_blocks,4,selection,DR-M14,joint,1,0.247827,0.1445
page_blocks,4,selection,DR-C1,errors,0,,0.0008
page_blocks,4,selection,DR-C2,errors,0,,0.0003
page_blocks,4,selection,DR-C3,errors,0,,0.0007
page_blocks,4,selection,DR-C4,errors,0,,0.0004
page_blocks,4,selection,DR-C5,errors,0,,0.5423
page_blocks,4,selection,DR-C6,errors,0,,0.0186
page_blocks,4,selection,DR-C7,errors,0,,0.0111
page_blocks,4,selection,DR-C9,errors,0,,0.0006
page_blocks,4,selection,DR-MV1,joint,1,141.989433,0.0009
page_blocks,4,selection,DR-MV2,joint,0,0.068,0.0026
page_blocks,4,selection,DR-CV1,joint,1,0.60322,0.8306
page_blocks,4,label_shift,DR-M1,features,0,0.14841,0.0085
page_blocks,4,label_shift,DR-M2,features,0,0.07533,0.0039
page_blocks,4,label_shift,DR-M3,features,0,0.060337,0.0103
page_blocks,4,label_shift,DR-M4,features,0,0.038719,0.0612
page_blocks,4,label_shift,DR-M5,features,0,0.013468,0.0034
page_blocks,4,label_shift,DR-M6,features,0,0.412169,0.0281
page_blocks,4,label_shift,DR-M7,features,0,0.005885,0.0067
page_blocks,4,label_shift,DR-M8,errors,1,0.024,0.0001
page_blocks,4,label_shift,DR-M10,joint,0,0.003024,0.1138
page_blocks,4,label_shift,DR-M12,features,0,0.06429,0.0098
page_blocks,4,label_shift,DR-M13,features,0,0.045551,0.0042
page_blocks,4,label_shift,DR-M14,joint,0,0.025873,0.0998
page_blocks,4,label_shift,DR-C1,errors,0,,0.0007
page_blocks,4,label_shift,DR-C2,errors,0,,0.0003
page_blocks,4,label_shift,DR-C3,errors,0,,0.0006
page_blocks,4,label_shift,DR-C4,errors,0,,0.0003
page_blocks,4,label_shift,DR-C5,errors,0,,0.3997
page_blocks,4,label_shift,DR-C6,errors,0,,0.0172
page_blocks,4,label_shift,DR-C7,errors,0,,0.0077
page_blocks,4,label_shift,DR-C9,errors,0,,0.0006
page_blocks,4,label_shift,DR-MV1,joint,1,41.252325,0.0008
page_blocks,4,label_shift,DR-MV2,joint,1,0.076,0.0033
page_blocks,4,label_shift,DR-CV1,joint,0,0.4946,0.9795
page_blocks,4,concept,DR-M1,features,0,0.382227,0.0095
page_blocks,4,concept,DR-M2,features,0,0.08704,0.0033
page_blocks,4,concept,DR-M3,features,0,0.127279,0.0096
page_blocks,4,concept,DR-M4,features,0,0.045019,0.0637
page_blocks,4,concept,DR-M5,features,0,0.015557,0.0033
page_blocks,4,concept,DR-M6,features,0,0.126133,0.04
page_blocks,4,concept,DR-M7,features,0,0.121127,0.0073
page_blocks,4,concept,DR-M8,errors,1,0.148,0.0001
page_blocks,4,concept,DR-M10,joint,0,0.004664,0.1142
page_blocks,4,concept,DR-M12,features,0,0.240373,0.0094
page_blocks,4,concept,DR-M13,features,0,0.226818,0.0037
page_blocks,4,concept,DR-M14,joint,0,0.019661,0.1083
page_blocks,4,concept,DR-C1,errors,1,83.0,0.0007
page_blocks,4,concept,DR-C2,errors,1,107.0,0.0003
page_blocks,4,concept,DR-C3,errors,0,,0.0007
page_blocks,4,concept,DR-C4,errors,1,203.0,0.0005
page_blocks,4,concept,DR-C5,errors,0,,0.4402
page_blocks,4,concept,DR-C6,errors,0,,0.0163
page_blocks,4,concept,DR-C7,errors,0,,0.0072
page_blocks,4,concept,DR-C9,errors,0,,0.0005
page_blocks,4,concept,DR-MV1,joint,0,10.618295,0.0008
page_blocks,4,concept,DR-MV2,joint,0,0.036,0.0026
page_blocks,4,concept,DR-CV1,joint,0,0.57532,0.8166
pendigits,0,none,DR-M1,features,0,0.186802,0.0149
pendigits,0,none,DR-M2,features,0,0.085208,0.0047
pendigits,0,none,DR-M3,features,0,0.139472,0.018
pendigits,0,none,DR-M4,features,0,0.044038,0.0893
pendigits,0,none,DR-M5,features,0,0.015192,0.0077
pendigits,0,none,DR-M6,features,0,0.122954,0.0464
pendigits,0,none,DR-M7,features,0,0.111821,0.0106
pendigits,0,none,DR-M8,errors,1,0.006,0.0001
pendigits,0,none,DR-M10,joint,0,0.002161,0.1181
pendigits,0,none,DR-M12,features,0,0.169555,0.0119
pendigits,0,none,DR-M13,features,0,0.166027,0.0051
pendigits,0,none,DR-M14,joint,0,0.023138,0.1079
pendigits,0,none,DR-C1,errors,0,,0.0013
pendigits,0,none,DR-C2,errors,0,,0.0003
pendigits,0,none,DR-C3,errors,0,,0.0006
pendigits,0,none,DR-C4,errors,0,,0.0004
pendigits,0,none,DR-C5,errors,0,,0.4336
pendigits,0,none,DR-C6,errors,0,,0.0224
pendigits,0,none,DR-C7,errors,0,,0.0095
pendigits,0,none,DR-C9,errors,0,,0.0008
pendigits,0,none,DR-MV1,joint,0,16.886298,0.0012
pendigits,0,none,DR-MV2,joint,0,0.052,0.0028
pendigits,0,none,DR-CV1,joint,0,0.5136,0.9871
pendigits,0,shift,DR-M1,features,1,0.0,0.0206
pendigits,0,shift,DR-M2,features,0,0.239183,0.0047
pendigits,0,shift,DR-M3,features,1,4e-06,0.0228
pendigits,0,shift,DR-M4,features,1,0.12496,0.1496
pendigits,0,shift,DR-M5,features,0,0.042402,0.0098
pendigits,0,shift,DR-M6,features,1,0.385341,0.0434
pendigits,0,shift,DR-M7,features,1,1e-06,0.0118
pendigits,0,shift,DR-M8,errors,1,0.014,0.0001
pendigits,0,shift,DR-M10,joint,0,0.005929,0.1151
pendigits,0,shift,DR-M12,features,1,0.0,0.0124
pendigits,0,shift,DR-M13,features,1,0.0,0.0059
pendigits,0,shift,DR-M14,joint,0,0.05299,0.1184
pendigits,0,shift,DR-C1,errors,0,,0.0014
pendigits,0,shift,DR-C2,errors,0,,0.0004
pendigits,0,shift,DR-C3,errors,0,,0.0008
pendigits,0,shift,DR-C4,errors,0,,0.0006
pendigits,0,shift,DR-C5,errors,0,,0.4266
pendigits,0,shift,DR-C6,errors,0,,0.028
pendigits,0,shift,DR-C7,errors,0,,0.0099
pendigits,0,shift,DR-C9,errors,0,,0.0005
pendigits,0,shift,DR-MV1,joint,1,144.763449,0.0009
pendigits,0,shift,DR-MV2,joint,0,0.068,0.0027
pendigits,0,shift,DR-CV1,joint,1,0.91428,0.7456
pendigits,0,scale,DR-M1,features,1,0.0,0.0121
pendigits,0,scale,DR-M2,features,1,2.09022,0.0046
pendigits,0,scale,DR-M3,features,1,0.0,0.0145
pendigits,0,scale,DR-M4,features,1,0.381301,0.1076
pendigits,0,scale,DR-M5,features,1,0.163115,0.0082
pendigits,0,scale,DR-M6,features,1,0.437984,0.0458
pendigits,0,scale,DR-M7,features,0,0.022663,0.0132
pendigits,0,scale,DR-M8,errors,0,-0.006,0.0001
pendigits,0,scale,DR-M10,joint,0,0.003936,0.1218
pendigits,0,scale,DR-M12,features,1,0.0,0.0119
pendigits,0,scale,DR-M13,features,1,0.0,0.005
pendigits,0,scale,DR-M14,joint,0,0.035032,0.1034
pendigits,0,scale,DR-C1,errors,0,,0.0008
pendigits,0,scale,DR-C2,errors,0,,0.0003
pendigits,0,scale,DR-C3,errors,0,,0.0006
pendigits,0,scale,DR-C4,errors,0,,0.0003
pendigits,0,scale,DR-C5,errors,0,,0.4692
pendigits,0,scale,DR-C6,errors,0,,0.0291
pendigits,0,scale,DR-C7,errors,0,,0.0143
pendigits,0,scale,DR-C9,errors,0,,0.0008
pendigits,0,scale,DR-MV1,joint,1,71.182818,0.0011
pendigits,0,scale,DR-MV2,joint,0,0.044,0.0035
pendigits,0,scale,DR-CV1,joint,1,0.86524,1.0662
pendigits,0,correlation,DR-M1,features,0,0.025539,0.0125
pendigits,0,correlation,DR-M2,features,0,0.138999,0.0047
pendigits,0,correlation,DR-M3,features,0,0.006049,0.0144
pendigits,0,correlation,DR-M4,features,0,0.073628,0.0985
pendigits,0,correlation,DR-M5,features,0,0.0247,0.006
pendigits,0,correlation,DR-M6,features,0,0.227107,0.0476
pendigits,0,correlation,DR-M7,features,0,0.011451,0.0106
pendigits,0,correlation,DR-M8,errors,1,0.086,0.0001
pendigits,0,correlation,DR-M10,joint,1,0.011039,0.121
pendigits,0,correlation,DR-M12,features,0,0.013665,0.0119
pendigits,0,correlation,DR-M13,features,0,0.009215,0.0066
pendigits,0,correlation,DR-M14,joint,1,0.073314,0.1094
pendigits,0,correlation,DR-C1,errors,1,54.0,0.0007
pendigits,0,correlation,DR-C2,errors,1,241.0,0.0003
pendigits,0,correlation,DR-C3,errors,0,,0.0007
pendigits,0,correlation,DR-C4,errors,0,,0.0003
pendigits,0,correlation,DR-C5,errors,0,,0.4281
pendigits,0,correlation,DR-C6,errors,0,,0.0186
pendigits,0,correlation,DR-C7,errors,0,,0.009
pendigits,0,correlation,DR-C9,errors,0,,0.0004
pendigits,0,correlation,DR-MV1,joint,0,18.519461,0.0008
pendigits,0,correlation,DR-MV2,joint,1,0.36,0.0026
pendigits,0,correlation,DR-CV1,joint,1,0.8048,0.8577
pendigits,0,selection,DR-M1,features,1,0.0,0.0133
pendigits,0,selection,DR-M2,features,1,0.309546,0.005
pendigits,0,selection,DR-M3,features,1,0.0,0.0147
pendigits,0,selection,DR-M4,features,1,0.163264,0.0887
pendigits,0,selection,DR-M5,features,0,0.054604,0.0053
pendigits,0,selection,DR-M6,features,1,0.510663,0.0477
pendigits,0,selection,DR-M7,features,1,0.0,0.0106
pendigits,0,selection,DR-M8,errors,1,0.006,0.0001
pendigits,0,selection,DR-M10,joint,1,0.020836,0.1146
pendigits,0,selection,DR-M12,features,1,0.0,0.0128
pendigits,0,selection,DR-M13,features,1,0.0,0.006
pendigits,0,selection,DR-M14,joint,1,0.161105,0.1032
pendigits,0,selection,DR-C1,errors,0,,0.0008
pendigits,0,selection,DR-C2,errors,0,,0.0003
pendigits,0,selection,DR-C3,errors,0,,0.0006
pendigits,0,selection,DR-C4,errors,0,,0.0003
pendigits,0,selection,DR-C5,errors,0,,0.3835
pendigits,0,selection,DR-C6,errors,0,,0.0213
pendigits,0,selection,DR-C7,errors,0,,0.0086
pendigits,0,selection,DR-C9,errors,0,,0.0005
pendigits,0,selection,DR-MV1,joint,1,67.131105,0.0009
pendigits,0,selection,DR-MV2,joint,0,0.06,0.0025
pendigits,0,selection,DR-CV1,joint,0,0.59564,0.8693
pendigits,0,label_shift,DR-M1,features,0,0.025539,0.0119
pendigits,0,label_shift,DR-M2,features,0,0.099608,0.0048
pendigits,0,label_shift,DR-M3,features,0,0.023545,0.0149
pendigits,0,label_shift,DR-M4,features,0,0.05168,0.1037
pendigits,0,label_shift,DR-M5,features,0,0.017791,0.0096
pendigits,0,label_shift,DR-M6,features,0,0.138243,0.0658
pendigits,0,label_shift,DR-M7,features,0,0.170272,0.0171
pendigits,0,label_shift,DR-M8,errors,1,0.01,0.0002
pendigits,0,label_shift,DR-M10,joint,0,0.002635,0.1312
pendigits,0,label_shift,DR-M12,features,0,0.069389,0.0116
pendigits,0,label_shift,DR-M13,features,0,0.11551,0.0051
pendigits,0,label_shift,DR-M14,joint,0,0.026825,0.1588
pendigits,0,label_shift,DR-C1,errors,0,,0.0007
pendigits,0,label_shift,DR-C2,errors,0,,0.0003
pendigits,0,label_shift,DR-C3,errors,0,,0.0006
pendigits,0,label_shift,DR-C4,errors,0,,0.0004
pendigits,0,label_shift,DR-C5,errors,0,,0.3764
pendigits,0,label_shift,DR-C6,errors,0,,0.0217
pendigits,0,label_shift,DR-C7,errors,0,,0.0093
pendigits,0,label_shift,DR-C9,errors,0,,0.0005
pendigits,0,label_shift,DR-MV1,joint,0,13.304446,0.0008
pendigits,0,label_shift,DR-MV2,joint,0,0.072,0.0025
pendigits,0,label_shift,DR-CV1,joint,0,0.50244,0.7629
pendigits,0,concept,DR-M1,features,0,0.13174,0.0119
pendigits,0,concept,DR-M2,features,0,0.079407,0.0049
pendigits,0,concept,DR-M3,features,0,0.151629,0.0146
pendigits,0,concept,DR-M4,features,0,0.039387,0.0863
pendigits,0,concept,DR-M5,features,0,0.014248,0.0052
pendigits,0,concept,DR-M6,features,0,0.107177,0.0408
pendigits,0,concept,DR-M7,features,0,0.220524,0.0125
pendigits,0,concept,DR-M8,errors,1,0.11,0.0001
pendigits,0,concept,DR-M10,joint,0,0.003171,0.1107
pendigits,0,concept,DR-M12,features,0,0.116914,0.0168
pendigits,0,concept,DR-M13,features,0,0.1751,0.0055
pendigits,0,concept,DR-M14,joint,0,0.028718,0.1132
pendigits,0,concept,DR-C1,errors,1,28.0,0.0014
pendigits,0,concept,DR-C2,errors,1,193.0,0.0005
pendigits,0,concept,DR-C3,errors,0,,0.0007
pendigits,0,concept,DR-C4,errors,0,,0.0003
pendigits,0,concept,DR-C5,errors,0,,0.3892
pendigits,0,concept,DR-C6,errors,0,,0.0184
pendigits,0,concept,DR-C7,errors,0,,0.0091
pendigits,0,concept,DR-C9,errors,0,,0.0005
pendigits,0,concept,DR-MV1,joint,0,13.578068,0.0008
pendigits,0,concept,DR-MV2,joint,0,0.048,0.0025
pendigits,0,concept,DR-CV1,joint,0,0.49876,0.76
pendigits,1,none,DR-M1,features,0,0.14841,0.012
pendigits,1,none,DR-M2,features,0,0.093484,0.0047
pendigits,1,none,DR-M3,features,0,0.084836,0.0145
pendigits,1,none,DR-M4,features,0,0.047328,0.0915
pendigits,1,none,DR-M5,features,0,0.01672,0.0059
pendigits,1,none,DR-M6,features,0,0.127061,0.0416
pendigits,1,none,DR-M7,features,0,0.117742,0.0105
pendigits,1,none,DR-M8,errors,1,0.008,0.0001
pendigits,1,none,DR-M10,joint,0,0.002765,0.1208
pendigits,1,none,DR-M12,features,0,0.090087,0.0076
pendigits,1,none,DR-M13,features,0,0.105879,0.0056
pendigits,1,none,DR-M14,joint,0,0.025272,0.1112
pendigits,1,none,DR-C1,errors,0,,0.0008
pendigits,1,none,DR-C2,errors,0,,0.0003
pendigits,1,none,DR-C3,errors,0,,0.0006
pendigits,1,none,DR-C4,errors,0,,0.0003
pendigits,1,none,DR-C5,errors,0,,0.3843
pendigits,1,none,DR-C6,errors,0,,0.0201
pendigits,1,none,DR-C7,errors,0,,0.0068
pendigits,1,none,DR-C9,errors,0,,0.0005
pendigits,1,none,DR-MV1,joint,0,11.63401,0.0007
pendigits,1,none,DR-MV2,joint,0,0.04,0.0026
pendigits,1,none,DR-CV1,joint,0,0.464,0.7611
pendigits,1,shift,DR-M1,features,1,0.0,0.0131
pendigits,1,shift,DR-M2,features,0,0.129184,0.0047
pendigits,1,shift,DR-M3,features,0,0.008699,0.0149
pendigits,1,shift,DR-M4,features,0,0.061567,0.0919
pendigits,1,shift,DR-M5,features,0,0.02297,0.0055
pendigits,1,shift,DR-M6,features,1,0.289645,0.0424
pendigits,1,shift,DR-M7,features,1,0.000132,0.0107
pendigits,1,shift,DR-M8,errors,0,-0.008,0.0001
pendigits,1,shift,DR-M10,joint,0,0.006196,0.1198
pendigits,1,shift,DR-M12,features,1,0.0,0.0087
pendigits,1,shift,DR-M13,features,1,0.0,0.0055
pendigits,1,shift,DR-M14,joint,1,0.052051,0.1037
pendigits,1,shift,DR-C1,errors,0,,0.0008
pendigits,1,shift,DR-C2,errors,0,,0.0003
pendigits,1,shift,DR-C3,errors,0,,0.0024
pendigits,1,shift,DR-C4,errors,0,,0.0004
pendigits,1,shift,DR-C5,errors,0,,0.4339
pendigits,1,shift,DR-C6,errors,0,,0.0216
pendigits,1,shift,DR-C7,errors,0,,0.0082
pendigits,1,shift,DR-C9,errors,0,,0.0004
pendigits,1,shift,DR-MV1,joint,1,67.187227,0.0009
pendigits,1,shift,DR-MV2,joint,0,0.056,0.0025
pendigits,1,shift,DR-CV1,joint,1,0.81076,0.806
pendigits,1,scale,DR-M1,features,1,0.0,0.0198
pendigits,1,scale,DR-M2,features,0,0.218017,0.0048
pendigits,1,scale,DR-M3,features,1,1.6e-05,0.015
pendigits,1,scale,DR-M4,features,1,0.105368,0.0873
pendigits,1,scale,DR-M5,features,0,0.038369,0.0056
pendigits,1,scale,DR-M6,features,1,0.355393,0.041
pendigits,1,scale,DR-M7,features,0,0.022498,0.0107
pendigits,1,scale,DR-M8,errors,0,-0.008,0.0001
pendigits,1,scale,DR-M10,joint,0,0.005365,0.112
pendigits,1,scale,DR-M12,features,1,0.0,0.0211
pendigits,1,scale,DR-M13,features,1,0.0,0.0054
pendigits,1,scale,DR-M14,joint,0,0.045585,0.1012
pendigits,1,scale,DR-C1,errors,0,,0.0008
pendigits,1,scale,DR-C2,errors,0,,0.0005
pendigits,1,scale,DR-C3,errors,0,,0.001
pendigits,1,scale,DR-C4,errors,0,,0.0003
pendigits,1,scale,DR-C5,errors,0,,0.4008
pendigits,1,scale,DR-C6,errors,0,,0.0218
pendigits,1,scale,DR-C7,errors,0,,0.0084
pendigits,1,scale,DR-C9,errors,0,,0.0012
pendigits,1,scale,DR-MV1,joint,1,28.427191,0.0009
pendigits,1,scale,DR-MV2,joint,0,0.052,0.0029
pendigits,1,scale,DR-CV1,joint,1,0.78268,0.7777
pendigits,1,correlation,DR-M1,features,0,0.021888,0.0128
pendigits,1,correlation,DR-M2,features,0,0.087524,0.0048
pendigits,1,correlation,DR-M3,features,0,0.036474,0.0156
pendigits,1,correlation,DR-M4,features,0,0.043353,0.096
pendigits,1,correlation,DR-M5,features,0,0.015648,0.0061
pendigits,1,correlation,DR-M6,features,0,0.218488,0.0439
pendigits,1,correlation,DR-M7,features,0,0.004903,0.0116
pendigits,1,correlation,DR-M8,errors,1,0.18,0.0001
pendigits,1,correlation,DR-M10,joint,1,0.009516,0.1158
pendigits,1,correlation,DR-M12,features,1,0.000788,0.0119
pendigits,1,correlation,DR-M13,features,1,0.0,0.0056
pendigits,1,correlation,DR-M14,joint,1,0.066411,0.107
pendigits,1,correlation,DR-C1,errors,1,57.0,0.0006
pendigits,1,correlation,DR-C2,errors,1,75.0,0.0003
pendigits,1,correlation,DR-C3,errors,0,,0.0006
pendigits,1,correlation,DR-C4,errors,1,75.0,0.0003
pendigits,1,correlation,DR-C5,errors,0,,0.3858
pendigits,1,correlation,DR-C6,errors,1,99.0,0.0168
pendigits,1,correlation,DR-C7,errors,0,,0.0075
pendigits,1,correlation,DR-C9,errors,0,,0.0005
pendigits,1,correlation,DR-MV1,joint,0,25.70633,0.0009
pendigits,1,correlation,DR-MV2,joint,1,0.176,0.0024
pendigits,1,correlation,DR-CV1,joint,1,0.77944,0.8109
pendigits,1,selection,DR-M1,features,1,0.000698,0.0118
pendigits,1,selection,DR-M2,features,0,0.151355,0.0055
pendigits,1,selection,DR-M3,features,1,0.003026,0.0143
pendigits,1,selection,DR-M4,features,0,0.080322,0.0925
pendigits,1,selection,DR-M5,features,0,0.026878,0.0054
pendigits,1,selection,DR-M6,features,1,0.292431,0.0428
pendigits,1,selection,DR-M7,features,1,4.2e-05,0.0119
pendigits,1,selection,DR-M8,errors,0,-0.012,0.0001
pendigits,1,selection,DR-M10,joint,1,0.006748,0.1168
pendigits,1,selection,DR-M12,features,1,0.000417,0.0125
pendigits,1,selection,DR-M13,features,1,0.0,0.0078
pendigits,1,selection,DR-M14,joint,1,0.058096,0.1007
pendigits,1,selection,DR-C1,errors,0,,0.0007
pendigits,1,selection,DR-C2,errors,0,,0.0003
pendigits,1,selection,DR-C3,errors,0,,0.0006
pendigits,1,selection,DR-C4,errors,0,,0.0003
pendigits,1,selection,DR-C5,errors,0,,0.3944
pendigits,1,selection,DR-C6,errors,0,,0.0229
pendigits,1,selection,DR-C7,errors,0,,0.0077
pendigits,1,selection,DR-C9,errors,0,,0.0005
pendigits,1,selection,DR-MV1,joint,1,33.34532,0.0009
pendigits,1,selection,DR-MV2,joint,0,0.064,0.0026
pendigits,1,selection,DR-CV1,joint,0,0.53848,1.0988
pendigits,1,label_shift,DR-M1,features,0,0.015948,0.0216
pendigits,1,label_shift,DR-M2,features,0,0.111358,0.005
pendigits,1,label_shift,DR-M3,features,0,0.015979,0.0229
pendigits,1,label_shift,DR-M4,features,0,0.058728,0.1443
pendigits,1,label_shift,DR-M5,features,0,0.019757,0.0097
pendigits,1,label_shift,DR-M6,features,0,0.197597,0.0752
pendigits,1,label_shift,DR-M7,features,0,0.012355,0.0191
pendigits,1,label_shift,DR-M8,errors,0,-0.008,0.0001
pendigits,1,label_shift,DR-M10,joint,1,0.006947,0.1846
pendigits,1,label_shift,DR-M12,features,0,0.023026,0.0135
pendigits,1,label_shift,DR-M13,features,0,0.003643,0.0117
pendigits,1,label_shift,DR-M14,joint,1,0.054732,0.1819
pendigits,1,label_shift,DR-C1,errors,0,,0.0008
pendigits,1,label_shift,DR-C2,errors,0,,0.0004
pendigits,1,label_shift,DR-C3,errors,0,,0.005
pendigits,1,label_shift,DR-C4,errors,0,,0.0004
pendigits,1,label_shift,DR-C5,errors,0,,0.6389
pendigits,1,label_shift,DR-C6,errors,0,,0.0224
pendigits,1,label_shift,DR-C7,errors,0,,0.0077
pendigits,1,label_shift,DR-C9,errors,0,,0.0005
pendigits,1,label_shift,DR-MV1,joint,0,16.244273,0.0008
pendigits,1,label_shift,DR-MV2,joint,0,0.04,0.0045
pendigits,1,label_shift,DR-CV1,joint,0,0.4976,0.8192
pendigits,1,concept,DR-M1,features,0,0.06089,0.0128
pendigits,1,concept,DR-M2,features,0,0.11714,0.0047
pendigits,1,concept,DR-M3,features,0,0.033418,0.0159
pendigits,1,concept,DR-M4,features,0,0.065316,0.0895
pendigits,1,concept,DR-M5,features,0,0.020391,0.0054
pendigits,1,concept,DR-M6,features,0,0.154444,0.0448
pendigits,1,concept,DR-M7,features,0,0.054791,0.0117
pendigits,1,concept,DR-M8,errors,1,0.124,0.0001
pendigits,1,concept,DR-M10,joint,0,0.004761,0.1182
pendigits,1,concept,DR-M12,features,0,0.010117,0.0121
pendigits,1,concept,DR-M13,features,0,0.013375,0.0061
pendigits,1,concept,DR-M14,joint,0,0.043149,0.1052
pendigits,1,concept,DR-C1,errors,1,79.0,0.0007
pendigits,1,concept,DR-C2,errors,1,116.0,0.0003
pendigits,1,concept,DR-C3,errors,0,,0.0007
pendigits,1,concept,DR-C4,errors,0,,0.0006
pendigits,1,concept,DR-C5,errors,0,,0.3832
pendigits,1,concept,DR-C6,errors,0,,0.0169
pendigits,1,concept,DR-C7,errors,0,,0.0075
pendigits,1,concept,DR-C9,errors,0,,0.0005
pendigits,1,concept,DR-MV1,joint,0,15.430129,0.0009
pendigits,1,concept,DR-MV2,joint,0,0.04,0.0027
pendigits,1,concept,DR-CV1,joint,0,0.47744,0.8218
pendigits,2,none,DR-M1,features,0,0.053038,0.0129
pendigits,2,none,DR-M2,features,0,0.091481,0.0054
pendigits,2,none,DR-M3,features,0,0.052921,0.0154
pendigits,2,none,DR-M4,features,0,0.044917,0.0964
pendigits,2,none,DR-M5,features,0,0.016359,0.0054
pendigits,2,none,DR-M6,features,0,0.17108,0.0482
pendigits,2,none,DR-M7,features,0,0.026473,0.0126
pendigits,2,none,DR-M8,errors,1,0.01,0.0001
pendigits,2,none,DR-M10,joint,0,0.003462,0.1182
pendigits,2,none,DR-M12,features,0,0.038051,0.0121
pendigits,2,none,DR-M13,features,0,0.030287,0.0053
pendigits,2,none,DR-M14,joint,0,0.031651,0.1045
pendigits,2,none,DR-C1,errors,0,,0.0008
pendigits,2,none,DR-C2,errors,0,,0.0004
pendigits,2,none,DR-C3,errors,0,,0.0006
pendigits,2,none,DR-C4,errors,0,,0.0003
pendigits,2,none,DR-C5,errors,0,,0.3993
pendigits,2,none,DR-C6,errors,0,,0.0219
pendigits,2,none,DR-C7,errors,0,,0.0088
pendigits,2,none,DR-C9,errors,0,,0.0005
pendigits,2,none,DR-MV1,joint,0,19.783163,0.0008
pendigits,2,none,DR-MV2,joint,0,0.048,0.0044
pendigits,2,none,DR-CV1,joint,0,0.49864,1.0071
pendigits,2,shift,DR-M1,features,1,0.0,0.022
pendigits,2,shift,DR-M2,features,1,1.851393,0.01
pendigits,2,shift,DR-M3,features,1,0.0,0.0292
pendigits,2,shift,DR-M4,features,1,1.480007,0.1541
pendigits,2,shift,DR-M5,features,1,0.158679,0.0096
pendigits,2,shift,DR-M6,features,1,0.316324,0.0749
pendigits,2,shift,DR-M7,features,1,4.2e-05,0.0173
pendigits,2,shift,DR-M8,errors,1,0.014,0.0001
pendigits,2,shift,DR-M10,joint,0,0.004933,0.1926
pendigits,2,shift,DR-M12,features,1,0.0,0.0116
pendigits,2,shift,DR-M13,features,1,0.0,0.0091
pendigits,2,shift,DR-M14,joint,0,0.042339,0.1632
pendigits,2,shift,DR-C1,errors,0,,0.0008
pendigits,2,shift,DR-C2,errors,0,,0.0003
pendigits,2,shift,DR-C3,errors,0,,0.0007
pendigits,2,shift,DR-C4,errors,0,,0.0003
pendigits,2,shift,DR-C5,errors,0,,0.5813
pendigits,2,shift,DR-C6,errors,0,,0.0336
pendigits,2,shift,DR-C7,errors,0,,0.0123
pendigits,2,shift,DR-C9,errors,0,,0.0005
pendigits,2,shift,DR-MV1,joint,1,282.642693,0.0008
pendigits,2,shift,DR-MV2,joint,0,0.024,0.0066
pendigits,2,shift,DR-CV1,joint,1,0.925,0.8611
pendigits,2,scale,DR-M1,features,1,0.0,0.013
pendigits,2,scale,DR-M2,features,1,2.730047,0.0046
pendigits,2,scale,DR-M3,features,1,0.0,0.0161
pendigits,2,scale,DR-M4,features,1,0.686302,0.0893
pendigits,2,scale,DR-M5,features,1,0.243254,0.0052
pendigits,2,scale,DR-M6,features,1,0.544005,0.0411
pendigits,2,scale,DR-M7,features,1,0.000853,0.0104
pendigits,2,scale,DR-M8,errors,0,-0.002,0.0001
pendigits,2,scale,DR-M10,joint,1,0.01091,0.1147
pendigits,2,scale,DR-M12,features,1,3e-06,0.0124
pendigits,2,scale,DR-M13,features,1,0.0,0.0065
pendigits,2,scale,DR-M14,joint,1,0.08552,0.097
pendigits,2,scale,DR-C1,errors,0,,0.0007
pendigits,2,scale,DR-C2,errors,0,,0.0003
pendigits,2,scale,DR-C3,errors,0,,0.0006
pendigits,2,scale,DR-C4,errors,0,,0.0003
pendigits,2,scale,DR-C5,errors,0,,0.3986
pendigits,2,scale,DR-C6,errors,0,,0.021
pendigits,2,scale,DR-C7,errors,0,,0.0079
pendigits,2,scale,DR-C9,errors,0,,0.0005
pendigits,2,scale,DR-MV1,joint,1,110.209224,0.0008
pendigits,2,scale,DR-MV2,joint,0,0.036,0.0026
pendigits,2,scale,DR-CV1,joint,1,0.87272,0.7666
pendigits,2,correlation,DR-M1,features,0,0.102966,0.0125
pendigits,2,correlation,DR-M2,features,0,0.075791,0.0047
pendigits,2,correlation,DR-M3,features,0,0.081241,0.0154
pendigits,2,correlation,DR-M4,features,0,0.037429,0.092
pendigits,2,correlation,DR-M5,features,0,0.013557,0.0052
pendigits,2,correlation,DR-M6,features,0,0.157929,0.0487
pendigits,2,correlation,DR-M7,features,0,0.043978,0.0129
pendigits,2,correlation,DR-M8,errors,1,0.07,0.0001
pendigits,2,correlation,DR-M10,joint,1,0.008017,0.1128
pendigits,2,correlation,DR-M12,features,0,0.044782,0.0163
pendigits,2,correlation,DR-M13,features,0,0.013893,0.0052
pendigits,2,correlation,DR-M14,joint,0,0.053943,0.1118
pendigits,2,correlation,DR-C1,errors,1,121.0,0.001
pendigits,2,correlation,DR-C2,errors,1,199.0,0.0006
pendigits,2,correlation,DR-C3,errors,0,,0.0009
pendigits,2,correlation,DR-C4,errors,0,,0.0005
pendigits,2,correlation,DR-C5,errors,0,,0.4679
pendigits,2,correlation,DR-C6,errors,0,,0.0183
pendigits,2,correlation,DR-C7,errors,0,,0.0087
pendigits,2,correlation,DR-C9,errors,0,,0.0004
pendigits,2,correlation,DR-MV1,joint,0,12.295506,0.0009
pendigits,2,correlation,DR-MV2,joint,1,0.288,0.0027
pendigits,2,correlation,DR-CV1,joint,1,0.79416,0.8281
pendigits,2,selection,DR-M1,features,1,0.0,0.0148
pendigits,2,selection,DR-M2,features,1,0.303933,0.0051
pendigits,2,selection,DR-M3,features,1,0.0,0.0149
pendigits,2,selection,DR-M4,features,1,0.150591,0.1078
pendigits,2,selection,DR-M5,features,0,0.053764,0.0055
pendigits,2,selection,DR-M6,features,1,0.575093,0.0462
pendigits,2,selection,DR-M7,features,1,0.0,0.0102
pendigits,2,selection,DR-M8,errors,0,-0.006,0.0001
pendigits,2,selection,DR-M10,joint,1,0.033596,0.1192
pendigits,2,selection,DR-M12,features,1,0.0,0.014
pendigits,2,selection,DR-M13,features,1,0.0,0.0055
pendigits,2,selection,DR-M14,joint,1,0.270293,0.1049
pendigits,2,selection,DR-C1,errors,0,,0.0008
pendigits,2,selection,DR-C2,errors,0,,0.0003
pendigits,2,selection,DR-C3,errors,0,,0.0007
pendigits,2,selection,DR-C4,errors,0,,0.0003
pendigits,2,selection,DR-C5,errors,0,,0.4174
pendigits,2,selection,DR-C6,errors,0,,0.0211
pendigits,2,selection,DR-C7,errors,0,,0.0084
pendigits,2,selection,DR-C9,errors,0,,0.0005
pendigits,2,selection,DR-MV1,joint,1,68.639662,0.0009
pendigits,2,selection,DR-MV2,joint,0,0.04,0.0028
pendigits,2,selection,DR-CV1,joint,0,0.59244,0.7939
pendigits,2,label_shift,DR-M1,features,0,0.004033,0.0145
pendigits,2,label_shift,DR-M2,features,0,0.14039,0.0056
pendigits,2,label_shift,DR-M3,features,1,0.001481,0.0159
pendigits,2,label_shift,DR-M4,features,0,0.077635,0.0908
pendigits,2,label_shift,DR-M5,features,0,0.024587,0.0057
pendigits,2,label_shift,DR-M6,features,0,0.193476,0.0432
pendigits,2,label_shift,DR-M7,features,0,0.010081,0.0108
pendigits,2,label_shift,DR-M8,errors,0,-0.002,0.0001
pendigits,2,label_shift,DR-M10,joint,1,0.008549,0.1198
pendigits,2,label_shift,DR-M12,features,0,0.007261,0.0122
pendigits,2,label_shift,DR-M13,features,0,0.007017,0.0068
pendigits,2,label_shift,DR-M14,joint,1,0.070986,0.1009
pendigits,2,label_shift,DR-C1,errors,0,,0.0007
pendigits,2,label_shift,DR-C2,errors,0,,0.0003
pendigits,2,label_shift,DR-C3,errors,0,,0.0006
pendigits,2,label_shift,DR-C4,errors,0,,0.0003
pendigits,2,label_shift,DR-C5,errors,0,,0.4102
pendigits,2,label_shift,DR-C6,errors,0,,0.0364
pendigits,2,label_shift,DR-C7,errors,0,,0.0152
pendigits,2,label_shift,DR-C9,errors,0,,0.0009
pendigits,2,label_shift,DR-MV1,joint,0,25.624911,0.0012
pendigits,2,label_shift,DR-MV2,joint,0,0.052,0.0039
pendigits,2,label_shift,DR-CV1,joint,0,0.5552,0.8926
pendigits,2,concept,DR-M1,features,0,0.011495,0.0196
pendigits,2,concept,DR-M2,features,0,0.086565,0.0106
pendigits,2,concept,DR-M3,features,0,0.063811,0.0286
pendigits,2,concept,DR-M4,features,0,0.045634,0.107
pendigits,2,concept,DR-M5,features,0,0.015501,0.0104
pendigits,2,concept,DR-M6,features,0,0.215582,0.0623
pendigits,2,concept,DR-M7,features,0,0.005708,0.031
pendigits,2,concept,DR-M8,errors,1,0.162,0.0001
pendigits,2,concept,DR-M10,joint,0,0.004605,0.1242
pendigits,2,concept,DR-M12,features,0,0.005406,0.0127
pendigits,2,concept,DR-M13,features,1,0.00157,0.0056
pendigits,2,concept,DR-M14,joint,0,0.04202,0.1036
pendigits,2,concept,DR-C1,errors,1,34.0,0.0012
pendigits,2,concept,DR-C2,errors,1,99.0,0.0003
pendigits,2,concept,DR-C3,errors,0,,0.0006
pendigits,2,concept,DR-C4,errors,1,107.0,0.0003
pendigits,2,concept,DR-C5,errors,0,,0.3858
pendigits,2,concept,DR-C6,errors,1,116.0,0.016
pendigits,2,concept,DR-C7,errors,0,,0.0084
pendigits,2,concept,DR-C9,errors,0,,0.0005
pendigits,2,concept,DR-MV1,joint,0,24.299897,0.0008
pendigits,2,concept,DR-MV2,joint,0,0.028,0.0027
pendigits,2,concept,DR-CV1,joint,0,0.50204,0.7967
pendigits,3,none,DR-M1,features,0,0.039916,0.0123
pendigits,3,none,DR-M2,features,0,0.103953,0.0049
pendigits,3,none,DR-M3,features,0,0.038007,0.0145
pendigits,3,none,DR-M4,features,0,0.054292,0.0867
pendigits,3,none,DR-M5,features,0,0.018514,0.0069
pendigits,3,none,DR-M6,features,0,0.167953,0.0648
pendigits,3,none,DR-M7,features,0,0.031789,0.0196
pendigits,3,none,DR-M8,errors,0,-0.01,0.0001
pendigits,3,none,DR-M10,joint,0,0.005147,0.1097
pendigits,3,none,DR-M12,features,0,0.026909,0.0165
pendigits,3,none,DR-M13,features,0,0.019524,0.0055
pendigits,3,none,DR-M14,joint,0,0.04218,0.1765
pendigits,3,none,DR-C1,errors,0,,0.0008
pendigits,3,none,DR-C2,errors,0,,0.0003
pendigits,3,none,DR-C3,errors,0,,0.0006
pendigits,3,none,DR-C4,errors,0,,0.0003
pendigits,3,none,DR-C5,errors,0,,0.4401
pendigits,3,none,DR-C6,errors,0,,0.0268
pendigits,3,none,DR-C7,errors,0,,0.0117
pendigits,3,none,DR-C9,errors,0,,0.0005
pendigits,3,none,DR-MV1,joint,0,14.49041,0.0007
pendigits,3,none,DR-MV2,joint,0,0.06,0.0025
pendigits,3,none,DR-CV1,joint,0,0.5112,0.9478
pendigits,3,shift,DR-M1,features,1,9.7e-05,0.0121
pendigits,3,shift,DR-M2,features,1,0.785338,0.0051
pendigits,3,shift,DR-M3,features,1,4e-06,0.0144
pendigits,3,shift,DR-M4,features,1,0.63654,0.0904
pendigits,3,shift,DR-M5,features,0,0.067028,0.0054
pendigits,3,shift,DR-M6,features,1,0.363288,0.0411
pendigits,3,shift,DR-M7,features,1,3e-06,0.0107
pendigits,3,shift,DR-M8,errors,0,-0.022,0.0001
pendigits,3,shift,DR-M10,joint,1,0.007111,0.1129
pendigits,3,shift,DR-M12,features,1,4e-06,0.0162
pendigits,3,shift,DR-M13,features,1,0.0,0.0063
pendigits,3,shift,DR-M14,joint,1,0.057665,0.117
pendigits,3,shift,DR-C1,errors,0,,0.0009
pendigits,3,shift,DR-C2,errors,0,,0.0003
pendigits,3,shift,DR-C3,errors,0,,0.0006
pendigits,3,shift,DR-C4,errors,0,,0.0006
pendigits,3,shift,DR-C5,errors,0,,0.384
pendigits,3,shift,DR-C6,errors,0,,0.023
pendigits,3,shift,DR-C7,errors,0,,0.0081
pendigits,3,shift,DR-C9,errors,0,,0.0006
pendigits,3,shift,DR-MV1,joint,1,116.043798,0.0009
pendigits,3,shift,DR-MV2,joint,1,0.084,0.003
pendigits,3,shift,DR-CV1,joint,1,0.80276,0.8841
pendigits,3,scale,DR-M1,features,1,5e-06,0.0237
pendigits,3,scale,DR-M2,features,1,0.374074,0.0065
pendigits,3,scale,DR-M3,features,1,0.0,0.023
pendigits,3,scale,DR-M4,features,0,0.183726,0.1141
pendigits,3,scale,DR-M5,features,0,0.065839,0.0057
pendigits,3,scale,DR-M6,features,1,0.478457,0.0418
pendigits,3,scale,DR-M7,features,0,0.024078,0.0108
pendigits,3,scale,DR-M8,errors,0,-0.01,0.0001
pendigits,3,scale,DR-M10,joint,0,0.006244,0.1653
pendigits,3,scale,DR-M12,features,1,0.00024,0.0159
pendigits,3,scale,DR-M13,features,1,0.0,0.0065
pendigits,3,scale,DR-M14,joint,0,0.045571,0.1065
pendigits,3,scale,DR-C1,errors,0,,0.0007
pendigits,3,scale,DR-C2,errors,0,,0.0003
pendigits,3,scale,DR-C3,errors,0,,0.0006
pendigits,3,scale,DR-C4,errors,0,,0.0003
pendigits,3,scale,DR-C5,errors,0,,0.4549
pendigits,3,scale,DR-C6,errors,0,,0.0208
pendigits,3,scale,DR-C7,errors,0,,0.0083
pendigits,3,scale,DR-C9,errors,0,,0.0005
pendigits,3,scale,DR-MV1,joint,0,16.746051,0.0009
pendigits,3,scale,DR-MV2,joint,1,0.084,0.0028
pendigits,3,scale,DR-CV1,joint,1,0.79776,0.8078
pendigits,3,correlation,DR-M1,features,0,0.116626,0.0133
pendigits,3,correlation,DR-M2,features,0,0.122288,0.0056
pendigits,3,correlation,DR-M3,features,0,0.02296,0.0156
pendigits,3,correlation,DR-M4,features,0,0.063687,0.1022
pendigits,3,correlation,DR-M5,features,0,0.021796,0.0052
pendigits,3,correlation,DR-M6,features,0,0.132187,0.0466
pendigits,3,correlation,DR-M7,features,0,0.096505,0.0117
pendigits,3,correlation,DR-M8,errors,0,0.002,0.0001
pendigits,3,correlation,DR-M10,joint,1,0.009314,0.1133
pendigits,3,correlation,DR-M12,features,0,0.093856,0.012
pendigits,3,correlation,DR-M13,features,0,0.047507,0.006
pendigits,3,correlation,DR-M14,joint,1,0.061305,0.1044
pendigits,3,correlation,DR-C1,errors,0,,0.0008
pendigits,3,correlation,DR-C2,errors,0,,0.0003
pendigits,3,correlation,DR-C3,errors,0,,0.0006
pendigits,3,correlation,DR-C4,errors,0,,0.0004
pendigits,3,correlation,DR-C5,errors,0,,0.3815
pendigits,3,correlation,DR-C6,errors,0,,0.0231
pendigits,3,correlation,DR-C7,errors,0,,0.0096
pendigits,3,correlation,DR-C9,errors,0,,0.0005
pendigits,3,correlation,DR-MV1,joint,0,17.728167,0.0009
pendigits,3,correlation,DR-MV2,joint,1,0.292,0.0025
pendigits,3,correlation,DR-CV1,joint,1,0.82012,0.7854
pendigits,3,selection,DR-M1,features,1,1.4e-05,0.0149
pendigits,3,selection,DR-M2,features,0,0.211928,0.0049
pendigits,3,selection,DR-M3,features,1,9e-05,0.0151
pendigits,3,selection,DR-M4,features,0,0.107439,0.0961
pendigits,3,selection,DR-M5,features,0,0.037475,0.0061
pendigits,3,selection,DR-M6,features,1,0.416021,0.0425
pendigits,3,selection,DR-M7,features,1,0.0,0.0115
pendigits,3,selection,DR-M8,errors,0,-0.018,0.0001
pendigits,3,selection,DR-M10,joint,1,0.012306,0.1122
pendigits,3,selection,DR-M12,features,1,0.0,0.0123
pendigits,3,selection,DR-M13,features,1,0.0,0.0057
pendigits,3,selection,DR-M14,joint,1,0.104577,0.1019
pendigits,3,selection,DR-C1,errors,0,,0.0008
pendigits,3,selection,DR-C2,errors,0,,0.0003
pendigits,3,selection,DR-C3,errors,0,,0.0007
pendigits,3,selection,DR-C4,errors,0,,0.0003
pendigits,3,selection,DR-C5,errors,0,,0.623
pendigits,3,selection,DR-C6,errors,0,,0.0228
pendigits,3,selection,DR-C7,errors,0,,0.0076
pendigits,3,selection,DR-C9,errors,0,,0.0006
pendigits,3,selection,DR-MV1,joint,1,39.568015,0.0015
pendigits,3,selection,DR-MV2,joint,0,0.06,0.0051
pendigits,3,selection,DR-CV1,joint,0,0.54796,0.8505
pendigits,3,label_shift,DR-M1,features,0,0.034488,0.0119
pendigits,3,label_shift,DR-M2,features,0,0.091425,0.0048
pendigits,3,label_shift,DR-M3,features,0,0.072843,0.0154
pendigits,3,label_shift,DR-M4,features,0,0.047481,0.0824
pendigits,3,label_shift,DR-M5,features,0,0.016328,0.0053
pendigits,3,label_shift,DR-M6,features,0,0.146944,0.0416
pendigits,3,label_shift,DR-M7,features,0,0.083021,0.0104
pendigits,3,label_shift,DR-M8,errors,0,-0.006,0.0001
pendigits,3,label_shift,DR-M10,joint,0,0.003078,0.1114
pendigits,3,label_shift,DR-M12,features,0,0.04722,0.012
pendigits,3,label_shift,DR-M13,features,0,0.016599,0.0056
pendigits,3,label_shift,DR-M14,joint,0,0.026774,0.0971
pendigits,3,label_shift,DR-C1,errors,0,,0.0008
pendigits,3,label_shift,DR-C2,errors,0,,0.0003
pendigits,3,label_shift,DR-C3,errors,0,,0.0007
pendigits,3,label_shift,DR-C4,errors,0,,0.0003
pendigits,3,label_shift,DR-C5,errors,0,,0.3867
pendigits,3,label_shift,DR-C6,errors,0,,0.0208
pendigits,3,label_shift,DR-C7,errors,0,,0.0074
pendigits,3,label_shift,DR-C9,errors,0,,0.0005
pendigits,3,label_shift,DR-MV1,joint,0,9.155503,0.0008
pendigits,3,label_shift,DR-MV2,joint,1,0.088,0.0026
pendigits,3,label_shift,DR-CV1,joint,0,0.5238,0.8346
pendigits,3,concept,DR-M1,features,0,0.09066,0.0203
pendigits,3,concept,DR-M2,features,0,0.095719,0.0091
pendigits,3,concept,DR-M3,features,0,0.090637,0.0237
pendigits,3,concept,DR-M4,features,0,0.052359,0.1478
pendigits,3,concept,DR-M5,features,0,0.016802,0.0083
pendigits,3,concept,DR-M6,features,0,0.151666,0.0583
pendigits,3,concept,DR-M7,features,0,0.053404,0.0184
pendigits,3,concept,DR-M8,errors,1,0.114,0.0001
pendigits,3,concept,DR-M10,joint,0,0.003647,0.1213
pendigits,3,concept,DR-M12,features,0,0.037262,0.0121
pendigits,3,concept,DR-M13,features,0,0.031641,0.0061
pendigits,3,concept,DR-M14,joint,0,0.032462,0.107
pendigits,3,concept,DR-C1,errors,1,24.0,0.0006
pendigits,3,concept,DR-C2,errors,1,135.0,0.0003
pendigits,3,concept,DR-C3,errors,0,,0.0006
pendigits,3,concept,DR-C4,errors,0,,0.0004
pendigits,3,concept,DR-C5,errors,0,,0.432
pendigits,3,concept,DR-C6,errors,0,,0.0171
pendigits,3,concept,DR-C7,errors,0,,0.0072
pendigits,3,concept,DR-C9,errors,0,,0.0005
pendigits,3,concept,DR-MV1,joint,0,10.455255,0.0008
pendigits,3,concept,DR-MV2,joint,1,0.092,0.0028
pendigits,3,concept,DR-CV1,joint,0,0.50204,0.9225
pendigits,4,none,DR-M1,features,0,0.186802,0.0116
pendigits,4,none,DR-M2,features,0,0.108992,0.0047
pendigits,4,none,DR-M3,features,0,0.014172,0.0143
pendigits,4,none,DR-M4,features,0,0.054305,0.0947
pendigits,4,none,DR-M5,features,0,0.019521,0.0094
pendigits,4,none,DR-M6,features,0,0.137603,0.0822
pendigits,4,none,DR-M7,features,0,0.079497,0.0137
pendigits,4,none,DR-M8,errors,1,0.01,0.0001
pendigits,4,none,DR-M10,joint,0,0.002736,0.1361
pendigits,4,none,DR-M12,features,0,0.105012,0.0115
pendigits,4,none,DR-M13,features,0,0.058443,0.0053
pendigits,4,none,DR-M14,joint,0,0.026192,0.1251
pendigits,4,none,DR-C1,errors,1,245.0,0.0008
pendigits,4,none,DR-C2,errors,0,,0.0003
pendigits,4,none,DR-C3,errors,0,,0.0006
pendigits,4,none,DR-C4,errors,0,,0.0003
pendigits,4,none,DR-C5,errors,0,,0.4038
pendigits,4,none,DR-C6,errors,0,,0.0225
pendigits,4,none,DR-C7,errors,0,,0.009
pendigits,4,none,DR-C9,errors,0,,0.0005
pendigits,4,none,DR-MV1,joint,0,13.839549,0.0009
pendigits,4,none,DR-MV2,joint,0,0.048,0.0029
pendigits,4,none,DR-CV1,joint,0,0.53048,0.7998
pendigits,4,shift,DR-M1,features,1,0.0,0.0119
pendigits,4,shift,DR-M2,features,0,0.070776,0.0046
pendigits,4,shift,DR-M3,features,0,0.18694,0.0169
pendigits,4,shift,DR-M4,features,0,0.036673,0.0904
pendigits,4,shift,DR-M5,features,0,0.012668,0.0051
pendigits,4,shift,DR-M6,features,0,0.245902,0.0395
pendigits,4,shift,DR-M7,features,1,0.002539,0.0099
pendigits,4,shift,DR-M8,errors,0,-0.002,0.0001
pendigits,4,shift,DR-M10,joint,0,0.003248,0.1101
pendigits,4,shift,DR-M12,features,1,0.0,0.0117
pendigits,4,shift,DR-M13,features,1,0.0,0.0046
pendigits,4,shift,DR-M14,joint,0,0.03056,0.1013
pendigits,4,shift,DR-C1,errors,0,,0.0007
pendigits,4,shift,DR-C2,errors,0,,0.0003
pendigits,4,shift,DR-C3,errors,0,,0.0006
pendigits,4,shift,DR-C4,errors,0,,0.0003
pendigits,4,shift,DR-C5,errors,0,,0.432
pendigits,4,shift,DR-C6,errors,0,,0.0216
pendigits,4,shift,DR-C7,errors,0,,0.0087
pendigits,4,shift,DR-C9,errors,0,,0.0014
pendigits,4,shift,DR-MV1,joint,1,83.420768,0.0009
pendigits,4,shift,DR-MV2,joint,0,0.052,0.0026
pendigits,4,shift,DR-CV1,joint,1,0.87976,0.6908
pendigits,4,scale,DR-M1,features,1,0.0,0.0123
pendigits,4,scale,DR-M2,features,1,0.304449,0.0047
pendigits,4,scale,DR-M3,features,1,0.0,0.0141
pendigits,4,scale,DR-M4,features,1,0.160314,0.087
pendigits,4,scale,DR-M5,features,0,0.052404,0.0051
pendigits,4,scale,DR-M6,features,1,0.375678,0.0482
pendigits,4,scale,DR-M7,features,0,0.019003,0.0121
pendigits,4,scale,DR-M8,errors,1,0.018,0.0001
pendigits,4,scale,DR-M10,joint,0,0.003526,0.1185
pendigits,4,scale,DR-M12,features,1,0.0,0.0128
pendigits,4,scale,DR-M13,features,1,0.0,0.005
pendigits,4,scale,DR-M14,joint,0,0.032168,0.1056
pendigits,4,scale,DR-C1,errors,0,,0.0008
pendigits,4,scale,DR-C2,errors,0,,0.0003
pendigits,4,scale,DR-C3,errors,0,,0.0006
pendigits,4,scale,DR-C4,errors,0,,0.0003
pendigits,4,scale,DR-C5,errors,0,,0.4821
pendigits,4,scale,DR-C6,errors,0,,0.0287
pendigits,4,scale,DR-C7,errors,0,,0.0085
pendigits,4,scale,DR-C9,errors,0,,0.0005
pendigits,4,scale,DR-MV1,joint,1,49.599384,0.0008
pendigits,4,scale,DR-MV2,joint,1,0.076,0.0026
pendigits,4,scale,DR-CV1,joint,1,0.89436,0.9286
pendigits,4,correlation,DR-M1,features,0,0.186802,0.0114
pendigits,4,correlation,DR-M2,features,0,0.102302,0.005
pendigits,4,correlation,DR-M3,features,0,0.039444,0.0143
pendigits,4,correlation,DR-M4,features,0,0.052944,0.0982
pendigits,4,correlation,DR-M5,features,0,0.018222,0.0096
pendigits,4,correlation,DR-M6,features,0,0.101416,0.062
pendigits,4,correlation,DR-M7,features,0,0.318638,0.0192
pendigits,4,correlation,DR-M8,errors,1,0.146,0.0001
pendigits,4,correlation,DR-M10,joint,0,0.006544,0.1258
pendigits,4,correlation,DR-M12,features,0,0.199908,0.0115
pendigits,4,correlation,DR-M13,features,0,0.25,0.0047
pendigits,4,correlation,DR-M14,joint,0,0.042926,0.104
pendigits,4,correlation,DR-C1,errors,1,4.0,0.0006
pendigits,4,correlation,DR-C2,errors,1,141.0,0.0003
pendigits,4,correlation,DR-C3,errors,0,,0.0006
pendigits,4,correlation,DR-C4,errors,1,171.0,0.0003
pendigits,4,correlation,DR-C5,errors,0,,0.4622
pendigits,4,correlation,DR-C6,errors,1,195.0,0.0172
pendigits,4,correlation,DR-C7,errors,0,,0.0089
pendigits,4,correlation,DR-C9,errors,0,,0.0005
pendigits,4,correlation,DR-MV1,joint,0,6.297639,0.0008
pendigits,4,correlation,DR-MV2,joint,1,0.256,0.0026
pendigits,4,correlation,DR-CV1,joint,1,0.77296,0.8074
pendigits,4,selection,DR-M1,features,1,1.4e-05,0.0222
pendigits,4,selection,DR-M2,features,0,0.207904,0.0121
pendigits,4,selection,DR-M3,features,1,5.4e-05,0.0292
pendigits,4,selection,DR-M4,features,1,0.116811,0.1028
pendigits,4,selection,DR-M5,features,0,0.036089,0.0066
pendigits,4,selection,DR-M6,features,1,0.354052,0.0581
pendigits,4,selection,DR-M7,features,1,1e-06,0.0148
pendigits,4,selection,DR-M8,errors,0,0.002,0.0001
pendigits,4,selection,DR-M10,joint,1,0.008227,0.2199
pendigits,4,selection,DR-M12,features,1,7.3e-05,0.0103
pendigits,4,selection,DR-M13,features,1,0.0,0.021
pendigits,4,selection,DR-M14,joint,1,0.071478,0.1652
pendigits,4,selection,DR-C1,errors,0,,0.0008
pendigits,4,selection,DR-C2,errors,0,,0.0003
pendigits,4,selection,DR-C3,errors,0,,0.0007
pendigits,4,selection,DR-C4,errors,0,,0.0003
pendigits,4,selection,DR-C5,errors,0,,0.4544
pendigits,4,selection,DR-C6,errors,0,,0.0214
pendigits,4,selection,DR-C7,errors,0,,0.009
pendigits,4,selection,DR-C9,errors,0,,0.0005
pendigits,4,selection,DR-MV1,joint,1,30.467863,0.0009
pendigits,4,selection,DR-MV2,joint,0,0.016,0.0025
pendigits,4,selection,DR-CV1,joint,0,0.59192,0.7872
pendigits,4,label_shift,DR-M1,features,0,0.021888,0.0138
pendigits,4,label_shift,DR-M2,features,0,0.065083,0.0049
pendigits,4,label_shift,DR-M3,features,0,0.245824,0.0147
pendigits,4,label_shift,DR-M4,features,0,0.033379,0.1127
pendigits,4,label_shift,DR-M5,features,0,0.011636,0.0056
pendigits,4,label_shift,DR-M6,features,0,0.137498,0.0502
pendigits,4,label_shift,DR-M7,features,0,0.077278,0.0147
pendigits,4,label_shift,DR-M8,errors,1,0.022,0.0001
pendigits,4,label_shift,DR-M10,joint,0,0.003451,0.1252
pendigits,4,label_shift,DR-M12,features,0,0.021245,0.0117
pendigits,4,label_shift,DR-M13,features,0,0.026831,0.0083
pendigits,4,label_shift,DR-M14,joint,0,0.028454,0.1351
pendigits,4,label_shift,DR-C1,errors,1,114.0,0.0007
pendigits,4,label_shift,DR-C2,errors,0,,0.0004
pendigits,4,label_shift,DR-C3,errors,0,,0.0007
pendigits,4,label_shift,DR-C4,errors,0,,0.0004
pendigits,4,label_shift,DR-C5,errors,0,,0.425
pendigits,4,label_shift,DR-C6,errors,0,,0.0208
pendigits,4,label_shift,DR-C7,errors,0,,0.0087
pendigits,4,label_shift,DR-C9,errors,0,,0.0005
pendigits,4,label_shift,DR-MV1,joint,0,7.449598,0.0008
pendigits,4,label_shift,DR-MV2,joint,0,0.064,0.0026
pendigits,4,label_shift,DR-CV1,joint,0,0.5426,0.7705
pendigits,4,concept,DR-M1,features,0,0.079609,0.0115
pendigits,4,concept,DR-M2,features,0,0.09878,0.0052
pendigits,4,concept,DR-M3,features,0,0.010795,0.02
pendigits,4,concept,DR-M4,features,0,0.047786,0.0881
pendigits,4,concept,DR-M5,features,0,0.017564,0.0051
pendigits,4,concept,DR-M6,features,0,0.161772,0.0416
pendigits,4,concept,DR-M7,features,0,0.047445,0.0102
pendigits,4,concept,DR-M8,errors,1,0.102,0.0001
pendigits,4,concept,DR-M10,joint,0,0.003537,0.1103
pendigits,4,concept,DR-M12,features,0,0.041457,0.0179
pendigits,4,concept,DR-M13,features,0,0.056469,0.0056
pendigits,4,concept,DR-M14,joint,0,0.030323,0.1248
pendigits,4,concept,DR-C1,errors,1,35.0,0.0007
pendigits,4,concept,DR-C2,errors,1,203.0,0.0003
pendigits,4,concept,DR-C3,errors,0,,0.0007
pendigits,4,concept,DR-C4,errors,0,,0.0003
pendigits,4,concept,DR-C5,errors,0,,0.3969
pendigits,4,concept,DR-C6,errors,0,,0.018
pendigits,4,concept,DR-C7,errors,0,,0.0089
pendigits,4,concept,DR-C9,errors,0,,0.0005
pendigits,4,concept,DR-MV1,joint,0,18.673709,0.0008
pendigits,4,concept,DR-MV2,joint,0,0.04,0.003
pendigits,4,concept,DR-CV1,joint,0,0.49568,0.9927
phoneme,0,none,DR-M1,features,1,0.004033,0.0043
phoneme,0,none,DR-M2,features,0,0.114097,0.0016
phoneme,0,none,DR-M3,features,0,0.035182,0.0063
phoneme,0,none,DR-M4,features,0,0.059459,0.0372
phoneme,0,none,DR-M5,features,0,0.020372,0.0024
phoneme,0,none,DR-M6,features,0,0.144245,0.0154
phoneme,0,none,DR-M7,features,0,0.069568,0.0037
phoneme,0,none,DR-M8,errors,0,-0.024,0.0001
phoneme,0,none,DR-M10,joint,0,0.004254,0.1169
phoneme,0,none,DR-M12,features,0,0.038102,0.0028
phoneme,0,none,DR-M13,features,0,0.058127,0.0026
phoneme,0,none,DR-M14,joint,0,0.021545,0.1064
phoneme,0,none,DR-C1,errors,0,,0.0008
phoneme,0,none,DR-C2,errors,1,60.0,0.0003
phoneme,0,none,DR-C3,errors,0,,0.0007
phoneme,0,none,DR-C4,errors,0,,0.0003
phoneme,0,none,DR-C5,errors,0,,0.4242
phoneme,0,none,DR-C6,errors,0,,0.0088
phoneme,0,none,DR-C7,errors,0,,0.0063
phoneme,0,none,DR-C9,errors,0,,0.0005
phoneme,0,none,DR-MV1,joint,0,5.96443,0.0007
phoneme,0,none,DR-MV2,joint,0,0.044,0.0023
phoneme,0,none,DR-CV1,joint,0,0.51628,0.6829
phoneme,0,shift,DR-M1,features,1,0.0,0.0044
phoneme,0,shift,DR-M2,features,1,1.267869,0.0019
phoneme,0,shift,DR-M3,features,1,0.0,0.0046
phoneme,0,shift,DR-M4,features,1,0.925051,0.0277
phoneme,0,shift,DR-M5,features,1,0.145599,0.0018
phoneme,0,shift,DR-M6,features,1,0.341164,0.0151
phoneme,0,shift,DR-M7,features,1,1.7e-05,0.0038
phoneme,0,shift,DR-M8,errors,1,0.04,0.0001
phoneme,0,shift,DR-M10,joint,1,0.009257,0.1277
phoneme,0,shift,DR-M12,features,1,0.0,0.0029
phoneme,0,shift,DR-M13,features,1,0.0,0.0022
phoneme,0,shift,DR-M14,joint,1,0.04841,0.0973
phoneme,0,shift,DR-C1,errors,0,,0.0008
phoneme,0,shift,DR-C2,errors,1,14.0,0.0003
phoneme,0,shift,DR-C3,errors,0,,0.0006
phoneme,0,shift,DR-C4,errors,0,,0.0003
phoneme,0,shift,DR-C5,errors,0,,0.3655
phoneme,0,shift,DR-C6,errors,0,,0.0078
phoneme,0,shift,DR-C7,errors,0,,0.0065
phoneme,0,shift,DR-C9,errors,0,,0.0005
phoneme,0,shift,DR-MV1,joint,1,22.033974,0.0007
phoneme,0,shift,DR-MV2,joint,0,0.052,0.0022
phoneme,0,shift,DR-CV1,joint,1,0.76684,0.7243
phoneme,0,scale,DR-M1,features,1,2.9e-05,0.0042
phoneme,0,scale,DR-M2,features,1,0.424419,0.0016
phoneme,0,scale,DR-M3,features,1,0.0,0.0063
phoneme,0,scale,DR-M4,features,1,0.202426,0.0297
phoneme,0,scale,DR-M5,features,0,0.074309,0.0017
phoneme,0,scale,DR-M6,features,1,0.516878,0.0161
phoneme,0,scale,DR-M7,features,1,5.7e-05,0.0037
phoneme,0,scale,DR-M8,errors,1,0.044,0.0001
phoneme,0,scale,DR-M10,joint,1,0.015136,0.1142
phoneme,0,scale,DR-M12,features,1,0.000461,0.0027
phoneme,0,scale,DR-M13,features,1,0.0,0.0031
phoneme,0,scale,DR-M14,joint,1,0.072207,0.1239
phoneme,0,scale,DR-C1,errors,0,,0.0009
phoneme,0,scale,DR-C2,errors,1,30.0,0.0003
phoneme,0,scale,DR-C3,errors,0,,0.001
phoneme,0,scale,DR-C4,errors,0,,0.0004
phoneme,0,scale,DR-C5,errors,0,,0.3875
phoneme,0,scale,DR-C6,errors,0,,0.0081
phoneme,0,scale,DR-C7,errors,0,,0.0056
phoneme,0,scale,DR-C9,errors,0,,0.0005
phoneme,0,scale,DR-MV1,joint,1,29.030678,0.0006
phoneme,0,scale,DR-MV2,joint,1,0.104,0.0022
phoneme,0,scale,DR-CV1,joint,1,0.71428,0.7084
phoneme,0,correlation,DR-M1,features,0,0.079609,0.005
phoneme,0,correlation,DR-M2,features,0,0.062777,0.0039
phoneme,0,correlation,DR-M3,features,0,0.311019,0.0047
phoneme,0,correlation,DR-M4,features,0,0.030955,0.067
phoneme,0,correlation,DR-M5,features,0,0.011244,0.0018
phoneme,0,correlation,DR-M6,features,0,0.145878,0.0153
phoneme,0,correlation,DR-M7,features,0,0.097625,0.0042
phoneme,0,correlation,DR-M8,errors,1,0.072,0.0001
phoneme,0,correlation,DR-M10,joint,0,0.007186,0.1647
phoneme,0,correlation,DR-M12,features,0,0.121798,0.0027
phoneme,0,correlation,DR-M13,features,0,0.119086,0.0026
phoneme,0,correlation,DR-M14,joint,1,0.033352,0.1041
phoneme,0,correlation,DR-C1,errors,0,,0.0008
phoneme,0,correlation,DR-C2,errors,1,11.0,0.0003
phoneme,0,correlation,DR-C3,errors,0,,0.0006
phoneme,0,correlation,DR-C4,errors,0,,0.0003
phoneme,0,correlation,DR-C5,errors,0,,0.5225
phoneme,0,correlation,DR-C6,errors,0,,0.0079
phoneme,0,correlation,DR-C7,errors,0,,0.0059
phoneme,0,correlation,DR-C9,errors,0,,0.0004
phoneme,0,correlation,DR-MV1,joint,0,5.326566,0.0007
phoneme,0,correlation,DR-MV2,joint,1,0.14,0.0023
phoneme,0,correlation,DR-CV1,joint,1,0.7234,0.7588
phoneme,0,selection,DR-M1,features,1,0.0,0.0074
phoneme,0,selection,DR-M2,features,1,0.411388,0.0024
phoneme,0,selection,DR-M3,features,1,0.0,0.0048
phoneme,0,selection,DR-M4,features,1,0.202358,0.0683
phoneme,0,selection,DR-M5,features,0,0.070854,0.0017
phoneme,0,selection,DR-M6,features,1,0.681312,0.0211
phoneme,0,selection,DR-M7,features,1,0.0,0.0091
phoneme,0,selection,DR-M8,errors,0,-0.064,0.0001
phoneme,0,selection,DR-M10,joint,1,0.039434,0.1534
phoneme,0,selection,DR-M12,features,1,0.0,0.003
phoneme,0,selection,DR-M13,features,1,0.0,0.003
phoneme,0,selection,DR-M14,joint,1,0.181659,0.1
phoneme,0,selection,DR-C1,errors,0,,0.0008
phoneme,0,selection,DR-C2,errors,1,27.0,0.0003
phoneme,0,selection,DR-C3,errors,0,,0.0006
phoneme,0,selection,DR-C4,errors,0,,0.0003
phoneme,0,selection,DR-C5,errors,0,,0.4202
phoneme,0,selection,DR-C6,errors,0,,0.01
phoneme,0,selection,DR-C7,errors,0,,0.007
phoneme,0,selection,DR-C9,errors,0,,0.0005
phoneme,0,selection,DR-MV1,joint,1,78.218884,0.0007
phoneme,0,selection,DR-MV2,joint,0,0.012,0.0023
phoneme,0,selection,DR-CV1,joint,0,0.59118,0.6847
phoneme,0,label_shift,DR-M1,features,1,0.003355,0.0042
phoneme,0,label_shift,DR-M2,features,0,0.10725,0.0016
phoneme,0,label_shift,DR-M3,features,0,0.054577,0.0045
phoneme,0,label_shift,DR-M4,features,0,0.056554,0.031
phoneme,0,label_shift,DR-M5,features,0,0.019071,0.0036
phoneme,0,label_shift,DR-M6,features,0,0.222597,0.0192
phoneme,0,label_shift,DR-M7,features,1,0.007272,0.0039
phoneme,0,label_shift,DR-M8,errors,1,0.028,0.0001
phoneme,0,label_shift,DR-M10,joint,1,0.010273,0.1177
phoneme,0,label_shift,DR-M12,features,1,0.003138,0.0069
phoneme,0,label_shift,DR-M13,features,1,0.003611,0.0027
phoneme,0,label_shift,DR-M14,joint,1,0.044474,0.1085
phoneme,0,label_shift,DR-C1,errors,0,,0.0008
phoneme,0,label_shift,DR-C2,errors,1,32.0,0.0003
phoneme,0,label_shift,DR-C3,errors,0,,0.0006
phoneme,0,label_shift,DR-C4,errors,0,,0.0003
phoneme,0,label_shift,DR-C5,errors,0,,0.39
phoneme,0,label_shift,DR-C6,errors,0,,0.0089
phoneme,0,label_shift,DR-C7,errors,0,,0.0058
phoneme,0,label_shift,DR-C9,errors,0,,0.0046
phoneme,0,label_shift,DR-MV1,joint,1,11.637732,0.0008
phoneme,0,label_shift,DR-MV2,joint,0,0.036,0.0024
phoneme,0,label_shift,DR-CV1,joint,0,0.54754,0.718
phoneme,0,concept,DR-M1,features,0,0.258351,0.0042
phoneme,0,concept,DR-M2,features,0,0.077751,0.0016
phoneme,0,concept,DR-M3,features,0,0.173599,0.0048
phoneme,0,concept,DR-M4,features,0,0.039249,0.0281
phoneme,0,concept,DR-M5,features,0,0.013961,0.0017
phoneme,0,concept,DR-M6,features,0,0.153296,0.0157
phoneme,0,concept,DR-M7,features,0,0.074521,0.0035
phoneme,0,concept,DR-M8,errors,1,0.116,0.0001
phoneme,0,concept,DR-M10,joint,0,0.003106,0.1201
phoneme,0,concept,DR-M12,features,0,0.176935,0.0025
phoneme,0,concept,DR-M13,features,0,0.171616,0.0033
phoneme,0,concept,DR-M14,joint,0,0.015559,0.1144
phoneme,0,concept,DR-C1,errors,0,,0.0008
phoneme,0,concept,DR-C2,errors,1,17.0,0.0003
phoneme,0,concept,DR-C3,errors,0,,0.0007
phoneme,0,concept,DR-C4,errors,0,,0.0003
phoneme,0,concept,DR-C5,errors,0,,0.383
phoneme,0,concept,DR-C6,errors,0,,0.008
phoneme,0,concept,DR-C7,errors,0,,0.0059
phoneme,0,concept,DR-C9,errors,0,,0.0005
phoneme,0,concept,DR-MV1,joint,0,4.011176,0.0007
phoneme,0,concept,DR-MV2,joint,0,0.036,0.0023
phoneme,0,concept,DR-CV1,joint,0,0.48546,0.6683
phoneme,1,none,DR-M1,features,0,0.09066,0.0044
phoneme,1,none,DR-M2,features,0,0.060264,0.0027
phoneme,1,none,DR-M3,features,0,0.358559,0.0047
phoneme,1,none,DR-M4,features,0,0.03087,0.0319
phoneme,1,none,DR-M5,features,0,0.010825,0.0019
phoneme,1,none,DR-M6,features,0,0.164674,0.0169
phoneme,1,none,DR-M7,features,0,0.033428,0.0056
phoneme,1,none,DR-M8,errors,0,-0.024,0.0001
phoneme,1,none,DR-M10,joint,0,0.003602,0.1213
phoneme,1,none,DR-M12,features,0,0.087678,0.0088
phoneme,1,none,DR-M13,features,0,0.078599,0.0023
phoneme,1,none,DR-M14,joint,0,0.019385,0.109
phoneme,1,none,DR-C1,errors,0,,0.0008
phoneme,1,none,DR-C2,errors,0,,0.0003
phoneme,1,none,DR-C3,errors,0,,0.0008
phoneme,1,none,DR-C4,errors,0,,0.0004
phoneme,1,none,DR-C5,errors,0,,0.4031
phoneme,1,none,DR-C6,errors,0,,0.0081
phoneme,1,none,DR-C7,errors,0,,0.0068
phoneme,1,none,DR-C9,errors,0,,0.0005
phoneme,1,none,DR-MV1,joint,0,7.000956,0.0008
phoneme,1,none,DR-MV2,joint,1,0.084,0.0023
phoneme,1,none,DR-CV1,joint,0,0.53122,0.7053
phoneme,1,shift,DR-M1,features,1,0.0,0.0047
phoneme,1,shift,DR-M2,features,1,0.429852,0.0018
phoneme,1,shift,DR-M3,features,1,0.0,0.0067
phoneme,1,shift,DR-M4,features,1,0.246494,0.0275
phoneme,1,shift,DR-M5,features,0,0.072446,0.002
phoneme,1,shift,DR-M6,features,1,0.370077,0.0164
phoneme,1,shift,DR-M7,features,1,3e-06,0.0037
phoneme,1,shift,DR-M8,errors,1,0.052,0.0001
phoneme,1,shift,DR-M10,joint,1,0.009852,0.1289
phoneme,1,shift,DR-M12,features,1,0.0,0.0028
phoneme,1,shift,DR-M13,features,1,0.0,0.0026
phoneme,1,shift,DR-M14,joint,1,0.052195,0.1119
phoneme,1,shift,DR-C1,errors,1,176.0,0.0011
phoneme,1,shift,DR-C2,errors,1,151.0,0.0004
phoneme,1,shift,DR-C3,errors,0,,0.0008
phoneme,1,shift,DR-C4,errors,0,,0.0004
phoneme,1,shift,DR-C5,errors,0,,0.4349
phoneme,1,shift,DR-C6,errors,0,,0.008
phoneme,1,shift,DR-C7,errors,0,,0.0059
phoneme,1,shift,DR-C9,errors,0,,0.0005
phoneme,1,shift,DR-MV1,joint,1,25.945795,0.0008
phoneme,1,shift,DR-MV2,joint,1,0.1,0.0107
phoneme,1,shift,DR-CV1,joint,1,0.70148,0.745
phoneme,1,scale,DR-M1,features,1,0.001564,0.0053
phoneme,1,scale,DR-M2,features,1,0.366651,0.0015
phoneme,1,scale,DR-M3,features,1,0.0,0.0047
phoneme,1,scale,DR-M4,features,1,0.179212,0.0292
phoneme,1,scale,DR-M5,features,0,0.06442,0.0018
phoneme,1,scale,DR-M6,features,1,0.511563,0.0161
phoneme,1,scale,DR-M7,features,1,0.007479,0.0038
phoneme,1,scale,DR-M8,errors,0,0.0,0.0001
phoneme,1,scale,DR-M10,joint,1,0.014443,0.1223
phoneme,1,scale,DR-M12,features,1,0.000184,0.0067
phoneme,1,scale,DR-M13,features,1,0.0,0.0025
phoneme,1,scale,DR-M14,joint,1,0.054022,0.1056
phoneme,1,scale,DR-C1,errors,0,,0.0008
phoneme,1,scale,DR-C2,errors,1,230.0,0.0004
phoneme,1,scale,DR-C3,errors,0,,0.0006
phoneme,1,scale,DR-C4,errors,0,,0.0003
phoneme,1,scale,DR-C5,errors,0,,0.3983
phoneme,1,scale,DR-C6,errors,0,,0.0084
phoneme,1,scale,DR-C7,errors,0,,0.0057
phoneme,1,scale,DR-C9,errors,0,,0.0005
phoneme,1,scale,DR-MV1,joint,1,12.023125,0.001
phoneme,1,scale,DR-MV2,joint,1,0.208,0.0023
phoneme,1,scale,DR-CV1,joint,1,0.65992,0.7117
phoneme,1,correlation,DR-M1,features,0,0.258351,0.005
phoneme,1,correlation,DR-M2,features,0,0.078173,0.0018
phoneme,1,correlation,DR-M3,features,0,0.188362,0.0047
phoneme,1,correlation,DR-M4,features,0,0.04038,0.0288
phoneme,1,correlation,DR-M5,features,0,0.013968,0.0017
phoneme,1,correlation,DR-M6,features,0,0.081858,0.0166
phoneme,1,correlation,DR-M7,features,0,0.469835,0.0036
phoneme,1,correlation,DR-M8,errors,1,0.14,0.0001
phoneme,1,correlation,DR-M10,joint,0,0.006587,0.1258
phoneme,1,correlation,DR-M12,features,0,0.446687,0.0023
phoneme,1,correlation,DR-M13,features,0,0.25,0.0021
phoneme,1,correlation,DR-M14,joint,0,0.024188,0.1052
phoneme,1,correlation,DR-C1,errors,1,28.0,0.0006
phoneme,1,correlation,DR-C2,errors,1,109.0,0.0004
phoneme,1,correlation,DR-C3,errors,0,,0.0006
phoneme,1,correlation,DR-C4,errors,0,,0.0003
phoneme,1,correlation,DR-C5,errors,0,,0.3898
phoneme,1,correlation,DR-C6,errors,0,,0.0084
phoneme,1,correlation,DR-C7,errors,0,,0.0063
phoneme,1,correlation,DR-C9,errors,0,,0.0006
phoneme,1,correlation,DR-MV1,joint,0,0.628875,0.0007
phoneme,1,correlation,DR-MV2,joint,0,0.032,0.0026
phoneme,1,correlation,DR-CV1,joint,1,0.70386,0.8878
phoneme,1,selection,DR-M1,features,1,0.0,0.0096
phoneme,1,selection,DR-M2,features,1,0.420722,0.002
phoneme,1,selection,DR-M3,features,1,0.0,0.0046
phoneme,1,selection,DR-M4,features,1,0.205138,0.0503
phoneme,1,selection,DR-M5,features,0,0.073465,0.0017
phoneme,1,selection,DR-M6,features,1,0.703159,0.0145
phoneme,1,selection,DR-M7,features,1,0.0,0.0036
phoneme,1,selection,DR-M8,errors,0,-0.044,0.0001
phoneme,1,selection,DR-M10,joint,1,0.047362,0.1243
phoneme,1,selection,DR-M12,features,1,0.0,0.0074
phoneme,1,selection,DR-M13,features,1,0.0,0.0026
phoneme,1,selection,DR-M14,joint,1,0.2127,0.1027
phoneme,1,selection,DR-C1,errors,0,,0.0008
phoneme,1,selection,DR-C2,errors,0,,0.0004
phoneme,1,selection,DR-C3,errors,0,,0.0007
phoneme,1,selection,DR-C4,errors,0,,0.0003
phoneme,1,selection,DR-C5,errors,0,,0.439
phoneme,1,selection,DR-C6,errors,0,,0.0085
phoneme,1,selection,DR-C7,errors,0,,0.006
phoneme,1,selection,DR-C9,errors,0,,0.0005
phoneme,1,selection,DR-MV1,joint,1,83.709477,0.0007
phoneme,1,selection,DR-MV2,joint,1,0.136,0.0022
phoneme,1,selection,DR-CV1,joint,0,0.58416,0.7399
phoneme,1,label_shift,DR-M1,features,0,0.069718,0.0038
phoneme,1,label_shift,DR-M2,features,0,0.055583,0.0016
phoneme,1,label_shift,DR-M3,features,0,0.433649,0.0046
phoneme,1,label_shift,DR-M4,features,0,0.028257,0.0304
phoneme,1,label_shift,DR-M5,features,0,0.009962,0.0019
phoneme,1,label_shift,DR-M6,features,0,0.126261,0.0145
phoneme,1,label_shift,DR-M7,features,0,0.117687,0.0038
phoneme,1,label_shift,DR-M8,errors,1,0.048,0.0001
phoneme,1,label_shift,DR-M10,joint,0,0.002887,0.1204
phoneme,1,label_shift,DR-M12,features,0,0.118837,0.0024
phoneme,1,label_shift,DR-M13,features,0,0.139013,0.0025
phoneme,1,label_shift,DR-M14,joint,0,0.014359,0.0978
phoneme,1,label_shift,DR-C1,errors,0,,0.0009
phoneme,1,label_shift,DR-C2,errors,1,153.0,0.0004
phoneme,1,label_shift,DR-C3,errors,0,,0.0006
phoneme,1,label_shift,DR-C4,errors,0,,0.0004
phoneme,1,label_shift,DR-C5,errors,0,,0.3969
phoneme,1,label_shift,DR-C6,errors,0,,0.0124
phoneme,1,label_shift,DR-C7,errors,0,,0.0059
phoneme,1,label_shift,DR-C9,errors,0,,0.0005
phoneme,1,label_shift,DR-MV1,joint,0,4.553039,0.0008
phoneme,1,label_shift,DR-MV2,joint,0,0.052,0.0023
phoneme,1,label_shift,DR-CV1,joint,0,0.4952,0.7361
phoneme,1,concept,DR-M1,features,0,0.029718,0.0047
phoneme,1,concept,DR-M2,features,0,0.059526,0.0016
phoneme,1,concept,DR-M3,features,0,0.3596,0.0044
phoneme,1,concept,DR-M4,features,0,0.029698,0.0284
phoneme,1,concept,DR-M5,features,0,0.010691,0.0017
phoneme,1,concept,DR-M6,features,0,0.178172,0.0155
phoneme,1,concept,DR-M7,features,0,0.025585,0.0036
phoneme,1,concept,DR-M8,errors,1,0.14,0.0001
phoneme,1,concept,DR-M10,joint,0,0.004285,0.1057
phoneme,1,concept,DR-M12,features,0,0.022517,0.0026
phoneme,1,concept,DR-M13,features,0,0.028428,0.0023
phoneme,1,concept,DR-M14,joint,0,0.023413,0.0977
phoneme,1,concept,DR-C1,errors,1,68.0,0.0006
phoneme,1,concept,DR-C2,errors,1,109.0,0.0004
phoneme,1,concept,DR-C3,errors,0,,0.0006
phoneme,1,concept,DR-C4,errors,0,,0.0003
phoneme,1,concept,DR-C5,errors,0,,0.4378
phoneme,1,concept,DR-C6,errors,0,,0.0076
phoneme,1,concept,DR-C7,errors,0,,0.0073
phoneme,1,concept,DR-C9,errors,0,,0.0005
phoneme,1,concept,DR-MV1,joint,0,7.324361,0.0007
phoneme,1,concept,DR-MV2,joint,1,0.076,0.0026
phoneme,1,concept,DR-CV1,joint,0,0.48662,0.7024
phoneme,2,none,DR-M1,features,0,0.013558,0.0046
phoneme,2,none,DR-M2,features,0,0.090506,0.0016
phoneme,2,none,DR-M3,features,0,0.097822,0.0045
phoneme,2,none,DR-M4,features,0,0.045851,0.0278
phoneme,2,none,DR-M5,features,0,0.016211,0.0019
phoneme,2,none,DR-M6,features,0,0.161874,0.0156
phoneme,2,none,DR-M7,features,0,0.091387,0.0034
phoneme,2,none,DR-M8,errors,0,-0.004,0.0001
phoneme,2,none,DR-M10,joint,0,0.003577,0.1138
phoneme,2,none,DR-M12,features,0,0.016467,0.003
phoneme,2,none,DR-M13,features,0,0.021219,0.0026
phoneme,2,none,DR-M14,joint,0,0.017798,0.1029
phoneme,2,none,DR-C1,errors,0,,0.0007
phoneme,2,none,DR-C2,errors,1,138.0,0.0003
phoneme,2,none,DR-C3,errors,0,,0.0006
phoneme,2,none,DR-C4,errors,0,,0.0003
phoneme,2,none,DR-C5,errors,0,,0.397
phoneme,2,none,DR-C6,errors,0,,0.0075
phoneme,2,none,DR-C7,errors,0,,0.0092
phoneme,2,none,DR-C9,errors,0,,0.0004
phoneme,2,none,DR-MV1,joint,0,4.116167,0.0007
phoneme,2,none,DR-MV2,joint,0,0.06,0.0025
phoneme,2,none,DR-CV1,joint,0,0.53092,0.6928
phoneme,2,shift,DR-M1,features,1,1e-06,0.004
phoneme,2,shift,DR-M2,features,1,0.49354,0.0016
phoneme,2,shift,DR-M3,features,1,0.0,0.0045
phoneme,2,shift,DR-M4,features,1,0.299896,0.0296
phoneme,2,shift,DR-M5,features,0,0.078725,0.0016
phoneme,2,shift,DR-M6,features,1,0.35716,0.016
phoneme,2,shift,DR-M7,features,1,4e-06,0.0042
phoneme,2,shift,DR-M8,errors,0,-0.012,0.0
phoneme,2,shift,DR-M10,joint,1,0.012177,0.1157
phoneme,2,shift,DR-M12,features,1,2e-06,0.0029
phoneme,2,shift,DR-M13,features,1,0.0,0.0043
phoneme,2,shift,DR-M14,joint,1,0.060736,0.1028
phoneme,2,shift,DR-C1,errors,0,,0.0008
phoneme,2,shift,DR-C2,errors,1,155.0,0.0003
phoneme,2,shift,DR-C3,errors,0,,0.0007
phoneme,2,shift,DR-C4,errors,0,,0.0003
phoneme,2,shift,DR-C5,errors,0,,0.3837
phoneme,2,shift,DR-C6,errors,0,,0.0103
phoneme,2,shift,DR-C7,errors,0,,0.0058
phoneme,2,shift,DR-C9,errors,0,,0.0004
phoneme,2,shift,DR-MV1,joint,1,23.234875,0.0006
phoneme,2,shift,DR-MV2,joint,0,0.072,0.0022
phoneme,2,shift,DR-CV1,joint,1,0.79652,0.7191
phoneme,2,scale,DR-M1,features,1,0.0,0.004
phoneme,2,scale,DR-M2,features,1,1.060344,0.0016
phoneme,2,scale,DR-M3,features,1,0.0,0.0044
phoneme,2,scale,DR-M4,features,1,0.760463,0.0268
phoneme,2,scale,DR-M5,features,1,0.114548,0.0029
phoneme,2,scale,DR-M6,features,1,0.434164,0.0165
phoneme,2,scale,DR-M7,features,0,0.279975,0.0034
phoneme,2,scale,DR-M8,errors,0,-0.016,0.0
phoneme,2,scale,DR-M10,joint,1,0.012261,0.1102
phoneme,2,scale,DR-M12,features,1,8.3e-05,0.0025
phoneme,2,scale,DR-M13,features,1,0.0,0.0024
phoneme,2,scale,DR-M14,joint,1,0.040895,0.1155
phoneme,2,scale,DR-C1,errors,0,,0.0008
phoneme,2,scale,DR-C2,errors,1,139.0,0.0003
phoneme,2,scale,DR-C3,errors,0,,0.0006
phoneme,2,scale,DR-C4,errors,0,,0.0003
phoneme,2,scale,DR-C5,errors,0,,0.4154
phoneme,2,scale,DR-C6,errors,0,,0.0079
phoneme,2,scale,DR-C7,errors,0,,0.0059
phoneme,2,scale,DR-C9,errors,0,,0.0005
phoneme,2,scale,DR-MV1,joint,0,6.213298,0.0007
phoneme,2,scale,DR-MV2,joint,1,0.132,0.0022
phoneme,2,scale,DR-CV1,joint,1,0.78152,0.8176
phoneme,2,correlation,DR-M1,features,0,0.079609,0.0039
phoneme,2,correlation,DR-M2,features,0,0.055554,0.0051
phoneme,2,correlation,DR-M3,features,0,0.398133,0.0049
phoneme,2,correlation,DR-M4,features,0,0.026943,0.0316
phoneme,2,correlation,DR-M5,features,0,0.009944,0.0018
phoneme,2,correlation,DR-M6,features,0,0.123261,0.0144
phoneme,2,correlation,DR-M7,features,0,0.158489,0.0038
phoneme,2,correlation,DR-M8,errors,1,0.112,0.0001
phoneme,2,correlation,DR-M10,joint,1,0.008296,0.1138
phoneme,2,correlation,DR-M12,features,0,0.092456,0.0028
phoneme,2,correlation,DR-M13,features,0,0.145661,0.0026
phoneme,2,correlation,DR-M14,joint,0,0.031633,0.1006
phoneme,2,correlation,DR-C1,errors,1,66.0,0.0006
phoneme,2,correlation,DR-C2,errors,1,40.0,0.0003
phoneme,2,correlation,DR-C3,errors,0,,0.0006
phoneme,2,correlation,DR-C4,errors,0,,0.0007
phoneme,2,correlation,DR-C5,errors,0,,0.4159
phoneme,2,correlation,DR-C6,errors,0,,0.0075
phoneme,2,correlation,DR-C7,errors,0,,0.0108
phoneme,2,correlation,DR-C9,errors,1,83.0,0.0005
phoneme,2,correlation,DR-MV1,joint,0,3.456912,0.0014
phoneme,2,correlation,DR-MV2,joint,1,0.12,0.0041
phoneme,2,correlation,DR-CV1,joint,1,0.67072,0.712
phoneme,2,selection,DR-M1,features,1,1.8e-05,0.0044
phoneme,2,selection,DR-M2,features,1,0.251018,0.0016
phoneme,2,selection,DR-M3,features,1,2.1e-05,0.0046
phoneme,2,selection,DR-M4,features,1,0.133716,0.0285
phoneme,2,selection,DR-M5,features,0,0.043408,0.0017
phoneme,2,selection,DR-M6,features,1,0.457576,0.0168
phoneme,2,selection,DR-M7,features,1,0.0,0.0042
phoneme,2,selection,DR-M8,errors,0,0.008,0.0
phoneme,2,selection,DR-M10,joint,1,0.026096,0.1274
phoneme,2,selection,DR-M12,features,1,0.0,0.0035
phoneme,2,selection,DR-M13,features,1,0.0,0.005
phoneme,2,selection,DR-M14,joint,1,0.116504,0.1072
phoneme,2,selection,DR-C1,errors,0,,0.0008
phoneme,2,selection,DR-C2,errors,1,96.0,0.0003
phoneme,2,selection,DR-C3,errors,0,,0.0006
phoneme,2,selection,DR-C4,errors,0,,0.0003
phoneme,2,selection,DR-C5,errors,0,,0.378
phoneme,2,selection,DR-C6,errors,0,,0.0073
phoneme,2,selection,DR-C7,errors,0,,0.006
phoneme,2,selection,DR-C9,errors,0,,0.0005
phoneme,2,selection,DR-MV1,joint,1,40.381402,0.0006
phoneme,2,selection,DR-MV2,joint,0,0.048,0.0066
phoneme,2,selection,DR-CV1,joint,0,0.58046,0.7185
phoneme,2,label_shift,DR-M1,features,0,0.013558,0.0043
phoneme,2,label_shift,DR-M2,features,0,0.120171,0.0018
phoneme,2,label_shift,DR-M3,features,0,0.023237,0.0056
phoneme,2,label_shift,DR-M4,features,0,0.061735,0.0283
phoneme,2,label_shift,DR-M5,features,0,0.021448,0.0018
phoneme,2,label_shift,DR-M6,features,0,0.214921,0.0151
phoneme,2,label_shift,DR-M7,features,0,0.026126,0.004
phoneme,2,label_shift,DR-M8,errors,0,0.012,0.0
phoneme,2,label_shift,DR-M10,joint,1,0.011015,0.1143
phoneme,2,label_shift,DR-M12,features,0,0.010522,0.0068
phoneme,2,label_shift,DR-M13,features,1,0.008654,0.0029
phoneme,2,label_shift,DR-M14,joint,1,0.046958,0.1051
phoneme,2,label_shift,DR-C1,errors,0,,0.0008
phoneme,2,label_shift,DR-C2,errors,1,91.0,0.0004
phoneme,2,label_shift,DR-C3,errors,0,,0.0009
phoneme,2,label_shift,DR-C4,errors,0,,0.0003
phoneme,2,label_shift,DR-C5,errors,0,,0.3887
phoneme,2,label_shift,DR-C6,errors,0,,0.0072
phoneme,2,label_shift,DR-C7,errors,0,,0.0058
phoneme,2,label_shift,DR-C9,errors,0,,0.0004
phoneme,2,label_shift,DR-MV1,joint,1,12.539475,0.0007
phoneme,2,label_shift,DR-MV2,joint,0,0.04,0.0023
phoneme,2,label_shift,DR-CV1,joint,0,0.48956,0.6792
phoneme,2,concept,DR-M1,features,0,0.069718,0.0038
phoneme,2,concept,DR-M2,features,0,0.145627,0.0016
phoneme,2,concept,DR-M3,features,0,0.015415,0.005
phoneme,2,concept,DR-M4,features,0,0.081904,0.0292
phoneme,2,concept,DR-M5,features,0,0.025184,0.0017
phoneme,2,concept,DR-M6,features,0,0.088553,0.0146
phoneme,2,concept,DR-M7,features,0,0.302678,0.0038
phoneme,2,concept,DR-M8,errors,1,0.096,0.0
phoneme,2,concept,DR-M10,joint,0,0.0023,0.1409
phoneme,2,concept,DR-M12,features,0,0.098475,0.0026
phoneme,2,concept,DR-M13,features,0,0.072098,0.0033
phoneme,2,concept,DR-M14,joint,0,0.0125,0.1049
phoneme,2,concept,DR-C1,errors,1,196.0,0.0008
phoneme,2,concept,DR-C2,errors,1,101.0,0.0003
phoneme,2,concept,DR-C3,errors,0,,0.0007
phoneme,2,concept,DR-C4,errors,0,,0.0003
phoneme,2,concept,DR-C5,errors,0,,0.4534
phoneme,2,concept,DR-C6,errors,0,,0.0131
phoneme,2,concept,DR-C7,errors,0,,0.0074
phoneme,2,concept,DR-C9,errors,0,,0.0005
phoneme,2,concept,DR-MV1,joint,0,3.330589,0.002
phoneme,2,concept,DR-MV2,joint,0,0.036,0.0079
phoneme,2,concept,DR-CV1,joint,0,0.50388,0.7855
phoneme,3,none,DR-M1,features,0,0.14841,0.0042
phoneme,3,none,DR-M2,features,0,0.11223,0.0017
phoneme,3,none,DR-M3,features,0,0.032786,0.0049
phoneme,3,none,DR-M4,features,0,0.057017,0.0287
phoneme,3,none,DR-M5,features,0,0.020071,0.0018
phoneme,3,none,DR-M6,features,0,0.128565,0.0144
phoneme,3,none,DR-M7,features,0,0.107342,0.0038
phoneme,3,none,DR-M8,errors,1,0.034,0.0
phoneme,3,none,DR-M10,joint,0,0.003367,0.117
phoneme,3,none,DR-M12,features,0,0.09861,0.0026
phoneme,3,none,DR-M13,features,0,0.12549,0.0036
phoneme,3,none,DR-M14,joint,0,0.01793,0.0996
phoneme,3,none,DR-C1,errors,0,,0.0008
phoneme,3,none,DR-C2,errors,1,124.0,0.0003
phoneme,3,none,DR-C3,errors,0,,0.0006
phoneme,3,none,DR-C4,errors,0,,0.0004
phoneme,3,none,DR-C5,errors,0,,0.4072
phoneme,3,none,DR-C6,errors,0,,0.0075
phoneme,3,none,DR-C7,errors,0,,0.0066
phoneme,3,none,DR-C9,errors,0,,0.0004
phoneme,3,none,DR-MV1,joint,0,5.368052,0.0007
phoneme,3,none,DR-MV2,joint,1,0.08,0.0023
phoneme,3,none,DR-CV1,joint,0,0.50994,0.7165
phoneme,3,shift,DR-M1,features,1,4e-06,0.0042
phoneme,3,shift,DR-M2,features,1,0.429227,0.0024
phoneme,3,shift,DR-M3,features,1,0.0,0.0047
phoneme,3,shift,DR-M4,features,1,0.273553,0.0323
phoneme,3,shift,DR-M5,features,0,0.066635,0.0019
phoneme,3,shift,DR-M6,features,1,0.343976,0.0151
phoneme,3,shift,DR-M7,features,1,1.3e-05,0.0035
phoneme,3,shift,DR-M8,errors,1,0.066,0.0
phoneme,3,shift,DR-M10,joint,1,0.011258,0.1176
phoneme,3,shift,DR-M12,features,1,3e-06,0.0043
phoneme,3,shift,DR-M13,features,1,0.0,0.0034
phoneme,3,shift,DR-M14,joint,1,0.055864,0.1013
phoneme,3,shift,DR-C1,errors,0,,0.0007
phoneme,3,shift,DR-C2,errors,1,148.0,0.0003
phoneme,3,shift,DR-C3,errors,0,,0.0006
phoneme,3,shift,DR-C4,errors,0,,0.0003
phoneme,3,shift,DR-C5,errors,0,,0.3607
phoneme,3,shift,DR-C6,errors,0,,0.0081
phoneme,3,shift,DR-C7,errors,0,,0.0059
phoneme,3,shift,DR-C9,errors,0,,0.0005
phoneme,3,shift,DR-MV1,joint,1,23.428361,0.0007
phoneme,3,shift,DR-MV2,joint,1,0.096,0.0023
phoneme,3,shift,DR-CV1,joint,1,0.68668,0.6516
phoneme,3,scale,DR-M1,features,1,2.3e-05,0.005
phoneme,3,scale,DR-M2,features,1,0.329917,0.0017
phoneme,3,scale,DR-M3,features,1,0.0,0.0081
phoneme,3,scale,DR-M4,features,1,0.160253,0.0322
phoneme,3,scale,DR-M5,features,0,0.057703,0.0018
phoneme,3,scale,DR-M6,features,1,0.407557,0.0183
phoneme,3,scale,DR-M7,features,0,0.319402,0.0037
phoneme,3,scale,DR-M8,errors,0,0.002,0.0
phoneme,3,scale,DR-M10,joint,1,0.011154,0.1235
phoneme,3,scale,DR-M12,features,1,0.000274,0.003
phoneme,3,scale,DR-M13,features,1,0.0,0.0029
phoneme,3,scale,DR-M14,joint,1,0.03572,0.1017
phoneme,3,scale,DR-C1,errors,0,,0.0009
phoneme,3,scale,DR-C2,errors,1,176.0,0.0003
phoneme,3,scale,DR-C3,errors,0,,0.0007
phoneme,3,scale,DR-C4,errors,0,,0.0003
phoneme,3,scale,DR-C5,errors,0,,0.3996
phoneme,3,scale,DR-C6,errors,0,,0.0082
phoneme,3,scale,DR-C7,errors,0,,0.0067
phoneme,3,scale,DR-C9,errors,0,,0.0004
phoneme,3,scale,DR-MV1,joint,0,2.418762,0.0007
phoneme,3,scale,DR-MV2,joint,1,0.164,0.0023
phoneme,3,scale,DR-CV1,joint,1,0.67044,0.6672
phoneme,3,correlation,DR-M1,features,0,0.116626,0.0038
phoneme,3,correlation,DR-M2,features,0,0.114386,0.0024
phoneme,3,correlation,DR-M3,features,0,0.046492,0.0047
phoneme,3,correlation,DR-M4,features,0,0.061913,0.0286
phoneme,3,correlation,DR-M5,features,0,0.020237,0.0018
phoneme,3,correlation,DR-M6,features,0,0.096787,0.0147
phoneme,3,correlation,DR-M7,features,0,0.326013,0.0034
phoneme,3,correlation,DR-M8,errors,1,0.106,0.0001
phoneme,3,correlation,DR-M10,joint,1,0.008095,0.1127
phoneme,3,correlation,DR-M12,features,0,0.170685,0.0024
phoneme,3,correlation,DR-M13,features,0,0.231453,0.0024
phoneme,3,correlation,DR-M14,joint,0,0.031815,0.1926
phoneme,3,correlation,DR-C1,errors,1,149.0,0.0015
phoneme,3,correlation,DR-C2,errors,1,116.0,0.0005
phoneme,3,correlation,DR-C3,errors,0,,0.0048
phoneme,3,correlation,DR-C4,errors,0,,0.0005
phoneme,3,correlation,DR-C5,errors,0,,0.5468
phoneme,3,correlation,DR-C6,errors,0,,0.0077
phoneme,3,correlation,DR-C7,errors,0,,0.0061
phoneme,3,correlation,DR-C9,errors,0,,0.0007
phoneme,3,correlation,DR-MV1,joint,0,1.459111,0.0011
phoneme,3,correlation,DR-MV2,joint,1,0.228,0.0039
phoneme,3,correlation,DR-CV1,joint,1,0.72512,0.7225
phoneme,3,selection,DR-M1,features,1,0.0,0.0046
phoneme,3,selection,DR-M2,features,0,0.21718,0.0061
phoneme,3,selection,DR-M3,features,1,3.1e-05,0.0054
phoneme,3,selection,DR-M4,features,1,0.104913,0.0359
phoneme,3,selection,DR-M5,features,0,0.038571,0.0022
phoneme,3,selection,DR-M6,features,1,0.458528,0.0189
phoneme,3,selection,DR-M7,features,1,0.0,0.0056
phoneme,3,selection,DR-M8,errors,0,-0.014,0.0
phoneme,3,selection,DR-M10,joint,1,0.023624,0.1202
phoneme,3,selection,DR-M12,features,1,0.0,0.0031
phoneme,3,selection,DR-M13,features,1,0.0,0.0031
phoneme,3,selection,DR-M14,joint,1,0.105507,0.0976
phoneme,3,selection,DR-C1,errors,0,,0.0008
phoneme,3,selection,DR-C2,errors,1,202.0,0.0003
phoneme,3,selection,DR-C3,errors,0,,0.0006
phoneme,3,selection,DR-C4,errors,0,,0.0003
phoneme,3,selection,DR-C5,errors,0,,0.3996
phoneme,3,selection,DR-C6,errors,0,,0.0086
phoneme,3,selection,DR-C7,errors,0,,0.006
phoneme,3,selection,DR-C9,errors,0,,0.0005
phoneme,3,selection,DR-MV1,joint,1,37.669954,0.0007
phoneme,3,selection,DR-MV2,joint,1,0.084,0.0024
phoneme,3,selection,DR-CV1,joint,0,0.53588,0.6961
phoneme,3,label_shift,DR-M1,features,0,0.046073,0.0041
phoneme,3,label_shift,DR-M2,features,0,0.15191,0.0017
phoneme,3,label_shift,DR-M3,features,1,0.003396,0.0046
phoneme,3,label_shift,DR-M4,features,0,0.07701,0.0295
phoneme,3,label_shift,DR-M5,features,0,0.027115,0.0017
phoneme,3,label_shift,DR-M6,features,0,0.171781,0.0143
phoneme,3,label_shift,DR-M7,features,0,0.03363,0.0035
phoneme,3,label_shift,DR-M8,errors,0,0.022,0.0
phoneme,3,label_shift,DR-M10,joint,1,0.006191,0.1119
phoneme,3,label_shift,DR-M12,features,0,0.022962,0.0027
phoneme,3,label_shift,DR-M13,features,0,0.025538,0.0025
phoneme,3,label_shift,DR-M14,joint,0,0.029384,0.1017
phoneme,3,label_shift,DR-C1,errors,0,,0.0009
phoneme,3,label_shift,DR-C2,errors,1,171.0,0.0004
phoneme,3,label_shift,DR-C3,errors,0,,0.0006
phoneme,3,label_shift,DR-C4,errors,0,,0.0004
phoneme,3,label_shift,DR-C5,errors,0,,0.3993
phoneme,3,label_shift,DR-C6,errors,0,,0.0078
phoneme,3,label_shift,DR-C7,errors,0,,0.0059
phoneme,3,label_shift,DR-C9,errors,0,,0.0004
phoneme,3,label_shift,DR-MV1,joint,0,8.121961,0.0007
phoneme,3,label_shift,DR-MV2,joint,1,0.076,0.0023
phoneme,3,label_shift,DR-CV1,joint,0,0.5074,0.695
phoneme,3,concept,DR-M1,features,0,0.537142,0.0037
phoneme,3,concept,DR-M2,features,0,0.066818,0.0016
phoneme,3,concept,DR-M3,features,0,0.280632,0.0087
phoneme,3,concept,DR-M4,features,0,0.033772,0.0278
phoneme,3,concept,DR-M5,features,0,0.011975,0.0016
phoneme,3,concept,DR-M6,features,0,0.092363,0.0143
phoneme,3,concept,DR-M7,features,0,0.479579,0.0037
phoneme,3,concept,DR-M8,errors,1,0.158,0.0001
phoneme,3,concept,DR-M10,joint,0,0.001814,0.1093
phoneme,3,concept,DR-M12,features,0,0.384141,0.0028
phoneme,3,concept,DR-M13,features,0,0.25,0.002
phoneme,3,concept,DR-M14,joint,0,0.010201,0.1206
phoneme,3,concept,DR-C1,errors,1,144.0,0.0007
phoneme,3,concept,DR-C2,errors,1,91.0,0.0003
phoneme,3,concept,DR-C3,errors,0,,0.0007
phoneme,3,concept,DR-C4,errors,0,,0.0005
phoneme,3,concept,DR-C5,errors,0,,0.4054
phoneme,3,concept,DR-C6,errors,1,239.0,0.0076
phoneme,3,concept,DR-C7,errors,1,167.0,0.0056
phoneme,3,concept,DR-C9,errors,1,176.0,0.0004
phoneme,3,concept,DR-MV1,joint,0,2.686861,0.0007
phoneme,3,concept,DR-MV2,joint,0,0.072,0.0023
phoneme,3,concept,DR-CV1,joint,0,0.51922,0.7304
phoneme,4,none,DR-M1,features,0,0.14841,0.0043
phoneme,4,none,DR-M2,features,0,0.080161,0.0016
phoneme,4,none,DR-M3,features,0,0.177542,0.0045
phoneme,4,none,DR-M4,features,0,0.041761,0.028
phoneme,4,none,DR-M5,features,0,0.014343,0.0019
phoneme,4,none,DR-M6,features,0,0.136939,0.0151
phoneme,4,none,DR-M7,features,0,0.1938,0.0037
phoneme,4,none,DR-M8,errors,0,0.018,0.0001
phoneme,4,none,DR-M10,joint,0,0.003045,0.1137
phoneme,4,none,DR-M12,features,0,0.168033,0.0027
phoneme,4,none,DR-M13,features,0,0.186737,0.0041
phoneme,4,none,DR-M14,joint,0,0.01585,0.0996
phoneme,4,none,DR-C1,errors,0,,0.0008
phoneme,4,none,DR-C2,errors,1,6.0,0.0003
phoneme,4,none,DR-C3,errors,0,,0.0006
phoneme,4,none,DR-C4,errors,0,,0.0003
phoneme,4,none,DR-C5,errors,0,,0.3913
phoneme,4,none,DR-C6,errors,0,,0.0095
phoneme,4,none,DR-C7,errors,0,,0.0062
phoneme,4,none,DR-C9,errors,0,,0.0005
phoneme,4,none,DR-MV1,joint,0,4.783695,0.0007
phoneme,4,none,DR-MV2,joint,0,0.04,0.0036
phoneme,4,none,DR-CV1,joint,0,0.50064,0.7755
phoneme,4,shift,DR-M1,features,1,1e-06,0.0046
phoneme,4,shift,DR-M2,features,1,0.320691,0.0025
phoneme,4,shift,DR-M3,features,1,1e-06,0.0062
phoneme,4,shift,DR-M4,features,1,0.181368,0.0356
phoneme,4,shift,DR-M5,features,0,0.054,0.003
phoneme,4,shift,DR-M6,features,1,0.434888,0.0157
phoneme,4,shift,DR-M7,features,1,0.0,0.0041
phoneme,4,shift,DR-M8,errors,1,0.066,0.0
phoneme,4,shift,DR-M10,joint,1,0.014331,0.115
phoneme,4,shift,DR-M12,features,1,0.0,0.0026
phoneme,4,shift,DR-M13,features,1,0.0,0.0022
phoneme,4,shift,DR-M14,joint,1,0.071752,0.1027
phoneme,4,shift,DR-C1,errors,1,158.0,0.0009
phoneme,4,shift,DR-C2,errors,1,5.0,0.0003
phoneme,4,shift,DR-C3,errors,0,,0.0007
phoneme,4,shift,DR-C4,errors,0,,0.0003
phoneme,4,shift,DR-C5,errors,0,,0.3861
phoneme,4,shift,DR-C6,errors,0,,0.0078
phoneme,4,shift,DR-C7,errors,0,,0.0067
phoneme,4,shift,DR-C9,errors,0,,0.0005
phoneme,4,shift,DR-MV1,joint,1,35.142441,0.0007
phoneme,4,shift,DR-MV2,joint,0,0.036,0.0024
phoneme,4,shift,DR-CV1,joint,1,0.67196,0.7166
phoneme,4,scale,DR-M1,features,1,0.000698,0.0045
phoneme,4,scale,DR-M2,features,1,0.345246,0.0018
phoneme,4,scale,DR-M3,features,1,0.0,0.0046
phoneme,4,scale,DR-M4,features,1,0.16923,0.0293
phoneme,4,scale,DR-M5,features,0,0.060509,0.0021
phoneme,4,scale,DR-M6,features,1,0.496477,0.015
phoneme,4,scale,DR-M7,features,1,0.0008,0.0037
phoneme,4,scale,DR-M8,errors,0,-0.002,0.0001
phoneme,4,scale,DR-M10,joint,1,0.014061,0.1233
phoneme,4,scale,DR-M12,features,1,0.00018,0.0029
phoneme,4,scale,DR-M13,features,1,0.0,0.0021
phoneme,4,scale,DR-M14,joint,1,0.056109,0.1125
phoneme,4,scale,DR-C1,errors,0,,0.0008
phoneme,4,scale,DR-C2,errors,1,10.0,0.0003
phoneme,4,scale,DR-C3,errors,0,,0.0006
phoneme,4,scale,DR-C4,errors,0,,0.0003
phoneme,4,scale,DR-C5,errors,0,,0.3988
phoneme,4,scale,DR-C6,errors,0,,0.0103
phoneme,4,scale,DR-C7,errors,0,,0.0059
phoneme,4,scale,DR-C9,errors,0,,0.0004
phoneme,4,scale,DR-MV1,joint,1,19.678743,0.0007
phoneme,4,scale,DR-MV2,joint,0,0.06,0.0022
phoneme,4,scale,DR-CV1,joint,1,0.64908,0.8357
phoneme,4,correlation,DR-M1,features,0,0.348152,0.0038
phoneme,4,correlation,DR-M2,features,0,0.072688,0.0018
phoneme,4,correlation,DR-M3,features,0,0.17384,0.006
phoneme,4,correlation,DR-M4,features,0,0.037801,0.043
phoneme,4,correlation,DR-M5,features,0,0.013005,0.0019
phoneme,4,correlation,DR-M6,features,0,0.097332,0.0198
phoneme,4,correlation,DR-M7,features,0,0.255649,0.0038
phoneme,4,correlation,DR-M8,errors,1,0.094,0.0
phoneme,4,correlation,DR-M10,joint,0,0.006802,0.16
phoneme,4,correlation,DR-M12,features,0,0.34595,0.0028
phoneme,4,correlation,DR-M13,features,0,0.25,0.0025
phoneme,4,correlation,DR-M14,joint,0,0.031055,0.1724
phoneme,4,correlation,DR-C1,errors,1,102.0,0.0006
phoneme,4,correlation,DR-C2,errors,1,4.0,0.0003
phoneme,4,correlation,DR-C3,errors,0,,0.0006
phoneme,4,correlation,DR-C4,errors,0,,0.0003
phoneme,4,correlation,DR-C5,errors,0,,0.5402
phoneme,4,correlation,DR-C6,errors,0,,0.0118
phoneme,4,correlation,DR-C7,errors,0,,0.0103
phoneme,4,correlation,DR-C9,errors,0,,0.0006
phoneme,4,correlation,DR-MV1,joint,0,3.151339,0.0007
phoneme,4,correlation,DR-MV2,joint,1,0.156,0.0065
phoneme,4,correlation,DR-CV1,joint,1,0.78236,0.9782
phoneme,4,selection,DR-M1,features,1,0.0,0.0049
phoneme,4,selection,DR-M2,features,1,0.278991,0.0017
phoneme,4,selection,DR-M3,features,1,1e-06,0.0053
phoneme,4,selection,DR-M4,features,1,0.136909,0.0305
phoneme,4,selection,DR-M5,features,0,0.049341,0.0017
phoneme,4,selection,DR-M6,features,1,0.536875,0.023
phoneme,4,selection,DR-M7,features,1,0.0,0.0037
phoneme,4,selection,DR-M8,errors,0,0.002,0.0
phoneme,4,selection,DR-M10,joint,1,0.024322,0.1858
phoneme,4,selection,DR-M12,features,1,0.0,0.0031
phoneme,4,selection,DR-M13,features,1,0.0,0.0057
phoneme,4,selection,DR-M14,joint,1,0.115438,0.1169
phoneme,4,selection,DR-C1,errors,0,,0.0008
phoneme,4,selection,DR-C2,errors,1,3.0,0.0003
phoneme,4,selection,DR-C3,errors,0,,0.0006
phoneme,4,selection,DR-C4,errors,0,,0.0003
phoneme,4,selection,DR-C5,errors,0,,0.5428
phoneme,4,selection,DR-C6,errors,0,,0.0131
phoneme,4,selection,DR-C7,errors,0,,0.0098
phoneme,4,selection,DR-C9,errors,0,,0.0005
phoneme,4,selection,DR-MV1,joint,1,48.314514,0.0007
phoneme,4,selection,DR-MV2,joint,0,0.032,0.0057
phoneme,4,selection,DR-CV1,joint,0,0.5565,1.0296
phoneme,4,label_shift,DR-M1,features,0,0.021888,0.008
phoneme,4,label_shift,DR-M2,features,0,0.095169,0.0016
phoneme,4,label_shift,DR-M3,features,0,0.066345,0.0085
phoneme,4,label_shift,DR-M4,features,0,0.046859,0.0432
phoneme,4,label_shift,DR-M5,features,0,0.01704,0.0018
phoneme,4,label_shift,DR-M6,features,0,0.190549,0.0236
phoneme,4,label_shift,DR-M7,features,0,0.015424,0.0076
phoneme,4,label_shift,DR-M8,errors,0,-0.014,0.0001
phoneme,4,label_shift,DR-M10,joint,0,0.005737,0.1701
phoneme,4,label_shift,DR-M12,features,0,0.01276,0.0084
phoneme,4,label_shift,DR-M13,features,0,0.018403,0.0119
phoneme,4,label_shift,DR-M14,joint,0,0.02828,0.1702
phoneme,4,label_shift,DR-C1,errors,0,,0.0008
phoneme,4,label_shift,DR-C2,errors,1,3.0,0.0003
phoneme,4,label_shift,DR-C3,errors,0,,0.0006
phoneme,4,label_shift,DR-C4,errors,0,,0.0003
phoneme,4,label_shift,DR-C5,errors,0,,0.5584
phoneme,4,label_shift,DR-C6,errors,0,,0.0127
phoneme,4,label_shift,DR-C7,errors,0,,0.009
phoneme,4,label_shift,DR-C9,errors,0,,0.0005
phoneme,4,label_shift,DR-MV1,joint,1,11.144277,0.0007
phoneme,4,label_shift,DR-MV2,joint,0,0.02,0.0057
phoneme,4,label_shift,DR-CV1,joint,0,0.54006,1.0934
phoneme,4,concept,DR-M1,features,0,0.186802,0.0127
phoneme,4,concept,DR-M2,features,0,0.072775,0.0019
phoneme,4,concept,DR-M3,features,0,0.21299,0.0086
phoneme,4,concept,DR-M4,features,0,0.036554,0.04
phoneme,4,concept,DR-M5,features,0,0.013067,0.0021
phoneme,4,concept,DR-M6,features,0,0.153281,0.0259
phoneme,4,concept,DR-M7,features,0,0.058746,0.0056
phoneme,4,concept,DR-M8,errors,1,0.106,0.0001
phoneme,4,concept,DR-M10,joint,1,0.007396,0.1649
phoneme,4,concept,DR-M12,features,0,0.076411,0.0088
phoneme,4,concept,DR-M13,features,0,0.070154,0.0024
phoneme,4,concept,DR-M14,joint,0,0.029959,0.1238
phoneme,4,concept,DR-C1,errors,1,101.0,0.0015
phoneme,4,concept,DR-C2,errors,1,4.0,0.0003
phoneme,4,concept,DR-C3,errors,0,,0.0006
phoneme,4,concept,DR-C4,errors,0,,0.0003
phoneme,4,concept,DR-C5,errors,0,,0.3714
phoneme,4,concept,DR-C6,errors,0,,0.0101
phoneme,4,concept,DR-C7,errors,0,,0.0071
phoneme,4,concept,DR-C9,errors,0,,0.0005
phoneme,4,concept,DR-MV1,joint,0,10.038192,0.0007
phoneme,4,concept,DR-MV2,joint,0,0.068,0.0025
phoneme,4,concept,DR-CV1,joint,0,0.49264,0.7496
ring,0,none,DR-M1,features,1,0.001564,0.0152
ring,0,none,DR-M2,features,0,0.128219,0.007
ring,0,none,DR-M3,features,0,0.011689,0.0239
ring,0,none,DR-M4,features,0,0.063714,0.1084
ring,0,none,DR-M5,features,0,0.022904,0.0129
ring,0,none,DR-M6,features,0,0.189114,0.0556
ring,0,none,DR-M7,features,0,0.021899,0.014
ring,0,none,DR-M8,errors,0,0.004,0.0001
ring,0,none,DR-M10,joint,0,0.003364,0.1162
ring,0,none,DR-M12,features,0,0.008237,0.024
ring,0,none,DR-M13,features,0,0.016873,0.0083
ring,0,none,DR-M14,joint,0,0.03407,0.1032
ring,0,none,DR-C1,errors,1,43.0,0.0006
ring,0,none,DR-C2,errors,0,,0.0003
ring,0,none,DR-C3,errors,0,,0.0007
ring,0,none,DR-C4,errors,0,,0.0005
ring,0,none,DR-C5,errors,0,,0.4067
ring,0,none,DR-C6,errors,0,,0.0232
ring,0,none,DR-C7,errors,0,,0.0072
ring,0,none,DR-C9,errors,0,,0.0005
ring,0,none,DR-MV1,joint,0,18.915457,0.0051
ring,0,none,DR-MV2,joint,0,0.072,0.0032
ring,0,none,DR-CV1,joint,0,0.49,1.0837
ring,0,shift,DR-M1,features,1,1.4e-05,0.0158
ring,0,shift,DR-M2,features,0,0.198062,0.0064
ring,0,shift,DR-M3,features,1,0.000263,0.0189
ring,0,shift,DR-M4,features,1,0.1022,0.1472
ring,0,shift,DR-M5,features,0,0.035079,0.0096
ring,0,shift,DR-M6,features,1,0.269286,0.0752
ring,0,shift,DR-M7,features,1,0.000787,0.0219
ring,0,shift,DR-M8,errors,0,-0.02,0.0001
ring,0,shift,DR-M10,joint,1,0.005588,0.1288
ring,0,shift,DR-M12,features,1,9.4e-05,0.0225
ring,0,shift,DR-M13,features,1,0.0,0.0091
ring,0,shift,DR-M14,joint,1,0.051306,0.108
ring,0,shift,DR-C1,errors,0,,0.0009
ring,0,shift,DR-C2,errors,0,,0.0003
ring,0,shift,DR-C3,errors,0,,0.0006
ring,0,shift,DR-C4,errors,0,,0.0003
ring,0,shift,DR-C5,errors,0,,0.461
ring,0,shift,DR-C6,errors,0,,0.0251
ring,0,shift,DR-C7,errors,0,,0.0112
ring,0,shift,DR-C9,errors,0,,0.0005
ring,0,shift,DR-MV1,joint,1,34.623974,0.0012
ring,0,shift,DR-MV2,joint,0,0.056,0.0037
ring,0,shift,DR-CV1,joint,0,0.56644,1.3402
ring,0,scale,DR-M1,features,0,0.09066,0.0245
ring,0,scale,DR-M2,features,0,0.212993,0.0105
ring,0,scale,DR-M3,features,1,0.000375,0.0282
ring,0,scale,DR-M4,features,1,0.118133,0.184
ring,0,scale,DR-M5,features,0,0.036746,0.0126
ring,0,scale,DR-M6,features,1,0.320686,0.0838
ring,0,scale,DR-M7,features,0,0.020057,0.0212
ring,0,scale,DR-M8,errors,1,0.02,0.0001
ring,0,scale,DR-M10,joint,0,0.003374,0.1974
ring,0,scale,DR-M12,features,0,0.024024,0.0143
ring,0,scale,DR-M13,features,0,0.0066,0.0177
ring,0,scale,DR-M14,joint,0,0.033493,0.1672
ring,0,scale,DR-C1,errors,0,,0.0016
ring,0,scale,DR-C2,errors,1,197.0,0.0004
ring,0,scale,DR-C3,errors,0,,0.0008
ring,0,scale,DR-C4,errors,0,,0.0004
ring,0,scale,DR-C5,errors,0,,0.5694
ring,0,scale,DR-C6,errors,0,,0.0351
ring,0,scale,DR-C7,errors,0,,0.0112
ring,0,scale,DR-C9,errors,0,,0.0006
ring,0,scale,DR-MV1,joint,0,14.595228,0.0011
ring,0,scale,DR-MV2,joint,0,0.048,0.0034
ring,0,scale,DR-CV1,joint,0,0.52908,1.6804
ring,0,correlation,DR-M1,features,0,0.034488,0.0247
ring,0,correlation,DR-M2,features,0,0.10172,0.0058
ring,0,correlation,DR-M3,features,0,0.052732,0.0304
ring,0,correlation,DR-M4,features,0,0.050975,0.1657
ring,0,correlation,DR-M5,features,0,0.018213,0.0109
ring,0,correlation,DR-M6,features,1,0.252455,0.0857
ring,0,correlation,DR-M7,features,1,0.001118,0.0219
ring,0,correlation,DR-M8,errors,0,-0.02,0.0001
ring,0,correlation,DR-M10,joint,0,0.003966,0.1826
ring,0,correlation,DR-M12,features,0,0.007822,0.017
ring,0,correlation,DR-M13,features,0,0.003799,0.0177
ring,0,correlation,DR-M14,joint,0,0.038822,0.1561
ring,0,correlation,DR-C1,errors,0,,0.0008
ring,0,correlation,DR-C2,errors,0,,0.0003
ring,0,correlation,DR-C3,errors,0,,0.0006
ring,0,correlation,DR-C4,errors,0,,0.0003
ring,0,correlation,DR-C5,errors,0,,0.6629
ring,0,correlation,DR-C6,errors,0,,0.0292
ring,0,correlation,DR-C7,errors,0,,0.0123
ring,0,correlation,DR-C9,errors,0,,0.0006
ring,0,correlation,DR-MV1,joint,0,21.668314,0.001
ring,0,correlation,DR-MV2,joint,0,0.048,0.0077
ring,0,correlation,DR-CV1,joint,0,0.51768,1.767
ring,0,selection,DR-M1,features,1,0.000153,0.028
ring,0,selection,DR-M2,features,0,0.229926,0.0063
ring,0,selection,DR-M3,features,1,5.2e-05,0.037
ring,0,selection,DR-M4,features,1,0.120303,0.1992
ring,0,selection,DR-M5,features,0,0.040156,0.0106
ring,0,selection,DR-M6,features,1,0.434528,0.0894
ring,0,selection,DR-M7,features,1,0.0,0.0198
ring,0,selection,DR-M8,errors,0,-0.004,0.0001
ring,0,selection,DR-M10,joint,1,0.005707,0.1237
ring,0,selection,DR-M12,features,1,6e-06,0.0128
ring,0,selection,DR-M13,features,1,0.0,0.0131
ring,0,selection,DR-M14,joint,1,0.05885,0.1521
ring,0,selection,DR-C1,errors,0,,0.0008
ring,0,selection,DR-C2,errors,0,,0.0004
ring,0,selection,DR-C3,errors,0,,0.0006
ring,0,selection,DR-C4,errors,0,,0.0003
ring,0,selection,DR-C5,errors,0,,0.5928
ring,0,selection,DR-C6,errors,0,,0.0323
ring,0,selection,DR-C7,errors,0,,0.0113
ring,0,selection,DR-C9,errors,0,,0.0005
ring,0,selection,DR-MV1,joint,1,49.286527,0.001
ring,0,selection,DR-MV2,joint,0,0.044,0.0027
ring,0,selection,DR-CV1,joint,0,0.564,1.5353
ring,0,label_shift,DR-M1,features,0,0.018708,0.0232
ring,0,label_shift,DR-M2,features,0,0.167009,0.0101
ring,0,label_shift,DR-M3,features,1,0.00127,0.0238
ring,0,label_shift,DR-M4,features,0,0.084049,0.1261
ring,0,label_shift,DR-M5,features,0,0.029781,0.007
ring,0,label_shift,DR-M6,features,0,0.211831,0.0653
ring,0,label_shift,DR-M7,features,0,0.046258,0.0244
ring,0,label_shift,DR-M8,errors,0,0.0,0.0001
ring,0,label_shift,DR-M10,joint,1,0.007497,0.1673
ring,0,label_shift,DR-M12,features,0,0.010376,0.0162
ring,0,label_shift,DR-M13,features,0,0.011455,0.0132
ring,0,label_shift,DR-M14,joint,1,0.050287,0.1656
ring,0,label_shift,DR-C1,errors,0,,0.0014
ring,0,label_shift,DR-C2,errors,0,,0.0006
ring,0,label_shift,DR-C3,errors,0,,0.0013
ring,0,label_shift,DR-C4,errors,0,,0.0007
ring,0,label_shift,DR-C5,errors,0,,0.5643
ring,0,label_shift,DR-C6,errors,0,,0.0261
ring,0,label_shift,DR-C7,errors,0,,0.0116
ring,0,label_shift,DR-C9,errors,0,,0.0005
ring,0,label_shift,DR-MV1,joint,0,15.785935,0.001
ring,0,label_shift,DR-MV2,joint,0,0.044,0.0028
ring,0,label_shift,DR-CV1,joint,0,0.55932,1.2139
ring,0,concept,DR-M1,features,0,0.021888,0.0161
ring,0,concept,DR-M2,features,0,0.126723,0.0063
ring,0,concept,DR-M3,features,0,0.014524,0.019
ring,0,concept,DR-M4,features,0,0.064118,0.1249
ring,0,concept,DR-M5,features,0,0.022626,0.0068
ring,0,concept,DR-M6,features,0,0.157301,0.0812
ring,0,concept,DR-M7,features,0,0.097165,0.0159
ring,0,concept,DR-M8,errors,1,0.116,0.0001
ring,0,concept,DR-M10,joint,0,0.003821,0.137
ring,0,concept,DR-M12,features,0,0.028927,0.0112
ring,0,concept,DR-M13,features,0,0.045803,0.0132
ring,0,concept,DR-M14,joint,0,0.032686,0.1108
ring,0,concept,DR-C1,errors,1,22.0,0.0006
ring,0,concept,DR-C2,errors,1,61.0,0.0003
ring,0,concept,DR-C3,errors,0,,0.0006
ring,0,concept,DR-C4,errors,0,,0.0003
ring,0,concept,DR-C5,errors,0,,0.384
ring,0,concept,DR-C6,errors,0,,0.0156
ring,0,concept,DR-C7,errors,0,,0.0076
ring,0,concept,DR-C9,errors,0,,0.0005
ring,0,concept,DR-MV1,joint,0,10.772999,0.001
ring,0,concept,DR-MV2,joint,0,0.052,0.0028
ring,0,concept,DR-CV1,joint,0,0.5038,1.1706
ring,1,none,DR-M1,features,0,0.011495,0.0233
ring,1,none,DR-M2,features,0,0.136271,0.0104
ring,1,none,DR-M3,features,0,0.009226,0.0269
ring,1,none,DR-M4,features,0,0.069727,0.173
ring,1,none,DR-M5,features,0,0.024314,0.0066
ring,1,none,DR-M6,features,0,0.174977,0.0706
ring,1,none,DR-M7,features,0,0.126093,0.0193
ring,1,none,DR-M8,errors,0,0.006,0.0001
ring,1,none,DR-M10,joint,0,0.003252,0.1833
ring,1,none,DR-M12,features,0,0.011627,0.0181
ring,1,none,DR-M13,features,0,0.012039,0.0224
ring,1,none,DR-M14,joint,0,0.031835,0.1545
ring,1,none,DR-C1,errors,0,,0.0009
ring,1,none,DR-C2,errors,0,,0.0003
ring,1,none,DR-C3,errors,0,,0.0006
ring,1,none,DR-C4,errors,0,,0.0004
ring,1,none,DR-C5,errors,0,,0.6127
ring,1,none,DR-C6,errors,0,,0.0319
ring,1,none,DR-C7,errors,0,,0.0116
ring,1,none,DR-C9,errors,0,,0.0005
ring,1,none,DR-MV1,joint,0,13.035124,0.0009
ring,1,none,DR-MV2,joint,0,0.032,0.0029
ring,1,none,DR-CV1,joint,0,0.46952,1.5479
ring,1,shift,DR-M1,features,1,1e-06,0.0166
ring,1,shift,DR-M2,features,1,0.259034,0.007
ring,1,shift,DR-M3,features,1,1.8e-05,0.0182
ring,1,shift,DR-M4,features,1,0.141419,0.1076
ring,1,shift,DR-M5,features,0,0.04514,0.0063
ring,1,shift,DR-M6,features,0,0.238369,0.0691
ring,1,shift,DR-M7,features,0,0.010938,0.0163
ring,1,shift,DR-M8,errors,1,0.018,0.0001
ring,1,shift,DR-M10,joint,1,0.005013,0.1077
ring,1,shift,DR-M12,features,1,1.2e-05,0.0225
ring,1,shift,DR-M13,features,1,0.0,0.01
ring,1,shift,DR-M14,joint,1,0.048833,0.1004
ring,1,shift,DR-C1,errors,0,,0.0009
ring,1,shift,DR-C2,errors,0,,0.0004
ring,1,shift,DR-C3,errors,0,,0.0007
ring,1,shift,DR-C4,errors,0,,0.0004
ring,1,shift,DR-C5,errors,0,,0.3948
ring,1,shift,DR-C6,errors,0,,0.0195
ring,1,shift,DR-C7,errors,0,,0.0068
ring,1,shift,DR-C9,errors,0,,0.0005
ring,1,shift,DR-MV1,joint,1,36.491809,0.001
ring,1,shift,DR-MV2,joint,0,0.032,0.0028
ring,1,shift,DR-CV1,joint,0,0.5588,1.1288
ring,1,scale,DR-M1,features,0,0.021888,0.0148
ring,1,scale,DR-M2,features,0,0.156571,0.0059
ring,1,scale,DR-M3,features,1,0.001723,0.0186
ring,1,scale,DR-M4,features,0,0.075863,0.1181
ring,1,scale,DR-M5,features,0,0.027912,0.007
ring,1,scale,DR-M6,features,1,0.353884,0.0545
ring,1,scale,DR-M7,features,0,0.026453,0.0133
ring,1,scale,DR-M8,errors,1,0.01,0.0001
ring,1,scale,DR-M10,joint,0,0.004171,0.1136
ring,1,scale,DR-M12,features,0,0.025804,0.0184
ring,1,scale,DR-M13,features,0,0.003068,0.0096
ring,1,scale,DR-M14,joint,0,0.041416,0.1073
ring,1,scale,DR-C1,errors,0,,0.0007
ring,1,scale,DR-C2,errors,0,,0.0003
ring,1,scale,DR-C3,errors,0,,0.0006
ring,1,scale,DR-C4,errors,0,,0.0003
ring,1,scale,DR-C5,errors,0,,0.3866
ring,1,scale,DR-C6,errors,0,,0.0183
ring,1,scale,DR-C7,errors,0,,0.0063
ring,1,scale,DR-C9,errors,0,,0.0005
ring,1,scale,DR-MV1,joint,0,26.175217,0.0009
ring,1,scale,DR-MV2,joint,0,0.036,0.0027
ring,1,scale,DR-CV1,joint,0,0.5498,1.3927
ring,1,correlation,DR-M1,features,0,0.029718,0.0192
ring,1,correlation,DR-M2,features,0,0.103888,0.0099
ring,1,correlation,DR-M3,features,0,0.053792,0.0261
ring,1,correlation,DR-M4,features,0,0.053154,0.2182
ring,1,correlation,DR-M5,features,0,0.018535,0.0148
ring,1,correlation,DR-M6,features,0,0.197844,0.1011
ring,1,correlation,DR-M7,features,0,0.039779,0.018
ring,1,correlation,DR-M8,errors,1,0.034,0.0001
ring,1,correlation,DR-M10,joint,0,0.003391,0.1793
ring,1,correlation,DR-M12,features,0,0.061749,0.0219
ring,1,correlation,DR-M13,features,0,0.047761,0.0179
ring,1,correlation,DR-M14,joint,0,0.03537,0.1609
ring,1,correlation,DR-C1,errors,0,,0.0009
ring,1,correlation,DR-C2,errors,1,183.0,0.0003
ring,1,correlation,DR-C3,errors,0,,0.0007
ring,1,correlation,DR-C4,errors,0,,0.0004
ring,1,correlation,DR-C5,errors,0,,0.609
ring,1,correlation,DR-C6,errors,0,,0.0247
ring,1,correlation,DR-C7,errors,0,,0.0103
ring,1,correlation,DR-C9,errors,0,,0.0005
ring,1,correlation,DR-MV1,joint,0,19.172062,0.001
ring,1,correlation,DR-MV2,joint,0,0.052,0.0029
ring,1,correlation,DR-CV1,joint,0,0.51488,1.4242
ring,1,selection,DR-M1,features,1,0.00037,0.0224
ring,1,selection,DR-M2,features,0,0.211083,0.0066
ring,1,selection,DR-M3,features,1,0.000128,0.0276
ring,1,selection,DR-M4,features,1,0.107869,0.1221
ring,1,selection,DR-M5,features,0,0.03686,0.0072
ring,1,selection,DR-M6,features,1,0.379641,0.0558
ring,1,selection,DR-M7,features,1,1e-06,0.0132
ring,1,selection,DR-M8,errors,1,0.018,0.0001
ring,1,selection,DR-M10,joint,1,0.004785,0.1282
ring,1,selection,DR-M12,features,1,1.1e-05,0.0176
ring,1,selection,DR-M13,features,1,0.0,0.0106
ring,1,selection,DR-M14,joint,1,0.052144,0.1325
ring,1,selection,DR-C1,errors,0,,0.0008
ring,1,selection,DR-C2,errors,0,,0.0003
ring,1,selection,DR-C3,errors,0,,0.0006
ring,1,selection,DR-C4,errors,0,,0.0003
ring,1,selection,DR-C5,errors,0,,0.5182
ring,1,selection,DR-C6,errors,0,,0.0262
ring,1,selection,DR-C7,errors,0,,0.0078
ring,1,selection,DR-C9,errors,0,,0.0005
ring,1,selection,DR-MV1,joint,1,44.843561,0.0036
ring,1,selection,DR-MV2,joint,0,0.048,0.0042
ring,1,selection,DR-CV1,joint,0,0.53368,1.6081
ring,1,label_shift,DR-M1,features,0,0.013558,0.0215
ring,1,label_shift,DR-M2,features,0,0.153257,0.0113
ring,1,label_shift,DR-M3,features,0,0.00271,0.0257
ring,1,label_shift,DR-M4,features,0,0.075679,0.1566
ring,1,label_shift,DR-M5,features,0,0.027166,0.0067
ring,1,label_shift,DR-M6,features,0,0.196545,0.0734
ring,1,label_shift,DR-M7,features,0,0.022421,0.0256
ring,1,label_shift,DR-M8,errors,0,0.002,0.0001
ring,1,label_shift,DR-M10,joint,1,0.00528,0.1578
ring,1,label_shift,DR-M12,features,0,0.025458,0.0178
ring,1,label_shift,DR-M13,features,0,0.012541,0.014
ring,1,label_shift,DR-M14,joint,1,0.05068,0.1394
ring,1,label_shift,DR-C1,errors,0,,0.0007
ring,1,label_shift,DR-C2,errors,0,,0.0003
ring,1,label_shift,DR-C3,errors,0,,0.0006
ring,1,label_shift,DR-C4,errors,0,,0.0003
ring,1,label_shift,DR-C5,errors,0,,0.632
ring,1,label_shift,DR-C6,errors,0,,0.0326
ring,1,label_shift,DR-C7,errors,0,,0.0289
ring,1,label_shift,DR-C9,errors,0,,0.0008
ring,1,label_shift,DR-MV1,joint,1,33.652745,0.0011
ring,1,label_shift,DR-MV2,joint,0,0.052,0.0071
ring,1,label_shift,DR-CV1,joint,0,0.50184,1.73
ring,1,concept,DR-M1,features,1,0.002303,0.0227
ring,1,concept,DR-M2,features,0,0.125944,0.01
ring,1,concept,DR-M3,features,0,0.015826,0.0262
ring,1,concept,DR-M4,features,0,0.064039,0.1701
ring,1,concept,DR-M5,features,0,0.022457,0.0113
ring,1,concept,DR-M6,features,0,0.219612,0.0841
ring,1,concept,DR-M7,features,0,0.004463,0.0207
ring,1,concept,DR-M8,errors,1,0.142,0.0001
ring,1,concept,DR-M10,joint,1,0.005542,0.1675
ring,1,concept,DR-M12,features,1,0.002003,0.0218
ring,1,concept,DR-M13,features,1,0.00184,0.0133
ring,1,concept,DR-M14,joint,1,0.047971,0.1543
ring,1,concept,DR-C1,errors,1,82.0,0.0006
ring,1,concept,DR-C2,errors,1,78.0,0.0003
ring,1,concept,DR-C3,errors,0,,0.0006
ring,1,concept,DR-C4,errors,1,235.0,0.0003
ring,1,concept,DR-C5,errors,0,,0.5441
ring,1,concept,DR-C6,errors,1,239.0,0.0238
ring,1,concept,DR-C7,errors,0,,0.0118
ring,1,concept,DR-C9,errors,0,,0.0005
ring,1,concept,DR-MV1,joint,0,28.090448,0.0009
ring,1,concept,DR-MV2,joint,0,0.04,0.0032
ring,1,concept,DR-CV1,joint,0,0.545,1.6157
ring,2,none,DR-M1,features,0,0.053038,0.0238
ring,2,none,DR-M2,features,0,0.101048,0.01
ring,2,none,DR-M3,features,0,0.048579,0.0264
ring,2,none,DR-M4,features,0,0.049416,0.1802
ring,2,none,DR-M5,features,0,0.018072,0.0106
ring,2,none,DR-M6,features,0,0.220937,0.0881
ring,2,none,DR-M7,features,0,0.004768,0.0179
ring,2,none,DR-M8,errors,0,0.0,0.0001
ring,2,none,DR-M10,joint,0,0.004004,0.1784
ring,2,none,DR-M12,features,0,0.054373,0.0226
ring,2,none,DR-M13,features,0,0.034143,0.0166
ring,2,none,DR-M14,joint,0,0.040878,0.1615
ring,2,none,DR-C1,errors,0,,0.0008
ring,2,none,DR-C2,errors,0,,0.0003
ring,2,none,DR-C3,errors,0,,0.0006
ring,2,none,DR-C4,errors,0,,0.0003
ring,2,none,DR-C5,errors,0,,0.5873
ring,2,none,DR-C6,errors,0,,0.0265
ring,2,none,DR-C7,errors,0,,0.011
ring,2,none,DR-C9,errors,0,,0.0005
ring,2,none,DR-MV1,joint,0,22.90133,0.001
ring,2,none,DR-MV2,joint,0,0.028,0.0027
ring,2,none,DR-CV1,joint,0,0.5234,1.5801
ring,2,shift,DR-M1,features,1,0.0,0.024
ring,2,shift,DR-M2,features,1,0.279485,0.006
ring,2,shift,DR-M3,features,1,6e-06,0.03
ring,2,shift,DR-M4,features,1,0.153102,0.165
ring,2,shift,DR-M5,features,0,0.048385,0.0103
ring,2,shift,DR-M6,features,1,0.32085,0.0783
ring,2,shift,DR-M7,features,1,0.000179,0.0211
ring,2,shift,DR-M8,errors,0,-0.012,0.0001
ring,2,shift,DR-M10,joint,0,0.004551,0.1614
ring,2,shift,DR-M12,features,1,1e-06,0.0233
ring,2,shift,DR-M13,features,1,0.0,0.0125
ring,2,shift,DR-M14,joint,0,0.045912,0.1822
ring,2,shift,DR-C1,errors,0,,0.0009
ring,2,shift,DR-C2,errors,0,,0.0003
ring,2,shift,DR-C3,errors,0,,0.0006
ring,2,shift,DR-C4,errors,0,,0.0003
ring,2,shift,DR-C5,errors,0,,0.6125
ring,2,shift,DR-C6,errors,0,,0.0285
ring,2,shift,DR-C7,errors,0,,0.011
ring,2,shift,DR-C9,errors,0,,0.0005
ring,2,shift,DR-MV1,joint,1,31.675481,0.001
ring,2,shift,DR-MV2,joint,0,0.032,0.007
ring,2,shift,DR-CV1,joint,0,0.53172,1.6152
ring,2,scale,DR-M1,features,0,0.06089,0.0193
ring,2,scale,DR-M2,features,0,0.116012,0.0099
ring,2,scale,DR-M3,features,0,0.019276,0.0261
ring,2,scale,DR-M4,features,0,0.055616,0.1659
ring,2,scale,DR-M5,features,0,0.020681,0.0106
ring,2,scale,DR-M6,features,1,0.310278,0.0804
ring,2,scale,DR-M7,features,0,0.037557,0.0208
ring,2,scale,DR-M8,errors,1,0.012,0.0001
ring,2,scale,DR-M10,joint,0,0.003344,0.1611
ring,2,scale,DR-M12,features,0,0.073119,0.0211
ring,2,scale,DR-M13,features,0,0.017522,0.0169
ring,2,scale,DR-M14,joint,0,0.033889,0.1491
ring,2,scale,DR-C1,errors,1,180.0,0.0007
ring,2,scale,DR-C2,errors,0,,0.0003
ring,2,scale,DR-C3,errors,0,,0.0006
ring,2,scale,DR-C4,errors,0,,0.0003
ring,2,scale,DR-C5,errors,0,,0.5504
ring,2,scale,DR-C6,errors,0,,0.0247
ring,2,scale,DR-C7,errors,0,,0.0137
ring,2,scale,DR-C9,errors,0,,0.0005
ring,2,scale,DR-MV1,joint,0,16.451458,0.0009
ring,2,scale,DR-MV2,joint,0,0.016,0.0026
ring,2,scale,DR-CV1,joint,0,0.53868,1.6279
ring,2,correlation,DR-M1,features,0,0.015948,0.0227
ring,2,correlation,DR-M2,features,0,0.114831,0.0099
ring,2,correlation,DR-M3,features,0,0.038955,0.0329
ring,2,correlation,DR-M4,features,0,0.060716,0.1678
ring,2,correlation,DR-M5,features,0,0.020326,0.0106
ring,2,correlation,DR-M6,features,0,0.20879,0.0848
ring,2,correlation,DR-M7,features,0,0.007831,0.0236
ring,2,correlation,DR-M8,errors,1,0.008,0.0001
ring,2,correlation,DR-M10,joint,0,0.003475,0.168
ring,2,correlation,DR-M12,features,0,0.012356,0.0263
ring,2,correlation,DR-M13,features,0,0.019027,0.0132
ring,2,correlation,DR-M14,joint,0,0.037581,0.1544
ring,2,correlation,DR-C1,errors,0,,0.0008
ring,2,correlation,DR-C2,errors,0,,0.0003
ring,2,correlation,DR-C3,errors,0,,0.0006
ring,2,correlation,DR-C4,errors,0,,0.0003
ring,2,correlation,DR-C5,errors,0,,0.5924
ring,2,correlation,DR-C6,errors,0,,0.0476
ring,2,correlation,DR-C7,errors,0,,0.011
ring,2,correlation,DR-C9,errors,0,,0.0005
ring,2,correlation,DR-MV1,joint,0,20.781771,0.0009
ring,2,correlation,DR-MV2,joint,0,0.028,0.0028
ring,2,correlation,DR-CV1,joint,0,0.51956,1.545
ring,2,selection,DR-M1,features,1,1e-06,0.0234
ring,2,selection,DR-M2,features,1,0.25288,0.0101
ring,2,selection,DR-M3,features,1,9e-06,0.0269
ring,2,selection,DR-M4,features,1,0.130147,0.1666
ring,2,selection,DR-M5,features,0,0.044358,0.0107
ring,2,selection,DR-M6,features,1,0.486464,0.0859
ring,2,selection,DR-M7,features,1,0.0,0.0227
ring,2,selection,DR-M8,errors,0,0.004,0.0001
ring,2,selection,DR-M10,joint,1,0.007531,0.225
ring,2,selection,DR-M12,features,1,0.0,0.014
ring,2,selection,DR-M13,features,1,0.0,0.0285
ring,2,selection,DR-M14,joint,1,0.073194,0.1667
ring,2,selection,DR-C1,errors,0,,0.0008
ring,2,selection,DR-C2,errors,0,,0.0003
ring,2,selection,DR-C3,errors,0,,0.0006
ring,2,selection,DR-C4,errors,0,,0.0003
ring,2,selection,DR-C5,errors,0,,0.6095
ring,2,selection,DR-C6,errors,0,,0.0254
ring,2,selection,DR-C7,errors,0,,0.011
ring,2,selection,DR-C9,errors,0,,0.0005
ring,2,selection,DR-MV1,joint,1,58.57804,0.005
ring,2,selection,DR-MV2,joint,0,0.024,0.0027
ring,2,selection,DR-CV1,joint,0,0.57408,1.5975
ring,2,label_shift,DR-M1,features,0,0.015948,0.0235
ring,2,label_shift,DR-M2,features,0,0.174315,0.0058
ring,2,label_shift,DR-M3,features,1,0.000835,0.0305
ring,2,label_shift,DR-M4,features,0,0.087719,0.1581
ring,2,label_shift,DR-M5,features,0,0.030982,0.0107
ring,2,label_shift,DR-M6,features,0,0.246962,0.1119
ring,2,label_shift,DR-M7,features,1,0.001409,0.0173
ring,2,label_shift,DR-M8,errors,0,-0.012,0.0001
ring,2,label_shift,DR-M10,joint,1,0.008937,0.1715
ring,2,label_shift,DR-M12,features,0,0.005168,0.0245
ring,2,label_shift,DR-M13,features,1,0.002366,0.0182
ring,2,label_shift,DR-M14,joint,1,0.068747,0.1603
ring,2,label_shift,DR-C1,errors,0,,0.0007
ring,2,label_shift,DR-C2,errors,0,,0.0004
ring,2,label_shift,DR-C3,errors,0,,0.0006
ring,2,label_shift,DR-C4,errors,0,,0.0004
ring,2,label_shift,DR-C5,errors,0,,0.5866
ring,2,label_shift,DR-C6,errors,0,,0.0348
ring,2,label_shift,DR-C7,errors,0,,0.0112
ring,2,label_shift,DR-C9,errors,0,,0.0005
ring,2,label_shift,DR-MV1,joint,1,34.292461,0.001
ring,2,label_shift,DR-MV2,joint,0,0.02,0.0068
ring,2,label_shift,DR-CV1,joint,0,0.53372,1.5449
ring,2,concept,DR-M1,features,0,0.006893,0.024
ring,2,concept,DR-M2,features,0,0.145954,0.0116
ring,2,concept,DR-M3,features,0,0.009124,0.0265
ring,2,concept,DR-M4,features,0,0.079083,0.167
ring,2,concept,DR-M5,features,0,0.025546,0.0183
ring,2,concept,DR-M6,features,0,0.175362,0.0993
ring,2,concept,DR-M7,features,0,0.045576,0.0222
ring,2,concept,DR-M8,errors,1,0.144,0.0001
ring,2,concept,DR-M10,joint,0,0.003839,0.1652
ring,2,concept,DR-M12,features,0,0.020165,0.0226
ring,2,concept,DR-M13,features,0,0.015211,0.014
ring,2,concept,DR-M14,joint,0,0.039462,0.1568
ring,2,concept,DR-C1,errors,1,7.0,0.0006
ring,2,concept,DR-C2,errors,1,52.0,0.0002
ring,2,concept,DR-C3,errors,0,,0.0006
ring,2,concept,DR-C4,errors,1,171.0,0.0003
ring,2,concept,DR-C5,errors,0,,0.6247
ring,2,concept,DR-C6,errors,1,195.0,0.0249
ring,2,concept,DR-C7,errors,0,,0.0116
ring,2,concept,DR-C9,errors,0,,0.0016
ring,2,concept,DR-MV1,joint,0,23.983389,0.0009
ring,2,concept,DR-MV2,joint,0,0.036,0.0068
ring,2,concept,DR-CV1,joint,0,0.51392,1.6913
ring,3,none,DR-M1,features,1,0.001901,0.0328
ring,3,none,DR-M2,features,0,0.118214,0.01
ring,3,none,DR-M3,features,0,0.017764,0.0283
ring,3,none,DR-M4,features,0,0.05707,0.1945
ring,3,none,DR-M5,features,0,0.021064,0.0114
ring,3,none,DR-M6,features,0,0.223484,0.0843
ring,3,none,DR-M7,features,0,0.005476,0.0223
ring,3,none,DR-M8,errors,0,-0.008,0.0001
ring,3,none,DR-M10,joint,0,0.00383,0.1709
ring,3,none,DR-M12,features,1,0.001215,0.0204
ring,3,none,DR-M13,features,1,0.001786,0.0126
ring,3,none,DR-M14,joint,0,0.037673,0.161
ring,3,none,DR-C1,errors,0,,0.0008
ring,3,none,DR-C2,errors,1,102.0,0.0003
ring,3,none,DR-C3,errors,0,,0.0006
ring,3,none,DR-C4,errors,0,,0.0004
ring,3,none,DR-C5,errors,0,,0.5204
ring,3,none,DR-C6,errors,0,,0.0152
ring,3,none,DR-C7,errors,0,,0.0065
ring,3,none,DR-C9,errors,0,,0.0005
ring,3,none,DR-MV1,joint,0,22.069683,0.0009
ring,3,none,DR-MV2,joint,1,0.076,0.0032
ring,3,none,DR-CV1,joint,0,0.49712,1.1099
ring,3,shift,DR-M1,features,1,1.4e-05,0.0154
ring,3,shift,DR-M2,features,1,0.263783,0.0062
ring,3,shift,DR-M3,features,1,8e-06,0.0189
ring,3,shift,DR-M4,features,1,0.139903,0.1321
ring,3,shift,DR-M5,features,0,0.046025,0.0066
ring,3,shift,DR-M6,features,1,0.343848,0.0561
ring,3,shift,DR-M7,features,1,4.9e-05,0.0146
ring,3,shift,DR-M8,errors,0,-0.008,0.0001
ring,3,shift,DR-M10,joint,1,0.005026,0.1265
ring,3,shift,DR-M12,features,1,1.7e-05,0.0178
ring,3,shift,DR-M13,features,1,0.0,0.01
ring,3,shift,DR-M14,joint,1,0.047705,0.1046
ring,3,shift,DR-C1,errors,0,,0.0007
ring,3,shift,DR-C2,errors,1,139.0,0.0003
ring,3,shift,DR-C3,errors,0,,0.0006
ring,3,shift,DR-C4,errors,0,,0.0004
ring,3,shift,DR-C5,errors,0,,0.4362
ring,3,shift,DR-C6,errors,0,,0.0153
ring,3,shift,DR-C7,errors,0,,0.007
ring,3,shift,DR-C9,errors,0,,0.0005
ring,3,shift,DR-MV1,joint,1,33.12974,0.0009
ring,3,shift,DR-MV2,joint,0,0.052,0.0027
ring,3,shift,DR-CV1,joint,0,0.51748,1.1696
ring,3,scale,DR-M1,features,1,0.001283,0.015
ring,3,scale,DR-M2,features,1,0.282056,0.006
ring,3,scale,DR-M3,features,1,1e-06,0.0194
ring,3,scale,DR-M4,features,1,0.140858,0.1106
ring,3,scale,DR-M5,features,0,0.049942,0.0072
ring,3,scale,DR-M6,features,1,0.43594,0.0565
ring,3,scale,DR-M7,features,0,0.089748,0.0145
ring,3,scale,DR-M8,errors,0,0.008,0.0001
ring,3,scale,DR-M10,joint,0,0.004778,0.1105
ring,3,scale,DR-M12,features,1,0.002047,0.0223
ring,3,scale,DR-M13,features,1,0.0,0.0112
ring,3,scale,DR-M14,joint,0,0.039329,0.1011
ring,3,scale,DR-C1,errors,0,,0.0008
ring,3,scale,DR-C2,errors,1,147.0,0.0003
ring,3,scale,DR-C3,errors,0,,0.0007
ring,3,scale,DR-C4,errors,0,,0.0003
ring,3,scale,DR-C5,errors,0,,0.3908
ring,3,scale,DR-C6,errors,0,,0.0142
ring,3,scale,DR-C7,errors,0,,0.0066
ring,3,scale,DR-C9,errors,0,,0.0005
ring,3,scale,DR-MV1,joint,0,15.98009,0.0009
ring,3,scale,DR-MV2,joint,0,0.044,0.003
ring,3,scale,DR-CV1,joint,0,0.57904,1.7017
ring,3,correlation,DR-M1,features,0,0.021888,0.024
ring,3,correlation,DR-M2,features,0,0.12583,0.0102
ring,3,correlation,DR-M3,features,0,0.019069,0.0277
ring,3,correlation,DR-M4,features,0,0.065558,0.1727
ring,3,correlation,DR-M5,features,0,0.022427,0.0116
ring,3,correlation,DR-M6,features,0,0.219297,0.0852
ring,3,correlation,DR-M7,features,0,0.04088,0.0222
ring,3,correlation,DR-M8,errors,1,0.012,0.0001
ring,3,correlation,DR-M10,joint,1,0.00516,0.1746
ring,3,correlation,DR-M12,features,0,0.017414,0.0225
ring,3,correlation,DR-M13,features,0,0.0179,0.0466
ring,3,correlation,DR-M14,joint,0,0.045572,0.1724
ring,3,correlation,DR-C1,errors,0,,0.0008
ring,3,correlation,DR-C2,errors,1,91.0,0.0003
ring,3,correlation,DR-C3,errors,0,,0.0006
ring,3,correlation,DR-C4,errors,0,,0.0006
ring,3,correlation,DR-C5,errors,0,,0.61
ring,3,correlation,DR-C6,errors,0,,0.0218
ring,3,correlation,DR-C7,errors,0,,0.0109
ring,3,correlation,DR-C9,errors,0,,0.0005
ring,3,correlation,DR-MV1,joint,0,25.037487,0.0009
ring,3,correlation,DR-MV2,joint,0,0.056,0.0079
ring,3,correlation,DR-CV1,joint,0,0.5016,1.806
ring,3,selection,DR-M1,features,1,1e-06,0.0273
ring,3,selection,DR-M2,features,1,0.327749,0.011
ring,3,selection,DR-M3,features,1,0.0,0.0463
ring,3,selection,DR-M4,features,1,0.170974,0.2078
ring,3,selection,DR-M5,features,0,0.056019,0.0111
ring,3,selection,DR-M6,features,1,0.534955,0.0868
ring,3,selection,DR-M7,features,1,0.0,0.0233
ring,3,selection,DR-M8,errors,0,-0.032,0.0001
ring,3,selection,DR-M10,joint,1,0.006665,0.1847
ring,3,selection,DR-M12,features,1,0.0,0.0224
ring,3,selection,DR-M13,features,1,0.0,0.0251
ring,3,selection,DR-M14,joint,1,0.075607,0.1819
ring,3,selection,DR-C1,errors,0,,0.0008
ring,3,selection,DR-C2,errors,0,,0.0003
ring,3,selection,DR-C3,errors,0,,0.0007
ring,3,selection,DR-C4,errors,0,,0.0003
ring,3,selection,DR-C5,errors,0,,0.6219
ring,3,selection,DR-C6,errors,0,,0.0254
ring,3,selection,DR-C7,errors,0,,0.0122
ring,3,selection,DR-C9,errors,0,,0.0005
ring,3,selection,DR-MV1,joint,1,80.898672,0.0011
ring,3,selection,DR-MV2,joint,0,0.04,0.008
ring,3,selection,DR-CV1,joint,1,0.60868,1.8468
ring,3,label_shift,DR-M1,features,0,0.002784,0.0242
ring,3,label_shift,DR-M2,features,0,0.226405,0.0108
ring,3,label_shift,DR-M3,features,1,0.000655,0.0236
ring,3,label_shift,DR-M4,features,1,0.133234,0.1619
ring,3,label_shift,DR-M5,features,0,0.03737,0.0108
ring,3,label_shift,DR-M6,features,0,0.25432,0.0863
ring,3,label_shift,DR-M7,features,0,0.00453,0.0141
ring,3,label_shift,DR-M8,errors,0,-0.008,0.0001
ring,3,label_shift,DR-M10,joint,1,0.012642,0.1621
ring,3,label_shift,DR-M12,features,1,0.001447,0.0211
ring,3,label_shift,DR-M13,features,1,0.001414,0.0128
ring,3,label_shift,DR-M14,joint,1,0.089007,0.1695
ring,3,label_shift,DR-C1,errors,0,,0.0008
ring,3,label_shift,DR-C2,errors,1,106.0,0.0003
ring,3,label_shift,DR-C3,errors,0,,0.0006
ring,3,label_shift,DR-C4,errors,0,,0.0004
ring,3,label_shift,DR-C5,errors,0,,0.5313
ring,3,label_shift,DR-C6,errors,0,,0.0272
ring,3,label_shift,DR-C7,errors,0,,0.0106
ring,3,label_shift,DR-C9,errors,0,,0.0005
ring,3,label_shift,DR-MV1,joint,1,36.214069,0.0009
ring,3,label_shift,DR-MV2,joint,0,0.052,0.007
ring,3,label_shift,DR-CV1,joint,0,0.5432,1.7398
ring,3,concept,DR-M1,features,0,0.013558,0.0266
ring,3,concept,DR-M2,features,0,0.086969,0.0105
ring,3,concept,DR-M3,features,0,0.11029,0.0277
ring,3,concept,DR-M4,features,0,0.043457,0.1812
ring,3,concept,DR-M5,features,0,0.015557,0.016
ring,3,concept,DR-M6,features,0,0.191999,0.0989
ring,3,concept,DR-M7,features,0,0.015707,0.0232
ring,3,concept,DR-M8,errors,1,0.144,0.0001
ring,3,concept,DR-M10,joint,0,0.003705,0.1835
ring,3,concept,DR-M12,features,0,0.020994,0.0308
ring,3,concept,DR-M13,features,0,0.031593,0.013
ring,3,concept,DR-M14,joint,0,0.037109,0.1633
ring,3,concept,DR-C1,errors,1,66.0,0.0007
ring,3,concept,DR-C2,errors,1,20.0,0.0002
ring,3,concept,DR-C3,errors,0,,0.0006
ring,3,concept,DR-C4,errors,0,,0.0048
ring,3,concept,DR-C5,errors,0,,0.5746
ring,3,concept,DR-C6,errors,0,,0.0247
ring,3,concept,DR-C7,errors,0,,0.0112
ring,3,concept,DR-C9,errors,0,,0.0005
ring,3,concept,DR-MV1,joint,0,23.108525,0.0009
ring,3,concept,DR-MV2,joint,0,0.04,0.0028
ring,3,concept,DR-CV1,joint,0,0.53196,1.64
ring,4,none,DR-M1,features,0,0.004835,0.0237
ring,4,none,DR-M2,features,0,0.142149,0.0101
ring,4,none,DR-M3,features,0,0.013986,0.0267
ring,4,none,DR-M4,features,0,0.078197,0.1682
ring,4,none,DR-M5,features,0,0.024893,0.0108
ring,4,none,DR-M6,features,0,0.208809,0.0831
ring,4,none,DR-M7,features,0,0.011747,0.0216
ring,4,none,DR-M8,errors,0,-0.01,0.0001
ring,4,none,DR-M10,joint,0,0.004324,0.1569
ring,4,none,DR-M12,features,1,0.001533,0.0261
ring,4,none,DR-M13,features,0,0.002545,0.0131
ring,4,none,DR-M14,joint,0,0.04561,0.1619
ring,4,none,DR-C1,errors,0,,0.0008
ring,4,none,DR-C2,errors,0,,0.0003
ring,4,none,DR-C3,errors,0,,0.0006
ring,4,none,DR-C4,errors,0,,0.0003
ring,4,none,DR-C5,errors,0,,0.6145
ring,4,none,DR-C6,errors,0,,0.0205
ring,4,none,DR-C7,errors,0,,0.0117
ring,4,none,DR-C9,errors,0,,0.0005
ring,4,none,DR-MV1,joint,1,33.295674,0.0011
ring,4,none,DR-MV2,joint,0,0.064,0.0028
ring,4,none,DR-CV1,joint,0,0.50588,1.8401
ring,4,shift,DR-M1,features,1,0.0,0.0234
ring,4,shift,DR-M2,features,1,0.271459,0.0105
ring,4,shift,DR-M3,features,1,2e-06,0.0271
ring,4,shift,DR-M4,features,1,0.140141,0.1732
ring,4,shift,DR-M5,features,0,0.047981,0.0064
ring,4,shift,DR-M6,features,1,0.399559,0.0846
ring,4,shift,DR-M7,features,1,0.0,0.0213
ring,4,shift,DR-M8,errors,0,-0.002,0.0001
ring,4,shift,DR-M10,joint,1,0.005449,0.1698
ring,4,shift,DR-M12,features,1,1e-06,0.0185
ring,4,shift,DR-M13,features,1,0.0,0.0179
ring,4,shift,DR-M14,joint,1,0.056769,0.1559
ring,4,shift,DR-C1,errors,0,,0.0009
ring,4,shift,DR-C2,errors,0,,0.0003
ring,4,shift,DR-C3,errors,0,,0.0008
ring,4,shift,DR-C4,errors,0,,0.0003
ring,4,shift,DR-C5,errors,0,,0.6299
ring,4,shift,DR-C6,errors,0,,0.0202
ring,4,shift,DR-C7,errors,0,,0.0173
ring,4,shift,DR-C9,errors,0,,0.0006
ring,4,shift,DR-MV1,joint,1,37.764836,0.005
ring,4,shift,DR-MV2,joint,0,0.044,0.0028
ring,4,shift,DR-CV1,joint,0,0.53796,1.6616
ring,4,scale,DR-M1,features,0,0.009719,0.0241
ring,4,scale,DR-M2,features,0,0.158903,0.006
ring,4,scale,DR-M3,features,1,0.001914,0.031
ring,4,scale,DR-M4,features,0,0.079018,0.1633
ring,4,scale,DR-M5,features,0,0.028304,0.0107
ring,4,scale,DR-M6,features,0,0.232104,0.0796
ring,4,scale,DR-M7,features,0,0.005172,0.0205
ring,4,scale,DR-M8,errors,0,0.002,0.0001
ring,4,scale,DR-M10,joint,0,0.003801,0.1583
ring,4,scale,DR-M12,features,0,0.012531,0.026
ring,4,scale,DR-M13,features,0,0.008435,0.0126
ring,4,scale,DR-M14,joint,0,0.040678,0.1472
ring,4,scale,DR-C1,errors,0,,0.0008
ring,4,scale,DR-C2,errors,0,,0.0003
ring,4,scale,DR-C3,errors,0,,0.0006
ring,4,scale,DR-C4,errors,0,,0.0044
ring,4,scale,DR-C5,errors,0,,0.5664
ring,4,scale,DR-C6,errors,0,,0.0209
ring,4,scale,DR-C7,errors,0,,0.0108
ring,4,scale,DR-C9,errors,0,,0.0005
ring,4,scale,DR-MV1,joint,0,26.203989,0.0009
ring,4,scale,DR-MV2,joint,0,0.072,0.0028
ring,4,scale,DR-CV1,joint,0,0.55764,1.6389
ring,4,correlation,DR-M1,features,0,0.013558,0.0236
ring,4,correlation,DR-M2,features,0,0.115747,0.0099
ring,4,correlation,DR-M3,features,0,0.031236,0.0268
ring,4,correlation,DR-M4,features,0,0.060706,0.169
ring,4,correlation,DR-M5,features,0,0.020566,0.0118
ring,4,correlation,DR-M6,features,0,0.182872,0.1018
ring,4,correlation,DR-M7,features,0,0.01568,0.0197
ring,4,correlation,DR-M8,errors,1,0.046,0.0001
ring,4,correlation,DR-M10,joint,0,0.004397,0.1799
ring,4,correlation,DR-M12,features,0,0.02635,0.0226
ring,4,correlation,DR-M13,features,0,0.024766,0.0138
ring,4,correlation,DR-M14,joint,0,0.045918,0.1626
ring,4,correlation,DR-C1,errors,1,142.0,0.0007
ring,4,correlation,DR-C2,errors,1,89.0,0.0003
ring,4,correlation,DR-C3,errors,0,,0.0006
ring,4,correlation,DR-C4,errors,0,,0.0003
ring,4,correlation,DR-C5,errors,0,,0.6677
ring,4,correlation,DR-C6,errors,0,,0.0162
ring,4,correlation,DR-C7,errors,0,,0.0118
ring,4,correlation,DR-C9,errors,0,,0.0005
ring,4,correlation,DR-MV1,joint,0,28.02763,0.0053
ring,4,correlation,DR-MV2,joint,0,0.044,0.0026
ring,4,correlation,DR-CV1,joint,0,0.55948,1.6677
ring,4,selection,DR-M1,features,1,0.0,0.039
ring,4,selection,DR-M2,features,1,0.289913,0.019
ring,4,selection,DR-M3,features,1,2e-06,0.0409
ring,4,selection,DR-M4,features,1,0.154436,0.194
ring,4,selection,DR-M5,features,0,0.050274,0.0112
ring,4,selection,DR-M6,features,1,0.519977,0.0925
ring,4,selection,DR-M7,features,1,0.0,0.0169
ring,4,selection,DR-M8,errors,0,0.002,0.0001
ring,4,selection,DR-M10,joint,1,0.006914,0.1755
ring,4,selection,DR-M12,features,1,0.0,0.0224
ring,4,selection,DR-M13,features,1,0.0,0.0126
ring,4,selection,DR-M14,joint,1,0.076652,0.1551
ring,4,selection,DR-C1,errors,0,,0.0008
ring,4,selection,DR-C2,errors,0,,0.0003
ring,4,selection,DR-C3,errors,0,,0.0006
ring,4,selection,DR-C4,errors,0,,0.0003
ring,4,selection,DR-C5,errors,0,,0.6767
ring,4,selection,DR-C6,errors,0,,0.0235
ring,4,selection,DR-C7,errors,0,,0.011
ring,4,selection,DR-C9,errors,0,,0.0005
ring,4,selection,DR-MV1,joint,1,68.277126,0.0009
ring,4,selection,DR-MV2,joint,1,0.076,0.0069
ring,4,selection,DR-CV1,joint,0,0.5738,1.7144
ring,4,label_shift,DR-M1,features,1,0.00105,0.0237
ring,4,label_shift,DR-M2,features,0,0.182781,0.0102
ring,4,label_shift,DR-M3,features,1,0.002493,0.0306
ring,4,label_shift,DR-M4,features,1,0.102994,0.1678
ring,4,label_shift,DR-M5,features,0,0.031377,0.0109
ring,4,label_shift,DR-M6,features,0,0.221327,0.0872
ring,4,label_shift,DR-M7,features,0,0.007809,0.0217
ring,4,label_shift,DR-M8,errors,0,0.01,0.0001
ring,4,label_shift,DR-M10,joint,1,0.007722,0.1633
ring,4,label_shift,DR-M12,features,0,0.002513,0.0309
ring,4,label_shift,DR-M13,features,1,0.00227,0.018
ring,4,label_shift,DR-M14,joint,1,0.060654,0.1569
ring,4,label_shift,DR-C1,errors,0,,0.0008
ring,4,label_shift,DR-C2,errors,0,,0.0003
ring,4,label_shift,DR-C3,errors,0,,0.0006
ring,4,label_shift,DR-C4,errors,0,,0.0003
ring,4,label_shift,DR-C5,errors,0,,0.5951
ring,4,label_shift,DR-C6,errors,0,,0.0204
ring,4,label_shift,DR-C7,errors,0,,0.0105
ring,4,label_shift,DR-C9,errors,0,,0.0005
ring,4,label_shift,DR-MV1,joint,0,28.793707,0.0008
ring,4,label_shift,DR-MV2,joint,0,0.044,0.0027
ring,4,label_shift,DR-CV1,joint,0,0.52696,1.6326
ring,4,concept,DR-M1,features,0,0.06089,0.0232
ring,4,concept,DR-M2,features,0,0.117577,0.01
ring,4,concept,DR-M3,features,0,0.02158,0.0263
ring,4,concept,DR-M4,features,0,0.058511,0.2282
ring,4,concept,DR-M5,features,0,0.021015,0.0107
ring,4,concept,DR-M6,features,0,0.197326,0.0881
ring,4,concept,DR-M7,features,0,0.009882,0.0222
ring,4,concept,DR-M8,errors,1,0.13,0.0001
ring,4,concept,DR-M10,joint,0,0.003758,0.1757
ring,4,concept,DR-M12,features,0,0.028888,0.0259
ring,4,concept,DR-M13,features,0,0.032081,0.013
ring,4,concept,DR-M14,joint,0,0.039226,0.1661
ring,4,concept,DR-C1,errors,1,115.0,0.0006
ring,4,concept,DR-C2,errors,1,67.0,0.0003
ring,4,concept,DR-C3,errors,0,,0.0006
ring,4,concept,DR-C4,errors,1,235.0,0.0003
ring,4,concept,DR-C5,errors,0,,0.5761
ring,4,concept,DR-C6,errors,0,,0.0195
ring,4,concept,DR-C7,errors,0,,0.0064
ring,4,concept,DR-C9,errors,0,,0.0004
ring,4,concept,DR-MV1,joint,0,26.16627,0.0051
ring,4,concept,DR-MV2,joint,0,0.052,0.0027
ring,4,concept,DR-CV1,joint,0,0.49836,1.6854
satimage,0,none,DR-M1,features,0,0.034488,0.0503
satimage,0,none,DR-M2,features,0,0.160389,0.0164
satimage,0,none,DR-M3,features,0,0.001904,0.0552
satimage,0,none,DR-M4,features,0,0.08283,0.3116
satimage,0,none,DR-M5,features,0,0.028424,0.021
satimage,0,none,DR-M6,features,0,0.226262,0.1417
satimage,0,none,DR-M7,features,0,0.003736,0.0384
satimage,0,none,DR-M8,errors,0,-0.006,0.0001
satimage,0,none,DR-M10,joint,0,0.005574,0.1828
satimage,0,none,DR-M12,features,0,0.014091,0.0807
satimage,0,none,DR-M13,features,0,0.008091,0.0219
satimage,0,none,DR-M14,joint,0,0.078626,0.1711
satimage,0,none,DR-C1,errors,0,,0.0008
satimage,0,none,DR-C2,errors,0,,0.006
satimage,0,none,DR-C3,errors,0,,0.0008
satimage,0,none,DR-C4,errors,0,,0.0004
satimage,0,none,DR-C5,errors,0,,0.6135
satimage,0,none,DR-C6,errors,0,,0.0137
satimage,0,none,DR-C7,errors,0,,0.0104
satimage,0,none,DR-C9,errors,0,,0.0005
satimage,0,none,DR-MV1,joint,0,36.347641,0.0012
satimage,0,none,DR-MV2,joint,0,0.052,0.0032
satimage,0,none,DR-CV1,joint,0,0.54304,1.5685
satimage,0,shift,DR-M1,features,0,0.003355,0.0294
satimage,0,shift,DR-M2,features,0,0.227969,0.0108
satimage,0,shift,DR-M3,features,1,0.000127,0.034
satimage,0,shift,DR-M4,features,0,0.125359,0.2094
satimage,0,shift,DR-M5,features,0,0.039796,0.0126
satimage,0,shift,DR-M6,features,1,0.260549,0.0922
satimage,0,shift,DR-M7,features,1,0.000689,0.0254
satimage,0,shift,DR-M8,errors,0,-0.002,0.0001
satimage,0,shift,DR-M10,joint,0,0.00287,0.1364
satimage,0,shift,DR-M12,features,1,0.000454,0.0434
satimage,0,shift,DR-M13,features,1,0.0,0.0117
satimage,0,shift,DR-M14,joint,0,0.033915,0.1135
satimage,0,shift,DR-C1,errors,0,,0.001
satimage,0,shift,DR-C2,errors,0,,0.0004
satimage,0,shift,DR-C3,errors,0,,0.0007
satimage,0,shift,DR-C4,errors,0,,0.0006
satimage,0,shift,DR-C5,errors,0,,0.3794
satimage,0,shift,DR-C6,errors,0,,0.0117
satimage,0,shift,DR-C7,errors,0,,0.006
satimage,0,shift,DR-C9,errors,0,,0.0005
satimage,0,shift,DR-MV1,joint,1,388.397239,0.0016
satimage,0,shift,DR-MV2,joint,0,0.052,0.0045
satimage,0,shift,DR-CV1,joint,1,0.82184,1.1151
satimage,0,scale,DR-M1,features,1,0.000192,0.0262
satimage,0,scale,DR-M2,features,1,0.399696,0.0111
satimage,0,scale,DR-M3,features,1,0.0,0.0347
satimage,0,scale,DR-M4,features,1,0.203203,0.2227
satimage,0,scale,DR-M5,features,0,0.069745,0.0197
satimage,0,scale,DR-M6,features,1,0.472103,0.0935
satimage,0,scale,DR-M7,features,0,0.35683,0.024
satimage,0,scale,DR-M8,errors,0,0.01,0.0001
satimage,0,scale,DR-M10,joint,0,0.004073,0.1353
satimage,0,scale,DR-M12,features,1,0.000135,0.0387
satimage,0,scale,DR-M13,features,1,0.0,0.0108
satimage,0,scale,DR-M14,joint,0,0.040959,0.1369
satimage,0,scale,DR-C1,errors,0,,0.0013
satimage,0,scale,DR-C2,errors,0,,0.0042
satimage,0,scale,DR-C3,errors,0,,0.0013
satimage,0,scale,DR-C4,errors,0,,0.0008
satimage,0,scale,DR-C5,errors,0,,0.4182
satimage,0,scale,DR-C6,errors,0,,0.0091
satimage,0,scale,DR-C7,errors,0,,0.006
satimage,0,scale,DR-C9,errors,0,,0.0006
satimage,0,scale,DR-MV1,joint,0,33.678892,0.0013
satimage,0,scale,DR-MV2,joint,0,0.036,0.0033
satimage,0,scale,DR-CV1,joint,1,0.85304,1.0708
satimage,0,correlation,DR-M1,features,0,0.20871,0.042
satimage,0,correlation,DR-M2,features,0,0.139231,0.0191
satimage,0,correlation,DR-M3,features,0,0.008281,0.054
satimage,0,correlation,DR-M4,features,0,0.071641,0.2308
satimage,0,correlation,DR-M5,features,0,0.024787,0.0167
satimage,0,correlation,DR-M6,features,0,0.143983,0.1271
satimage,0,correlation,DR-M7,features,0,0.066372,0.0351
satimage,0,correlation,DR-M8,errors,0,-0.002,0.0001
satimage,0,correlation,DR-M10,joint,1,0.007625,0.1533
satimage,0,correlation,DR-M12,features,0,0.116989,0.0471
satimage,0,correlation,DR-M13,features,0,0.08483,0.0126
satimage,0,correlation,DR-M14,joint,0,0.076517,0.1205
satimage,0,correlation,DR-C1,errors,0,,0.0008
satimage,0,correlation,DR-C2,errors,0,,0.0004
satimage,0,correlation,DR-C3,errors,0,,0.0007
satimage,0,correlation,DR-C4,errors,0,,0.0003
satimage,0,correlation,DR-C5,errors,0,,0.4421
satimage,0,correlation,DR-C6,errors,0,,0.0148
satimage,0,correlation,DR-C7,errors,0,,0.0059
satimage,0,correlation,DR-C9,errors,0,,0.0005
satimage,0,correlation,DR-MV1,joint,0,43.536836,0.0011
satimage,0,correlation,DR-MV2,joint,1,0.088,0.0033
satimage,0,correlation,DR-CV1,joint,1,0.84548,1.0246
satimage,0,selection,DR-M1,features,1,0.0,0.0341
satimage,0,selection,DR-M2,features,0,0.228766,0.0118
satimage,0,selection,DR-M3,features,1,1.7e-05,0.0437
satimage,0,selection,DR-M4,features,0,0.117901,0.2274
satimage,0,selection,DR-M5,features,0,0.040559,0.0126
satimage,0,selection,DR-M6,features,1,0.391254,0.0927
satimage,0,selection,DR-M7,features,1,0.0,0.0241
satimage,0,selection,DR-M8,errors,0,-0.046,0.0001
satimage,0,selection,DR-M10,joint,1,0.024018,0.1365
satimage,0,selection,DR-M12,features,1,0.0,0.0531
satimage,0,selection,DR-M13,features,1,0.0,0.0124
satimage,0,selection,DR-M14,joint,1,0.295837,0.1135
satimage,0,selection,DR-C1,errors,0,,0.0008
satimage,0,selection,DR-C2,errors,0,,0.0003
satimage,0,selection,DR-C3,errors,0,,0.0006
satimage,0,selection,DR-C4,errors,0,,0.0003
satimage,0,selection,DR-C5,errors,0,,0.3967
satimage,0,selection,DR-C6,errors,0,,0.0101
satimage,0,selection,DR-C7,errors,0,,0.0065
satimage,0,selection,DR-C9,errors,0,,0.0005
satimage,0,selection,DR-MV1,joint,0,48.755673,0.0011
satimage,0,selection,DR-MV2,joint,0,0.048,0.0031
satimage,0,selection,DR-CV1,joint,0,0.56894,0.9962
satimage,0,label_shift,DR-M1,features,0,0.06089,0.04
satimage,0,label_shift,DR-M2,features,0,0.122498,0.0175
satimage,0,label_shift,DR-M3,features,0,0.017125,0.0389
satimage,0,label_shift,DR-M4,features,0,0.063741,0.2078
satimage,0,label_shift,DR-M5,features,0,0.021866,0.0129
satimage,0,label_shift,DR-M6,features,0,0.165804,0.0911
satimage,0,label_shift,DR-M7,features,0,0.050398,0.0231
satimage,0,label_shift,DR-M8,errors,0,0.018,0.0001
satimage,0,label_shift,DR-M10,joint,0,0.006364,0.1215
satimage,0,label_shift,DR-M12,features,0,0.027658,0.04
satimage,0,label_shift,DR-M13,features,0,0.028639,0.014
satimage,0,label_shift,DR-M14,joint,0,0.072299,0.1179
satimage,0,label_shift,DR-C1,errors,0,,0.0011
satimage,0,label_shift,DR-C2,errors,0,,0.0004
satimage,0,label_shift,DR-C3,errors,0,,0.0006
satimage,0,label_shift,DR-C4,errors,0,,0.0003
satimage,0,label_shift,DR-C5,errors,0,,0.8445
satimage,0,label_shift,DR-C6,errors,0,,0.0182
satimage,0,label_shift,DR-C7,errors,0,,0.0067
satimage,0,label_shift,DR-C9,errors,0,,0.0021
satimage,0,label_shift,DR-MV1,joint,0,41.861352,0.0012
satimage,0,label_shift,DR-MV2,joint,0,0.06,0.0073
satimage,0,label_shift,DR-CV1,joint,0,0.56892,2.4381
satimage,0,concept,DR-M1,features,0,0.232537,0.0375
satimage,0,concept,DR-M2,features,0,0.105687,0.0208
satimage,0,concept,DR-M3,features,0,0.051411,0.049
satimage,0,concept,DR-M4,features,0,0.054421,0.305
satimage,0,concept,DR-M5,features,0,0.01882,0.0133
satimage,0,concept,DR-M6,features,0,0.11455,0.1892
satimage,0,concept,DR-M7,features,0,0.159838,0.0401
satimage,0,concept,DR-M8,errors,1,0.122,0.0001
satimage,0,concept,DR-M10,joint,0,0.001979,0.4799
satimage,0,concept,DR-M12,features,0,0.137414,0.0488
satimage,0,concept,DR-M13,features,0,0.169034,0.0177
satimage,0,concept,DR-M14,joint,0,0.02839,0.6564
satimage,0,concept,DR-C1,errors,1,125.0,0.0006
satimage,0,concept,DR-C2,errors,1,155.0,0.0003
satimage,0,concept,DR-C3,errors,0,,0.0006
satimage,0,concept,DR-C4,errors,0,,0.0003
satimage,0,concept,DR-C5,errors,0,,0.8887
satimage,0,concept,DR-C6,errors,1,209.0,0.0131
satimage,0,concept,DR-C7,errors,0,,0.0106
satimage,0,concept,DR-C9,errors,0,,0.0004
satimage,0,concept,DR-MV1,joint,0,28.266364,0.0012
satimage,0,concept,DR-MV2,joint,0,0.024,0.0074
satimage,0,concept,DR-CV1,joint,0,0.49916,2.7668
satimage,1,none,DR-M1,features,0,0.06089,0.053
satimage,1,none,DR-M2,features,0,0.144053,0.0195
satimage,1,none,DR-M3,features,0,0.003719,0.065
satimage,1,none,DR-M4,features,0,0.07558,0.3866
satimage,1,none,DR-M5,features,0,0.02553,0.0372
satimage,1,none,DR-M6,features,0,0.132038,0.1922
satimage,1,none,DR-M7,features,0,0.115498,0.0401
satimage,1,none,DR-M8,errors,0,-0.03,0.0001
satimage,1,none,DR-M10,joint,0,0.004485,0.1754
satimage,1,none,DR-M12,features,0,0.093978,0.0305
satimage,1,none,DR-M13,features,0,0.039946,0.0176
satimage,1,none,DR-M14,joint,0,0.048458,0.1761
satimage,1,none,DR-C1,errors,0,,0.0046
satimage,1,none,DR-C2,errors,1,20.0,0.0003
satimage,1,none,DR-C3,errors,0,,0.0006
satimage,1,none,DR-C4,errors,0,,0.0003
satimage,1,none,DR-C5,errors,0,,0.651
satimage,1,none,DR-C6,errors,0,,0.0125
satimage,1,none,DR-C7,errors,0,,0.0115
satimage,1,none,DR-C9,errors,0,,0.0005
satimage,1,none,DR-MV1,joint,0,42.859514,0.0014
satimage,1,none,DR-MV2,joint,0,0.064,0.0037
satimage,1,none,DR-CV1,joint,0,0.5598,2.4944
satimage,1,shift,DR-M1,features,1,0.000153,0.0422
satimage,1,shift,DR-M2,features,0,0.186125,0.0222
satimage,1,shift,DR-M3,features,1,0.000996,0.0578
satimage,1,shift,DR-M4,features,1,0.100176,0.3253
satimage,1,shift,DR-M5,features,0,0.032691,0.0263
satimage,1,shift,DR-M6,features,1,0.297497,0.1806
satimage,1,shift,DR-M7,features,1,0.000141,0.29
satimage,1,shift,DR-M8,errors,0,-0.054,0.0001
satimage,1,shift,DR-M10,joint,0,0.005463,0.3405
satimage,1,shift,DR-M12,features,1,4.1e-05,0.044
satimage,1,shift,DR-M13,features,1,0.0,0.0298
satimage,1,shift,DR-M14,joint,0,0.067043,0.1467
satimage,1,shift,DR-C1,errors,0,,0.0007
satimage,1,shift,DR-C2,errors,0,,0.0004
satimage,1,shift,DR-C3,errors,0,,0.0006
satimage,1,shift,DR-C4,errors,0,,0.0003
satimage,1,shift,DR-C5,errors,0,,0.5742
satimage,1,shift,DR-C6,errors,0,,0.0127
satimage,1,shift,DR-C7,errors,0,,0.0075
satimage,1,shift,DR-C9,errors,0,,0.0005
satimage,1,shift,DR-MV1,joint,1,604.261992,0.0011
satimage,1,shift,DR-MV2,joint,0,0.052,0.0032
satimage,1,shift,DR-CV1,joint,1,0.8542,2.7094
satimage,1,scale,DR-M1,features,1,0.000239,0.0429
satimage,1,scale,DR-M2,features,1,0.377273,0.0153
satimage,1,scale,DR-M3,features,1,0.0,0.0495
satimage,1,scale,DR-M4,features,1,0.190386,0.3006
satimage,1,scale,DR-M5,features,0,0.065824,0.02
satimage,1,scale,DR-M6,features,1,0.411315,0.1321
satimage,1,scale,DR-M7,features,0,0.014073,0.0315
satimage,1,scale,DR-M8,errors,0,-0.03,0.0001
satimage,1,scale,DR-M10,joint,0,0.006018,0.1825
satimage,1,scale,DR-M12,features,1,0.000431,0.0255
satimage,1,scale,DR-M13,features,1,0.0,0.0228
satimage,1,scale,DR-M14,joint,0,0.073374,0.1737
satimage,1,scale,DR-C1,errors,0,,0.0007
satimage,1,scale,DR-C2,errors,1,227.0,0.0004
satimage,1,scale,DR-C3,errors,0,,0.0006
satimage,1,scale,DR-C4,errors,0,,0.0003
satimage,1,scale,DR-C5,errors,0,,0.6322
satimage,1,scale,DR-C6,errors,0,,0.0164
satimage,1,scale,DR-C7,errors,0,,0.0064
satimage,1,scale,DR-C9,errors,0,,0.0005
satimage,1,scale,DR-MV1,joint,1,70.919692,0.0053
satimage,1,scale,DR-MV2,joint,0,0.032,0.0036
satimage,1,scale,DR-CV1,joint,1,0.82916,1.5447
satimage,1,correlation,DR-M1,features,0,0.025539,0.0452
satimage,1,correlation,DR-M2,features,0,0.13955,0.0185
satimage,1,correlation,DR-M3,features,0,0.005396,0.0501
satimage,1,correlation,DR-M4,features,0,0.068147,0.3141
satimage,1,correlation,DR-M5,features,0,0.024855,0.018
satimage,1,correlation,DR-M6,features,0,0.173391,0.1848
satimage,1,correlation,DR-M7,features,0,0.028423,0.0421
satimage,1,correlation,DR-M8,errors,0,0.022,0.0001
satimage,1,correlation,DR-M10,joint,1,0.009713,0.2152
satimage,1,correlation,DR-M12,features,0,0.030779,0.0263
satimage,1,correlation,DR-M13,features,0,0.018507,0.0182
satimage,1,correlation,DR-M14,joint,1,0.106986,0.1843
satimage,1,correlation,DR-C1,errors,0,,0.005
satimage,1,correlation,DR-C2,errors,1,3.0,0.0006
satimage,1,correlation,DR-C3,errors,0,,0.0013
satimage,1,correlation,DR-C4,errors,0,,0.0006
satimage,1,correlation,DR-C5,errors,0,,0.5874
satimage,1,correlation,DR-C6,errors,0,,0.0113
satimage,1,correlation,DR-C7,errors,0,,0.0099
satimage,1,correlation,DR-C9,errors,0,,0.0005
satimage,1,correlation,DR-MV1,joint,0,44.455026,0.0011
satimage,1,correlation,DR-MV2,joint,1,0.092,0.0072
satimage,1,correlation,DR-CV1,joint,1,0.83988,1.651
satimage,1,selection,DR-M1,features,1,0.0,0.0587
satimage,1,selection,DR-M2,features,1,0.383759,0.0253
satimage,1,selection,DR-M3,features,1,0.0,0.0548
satimage,1,selection,DR-M4,features,1,0.189039,0.2917
satimage,1,selection,DR-M5,features,0,0.067024,0.0202
satimage,1,selection,DR-M6,features,1,0.646102,0.1362
satimage,1,selection,DR-M7,features,1,0.0,0.0483
satimage,1,selection,DR-M8,errors,0,-0.062,0.0001
satimage,1,selection,DR-M10,joint,1,0.035935,0.2229
satimage,1,selection,DR-M12,features,1,0.0,0.0449
satimage,1,selection,DR-M13,features,1,0.0,0.0187
satimage,1,selection,DR-M14,joint,1,0.519809,0.1731
satimage,1,selection,DR-C1,errors,0,,0.0008
satimage,1,selection,DR-C2,errors,0,,0.0003
satimage,1,selection,DR-C3,errors,0,,0.0006
satimage,1,selection,DR-C4,errors,0,,0.0003
satimage,1,selection,DR-C5,errors,0,,0.6598
satimage,1,selection,DR-C6,errors,0,,0.0177
satimage,1,selection,DR-C7,errors,0,,0.0109
satimage,1,selection,DR-C9,errors,0,,0.0005
satimage,1,selection,DR-MV1,joint,1,122.665638,0.0011
satimage,1,selection,DR-MV2,joint,1,0.112,0.0032
satimage,1,selection,DR-CV1,joint,0,0.57984,1.6109
satimage,1,label_shift,DR-M1,features,0,0.011495,0.044
satimage,1,label_shift,DR-M2,features,0,0.126418,0.0152
satimage,1,label_shift,DR-M3,features,0,0.019587,0.0538
satimage,1,label_shift,DR-M4,features,0,0.066386,0.3019
satimage,1,label_shift,DR-M5,features,0,0.022531,0.016
satimage,1,label_shift,DR-M6,features,1,0.22917,0.1515
satimage,1,label_shift,DR-M7,features,0,0.005516,0.0358
satimage,1,label_shift,DR-M8,errors,0,-0.006,0.0003
satimage,1,label_shift,DR-M10,joint,0,0.008413,0.1963
satimage,1,label_shift,DR-M12,features,0,0.003441,0.0557
satimage,1,label_shift,DR-M13,features,0,0.00243,0.0214
satimage,1,label_shift,DR-M14,joint,0,0.092873,0.1786
satimage,1,label_shift,DR-C1,errors,0,,0.0008
satimage,1,label_shift,DR-C2,errors,1,24.0,0.0003
satimage,1,label_shift,DR-C3,errors,0,,0.0007
satimage,1,label_shift,DR-C4,errors,0,,0.0003
satimage,1,label_shift,DR-C5,errors,0,,0.6181
satimage,1,label_shift,DR-C6,errors,0,,0.0124
satimage,1,label_shift,DR-C7,errors,0,,0.0061
satimage,1,label_shift,DR-C9,errors,0,,0.0045
satimage,1,label_shift,DR-MV1,joint,1,77.343153,0.0011
satimage,1,label_shift,DR-MV2,joint,0,0.024,0.0033
satimage,1,label_shift,DR-CV1,joint,0,0.56392,1.6729
satimage,1,concept,DR-M1,features,0,0.06089,0.0522
satimage,1,concept,DR-M2,features,0,0.120465,0.0318
satimage,1,concept,DR-M3,features,0,0.019482,0.0662
satimage,1,concept,DR-M4,features,0,0.062667,0.3491
satimage,1,concept,DR-M5,features,0,0.021532,0.0162
satimage,1,concept,DR-M6,features,0,0.186843,0.1429
satimage,1,concept,DR-M7,features,0,0.014081,0.0353
satimage,1,concept,DR-M8,errors,1,0.102,0.0001
satimage,1,concept,DR-M10,joint,0,0.005571,0.1854
satimage,1,concept,DR-M12,features,0,0.031288,0.0758
satimage,1,concept,DR-M13,features,0,0.021545,0.0222
satimage,1,concept,DR-M14,joint,0,0.076082,0.1792
satimage,1,concept,DR-C1,errors,1,195.0,0.0007
satimage,1,concept,DR-C2,errors,1,16.0,0.0002
satimage,1,concept,DR-C3,errors,0,,0.0006
satimage,1,concept,DR-C4,errors,0,,0.0003
satimage,1,concept,DR-C5,errors,0,,0.5742
satimage,1,concept,DR-C6,errors,0,,0.0114
satimage,1,concept,DR-C7,errors,0,,0.0062
satimage,1,concept,DR-C9,errors,0,,0.0004
satimage,1,concept,DR-MV1,joint,0,38.911395,0.0052
satimage,1,concept,DR-MV2,joint,0,0.044,0.0032
satimage,1,concept,DR-CV1,joint,0,0.5514,1.6061
satimage,2,none,DR-M1,features,0,0.4183,0.0464
satimage,2,none,DR-M2,features,0,0.094309,0.0169
satimage,2,none,DR-M3,features,0,0.075586,0.0541
satimage,2,none,DR-M4,features,0,0.046899,0.3373
satimage,2,none,DR-M5,features,0,0.016851,0.0199
satimage,2,none,DR-M6,features,0,0.089412,0.1446
satimage,2,none,DR-M7,features,0,0.31822,0.0375
satimage,2,none,DR-M8,errors,0,-0.036,0.0001
satimage,2,none,DR-M10,joint,0,0.001085,0.1982
satimage,2,none,DR-M12,features,0,0.449413,0.0245
satimage,2,none,DR-M13,features,0,0.25,0.018
satimage,2,none,DR-M14,joint,0,0.01908,0.1664
satimage,2,none,DR-C1,errors,0,,0.0008
satimage,2,none,DR-C2,errors,0,,0.0003
satimage,2,none,DR-C3,errors,0,,0.0006
satimage,2,none,DR-C4,errors,0,,0.0003
satimage,2,none,DR-C5,errors,0,,0.581
satimage,2,none,DR-C6,errors,0,,0.0147
satimage,2,none,DR-C7,errors,0,,0.0102
satimage,2,none,DR-C9,errors,0,,0.0005
satimage,2,none,DR-MV1,joint,0,33.494186,0.0011
satimage,2,none,DR-MV2,joint,0,0.052,0.0032
satimage,2,none,DR-CV1,joint,0,0.50396,1.4822
satimage,2,shift,DR-M1,features,1,2e-06,0.0388
satimage,2,shift,DR-M2,features,0,0.246699,0.0156
satimage,2,shift,DR-M3,features,1,6.8e-05,0.0569
satimage,2,shift,DR-M4,features,1,0.137764,0.2937
satimage,2,shift,DR-M5,features,0,0.042056,0.0167
satimage,2,shift,DR-M6,features,1,0.369755,0.1287
satimage,2,shift,DR-M7,features,1,2e-06,0.0331
satimage,2,shift,DR-M8,errors,1,0.032,0.0001
satimage,2,shift,DR-M10,joint,0,0.003901,0.1733
satimage,2,shift,DR-M12,features,1,1e-06,0.0254
satimage,2,shift,DR-M13,features,1,0.0,0.0155
satimage,2,shift,DR-M14,joint,0,0.045957,0.1588
satimage,2,shift,DR-C1,errors,0,,0.0008
satimage,2,shift,DR-C2,errors,1,150.0,0.0003
satimage,2,shift,DR-C3,errors,0,,0.0026
satimage,2,shift,DR-C4,errors,0,,0.0003
satimage,2,shift,DR-C5,errors,0,,0.5406
satimage,2,shift,DR-C6,errors,0,,0.0138
satimage,2,shift,DR-C7,errors,0,,0.0079
satimage,2,shift,DR-C9,errors,0,,0.0005
satimage,2,shift,DR-MV1,joint,1,1038.166472,0.0011
satimage,2,shift,DR-MV2,joint,0,0.028,0.0031
satimage,2,shift,DR-CV1,joint,1,0.90648,1.3989
satimage,2,scale,DR-M1,features,1,0.000153,0.0388
satimage,2,scale,DR-M2,features,1,0.349774,0.0167
satimage,2,scale,DR-M3,features,1,0.0,0.0572
satimage,2,scale,DR-M4,features,1,0.183772,0.2878
satimage,2,scale,DR-M5,features,0,0.061226,0.0222
satimage,2,scale,DR-M6,features,1,0.439029,0.1536
satimage,2,scale,DR-M7,features,0,0.10541,0.037
satimage,2,scale,DR-M8,errors,0,0.012,0.0001
satimage,2,scale,DR-M10,joint,0,0.003505,0.1858
satimage,2,scale,DR-M12,features,1,0.000528,0.0253
satimage,2,scale,DR-M13,features,1,0.0,0.0209
satimage,2,scale,DR-M14,joint,0,0.042608,0.1656
satimage,2,scale,DR-C1,errors,0,,0.0009
satimage,2,scale,DR-C2,errors,1,129.0,0.0004
satimage,2,scale,DR-C3,errors,0,,0.0008
satimage,2,scale,DR-C4,errors,0,,0.0004
satimage,2,scale,DR-C5,errors,0,,0.5741
satimage,2,scale,DR-C6,errors,0,,0.0098
satimage,2,scale,DR-C7,errors,0,,0.0066
satimage,2,scale,DR-C9,errors,0,,0.0005
satimage,2,scale,DR-MV1,joint,1,76.867088,0.0011
satimage,2,scale,DR-MV2,joint,0,0.044,0.0034
satimage,2,scale,DR-CV1,joint,1,0.8936,1.4923
satimage,2,correlation,DR-M1,features,0,0.495953,0.0431
satimage,2,correlation,DR-M2,features,0,0.091173,0.0145
satimage,2,correlation,DR-M3,features,0,0.104645,0.0421
satimage,2,correlation,DR-M4,features,0,0.047003,0.3402
satimage,2,correlation,DR-M5,features,0,0.016261,0.0186
satimage,2,correlation,DR-M6,features,0,0.079986,0.1495
satimage,2,correlation,DR-M7,features,0,0.358795,0.0357
satimage,2,correlation,DR-M8,errors,1,0.02,0.0001
satimage,2,correlation,DR-M10,joint,0,0.00516,0.224
satimage,2,correlation,DR-M12,features,0,0.421845,0.0247
satimage,2,correlation,DR-M13,features,0,0.25,0.0141
satimage,2,correlation,DR-M14,joint,0,0.048116,0.2127
satimage,2,correlation,DR-C1,errors,0,,0.0008
satimage,2,correlation,DR-C2,errors,1,178.0,0.0003
satimage,2,correlation,DR-C3,errors,0,,0.0006
satimage,2,correlation,DR-C4,errors,0,,0.0003
satimage,2,correlation,DR-C5,errors,0,,0.6165
satimage,2,correlation,DR-C6,errors,0,,0.0179
satimage,2,correlation,DR-C7,errors,0,,0.0059
satimage,2,correlation,DR-C9,errors,0,,0.0005
satimage,2,correlation,DR-MV1,joint,0,38.203324,0.0053
satimage,2,correlation,DR-MV2,joint,0,0.036,0.0031
satimage,2,correlation,DR-CV1,joint,1,0.81392,1.4873
satimage,2,selection,DR-M1,features,1,0.0,0.0495
satimage,2,selection,DR-M2,features,1,0.332277,0.0143
satimage,2,selection,DR-M3,features,1,0.0,0.0484
satimage,2,selection,DR-M4,features,1,0.179871,0.356
satimage,2,selection,DR-M5,features,0,0.05802,0.026
satimage,2,selection,DR-M6,features,1,0.42759,0.1441
satimage,2,selection,DR-M7,features,1,0.0,0.0364
satimage,2,selection,DR-M8,errors,1,0.028,0.0
satimage,2,selection,DR-M10,joint,1,0.031502,0.1945
satimage,2,selection,DR-M12,features,1,0.0,0.0387
satimage,2,selection,DR-M13,features,1,0.0,0.0234
satimage,2,selection,DR-M14,joint,1,0.379655,0.1873
satimage,2,selection,DR-C1,errors,0,,0.0008
satimage,2,selection,DR-C2,errors,1,152.0,0.0003
satimage,2,selection,DR-C3,errors,0,,0.0007
satimage,2,selection,DR-C4,errors,0,,0.0003
satimage,2,selection,DR-C5,errors,0,,0.6802
satimage,2,selection,DR-C6,errors,0,,0.0175
satimage,2,selection,DR-C7,errors,0,,0.0105
satimage,2,selection,DR-C9,errors,0,,0.0005
satimage,2,selection,DR-MV1,joint,1,62.152423,0.0013
satimage,2,selection,DR-MV2,joint,0,0.024,0.0055
satimage,2,selection,DR-CV1,joint,0,0.57032,1.9321
satimage,2,label_shift,DR-M1,features,0,0.013558,0.0467
satimage,2,label_shift,DR-M2,features,0,0.172011,0.011
satimage,2,label_shift,DR-M3,features,0,0.001554,0.0535
satimage,2,label_shift,DR-M4,features,0,0.090539,0.2998
satimage,2,label_shift,DR-M5,features,0,0.030581,0.027
satimage,2,label_shift,DR-M6,features,1,0.271607,0.1288
satimage,2,label_shift,DR-M7,features,1,0.00109,0.0346
satimage,2,label_shift,DR-M8,errors,0,-0.02,0.0001
satimage,2,label_shift,DR-M10,joint,1,0.009063,0.2414
satimage,2,label_shift,DR-M12,features,0,0.003112,0.0268
satimage,2,label_shift,DR-M13,features,0,0.001744,0.03
satimage,2,label_shift,DR-M14,joint,1,0.12735,0.1903
satimage,2,label_shift,DR-C1,errors,0,,0.0011
satimage,2,label_shift,DR-C2,errors,0,,0.0006
satimage,2,label_shift,DR-C3,errors,0,,0.0009
satimage,2,label_shift,DR-C4,errors,0,,0.0003
satimage,2,label_shift,DR-C5,errors,0,,0.6655
satimage,2,label_shift,DR-C6,errors,0,,0.0202
satimage,2,label_shift,DR-C7,errors,0,,0.0079
satimage,2,label_shift,DR-C9,errors,0,,0.0005
satimage,2,label_shift,DR-MV1,joint,1,53.763375,0.0011
satimage,2,label_shift,DR-MV2,joint,0,0.048,0.0041
satimage,2,label_shift,DR-CV1,joint,0,0.53152,1.6434
satimage,2,concept,DR-M1,features,0,0.286206,0.0398
satimage,2,concept,DR-M2,features,0,0.107595,0.0122
satimage,2,concept,DR-M3,features,0,0.063025,0.0487
satimage,2,concept,DR-M4,features,0,0.057678,0.3057
satimage,2,concept,DR-M5,features,0,0.018896,0.0166
satimage,2,concept,DR-M6,features,0,0.093607,0.1462
satimage,2,concept,DR-M7,features,0,0.45707,0.0342
satimage,2,concept,DR-M8,errors,1,0.152,0.0001
satimage,2,concept,DR-M10,joint,0,0.002184,0.1845
satimage,2,concept,DR-M12,features,0,0.188411,0.0253
satimage,2,concept,DR-M13,features,0,0.20163,0.0152
satimage,2,concept,DR-M14,joint,0,0.023778,0.1717
satimage,2,concept,DR-C1,errors,1,109.0,0.0047
satimage,2,concept,DR-C2,errors,1,81.0,0.0003
satimage,2,concept,DR-C3,errors,0,,0.0006
satimage,2,concept,DR-C4,errors,0,,0.0003
satimage,2,concept,DR-C5,errors,0,,0.6416
satimage,2,concept,DR-C6,errors,1,208.0,0.0134
satimage,2,concept,DR-C7,errors,0,,0.0106
satimage,2,concept,DR-C9,errors,0,,0.0005
satimage,2,concept,DR-MV1,joint,0,39.621008,0.0011
satimage,2,concept,DR-MV2,joint,0,0.036,0.0072
satimage,2,concept,DR-CV1,joint,0,0.51688,1.8454
satimage,3,none,DR-M1,features,0,0.079609,0.026
satimage,3,none,DR-M2,features,0,0.114573,0.0105
satimage,3,none,DR-M3,features,0,0.034463,0.0421
satimage,3,none,DR-M4,features,0,0.059455,0.3025
satimage,3,none,DR-M5,features,0,0.020352,0.0196
satimage,3,none,DR-M6,features,0,0.147737,0.15
satimage,3,none,DR-M7,features,0,0.067701,0.045
satimage,3,none,DR-M8,errors,0,0.018,0.0001
satimage,3,none,DR-M10,joint,0,0.003705,0.204
satimage,3,none,DR-M12,features,0,0.063814,0.0304
satimage,3,none,DR-M13,features,0,0.064999,0.0196
satimage,3,none,DR-M14,joint,0,0.039813,0.2515
satimage,3,none,DR-C1,errors,0,,0.0007
satimage,3,none,DR-C2,errors,1,92.0,0.0004
satimage,3,none,DR-C3,errors,0,,0.0007
satimage,3,none,DR-C4,errors,0,,0.0003
satimage,3,none,DR-C5,errors,0,,0.6741
satimage,3,none,DR-C6,errors,0,,0.014
satimage,3,none,DR-C7,errors,0,,0.0103
satimage,3,none,DR-C9,errors,0,,0.0005
satimage,3,none,DR-MV1,joint,0,35.590203,0.0011
satimage,3,none,DR-MV2,joint,0,0.044,0.0073
satimage,3,none,DR-CV1,joint,0,0.51408,1.7416
satimage,3,shift,DR-M1,features,1,0.0,0.0484
satimage,3,shift,DR-M2,features,1,0.418655,0.0159
satimage,3,shift,DR-M3,features,1,0.0,0.0491
satimage,3,shift,DR-M4,features,1,0.253977,0.3171
satimage,3,shift,DR-M5,features,0,0.067221,0.0203
satimage,3,shift,DR-M6,features,1,0.328723,0.1625
satimage,3,shift,DR-M7,features,1,2.6e-05,0.028
satimage,3,shift,DR-M8,errors,0,0.002,0.0001
satimage,3,shift,DR-M10,joint,0,0.004635,0.2159
satimage,3,shift,DR-M12,features,1,0.0,0.0262
satimage,3,shift,DR-M13,features,1,0.0,0.0213
satimage,3,shift,DR-M14,joint,0,0.061025,0.1783
satimage,3,shift,DR-C1,errors,0,,0.0008
satimage,3,shift,DR-C2,errors,1,189.0,0.0004
satimage,3,shift,DR-C3,errors,0,,0.0008
satimage,3,shift,DR-C4,errors,0,,0.0003
satimage,3,shift,DR-C5,errors,0,,0.5611
satimage,3,shift,DR-C6,errors,0,,0.014
satimage,3,shift,DR-C7,errors,0,,0.0107
satimage,3,shift,DR-C9,errors,0,,0.0006
satimage,3,shift,DR-MV1,joint,1,502.985986,0.0052
satimage,3,shift,DR-MV2,joint,0,0.032,0.0034
satimage,3,shift,DR-CV1,joint,1,0.8844,1.7153
satimage,3,scale,DR-M1,features,1,0.000459,0.0444
satimage,3,scale,DR-M2,features,0,0.206149,0.0147
satimage,3,scale,DR-M3,features,1,0.000134,0.0594
satimage,3,scale,DR-M4,features,0,0.104961,0.3424
satimage,3,scale,DR-M5,features,0,0.036502,0.0272
satimage,3,scale,DR-M6,features,1,0.366588,0.1448
satimage,3,scale,DR-M7,features,0,0.002134,0.037
satimage,3,scale,DR-M8,errors,0,0.006,0.0001
satimage,3,scale,DR-M10,joint,0,0.007299,0.2015
satimage,3,scale,DR-M12,features,0,0.001765,0.0304
satimage,3,scale,DR-M13,features,1,0.0,0.0248
satimage,3,scale,DR-M14,joint,1,0.099424,0.1779
satimage,3,scale,DR-C1,errors,0,,0.0138
satimage,3,scale,DR-C2,errors,1,122.0,0.0004
satimage,3,scale,DR-C3,errors,0,,0.0008
satimage,3,scale,DR-C4,errors,0,,0.0004
satimage,3,scale,DR-C5,errors,0,,0.6171
satimage,3,scale,DR-C6,errors,0,,0.0187
satimage,3,scale,DR-C7,errors,0,,0.0075
satimage,3,scale,DR-C9,errors,0,,0.0005
satimage,3,scale,DR-MV1,joint,1,78.860481,0.0011
satimage,3,scale,DR-MV2,joint,0,0.02,0.0076
satimage,3,scale,DR-CV1,joint,1,0.8706,1.6611
satimage,3,correlation,DR-M1,features,0,0.015948,0.038
satimage,3,correlation,DR-M2,features,0,0.169999,0.0143
satimage,3,correlation,DR-M3,features,0,0.001527,0.0487
satimage,3,correlation,DR-M4,features,0,0.087953,0.3208
satimage,3,correlation,DR-M5,features,0,0.030083,0.016
satimage,3,correlation,DR-M6,features,0,0.20315,0.1392
satimage,3,correlation,DR-M7,features,0,0.00957,0.0356
satimage,3,correlation,DR-M8,errors,0,-0.002,0.0001
satimage,3,correlation,DR-M10,joint,1,0.009988,0.192
satimage,3,correlation,DR-M12,features,0,0.008785,0.0301
satimage,3,correlation,DR-M13,features,0,0.002819,0.0184
satimage,3,correlation,DR-M14,joint,1,0.10528,0.1737
satimage,3,correlation,DR-C1,errors,0,,0.0008
satimage,3,correlation,DR-C2,errors,1,164.0,0.0004
satimage,3,correlation,DR-C3,errors,0,,0.0008
satimage,3,correlation,DR-C4,errors,0,,0.0003
satimage,3,correlation,DR-C5,errors,0,,0.6244
satimage,3,correlation,DR-C6,errors,0,,0.015
satimage,3,correlation,DR-C7,errors,0,,0.0109
satimage,3,correlation,DR-C9,errors,0,,0.0005
satimage,3,correlation,DR-MV1,joint,0,41.647408,0.0011
satimage,3,correlation,DR-MV2,joint,0,0.056,0.0088
satimage,3,correlation,DR-CV1,joint,1,0.857,1.5074
satimage,3,selection,DR-M1,features,1,0.0,0.0513
satimage,3,selection,DR-M2,features,1,0.339373,0.0197
satimage,3,selection,DR-M3,features,1,0.0,0.0535
satimage,3,selection,DR-M4,features,1,0.172784,0.309
satimage,3,selection,DR-M5,features,0,0.059304,0.016
satimage,3,selection,DR-M6,features,1,0.521455,0.1528
satimage,3,selection,DR-M7,features,1,0.0,0.0359
satimage,3,selection,DR-M8,errors,0,0.01,0.0001
satimage,3,selection,DR-M10,joint,1,0.039959,0.1858
satimage,3,selection,DR-M12,features,1,0.0,0.0354
satimage,3,selection,DR-M13,features,1,0.0,0.0213
satimage,3,selection,DR-M14,joint,1,0.493619,0.1594
satimage,3,selection,DR-C1,errors,0,,0.0008
satimage,3,selection,DR-C2,errors,1,182.0,0.0003
satimage,3,selection,DR-C3,errors,0,,0.0006
satimage,3,selection,DR-C4,errors,0,,0.0045
satimage,3,selection,DR-C5,errors,0,,0.5927
satimage,3,selection,DR-C6,errors,0,,0.0139
satimage,3,selection,DR-C7,errors,0,,0.0104
satimage,3,selection,DR-C9,errors,0,,0.0005
satimage,3,selection,DR-MV1,joint,1,81.255499,0.001
satimage,3,selection,DR-MV2,joint,0,0.02,0.0033
satimage,3,selection,DR-CV1,joint,0,0.54836,1.5794
satimage,3,label_shift,DR-M1,features,0,0.002303,0.0536
satimage,3,label_shift,DR-M2,features,0,0.139168,0.0159
satimage,3,label_shift,DR-M3,features,0,0.012392,0.0577
satimage,3,label_shift,DR-M4,features,0,0.078247,0.3364
satimage,3,label_shift,DR-M5,features,0,0.024108,0.0201
satimage,3,label_shift,DR-M6,features,1,0.229767,0.1605
satimage,3,label_shift,DR-M7,features,0,0.003461,0.0417
satimage,3,label_shift,DR-M8,errors,0,0.018,0.0001
satimage,3,label_shift,DR-M10,joint,1,0.01325,0.2221
satimage,3,label_shift,DR-M12,features,1,0.000813,0.0279
satimage,3,label_shift,DR-M13,features,1,0.0,0.0239
satimage,3,label_shift,DR-M14,joint,1,0.147896,0.1946
satimage,3,label_shift,DR-C1,errors,0,,0.0049
satimage,3,label_shift,DR-C2,errors,1,163.0,0.0004
satimage,3,label_shift,DR-C3,errors,0,,0.0008
satimage,3,label_shift,DR-C4,errors,0,,0.0004
satimage,3,label_shift,DR-C5,errors,0,,0.6452
satimage,3,label_shift,DR-C6,errors,0,,0.0144
satimage,3,label_shift,DR-C7,errors,0,,0.0105
satimage,3,label_shift,DR-C9,errors,0,,0.0005
satimage,3,label_shift,DR-MV1,joint,0,47.769524,0.0011
satimage,3,label_shift,DR-MV2,joint,0,0.024,0.0076
satimage,3,label_shift,DR-CV1,joint,0,0.51248,1.5318
satimage,3,concept,DR-M1,features,0,0.09066,0.0381
satimage,3,concept,DR-M2,features,0,0.107281,0.0185
satimage,3,concept,DR-M3,features,0,0.046359,0.049
satimage,3,concept,DR-M4,features,0,0.055283,0.2986
satimage,3,concept,DR-M5,features,0,0.019176,0.0157
satimage,3,concept,DR-M6,features,0,0.174492,0.14
satimage,3,concept,DR-M7,features,0,0.025874,0.0308
satimage,3,concept,DR-M8,errors,1,0.158,0.0001
satimage,3,concept,DR-M10,joint,0,0.003282,0.1874
satimage,3,concept,DR-M12,features,0,0.018499,0.0286
satimage,3,concept,DR-M13,features,0,0.016544,0.016
satimage,3,concept,DR-M14,joint,0,0.04314,0.1676
satimage,3,concept,DR-C1,errors,1,78.0,0.0007
satimage,3,concept,DR-C2,errors,1,78.0,0.0003
satimage,3,concept,DR-C3,errors,0,,0.0006
satimage,3,concept,DR-C4,errors,1,139.0,0.0003
satimage,3,concept,DR-C5,errors,0,,0.6284
satimage,3,concept,DR-C6,errors,1,128.0,0.0126
satimage,3,concept,DR-C7,errors,0,,0.0107
satimage,3,concept,DR-C9,errors,1,125.0,0.0004
satimage,3,concept,DR-MV1,joint,0,41.263214,0.0011
satimage,3,concept,DR-MV2,joint,0,0.032,0.0033
satimage,3,concept,DR-CV1,joint,0,0.49264,1.4796
satimage,4,none,DR-M1,features,0,0.348152,0.041
satimage,4,none,DR-M2,features,0,0.086143,0.019
satimage,4,none,DR-M3,features,0,0.149005,0.0509
satimage,4,none,DR-M4,features,0,0.045578,0.3592
satimage,4,none,DR-M5,features,0,0.015316,0.021
satimage,4,none,DR-M6,features,0,0.110357,0.1588
satimage,4,none,DR-M7,features,0,0.187037,0.0356
satimage,4,none,DR-M8,errors,0,-0.012,0.0001
satimage,4,none,DR-M10,joint,0,0.001612,0.2113
satimage,4,none,DR-M12,features,0,0.272721,0.0208
satimage,4,none,DR-M13,features,0,0.25,0.0326
satimage,4,none,DR-M14,joint,0,0.025798,0.1988
satimage,4,none,DR-C1,errors,0,,0.0008
satimage,4,none,DR-C2,errors,0,,0.0003
satimage,4,none,DR-C3,errors,0,,0.0006
satimage,4,none,DR-C4,errors,0,,0.0003
satimage,4,none,DR-C5,errors,0,,0.5804
satimage,4,none,DR-C6,errors,0,,0.0128
satimage,4,none,DR-C7,errors,0,,0.01
satimage,4,none,DR-C9,errors,0,,0.0005
satimage,4,none,DR-MV1,joint,0,26.623905,0.0011
satimage,4,none,DR-MV2,joint,0,0.04,0.0032
satimage,4,none,DR-CV1,joint,0,0.49512,1.5908
satimage,4,shift,DR-M1,features,1,2e-06,0.0455
satimage,4,shift,DR-M2,features,1,0.270442,0.0236
satimage,4,shift,DR-M3,features,1,1e-06,0.0505
satimage,4,shift,DR-M4,features,1,0.134551,0.3297
satimage,4,shift,DR-M5,features,0,0.04775,0.0262
satimage,4,shift,DR-M6,features,1,0.27953,0.1425
satimage,4,shift,DR-M7,features,1,0.000292,0.0361
satimage,4,shift,DR-M8,errors,0,-0.024,0.0001
satimage,4,shift,DR-M10,joint,0,0.002597,0.202
satimage,4,shift,DR-M12,features,1,1.9e-05,0.02
satimage,4,shift,DR-M13,features,1,0.0,0.0148
satimage,4,shift,DR-M14,joint,0,0.038873,0.1693
satimage,4,shift,DR-C1,errors,0,,0.0008
satimage,4,shift,DR-C2,errors,0,,0.0003
satimage,4,shift,DR-C3,errors,0,,0.0006
satimage,4,shift,DR-C4,errors,0,,0.0003
satimage,4,shift,DR-C5,errors,0,,0.5882
satimage,4,shift,DR-C6,errors,0,,0.0176
satimage,4,shift,DR-C7,errors,0,,0.0059
satimage,4,shift,DR-C9,errors,0,,0.0005
satimage,4,shift,DR-MV1,joint,1,503.358067,0.0055
satimage,4,shift,DR-MV2,joint,0,0.056,0.0033
satimage,4,shift,DR-CV1,joint,1,0.88396,1.5274
satimage,4,scale,DR-M1,features,1,0.000239,0.0393
satimage,4,scale,DR-M2,features,1,0.365514,0.0259
satimage,4,scale,DR-M3,features,1,0.0,0.0528
satimage,4,scale,DR-M4,features,1,0.193687,0.319
satimage,4,scale,DR-M5,features,0,0.063943,0.0177
satimage,4,scale,DR-M6,features,1,0.432069,0.1415
satimage,4,scale,DR-M7,features,0,0.178044,0.0354
satimage,4,scale,DR-M8,errors,0,0.012,0.0001
satimage,4,scale,DR-M10,joint,0,0.003393,0.185
satimage,4,scale,DR-M12,features,0,0.001423,0.0162
satimage,4,scale,DR-M13,features,1,0.0,0.0143
satimage,4,scale,DR-M14,joint,0,0.037813,0.1624
satimage,4,scale,DR-C1,errors,0,,0.0007
satimage,4,scale,DR-C2,errors,0,,0.0004
satimage,4,scale,DR-C3,errors,0,,0.0009
satimage,4,scale,DR-C4,errors,0,,0.0046
satimage,4,scale,DR-C5,errors,0,,0.5847
satimage,4,scale,DR-C6,errors,0,,0.0128
satimage,4,scale,DR-C7,errors,0,,0.0064
satimage,4,scale,DR-C9,errors,0,,0.0005
satimage,4,scale,DR-MV1,joint,0,39.208239,0.0011
satimage,4,scale,DR-MV2,joint,0,0.052,0.0073
satimage,4,scale,DR-CV1,joint,1,0.8948,1.4245
satimage,4,correlation,DR-M1,features,0,0.348152,0.0408
satimage,4,correlation,DR-M2,features,0,0.108616,0.0141
satimage,4,correlation,DR-M3,features,0,0.039448,0.0482
satimage,4,correlation,DR-M4,features,0,0.055211,0.2894
satimage,4,correlation,DR-M5,features,0,0.019416,0.0154
satimage,4,correlation,DR-M6,features,0,0.087339,0.1385
satimage,4,correlation,DR-M7,features,0,0.459149,0.0347
satimage,4,correlation,DR-M8,errors,1,0.032,0.0001
satimage,4,correlation,DR-M10,joint,0,0.005858,0.181
satimage,4,correlation,DR-M12,features,0,0.441199,0.0171
satimage,4,correlation,DR-M13,features,0,0.25,0.0199
satimage,4,correlation,DR-M14,joint,0,0.051615,0.196
satimage,4,correlation,DR-C1,errors,0,,0.0007
satimage,4,correlation,DR-C2,errors,0,,0.0004
satimage,4,correlation,DR-C3,errors,0,,0.0007
satimage,4,correlation,DR-C4,errors,0,,0.0003
satimage,4,correlation,DR-C5,errors,0,,0.5605
satimage,4,correlation,DR-C6,errors,0,,0.0184
satimage,4,correlation,DR-C7,errors,0,,0.0113
satimage,4,correlation,DR-C9,errors,0,,0.0005
satimage,4,correlation,DR-MV1,joint,0,35.175567,0.0052
satimage,4,correlation,DR-MV2,joint,0,0.064,0.0033
satimage,4,correlation,DR-CV1,joint,1,0.87984,1.448
satimage,4,selection,DR-M1,features,1,6e-06,0.0482
satimage,4,selection,DR-M2,features,0,0.232838,0.0184
satimage,4,selection,DR-M3,features,1,4.3e-05,0.0479
satimage,4,selection,DR-M4,features,1,0.123119,0.3004
satimage,4,selection,DR-M5,features,0,0.041158,0.0224
satimage,4,selection,DR-M6,features,1,0.407264,0.142
satimage,4,selection,DR-M7,features,1,0.0,0.0352
satimage,4,selection,DR-M8,errors,0,0.012,0.0001
satimage,4,selection,DR-M10,joint,1,0.023579,0.182
satimage,4,selection,DR-M12,features,1,1e-06,0.0208
satimage,4,selection,DR-M13,features,1,0.0,0.0171
satimage,4,selection,DR-M14,joint,1,0.293367,0.1657
satimage,4,selection,DR-C1,errors,0,,0.0008
satimage,4,selection,DR-C2,errors,0,,0.0003
satimage,4,selection,DR-C3,errors,0,,0.0006
satimage,4,selection,DR-C4,errors,0,,0.0003
satimage,4,selection,DR-C5,errors,0,,0.5924
satimage,4,selection,DR-C6,errors,0,,0.0124
satimage,4,selection,DR-C7,errors,0,,0.0101
satimage,4,selection,DR-C9,errors,0,,0.0004
satimage,4,selection,DR-MV1,joint,0,50.992056,0.0009
satimage,4,selection,DR-MV2,joint,0,0.036,0.007
satimage,4,selection,DR-CV1,joint,0,0.52972,1.5108
satimage,4,label_shift,DR-M1,features,0,0.069718,0.0433
satimage,4,label_shift,DR-M2,features,0,0.111584,0.0121
satimage,4,label_shift,DR-M3,features,0,0.046479,0.0553
satimage,4,label_shift,DR-M4,features,0,0.059273,0.3168
satimage,4,label_shift,DR-M5,features,0,0.019823,0.0213
satimage,4,label_shift,DR-M6,features,0,0.167084,0.1505
satimage,4,label_shift,DR-M7,features,0,0.03308,0.044
satimage,4,label_shift,DR-M8,errors,0,0.012,0.0001
satimage,4,label_shift,DR-M10,joint,0,0.004864,0.182
satimage,4,label_shift,DR-M12,features,0,0.035714,0.0187
satimage,4,label_shift,DR-M13,features,0,0.034967,0.0208
satimage,4,label_shift,DR-M14,joint,0,0.059861,0.1661
satimage,4,label_shift,DR-C1,errors,0,,0.0011
satimage,4,label_shift,DR-C2,errors,1,219.0,0.0006
satimage,4,label_shift,DR-C3,errors,0,,0.0011
satimage,4,label_shift,DR-C4,errors,0,,0.0006
satimage,4,label_shift,DR-C5,errors,0,,0.6575
satimage,4,label_shift,DR-C6,errors,0,,0.0175
satimage,4,label_shift,DR-C7,errors,0,,0.006
satimage,4,label_shift,DR-C9,errors,0,,0.0005
satimage,4,label_shift,DR-MV1,joint,1,54.68962,0.0053
satimage,4,label_shift,DR-MV2,joint,0,0.068,0.0032
satimage,4,label_shift,DR-CV1,joint,0,0.51308,1.5771
satimage,4,concept,DR-M1,features,0,0.079609,0.0425
satimage,4,concept,DR-M2,features,0,0.155806,0.0164
satimage,4,concept,DR-M3,features,0,0.003028,0.0698
satimage,4,concept,DR-M4,features,0,0.084288,0.3735
satimage,4,concept,DR-M5,features,0,0.027721,0.0165
satimage,4,concept,DR-M6,features,0,0.136065,0.1607
satimage,4,concept,DR-M7,features,0,0.128295,0.0358
satimage,4,concept,DR-M8,errors,1,0.052,0.0001
satimage,4,concept,DR-M10,joint,0,0.002089,0.2285
satimage,4,concept,DR-M12,features,0,0.088308,0.0203
satimage,4,concept,DR-M13,features,0,0.14789,0.0247
satimage,4,concept,DR-M14,joint,0,0.038,0.1764
satimage,4,concept,DR-C1,errors,0,,0.0008
satimage,4,concept,DR-C2,errors,1,121.0,0.0046
satimage,4,concept,DR-C3,errors,0,,0.0007
satimage,4,concept,DR-C4,errors,0,,0.0003
satimage,4,concept,DR-C5,errors,0,,0.6025
satimage,4,concept,DR-C6,errors,0,,0.0161
satimage,4,concept,DR-C7,errors,0,,0.015
satimage,4,concept,DR-C9,errors,0,,0.005
satimage,4,concept,DR-MV1,joint,0,28.985713,0.0012
satimage,4,concept,DR-MV2,joint,0,0.072,0.0032
satimage,4,concept,DR-CV1,joint,0,0.53172,1.5386
segmentation,0,none,DR-M1,features,0,0.069718,0.0187
segmentation,0,none,DR-M2,features,0,0.109191,0.0106
segmentation,0,none,DR-M3,features,0,0.048956,0.0283
segmentation,0,none,DR-M4,features,0,0.057395,0.155
segmentation,0,none,DR-M5,features,0,0.019402,0.0055
segmentation,0,none,DR-M6,features,0,0.148968,0.0728
segmentation,0,none,DR-M7,features,0,0.09489,0.0201
segmentation,0,none,DR-M8,errors,1,0.016,0.0
segmentation,0,none,DR-M10,joint,0,0.002605,0.1965
segmentation,0,none,DR-M12,features,0,0.029261,0.1374
segmentation,0,none,DR-M13,features,0,0.035798,0.0118
segmentation,0,none,DR-M14,joint,0,0.023159,0.164
segmentation,0,none,DR-C1,errors,1,17.0,0.0006
segmentation,0,none,DR-C2,errors,0,,0.0003
segmentation,0,none,DR-C3,errors,0,,0.0006
segmentation,0,none,DR-C4,errors,0,,0.0004
segmentation,0,none,DR-C5,errors,0,,0.6889
segmentation,0,none,DR-C6,errors,0,,0.0348
segmentation,0,none,DR-C7,errors,0,,0.0124
segmentation,0,none,DR-C9,errors,0,,0.0005
segmentation,0,none,DR-MV1,joint,0,19.043382,0.0008
segmentation,0,none,DR-MV2,joint,0,0.044,0.0054
segmentation,0,none,DR-CV1,joint,0,0.49764,1.5051
segmentation,0,shift,DR-M1,features,1,0.0,0.014
segmentation,0,shift,DR-M2,features,1,3.922118,0.0049
segmentation,0,shift,DR-M3,features,1,0.0,0.0167
segmentation,0,shift,DR-M4,features,1,2.785816,0.0951
segmentation,0,shift,DR-M5,features,1,0.417728,0.0056
segmentation,0,shift,DR-M6,features,0,0.314844,0.0486
segmentation,0,shift,DR-M7,features,1,5.5e-05,0.0114
segmentation,0,shift,DR-M8,errors,1,0.024,0.0001
segmentation,0,shift,DR-M10,joint,0,0.004948,0.1149
segmentation,0,shift,DR-M12,features,1,0.0,0.1132
segmentation,0,shift,DR-M13,features,1,0.0,0.0099
segmentation,0,shift,DR-M14,joint,0,0.043367,0.1015
segmentation,0,shift,DR-C1,errors,1,28.0,0.0005
segmentation,0,shift,DR-C2,errors,0,,0.0003
segmentation,0,shift,DR-C3,errors,0,,0.0006
segmentation,0,shift,DR-C4,errors,0,,0.0003
segmentation,0,shift,DR-C5,errors,0,,0.3914
segmentation,0,shift,DR-C6,errors,0,,0.025
segmentation,0,shift,DR-C7,errors,0,,0.0083
segmentation,0,shift,DR-C9,errors,0,,0.0005
segmentation,0,shift,DR-MV1,joint,1,104.985604,0.001
segmentation,0,shift,DR-MV2,joint,0,0.028,0.0029
segmentation,0,shift,DR-CV1,joint,1,0.98552,1.0976
segmentation,0,scale,DR-M1,features,0,0.004835,0.015
segmentation,0,scale,DR-M2,features,0,0.116464,0.0077
segmentation,0,scale,DR-M3,features,0,0.020697,0.0162
segmentation,0,scale,DR-M4,features,0,0.056472,0.1056
segmentation,0,scale,DR-M5,features,0,0.020699,0.0057
segmentation,0,scale,DR-M6,features,0,0.227325,0.0496
segmentation,0,scale,DR-M7,features,0,0.090521,0.0126
segmentation,0,scale,DR-M8,errors,0,0.004,0.0001
segmentation,0,scale,DR-M10,joint,0,0.003178,0.1163
segmentation,0,scale,DR-M12,features,0,0.035154,0.139
segmentation,0,scale,DR-M13,features,1,0.0,0.007
segmentation,0,scale,DR-M14,joint,0,0.028283,0.1154
segmentation,0,scale,DR-C1,errors,0,,0.0008
segmentation,0,scale,DR-C2,errors,0,,0.0003
segmentation,0,scale,DR-C3,errors,0,,0.0008
segmentation,0,scale,DR-C4,errors,0,,0.0004
segmentation,0,scale,DR-C5,errors,0,,0.4057
segmentation,0,scale,DR-C6,errors,0,,0.0289
segmentation,0,scale,DR-C7,errors,0,,0.011
segmentation,0,scale,DR-C9,errors,0,,0.0005
segmentation,0,scale,DR-MV1,joint,1,37.40699,0.0009
segmentation,0,scale,DR-MV2,joint,0,0.048,0.0025
segmentation,0,scale,DR-CV1,joint,1,0.79078,1.2249
segmentation,0,correlation,DR-M1,features,0,0.286206,0.0219
segmentation,0,correlation,DR-M2,features,0,0.10739,0.0135
segmentation,0,correlation,DR-M3,features,0,0.053797,0.0364
segmentation,0,correlation,DR-M4,features,0,0.056549,0.1509
segmentation,0,correlation,DR-M5,features,0,0.019094,0.0053
segmentation,0,correlation,DR-M6,features,0,0.117823,0.0729
segmentation,0,correlation,DR-M7,features,0,0.172906,0.0201
segmentation,0,correlation,DR-M8,errors,1,0.036,0.0001
segmentation,0,correlation,DR-M10,joint,1,0.010675,0.1703
segmentation,0,correlation,DR-M12,features,0,0.163918,0.123
segmentation,0,correlation,DR-M13,features,0,0.113628,0.0107
segmentation,0,correlation,DR-M14,joint,1,0.063293,0.1572
segmentation,0,correlation,DR-C1,errors,1,13.0,0.0006
segmentation,0,correlation,DR-C2,errors,0,,0.0003
segmentation,0,correlation,DR-C3,errors,0,,0.0006
segmentation,0,correlation,DR-C4,errors,0,,0.0003
segmentation,0,correlation,DR-C5,errors,0,,0.5789
segmentation,0,correlation,DR-C6,errors,0,,0.0289
segmentation,0,correlation,DR-C7,errors,0,,0.0165
segmentation,0,correlation,DR-C9,errors,0,,0.001
segmentation,0,correlation,DR-MV1,joint,0,9.782206,0.0012
segmentation,0,correlation,DR-MV2,joint,1,0.168,0.0037
segmentation,0,correlation,DR-CV1,joint,1,0.89466,1.5077
segmentation,0,selection,DR-M1,features,1,0.0,0.0401
segmentation,0,selection,DR-M2,features,1,0.268566,0.0094
segmentation,0,selection,DR-M3,features,1,1e-06,0.0506
segmentation,0,selection,DR-M4,features,1,0.122985,0.2181
segmentation,0,selection,DR-M5,features,0,0.046947,0.0182
segmentation,0,selection,DR-M6,features,1,0.558766,0.1345
segmentation,0,selection,DR-M7,features,1,0.0,0.0189
segmentation,0,selection,DR-M8,errors,0,-0.004,0.0001
segmentation,0,selection,DR-M10,joint,1,0.025015,0.1652
segmentation,0,selection,DR-M12,features,1,0.0,0.1219
segmentation,0,selection,DR-M13,features,1,0.0,0.0134
segmentation,0,selection,DR-M14,joint,1,0.18552,0.152
segmentation,0,selection,DR-C1,errors,1,106.0,0.0053
segmentation,0,selection,DR-C2,errors,0,,0.0006
segmentation,0,selection,DR-C3,errors,0,,0.0012
segmentation,0,selection,DR-C4,errors,0,,0.0007
segmentation,0,selection,DR-C5,errors,0,,0.6441
segmentation,0,selection,DR-C6,errors,0,,0.0289
segmentation,0,selection,DR-C7,errors,0,,0.0125
segmentation,0,selection,DR-C9,errors,0,,0.0005
segmentation,0,selection,DR-MV1,joint,1,61.777899,0.0009
segmentation,0,selection,DR-MV2,joint,0,0.024,0.0027
segmentation,0,selection,DR-CV1,joint,0,0.55426,1.3907
segmentation,0,label_shift,DR-M1,features,0,0.069718,0.0381
segmentation,0,label_shift,DR-M2,features,0,0.1312,0.0107
segmentation,0,label_shift,DR-M3,features,0,0.015639,0.0424
segmentation,0,label_shift,DR-M4,features,0,0.068653,0.2296
segmentation,0,label_shift,DR-M5,features,0,0.023196,0.0336
segmentation,0,label_shift,DR-M6,features,0,0.122786,0.0938
segmentation,0,label_shift,DR-M7,features,0,0.114161,0.0177
segmentation,0,label_shift,DR-M8,errors,1,0.012,0.0001
segmentation,0,label_shift,DR-M10,joint,0,0.00321,0.1844
segmentation,0,label_shift,DR-M12,features,0,0.063836,0.17
segmentation,0,label_shift,DR-M13,features,0,0.051664,0.0129
segmentation,0,label_shift,DR-M14,joint,0,0.028282,0.14
segmentation,0,label_shift,DR-C1,errors,1,218.0,0.0011
segmentation,0,label_shift,DR-C2,errors,0,,0.0006
segmentation,0,label_shift,DR-C3,errors,0,,0.0008
segmentation,0,label_shift,DR-C4,errors,0,,0.0003
segmentation,0,label_shift,DR-C5,errors,0,,0.5568
segmentation,0,label_shift,DR-C6,errors,0,,0.0205
segmentation,0,label_shift,DR-C7,errors,0,,0.0117
segmentation,0,label_shift,DR-C9,errors,0,,0.0005
segmentation,0,label_shift,DR-MV1,joint,0,17.219078,0.001
segmentation,0,label_shift,DR-MV2,joint,0,0.04,0.0027
segmentation,0,label_shift,DR-CV1,joint,0,0.5459,1.4335
segmentation,0,concept,DR-M1,features,0,0.382227,0.0243
segmentation,0,concept,DR-M2,features,0,0.104621,0.0053
segmentation,0,concept,DR-M3,features,0,0.050548,0.0409
segmentation,0,concept,DR-M4,features,0,0.053364,0.1348
segmentation,0,concept,DR-M5,features,0,0.018685,0.0095
segmentation,0,concept,DR-M6,features,0,0.094735,0.0708
segmentation,0,concept,DR-M7,features,0,0.290226,0.0177
segmentation,0,concept,DR-M8,errors,1,0.14,0.0001
segmentation,0,concept,DR-M10,joint,0,0.00311,0.1525
segmentation,0,concept,DR-M12,features,0,0.340696,0.1276
segmentation,0,concept,DR-M13,features,0,0.25,0.0129
segmentation,0,concept,DR-M14,joint,0,0.024582,0.1328
segmentation,0,concept,DR-C1,errors,1,7.0,0.0005
segmentation,0,concept,DR-C2,errors,1,136.0,0.0003
segmentation,0,concept,DR-C3,errors,0,,0.0006
segmentation,0,concept,DR-C4,errors,1,203.0,0.0003
segmentation,0,concept,DR-C5,errors,0,,0.5053
segmentation,0,concept,DR-C6,errors,0,,0.021
segmentation,0,concept,DR-C7,errors,0,,0.0071
segmentation,0,concept,DR-C9,errors,0,,0.0004
segmentation,0,concept,DR-MV1,joint,0,9.936887,0.0008
segmentation,0,concept,DR-MV2,joint,0,0.04,0.0025
segmentation,0,concept,DR-CV1,joint,0,0.5214,1.3537
segmentation,1,none,DR-M1,features,0,0.537142,0.0174
segmentation,1,none,DR-M2,features,0,0.084523,0.0054
segmentation,1,none,DR-M3,features,0,0.141492,0.0239
segmentation,1,none,DR-M4,features,0,0.043663,0.1284
segmentation,1,none,DR-M5,features,0,0.015123,0.01
segmentation,1,none,DR-M6,features,0,0.090998,0.067
segmentation,1,none,DR-M7,features,0,0.2753,0.0157
segmentation,1,none,DR-M8,errors,0,0.0,0.0001
segmentation,1,none,DR-M10,joint,0,0.001666,0.1564
segmentation,1,none,DR-M12,features,0,0.475284,0.1066
segmentation,1,none,DR-M13,features,0,0.25,0.0104
segmentation,1,none,DR-M14,joint,0,0.015035,0.1442
segmentation,1,none,DR-C1,errors,0,,0.0008
segmentation,1,none,DR-C2,errors,0,,0.0023
segmentation,1,none,DR-C3,errors,0,,0.0007
segmentation,1,none,DR-C4,errors,0,,0.0003
segmentation,1,none,DR-C5,errors,0,,0.5148
segmentation,1,none,DR-C6,errors,0,,0.0262
segmentation,1,none,DR-C7,errors,0,,0.0126
segmentation,1,none,DR-C9,errors,0,,0.0005
segmentation,1,none,DR-MV1,joint,0,6.326376,0.0008
segmentation,1,none,DR-MV2,joint,0,0.06,0.0026
segmentation,1,none,DR-CV1,joint,0,0.46888,1.3071
segmentation,1,shift,DR-M1,features,1,0.000153,0.0181
segmentation,1,shift,DR-M2,features,1,0.253795,0.0094
segmentation,1,shift,DR-M3,features,1,3.8e-05,0.021
segmentation,1,shift,DR-M4,features,1,0.140495,0.1687
segmentation,1,shift,DR-M5,features,0,0.043342,0.0104
segmentation,1,shift,DR-M6,features,0,0.380682,0.0727
segmentation,1,shift,DR-M7,features,1,2e-06,0.0207
segmentation,1,shift,DR-M8,errors,0,-0.008,0.0001
segmentation,1,shift,DR-M10,joint,1,0.007498,0.1331
segmentation,1,shift,DR-M12,features,1,1e-05,0.1224
segmentation,1,shift,DR-M13,features,1,0.0,0.011
segmentation,1,shift,DR-M14,joint,0,0.060931,0.1395
segmentation,1,shift,DR-C1,errors,0,,0.0008
segmentation,1,shift,DR-C2,errors,0,,0.0003
segmentation,1,shift,DR-C3,errors,0,,0.0006
segmentation,1,shift,DR-C4,errors,0,,0.0003
segmentation,1,shift,DR-C5,errors,0,,0.5683
segmentation,1,shift,DR-C6,errors,0,,0.0362
segmentation,1,shift,DR-C7,errors,0,,0.0129
segmentation,1,shift,DR-C9,errors,0,,0.0005
segmentation,1,shift,DR-MV1,joint,1,3015.183204,0.0009
segmentation,1,shift,DR-MV2,joint,0,0.072,0.0067
segmentation,1,shift,DR-CV1,joint,1,0.92636,1.6629
segmentation,1,scale,DR-M1,features,0,0.005781,0.0236
segmentation,1,scale,DR-M2,features,1,0.2618,0.0122
segmentation,1,scale,DR-M3,features,1,4e-06,0.0355
segmentation,1,scale,DR-M4,features,1,0.134926,0.1789
segmentation,1,scale,DR-M5,features,0,0.046381,0.0094
segmentation,1,scale,DR-M6,features,0,0.420191,0.0717
segmentation,1,scale,DR-M7,features,0,0.065409,0.0173
segmentation,1,scale,DR-M8,errors,0,-0.004,0.0001
segmentation,1,scale,DR-M10,joint,0,0.004623,0.2088
segmentation,1,scale,DR-M12,features,1,0.001235,0.1426
segmentation,1,scale,DR-M13,features,1,0.0,0.0112
segmentation,1,scale,DR-M14,joint,0,0.033758,0.1783
segmentation,1,scale,DR-C1,errors,0,,0.0008
segmentation,1,scale,DR-C2,errors,0,,0.0003
segmentation,1,scale,DR-C3,errors,0,,0.0006
segmentation,1,scale,DR-C4,errors,0,,0.0003
segmentation,1,scale,DR-C5,errors,0,,0.6436
segmentation,1,scale,DR-C6,errors,0,,0.0364
segmentation,1,scale,DR-C7,errors,0,,0.0128
segmentation,1,scale,DR-C9,errors,0,,0.0005
segmentation,1,scale,DR-MV1,joint,1,280.004009,0.0023
segmentation,1,scale,DR-MV2,joint,0,0.06,0.0031
segmentation,1,scale,DR-CV1,joint,1,0.89184,1.6853
segmentation,1,correlation,DR-M1,features,0,0.116626,0.02
segmentation,1,correlation,DR-M2,features,0,0.13925,0.0096
segmentation,1,correlation,DR-M3,features,0,0.007668,0.0257
segmentation,1,correlation,DR-M4,features,0,0.071051,0.1416
segmentation,1,correlation,DR-M5,features,0,0.02482,0.0108
segmentation,1,correlation,DR-M6,features,0,0.178918,0.1032
segmentation,1,correlation,DR-M7,features,0,0.031561,0.0176
segmentation,1,correlation,DR-M8,errors,1,0.04,0.0001
segmentation,1,correlation,DR-M10,joint,1,0.016231,0.1586
segmentation,1,correlation,DR-M12,features,0,0.089187,0.1085
segmentation,1,correlation,DR-M13,features,0,0.069776,0.0069
segmentation,1,correlation,DR-M14,joint,1,0.091531,0.1902
segmentation,1,correlation,DR-C1,errors,0,,0.0008
segmentation,1,correlation,DR-C2,errors,0,,0.0003
segmentation,1,correlation,DR-C3,errors,0,,0.0006
segmentation,1,correlation,DR-C4,errors,0,,0.0003
segmentation,1,correlation,DR-C5,errors,0,,0.6886
segmentation,1,correlation,DR-C6,errors,0,,0.0266
segmentation,1,correlation,DR-C7,errors,0,,0.0069
segmentation,1,correlation,DR-C9,errors,0,,0.0005
segmentation,1,correlation,DR-MV1,joint,0,17.332416,0.0008
segmentation,1,correlation,DR-MV2,joint,1,0.144,0.0067
segmentation,1,correlation,DR-CV1,joint,1,0.87164,1.4297
segmentation,1,selection,DR-M1,features,1,0.0,0.0243
segmentation,1,selection,DR-M2,features,1,0.356003,0.006
segmentation,1,selection,DR-M3,features,1,0.0,0.0254
segmentation,1,selection,DR-M4,features,1,0.166371,0.1501
segmentation,1,selection,DR-M5,features,0,0.061681,0.0099
segmentation,1,selection,DR-M6,features,1,0.662532,0.086
segmentation,1,selection,DR-M7,features,1,0.0,0.0159
segmentation,1,selection,DR-M8,errors,0,-0.008,0.0001
segmentation,1,selection,DR-M10,joint,1,0.039031,0.1725
segmentation,1,selection,DR-M12,features,1,0.0,0.1235
segmentation,1,selection,DR-M13,features,1,0.0,0.0164
segmentation,1,selection,DR-M14,joint,1,0.306275,0.1925
segmentation,1,selection,DR-C1,errors,0,,0.0009
segmentation,1,selection,DR-C2,errors,0,,0.0003
segmentation,1,selection,DR-C3,errors,0,,0.0006
segmentation,1,selection,DR-C4,errors,0,,0.0003
segmentation,1,selection,DR-C5,errors,0,,0.5408
segmentation,1,selection,DR-C6,errors,0,,0.0275
segmentation,1,selection,DR-C7,errors,0,,0.0087
segmentation,1,selection,DR-C9,errors,0,,0.0004
segmentation,1,selection,DR-MV1,joint,1,89.074406,0.0009
segmentation,1,selection,DR-MV2,joint,0,0.036,0.0025
segmentation,1,selection,DR-CV1,joint,0,0.59756,1.3957
segmentation,1,label_shift,DR-M1,features,0,0.034488,0.0216
segmentation,1,label_shift,DR-M2,features,0,0.139697,0.0048
segmentation,1,label_shift,DR-M3,features,0,0.014544,0.0202
segmentation,1,label_shift,DR-M4,features,0,0.075956,0.1488
segmentation,1,label_shift,DR-M5,features,0,0.02441,0.0138
segmentation,1,label_shift,DR-M6,features,0,0.215321,0.0976
segmentation,1,label_shift,DR-M7,features,0,0.003049,0.0156
segmentation,1,label_shift,DR-M8,errors,0,0.0,0.0001
segmentation,1,label_shift,DR-M10,joint,0,0.007253,0.1701
segmentation,1,label_shift,DR-M12,features,0,0.0092,0.1176
segmentation,1,label_shift,DR-M13,features,0,0.008118,0.0175
segmentation,1,label_shift,DR-M14,joint,0,0.051608,0.1561
segmentation,1,label_shift,DR-C1,errors,0,,0.0009
segmentation,1,label_shift,DR-C2,errors,0,,0.0003
segmentation,1,label_shift,DR-C3,errors,0,,0.0006
segmentation,1,label_shift,DR-C4,errors,0,,0.0003
segmentation,1,label_shift,DR-C5,errors,0,,0.6327
segmentation,1,label_shift,DR-C6,errors,0,,0.0479
segmentation,1,label_shift,DR-C7,errors,0,,0.0079
segmentation,1,label_shift,DR-C9,errors,0,,0.0005
segmentation,1,label_shift,DR-MV1,joint,1,29.075904,0.0009
segmentation,1,label_shift,DR-MV2,joint,0,0.052,0.0069
segmentation,1,label_shift,DR-CV1,joint,0,0.50082,1.6548
segmentation,1,concept,DR-M1,features,0,0.018708,0.0235
segmentation,1,concept,DR-M2,features,0,0.134713,0.0057
segmentation,1,concept,DR-M3,features,0,0.009858,0.0265
segmentation,1,concept,DR-M4,features,0,0.068686,0.1472
segmentation,1,concept,DR-M5,features,0,0.024018,0.0116
segmentation,1,concept,DR-M6,features,0,0.163954,0.0732
segmentation,1,concept,DR-M7,features,0,0.030676,0.0171
segmentation,1,concept,DR-M8,errors,1,0.156,0.0001
segmentation,1,concept,DR-M10,joint,0,0.004518,0.165
segmentation,1,concept,DR-M12,features,0,0.02333,0.1102
segmentation,1,concept,DR-M13,features,0,0.020332,0.0081
segmentation,1,concept,DR-M14,joint,0,0.040073,0.1364
segmentation,1,concept,DR-C1,errors,1,76.0,0.0006
segmentation,1,concept,DR-C2,errors,1,118.0,0.0003
segmentation,1,concept,DR-C3,errors,0,,0.0006
segmentation,1,concept,DR-C4,errors,1,171.0,0.0003
segmentation,1,concept,DR-C5,errors,0,,0.7337
segmentation,1,concept,DR-C6,errors,1,179.0,0.0191
segmentation,1,concept,DR-C7,errors,0,,0.0115
segmentation,1,concept,DR-C9,errors,0,,0.0005
segmentation,1,concept,DR-MV1,joint,0,11.873893,0.005
segmentation,1,concept,DR-MV2,joint,0,0.044,0.0029
segmentation,1,concept,DR-CV1,joint,0,0.49742,1.5357
segmentation,2,none,DR-M1,features,0,0.06089,0.0232
segmentation,2,none,DR-M2,features,0,0.09367,0.0091
segmentation,2,none,DR-M3,features,0,0.09333,0.0203
segmentation,2,none,DR-M4,features,0,0.048465,0.1368
segmentation,2,none,DR-M5,features,0,0.016748,0.0059
segmentation,2,none,DR-M6,features,0,0.269973,0.0907
segmentation,2,none,DR-M7,features,0,0.058454,0.0216
segmentation,2,none,DR-M8,errors,0,-0.002,0.0001
segmentation,2,none,DR-M10,joint,0,0.002875,0.1979
segmentation,2,none,DR-M12,features,0,0.063252,0.1077
segmentation,2,none,DR-M13,features,0,0.065228,0.0114
segmentation,2,none,DR-M14,joint,0,0.028995,0.1744
segmentation,2,none,DR-C1,errors,0,,0.001
segmentation,2,none,DR-C2,errors,0,,0.0004
segmentation,2,none,DR-C3,errors,0,,0.0011
segmentation,2,none,DR-C4,errors,0,,0.0006
segmentation,2,none,DR-C5,errors,0,,0.5833
segmentation,2,none,DR-C6,errors,0,,0.028
segmentation,2,none,DR-C7,errors,0,,0.0111
segmentation,2,none,DR-C9,errors,0,,0.0005
segmentation,2,none,DR-MV1,joint,1,48.091002,0.0009
segmentation,2,none,DR-MV2,joint,0,0.052,0.0026
segmentation,2,none,DR-CV1,joint,0,0.47988,1.673
segmentation,2,shift,DR-M1,features,1,0.0,0.0184
segmentation,2,shift,DR-M2,features,1,2.246078,0.0052
segmentation,2,shift,DR-M3,features,1,0.0,0.0241
segmentation,2,shift,DR-M4,features,1,1.844426,0.1561
segmentation,2,shift,DR-M5,features,1,0.182916,0.0111
segmentation,2,shift,DR-M6,features,0,0.328478,0.0764
segmentation,2,shift,DR-M7,features,0,0.010691,0.0254
segmentation,2,shift,DR-M8,errors,1,0.01,0.0001
segmentation,2,shift,DR-M10,joint,0,0.005663,0.201
segmentation,2,shift,DR-M12,features,1,0.0,0.1061
segmentation,2,shift,DR-M13,features,1,0.0,0.0112
segmentation,2,shift,DR-M14,joint,0,0.048083,0.1558
segmentation,2,shift,DR-C1,errors,0,,0.005
segmentation,2,shift,DR-C2,errors,0,,0.0023
segmentation,2,shift,DR-C3,errors,0,,0.0007
segmentation,2,shift,DR-C4,errors,0,,0.0003
segmentation,2,shift,DR-C5,errors,0,,0.669
segmentation,2,shift,DR-C6,errors,0,,0.0393
segmentation,2,shift,DR-C7,errors,0,,0.0119
segmentation,2,shift,DR-C9,errors,0,,0.0005
segmentation,2,shift,DR-MV1,joint,1,11192.600553,0.0009
segmentation,2,shift,DR-MV2,joint,0,0.04,0.0072
segmentation,2,shift,DR-CV1,joint,1,0.99156,1.5325
segmentation,2,scale,DR-M1,features,1,0.0,0.0202
segmentation,2,scale,DR-M2,features,1,0.31793,0.006
segmentation,2,scale,DR-M3,features,1,0.0,0.0252
segmentation,2,scale,DR-M4,features,1,0.1531,0.1376
segmentation,2,scale,DR-M5,features,0,0.055886,0.0109
segmentation,2,scale,DR-M6,features,0,0.290931,0.0749
segmentation,2,scale,DR-M7,features,0,,0.0136
segmentation,2,scale,DR-M8,errors,1,0.026,0.0001
segmentation,2,scale,DR-M10,joint,0,0.004228,0.1577
segmentation,2,scale,DR-M12,features,1,0.00028,0.1173
segmentation,2,scale,DR-M13,features,1,0.0,0.015
segmentation,2,scale,DR-M14,joint,0,0.032787,0.1745
segmentation,2,scale,DR-C1,errors,0,,0.0007
segmentation,2,scale,DR-C2,errors,0,,0.0003
segmentation,2,scale,DR-C3,errors,0,,0.0006
segmentation,2,scale,DR-C4,errors,0,,0.0003
segmentation,2,scale,DR-C5,errors,0,,0.7001
segmentation,2,scale,DR-C6,errors,0,,0.0321
segmentation,2,scale,DR-C7,errors,0,,0.0121
segmentation,2,scale,DR-C9,errors,0,,0.0046
segmentation,2,scale,DR-MV1,joint,1,3389.309662,0.0009
segmentation,2,scale,DR-MV2,joint,0,0.028,0.0029
segmentation,2,scale,DR-CV1,joint,1,0.95644,1.642
segmentation,2,correlation,DR-M1,features,0,0.13174,0.0229
segmentation,2,correlation,DR-M2,features,0,0.100762,0.0111
segmentation,2,correlation,DR-M3,features,0,0.064555,0.026
segmentation,2,correlation,DR-M4,features,0,0.051936,0.1512
segmentation,2,correlation,DR-M5,features,0,0.018022,0.0146
segmentation,2,correlation,DR-M6,features,0,0.131936,0.077
segmentation,2,correlation,DR-M7,features,0,0.251685,0.0181
segmentation,2,correlation,DR-M8,errors,1,0.058,0.0001
segmentation,2,correlation,DR-M10,joint,1,0.012603,0.2113
segmentation,2,correlation,DR-M12,features,0,0.306619,0.1203
segmentation,2,correlation,DR-M13,features,0,0.194736,0.0117
segmentation,2,correlation,DR-M14,joint,1,0.071453,0.1822
segmentation,2,correlation,DR-C1,errors,1,89.0,0.004
segmentation,2,correlation,DR-C2,errors,1,175.0,0.0004
segmentation,2,correlation,DR-C3,errors,0,,0.0006
segmentation,2,correlation,DR-C4,errors,0,,0.0004
segmentation,2,correlation,DR-C5,errors,0,,0.6915
segmentation,2,correlation,DR-C6,errors,0,,0.0309
segmentation,2,correlation,DR-C7,errors,0,,0.0121
segmentation,2,correlation,DR-C9,errors,0,,0.0046
segmentation,2,correlation,DR-MV1,joint,0,12.908163,0.0009
segmentation,2,correlation,DR-MV2,joint,1,0.164,0.0025
segmentation,2,correlation,DR-CV1,joint,1,0.8982,1.5063
segmentation,2,selection,DR-M1,features,1,6.1e-05,0.029
segmentation,2,selection,DR-M2,features,0,0.181836,0.0168
segmentation,2,selection,DR-M3,features,1,0.000511,0.0264
segmentation,2,selection,DR-M4,features,0,0.090244,0.1474
segmentation,2,selection,DR-M5,features,0,0.032048,0.0097
segmentation,2,selection,DR-M6,features,0,0.355417,0.0748
segmentation,2,selection,DR-M7,features,1,2.9e-05,0.0201
segmentation,2,selection,DR-M8,errors,0,-0.006,0.0001
segmentation,2,selection,DR-M10,joint,1,0.022397,0.1852
segmentation,2,selection,DR-M12,features,1,7e-06,0.1163
segmentation,2,selection,DR-M13,features,1,0.0,0.0173
segmentation,2,selection,DR-M14,joint,1,0.194257,0.1773
segmentation,2,selection,DR-C1,errors,0,,0.0008
segmentation,2,selection,DR-C2,errors,0,,0.0003
segmentation,2,selection,DR-C3,errors,0,,0.0006
segmentation,2,selection,DR-C4,errors,0,,0.0004
segmentation,2,selection,DR-C5,errors,0,,0.8203
segmentation,2,selection,DR-C6,errors,0,,0.034
segmentation,2,selection,DR-C7,errors,0,,0.012
segmentation,2,selection,DR-C9,errors,0,,0.0005
segmentation,2,selection,DR-MV1,joint,1,36.596283,0.0009
segmentation,2,selection,DR-MV2,joint,0,0.024,0.0067
segmentation,2,selection,DR-CV1,joint,0,0.51114,1.5854
segmentation,2,label_shift,DR-M1,features,0,0.034488,0.0201
segmentation,2,label_shift,DR-M2,features,0,0.099577,0.0112
segmentation,2,label_shift,DR-M3,features,0,0.099809,0.0334
segmentation,2,label_shift,DR-M4,features,0,0.054976,0.1792
segmentation,2,label_shift,DR-M5,features,0,0.01745,0.0058
segmentation,2,label_shift,DR-M6,features,0,0.38862,0.0779
segmentation,2,label_shift,DR-M7,features,0,0.008819,0.0169
segmentation,2,label_shift,DR-M8,errors,0,-0.014,0.0001
segmentation,2,label_shift,DR-M10,joint,1,0.007614,0.1852
segmentation,2,label_shift,DR-M12,features,0,0.028919,0.1082
segmentation,2,label_shift,DR-M13,features,0,0.03541,0.0177
segmentation,2,label_shift,DR-M14,joint,1,0.069877,0.1722
segmentation,2,label_shift,DR-C1,errors,0,,0.0007
segmentation,2,label_shift,DR-C2,errors,0,,0.0003
segmentation,2,label_shift,DR-C3,errors,0,,0.0007
segmentation,2,label_shift,DR-C4,errors,0,,0.0004
segmentation,2,label_shift,DR-C5,errors,0,,0.6458
segmentation,2,label_shift,DR-C6,errors,0,,0.0358
segmentation,2,label_shift,DR-C7,errors,0,,0.0129
segmentation,2,label_shift,DR-C9,errors,0,,0.0005
segmentation,2,label_shift,DR-MV1,joint,1,68.77951,0.0009
segmentation,2,label_shift,DR-MV2,joint,0,0.052,0.0069
segmentation,2,label_shift,DR-CV1,joint,0,0.5213,1.5765
segmentation,2,concept,DR-M1,features,0,0.13174,0.0171
segmentation,2,concept,DR-M2,features,0,0.120868,0.0094
segmentation,2,concept,DR-M3,features,0,0.026143,0.0255
segmentation,2,concept,DR-M4,features,0,0.063437,0.1507
segmentation,2,concept,DR-M5,features,0,0.021546,0.0057
segmentation,2,concept,DR-M6,features,0,0.220485,0.0946
segmentation,2,concept,DR-M7,features,0,0.041557,0.0265
segmentation,2,concept,DR-M8,errors,1,0.098,0.0001
segmentation,2,concept,DR-M10,joint,0,0.003768,0.1912
segmentation,2,concept,DR-M12,features,0,0.110819,0.1573
segmentation,2,concept,DR-M13,features,0,0.05455,0.0152
segmentation,2,concept,DR-M14,joint,0,0.038467,0.2129
segmentation,2,concept,DR-C1,errors,1,74.0,0.0007
segmentation,2,concept,DR-C2,errors,1,147.0,0.0003
segmentation,2,concept,DR-C3,errors,0,,0.0006
segmentation,2,concept,DR-C4,errors,0,,0.0003
segmentation,2,concept,DR-C5,errors,0,,0.6759
segmentation,2,concept,DR-C6,errors,0,,0.0288
segmentation,2,concept,DR-C7,errors,0,,0.0112
segmentation,2,concept,DR-C9,errors,0,,0.0005
segmentation,2,concept,DR-MV1,joint,1,46.140806,0.001
segmentation,2,concept,DR-MV2,joint,0,0.04,0.0066
segmentation,2,concept,DR-CV1,joint,0,0.48716,2.3387
segmentation,3,none,DR-M1,features,0,0.166732,0.0215
segmentation,3,none,DR-M2,features,0,0.09991,0.0074
segmentation,3,none,DR-M3,features,0,0.099613,0.026
segmentation,3,none,DR-M4,features,0,0.054629,0.1639
segmentation,3,none,DR-M5,features,0,0.017548,0.0101
segmentation,3,none,DR-M6,features,0,0.131133,0.0932
segmentation,3,none,DR-M7,features,0,0.109858,0.0159
segmentation,3,none,DR-M8,errors,1,0.038,0.0001
segmentation,3,none,DR-M10,joint,0,0.002713,0.4312
segmentation,3,none,DR-M12,features,0,0.117598,0.1331
segmentation,3,none,DR-M13,features,0,0.169897,0.0152
segmentation,3,none,DR-M14,joint,0,0.025307,0.2537
segmentation,3,none,DR-C1,errors,1,97.0,0.0007
segmentation,3,none,DR-C2,errors,0,,0.0003
segmentation,3,none,DR-C3,errors,0,,0.0007
segmentation,3,none,DR-C4,errors,0,,0.0003
segmentation,3,none,DR-C5,errors,0,,0.8166
segmentation,3,none,DR-C6,errors,0,,0.0251
segmentation,3,none,DR-C7,errors,0,,0.0119
segmentation,3,none,DR-C9,errors,0,,0.0005
segmentation,3,none,DR-MV1,joint,0,10.146749,0.0008
segmentation,3,none,DR-MV2,joint,0,0.024,0.003
segmentation,3,none,DR-CV1,joint,0,0.5145,1.8242
segmentation,3,shift,DR-M1,features,0,0.004835,0.0213
segmentation,3,shift,DR-M2,features,1,0.343458,0.011
segmentation,3,shift,DR-M3,features,1,0.0,0.0312
segmentation,3,shift,DR-M4,features,1,0.181577,0.3181
segmentation,3,shift,DR-M5,features,0,0.059735,0.2437
segmentation,3,shift,DR-M6,features,0,0.258668,0.4366
segmentation,3,shift,DR-M7,features,1,0.000872,0.0206
segmentation,3,shift,DR-M8,errors,1,0.038,0.0001
segmentation,3,shift,DR-M10,joint,0,0.003183,0.1717
segmentation,3,shift,DR-M12,features,0,0.003792,0.1257
segmentation,3,shift,DR-M13,features,1,0.0,0.0118
segmentation,3,shift,DR-M14,joint,0,0.032391,0.3086
segmentation,3,shift,DR-C1,errors,1,236.0,0.0007
segmentation,3,shift,DR-C2,errors,0,,0.0003
segmentation,3,shift,DR-C3,errors,0,,0.0006
segmentation,3,shift,DR-C4,errors,0,,0.0004
segmentation,3,shift,DR-C5,errors,0,,0.7184
segmentation,3,shift,DR-C6,errors,0,,0.0242
segmentation,3,shift,DR-C7,errors,0,,0.0123
segmentation,3,shift,DR-C9,errors,0,,0.0005
segmentation,3,shift,DR-MV1,joint,1,33.049851,0.001
segmentation,3,shift,DR-MV2,joint,0,0.016,0.0028
segmentation,3,shift,DR-CV1,joint,1,0.72416,1.8144
segmentation,3,scale,DR-M1,features,1,0.001564,0.0197
segmentation,3,scale,DR-M2,features,1,0.434009,0.0109
segmentation,3,scale,DR-M3,features,1,0.0,0.0981
segmentation,3,scale,DR-M4,features,1,0.247856,0.1785
segmentation,3,scale,DR-M5,features,0,0.070047,0.0418
segmentation,3,scale,DR-M6,features,0,0.388407,0.1395
segmentation,3,scale,DR-M7,features,0,0.027947,0.0178
segmentation,3,scale,DR-M8,errors,1,0.022,0.0001
segmentation,3,scale,DR-M10,joint,0,0.002703,0.2865
segmentation,3,scale,DR-M12,features,0,0.002817,0.1477
segmentation,3,scale,DR-M13,features,1,0.0,0.0096
segmentation,3,scale,DR-M14,joint,0,0.026336,0.4022
segmentation,3,scale,DR-C1,errors,0,,0.0209
segmentation,3,scale,DR-C2,errors,0,,0.0004
segmentation,3,scale,DR-C3,errors,0,,0.0006
segmentation,3,scale,DR-C4,errors,0,,0.0003
segmentation,3,scale,DR-C5,errors,0,,2.2319
segmentation,3,scale,DR-C6,errors,0,,0.0284
segmentation,3,scale,DR-C7,errors,0,,0.0185
segmentation,3,scale,DR-C9,errors,0,,0.0005
segmentation,3,scale,DR-MV1,joint,0,7.659584,0.0009
segmentation,3,scale,DR-MV2,joint,0,0.024,0.0043
segmentation,3,scale,DR-CV1,joint,1,0.7106,4.5784
segmentation,3,correlation,DR-M1,features,1,0.001283,0.0216
segmentation,3,correlation,DR-M2,features,0,0.157503,0.456
segmentation,3,correlation,DR-M3,features,1,0.001821,0.1002
segmentation,3,correlation,DR-M4,features,0,0.077062,0.1866
segmentation,3,correlation,DR-M5,features,0,0.028031,0.0112
segmentation,3,correlation,DR-M6,features,0,0.143149,0.16
segmentation,3,correlation,DR-M7,features,0,0.066777,0.0219
segmentation,3,correlation,DR-M8,errors,0,-0.002,0.0001
segmentation,3,correlation,DR-M10,joint,1,0.011697,0.2437
segmentation,3,correlation,DR-M12,features,0,0.011815,0.1301
segmentation,3,correlation,DR-M13,features,0,0.011649,0.0235
segmentation,3,correlation,DR-M14,joint,1,0.069507,0.198
segmentation,3,correlation,DR-C1,errors,0,,0.0008
segmentation,3,correlation,DR-C2,errors,0,,0.0003
segmentation,3,correlation,DR-C3,errors,0,,0.0047
segmentation,3,correlation,DR-C4,errors,0,,0.0004
segmentation,3,correlation,DR-C5,errors,0,,0.8514
segmentation,3,correlation,DR-C6,errors,0,,0.0444
segmentation,3,correlation,DR-C7,errors,0,,0.0194
segmentation,3,correlation,DR-C9,errors,0,,0.0005
segmentation,3,correlation,DR-MV1,joint,0,16.104422,0.0009
segmentation,3,correlation,DR-MV2,joint,1,0.156,0.0055
segmentation,3,correlation,DR-CV1,joint,1,0.8834,2.2424
segmentation,3,selection,DR-M1,features,1,5e-06,0.0315
segmentation,3,selection,DR-M2,features,1,0.336973,0.0132
segmentation,3,selection,DR-M3,features,1,0.0,0.0364
segmentation,3,selection,DR-M4,features,1,0.181023,0.2197
segmentation,3,selection,DR-M5,features,0,0.058055,0.0122
segmentation,3,selection,DR-M6,features,1,0.486446,0.1258
segmentation,3,selection,DR-M7,features,1,0.0,0.0339
segmentation,3,selection,DR-M8,errors,1,0.014,0.0001
segmentation,3,selection,DR-M10,joint,1,0.020083,0.2133
segmentation,3,selection,DR-M12,features,1,0.0,0.1293
segmentation,3,selection,DR-M13,features,1,0.0,0.0164
segmentation,3,selection,DR-M14,joint,1,0.168198,0.2302
segmentation,3,selection,DR-C1,errors,0,,0.0008
segmentation,3,selection,DR-C2,errors,0,,0.0003
segmentation,3,selection,DR-C3,errors,0,,0.0007
segmentation,3,selection,DR-C4,errors,0,,0.0004
segmentation,3,selection,DR-C5,errors,0,,0.826
segmentation,3,selection,DR-C6,errors,0,,0.039
segmentation,3,selection,DR-C7,errors,0,,0.0192
segmentation,3,selection,DR-C9,errors,0,,0.0005
segmentation,3,selection,DR-MV1,joint,1,62.362448,0.0049
segmentation,3,selection,DR-MV2,joint,0,0.02,0.0029
segmentation,3,selection,DR-CV1,joint,0,0.59636,2.133
segmentation,3,label_shift,DR-M1,features,0,0.008196,0.0279
segmentation,3,label_shift,DR-M2,features,0,0.110739,0.0114
segmentation,3,label_shift,DR-M3,features,0,0.032004,0.0294
segmentation,3,label_shift,DR-M4,features,0,0.055014,0.2099
segmentation,3,label_shift,DR-M5,features,0,0.019741,0.0099
segmentation,3,label_shift,DR-M6,features,0,0.179437,0.1243
segmentation,3,label_shift,DR-M7,features,0,0.011222,0.0262
segmentation,3,label_shift,DR-M8,errors,1,0.006,0.0001
segmentation,3,label_shift,DR-M10,joint,0,0.002101,0.2429
segmentation,3,label_shift,DR-M12,features,0,0.018035,0.124
segmentation,3,label_shift,DR-M13,features,0,0.019686,0.0155
segmentation,3,label_shift,DR-M14,joint,0,0.02553,0.2156
segmentation,3,label_shift,DR-C1,errors,0,,0.0008
segmentation,3,label_shift,DR-C2,errors,0,,0.0003
segmentation,3,label_shift,DR-C3,errors,0,,0.0049
segmentation,3,label_shift,DR-C4,errors,0,,0.0004
segmentation,3,label_shift,DR-C5,errors,0,,0.8063
segmentation,3,label_shift,DR-C6,errors,0,,0.0481
segmentation,3,label_shift,DR-C7,errors,0,,0.0156
segmentation,3,label_shift,DR-C9,errors,0,,0.0005
segmentation,3,label_shift,DR-MV1,joint,0,13.686805,0.0051
segmentation,3,label_shift,DR-MV2,joint,0,0.008,0.0064
segmentation,3,label_shift,DR-CV1,joint,0,0.56534,2.2102
segmentation,3,concept,DR-M1,features,0,0.025539,0.0261
segmentation,3,concept,DR-M2,features,0,0.111331,0.0152
segmentation,3,concept,DR-M3,features,0,0.029755,0.0413
segmentation,3,concept,DR-M4,features,0,0.055183,0.2025
segmentation,3,concept,DR-M5,features,0,0.01991,0.0121
segmentation,3,concept,DR-M6,features,0,0.146372,0.1017
segmentation,3,concept,DR-M7,features,0,0.070047,0.024
segmentation,3,concept,DR-M8,errors,1,0.162,0.0001
segmentation,3,concept,DR-M10,joint,0,0.004493,0.2418
segmentation,3,concept,DR-M12,features,0,0.05553,0.1212
segmentation,3,concept,DR-M13,features,0,0.042835,0.0169
segmentation,3,concept,DR-M14,joint,0,0.036865,0.2341
segmentation,3,concept,DR-C1,errors,1,29.0,0.0023
segmentation,3,concept,DR-C2,errors,1,139.0,0.0004
segmentation,3,concept,DR-C3,errors,0,,0.0007
segmentation,3,concept,DR-C4,errors,1,171.0,0.0003
segmentation,3,concept,DR-C5,errors,0,,0.8156
segmentation,3,concept,DR-C6,errors,1,226.0,0.0511
segmentation,3,concept,DR-C7,errors,0,,0.0154
segmentation,3,concept,DR-C9,errors,0,,0.0005
segmentation,3,concept,DR-MV1,joint,0,15.728038,0.0079
segmentation,3,concept,DR-MV2,joint,0,0.028,0.0027
segmentation,3,concept,DR-CV1,joint,0,0.52548,2.0243
segmentation,4,none,DR-M1,features,0,0.053038,0.0259
segmentation,4,none,DR-M2,features,0,0.080497,0.0148
segmentation,4,none,DR-M3,features,0,0.150388,0.0303
segmentation,4,none,DR-M4,features,0,0.040333,0.2163
segmentation,4,none,DR-M5,features,0,0.014426,0.0144
segmentation,4,none,DR-M6,features,0,0.176159,0.1231
segmentation,4,none,DR-M7,features,0,0.023593,0.0255
segmentation,4,none,DR-M8,errors,0,0.002,0.0001
segmentation,4,none,DR-M10,joint,0,0.002971,0.2611
segmentation,4,none,DR-M12,features,0,0.022227,0.1144
segmentation,4,none,DR-M13,features,0,0.030852,0.0162
segmentation,4,none,DR-M14,joint,0,0.030896,0.2309
segmentation,4,none,DR-C1,errors,0,,0.001
segmentation,4,none,DR-C2,errors,0,,0.0003
segmentation,4,none,DR-C3,errors,0,,0.0048
segmentation,4,none,DR-C4,errors,0,,0.0004
segmentation,4,none,DR-C5,errors,0,,0.918
segmentation,4,none,DR-C6,errors,0,,0.0451
segmentation,4,none,DR-C7,errors,0,,0.0186
segmentation,4,none,DR-C9,errors,0,,0.0005
segmentation,4,none,DR-MV1,joint,0,17.699055,0.0009
segmentation,4,none,DR-MV2,joint,1,0.076,0.0091
segmentation,4,none,DR-CV1,joint,0,0.47094,2.3214
segmentation,4,shift,DR-M1,features,1,0.0,0.1312
segmentation,4,shift,DR-M2,features,1,2.299507,0.014
segmentation,4,shift,DR-M3,features,1,0.0,0.0394
segmentation,4,shift,DR-M4,features,1,1.873918,0.2199
segmentation,4,shift,DR-M5,features,1,0.190454,0.014
segmentation,4,shift,DR-M6,features,0,0.360954,0.0972
segmentation,4,shift,DR-M7,features,1,6e-06,0.0241
segmentation,4,shift,DR-M8,errors,1,0.014,0.0001
segmentation,4,shift,DR-M10,joint,0,0.005445,0.2238
segmentation,4,shift,DR-M12,features,1,0.0,0.123
segmentation,4,shift,DR-M13,features,1,0.0,0.0153
segmentation,4,shift,DR-M14,joint,0,0.048833,0.2257
segmentation,4,shift,DR-C1,errors,0,,0.0008
segmentation,4,shift,DR-C2,errors,0,,0.0003
segmentation,4,shift,DR-C3,errors,0,,0.0007
segmentation,4,shift,DR-C4,errors,0,,0.0003
segmentation,4,shift,DR-C5,errors,0,,0.8777
segmentation,4,shift,DR-C6,errors,0,,0.0449
segmentation,4,shift,DR-C7,errors,0,,0.016
segmentation,4,shift,DR-C9,errors,0,,0.0005
segmentation,4,shift,DR-MV1,joint,1,12420.985012,0.0008
segmentation,4,shift,DR-MV2,joint,0,0.06,0.0058
segmentation,4,shift,DR-CV1,joint,1,0.99792,2.2923
segmentation,4,scale,DR-M1,features,1,0.0,0.0307
segmentation,4,scale,DR-M2,features,1,0.436435,0.0095
segmentation,4,scale,DR-M3,features,1,0.0,0.0355
segmentation,4,scale,DR-M4,features,1,0.222399,0.2001
segmentation,4,scale,DR-M5,features,0,0.075653,0.013
segmentation,4,scale,DR-M6,features,0,0.428056,0.1029
segmentation,4,scale,DR-M7,features,0,0.003304,0.0298
segmentation,4,scale,DR-M8,errors,0,-0.018,0.0028
segmentation,4,scale,DR-M10,joint,0,0.005511,0.2773
segmentation,4,scale,DR-M12,features,1,4.5e-05,0.1172
segmentation,4,scale,DR-M13,features,1,0.0,0.0174
segmentation,4,scale,DR-M14,joint,0,0.048023,0.2468
segmentation,4,scale,DR-C1,errors,0,,0.005
segmentation,4,scale,DR-C2,errors,0,,0.0004
segmentation,4,scale,DR-C3,errors,0,,0.0007
segmentation,4,scale,DR-C4,errors,0,,0.0003
segmentation,4,scale,DR-C5,errors,0,,0.8416
segmentation,4,scale,DR-C6,errors,0,,0.0454
segmentation,4,scale,DR-C7,errors,0,,0.0169
segmentation,4,scale,DR-C9,errors,0,,0.0005
segmentation,4,scale,DR-MV1,joint,1,6730.714266,0.0009
segmentation,4,scale,DR-MV2,joint,0,0.072,0.0076
segmentation,4,scale,DR-CV1,joint,1,0.95628,2.7661
segmentation,4,correlation,DR-M1,features,0,0.232537,0.0307
segmentation,4,correlation,DR-M2,features,0,0.07327,0.0094
segmentation,4,correlation,DR-M3,features,0,0.231193,0.0388
segmentation,4,correlation,DR-M4,features,0,0.037905,0.1974
segmentation,4,correlation,DR-M5,features,0,0.013123,0.0205
segmentation,4,correlation,DR-M6,features,0,0.123665,0.1286
segmentation,4,correlation,DR-M7,features,0,0.145087,0.0231
segmentation,4,correlation,DR-M8,errors,1,0.01,0.0001
segmentation,4,correlation,DR-M10,joint,1,0.01245,0.2428
segmentation,4,correlation,DR-M12,features,0,0.130996,0.1156
segmentation,4,correlation,DR-M13,features,0,0.144825,0.0168
segmentation,4,correlation,DR-M14,joint,1,0.070702,0.2232
segmentation,4,correlation,DR-C1,errors,0,,0.0136
segmentation,4,correlation,DR-C2,errors,0,,0.0003
segmentation,4,correlation,DR-C3,errors,0,,0.0006
segmentation,4,correlation,DR-C4,errors,0,,0.0003
segmentation,4,correlation,DR-C5,errors,0,,0.844
segmentation,4,correlation,DR-C6,errors,0,,0.0411
segmentation,4,correlation,DR-C7,errors,0,,0.0156
segmentation,4,correlation,DR-C9,errors,0,,0.0005
segmentation,4,correlation,DR-MV1,joint,0,11.447957,0.0008
segmentation,4,correlation,DR-MV2,joint,1,0.108,0.0068
segmentation,4,correlation,DR-CV1,joint,1,0.87772,2.1646
segmentation,4,selection,DR-M1,features,1,1e-06,0.0842
segmentation,4,selection,DR-M2,features,0,0.223438,0.0146
segmentation,4,selection,DR-M3,features,1,5.7e-05,0.0322
segmentation,4,selection,DR-M4,features,1,0.114872,0.2113
segmentation,4,selection,DR-M5,features,0,0.039207,0.0124
segmentation,4,selection,DR-M6,features,1,0.452127,0.1058
segmentation,4,selection,DR-M7,features,1,0.0,0.0364
segmentation,4,selection,DR-M8,errors,0,-0.01,0.0001
segmentation,4,selection,DR-M10,joint,1,0.031743,0.2261
segmentation,4,selection,DR-M12,features,1,1e-06,0.1192
segmentation,4,selection,DR-M13,features,1,0.0,0.0127
segmentation,4,selection,DR-M14,joint,1,0.282627,0.2234
segmentation,4,selection,DR-C1,errors,0,,0.0007
segmentation,4,selection,DR-C2,errors,0,,0.0003
segmentation,4,selection,DR-C3,errors,0,,0.0044
segmentation,4,selection,DR-C4,errors,0,,0.0004
segmentation,4,selection,DR-C5,errors,0,,0.8326
segmentation,4,selection,DR-C6,errors,0,,0.0424
segmentation,4,selection,DR-C7,errors,0,,0.0289
segmentation,4,selection,DR-C9,errors,0,,0.0005
segmentation,4,selection,DR-MV1,joint,1,50.346445,0.0008
segmentation,4,selection,DR-MV2,joint,1,0.08,0.0038
segmentation,4,selection,DR-CV1,joint,0,0.51778,2.19
segmentation,4,label_shift,DR-M1,features,0,0.116626,0.0316
segmentation,4,label_shift,DR-M2,features,0,0.08216,0.0098
segmentation,4,label_shift,DR-M3,features,0,0.141434,0.0385
segmentation,4,label_shift,DR-M4,features,0,0.041253,0.2305
segmentation,4,label_shift,DR-M5,features,0,0.014697,0.0181
segmentation,4,label_shift,DR-M6,features,0,0.17024,0.1129
segmentation,4,label_shift,DR-M7,features,0,0.06185,0.0319
segmentation,4,label_shift,DR-M8,errors,0,0.006,0.0001
segmentation,4,label_shift,DR-M10,joint,0,0.003268,0.2327
segmentation,4,label_shift,DR-M12,features,0,0.068982,0.1353
segmentation,4,label_shift,DR-M13,features,0,0.088254,0.015
segmentation,4,label_shift,DR-M14,joint,0,0.032139,0.2114
segmentation,4,label_shift,DR-C1,errors,0,,0.0048
segmentation,4,label_shift,DR-C2,errors,0,,0.0003
segmentation,4,label_shift,DR-C3,errors,0,,0.0006
segmentation,4,label_shift,DR-C4,errors,0,,0.0003
segmentation,4,label_shift,DR-C5,errors,0,,0.8012
segmentation,4,label_shift,DR-C6,errors,0,,0.0498
segmentation,4,label_shift,DR-C7,errors,0,,0.0155
segmentation,4,label_shift,DR-C9,errors,0,,0.0005
segmentation,4,label_shift,DR-MV1,joint,1,38.029889,0.0009
segmentation,4,label_shift,DR-MV2,joint,0,0.072,0.0074
segmentation,4,label_shift,DR-CV1,joint,0,0.45058,2.169
segmentation,4,concept,DR-M1,features,0,0.456263,0.033
segmentation,4,concept,DR-M2,features,0,0.063733,0.0102
segmentation,4,concept,DR-M3,features,0,0.316761,0.0331
segmentation,4,concept,DR-M4,features,0,0.032293,0.1922
segmentation,4,concept,DR-M5,features,0,0.011451,0.014
segmentation,4,concept,DR-M6,features,0,0.165196,0.1083
segmentation,4,concept,DR-M7,features,0,0.125357,0.0243
segmentation,4,concept,DR-M8,errors,1,0.138,0.0001
segmentation,4,concept,DR-M10,joint,0,0.002849,0.2133
segmentation,4,concept,DR-M12,features,0,0.319447,0.1108
segmentation,4,concept,DR-M13,features,0,0.25,0.0146
segmentation,4,concept,DR-M14,joint,0,0.022547,0.2129
segmentation,4,concept,DR-C1,errors,1,43.0,0.0006
segmentation,4,concept,DR-C2,errors,1,54.0,0.0003
segmentation,4,concept,DR-C3,errors,0,,0.0006
segmentation,4,concept,DR-C4,errors,1,107.0,0.0003
segmentation,4,concept,DR-C5,errors,0,,0.7919
segmentation,4,concept,DR-C6,errors,1,213.0,0.0307
segmentation,4,concept,DR-C7,errors,0,,0.0154
segmentation,4,concept,DR-C9,errors,0,,0.0005
segmentation,4,concept,DR-MV1,joint,0,13.752985,0.0008
segmentation,4,concept,DR-MV2,joint,0,0.072,0.0067
segmentation,4,concept,DR-CV1,joint,0,0.4505,1.9753
spambase,0,none,DR-M1,features,0,0.537142,0.0985
spambase,0,none,DR-M2,features,0,0.108566,0.0601
spambase,0,none,DR-M3,features,0,0.089546,0.1036
spambase,0,none,DR-M4,features,0,0.058008,0.6203
spambase,0,none,DR-M5,features,0,0.018509,0.0424
spambase,0,none,DR-M6,features,0,0.309107,0.2681
spambase,0,none,DR-M7,features,0,0.028785,0.0947
spambase,0,none,DR-M8,errors,0,-0.044,0.0001
spambase,0,none,DR-M10,joint,0,0.003859,0.2633
spambase,0,none,DR-M12,features,0,0.135154,0.2398
spambase,0,none,DR-M13,features,0,0.042288,0.0332
spambase,0,none,DR-M14,joint,0,0.061014,0.242
spambase,0,none,DR-C1,errors,0,,0.0008
spambase,0,none,DR-C2,errors,0,,0.0003
spambase,0,none,DR-C3,errors,0,,0.0006
spambase,0,none,DR-C4,errors,0,,0.0003
spambase,0,none,DR-C5,errors,0,,0.7684
spambase,0,none,DR-C6,errors,0,,0.0353
spambase,0,none,DR-C7,errors,0,,0.0153
spambase,0,none,DR-C9,errors,0,,0.0005
spambase,0,none,DR-MV1,joint,1,101.455496,0.0013
spambase,0,none,DR-MV2,joint,0,0.064,0.0127
spambase,0,none,DR-CV1,joint,0,0.47542,2.8421
spambase,0,shift,DR-M1,features,1,0.0,0.0987
spambase,0,shift,DR-M2,features,0,0.138149,0.0368
spambase,0,shift,DR-M3,features,0,0.017616,0.0933
spambase,0,shift,DR-M4,features,0,0.068921,0.673
spambase,0,shift,DR-M5,features,0,0.022851,0.0334
spambase,0,shift,DR-M6,features,0,0.337283,0.2702
spambase,0,shift,DR-M7,features,0,0.00103,0.0731
spambase,0,shift,DR-M8,errors,0,-0.016,0.0001
spambase,0,shift,DR-M10,joint,0,0.003862,0.2904
spambase,0,shift,DR-M12,features,1,0.0,0.2446
spambase,0,shift,DR-M13,features,1,0.0,0.0383
spambase,0,shift,DR-M14,joint,0,0.072696,0.2807
spambase,0,shift,DR-C1,errors,0,,0.0008
spambase,0,shift,DR-C2,errors,0,,0.0003
spambase,0,shift,DR-C3,errors,0,,0.0006
spambase,0,shift,DR-C4,errors,0,,0.0044
spambase,0,shift,DR-C5,errors,0,,0.8097
spambase,0,shift,DR-C6,errors,0,,0.0202
spambase,0,shift,DR-C7,errors,0,,0.0147
spambase,0,shift,DR-C9,errors,0,,0.0004
spambase,0,shift,DR-MV1,joint,1,121.015662,0.0014
spambase,0,shift,DR-MV2,joint,0,0.048,0.0083
spambase,0,shift,DR-CV1,joint,1,0.99924,2.0852
spambase,0,scale,DR-M1,features,0,0.09066,0.0785
spambase,0,scale,DR-M2,features,0,0.21874,0.0315
spambase,0,scale,DR-M3,features,0,0.032986,0.0851
spambase,0,scale,DR-M4,features,0,0.094379,0.5764
spambase,0,scale,DR-M5,features,0,0.034039,0.0371
spambase,0,scale,DR-M6,features,0,0.426285,0.2618
spambase,0,scale,DR-M7,features,0,0.007331,0.0794
spambase,0,scale,DR-M8,errors,0,-0.024,0.0001
spambase,0,scale,DR-M10,joint,0,0.003888,0.281
spambase,0,scale,DR-M12,features,0,0.015906,0.1317
spambase,0,scale,DR-M13,features,1,0.0,0.0407
spambase,0,scale,DR-M14,joint,1,0.08397,0.2336
spambase,0,scale,DR-C1,errors,0,,0.0048
spambase,0,scale,DR-C2,errors,1,60.0,0.0003
spambase,0,scale,DR-C3,errors,0,,0.0006
spambase,0,scale,DR-C4,errors,0,,0.0003
spambase,0,scale,DR-C5,errors,0,,0.8567
spambase,0,scale,DR-C6,errors,0,,0.0243
spambase,0,scale,DR-C7,errors,0,,0.0153
spambase,0,scale,DR-C9,errors,0,,0.0005
spambase,0,scale,DR-MV1,joint,1,127.679521,0.0013
spambase,0,scale,DR-MV2,joint,0,0.068,0.0083
spambase,0,scale,DR-CV1,joint,0,0.52588,2.884
spambase,0,correlation,DR-M1,features,0,0.046073,0.086
spambase,0,correlation,DR-M2,features,0,0.106411,0.0318
spambase,0,correlation,DR-M3,features,0,0.023638,0.0945
spambase,0,correlation,DR-M4,features,0,0.056958,0.6494
spambase,0,correlation,DR-M5,features,0,0.01883,0.0392
spambase,0,correlation,DR-M6,features,0,0.350864,0.2956
spambase,0,correlation,DR-M7,features,0,0.024242,0.1222
spambase,0,correlation,DR-M8,errors,0,-0.008,0.0001
spambase,0,correlation,DR-M10,joint,0,0.004352,0.2798
spambase,0,correlation,DR-M12,features,0,0.001907,0.1285
spambase,0,correlation,DR-M13,features,1,0.0,0.0398
spambase,0,correlation,DR-M14,joint,1,0.077943,0.2827
spambase,0,correlation,DR-C1,errors,0,,0.0008
spambase,0,correlation,DR-C2,errors,1,154.0,0.0003
spambase,0,correlation,DR-C3,errors,0,,0.0006
spambase,0,correlation,DR-C4,errors,0,,0.0003
spambase,0,correlation,DR-C5,errors,0,,0.8903
spambase,0,correlation,DR-C6,errors,0,,0.0248
spambase,0,correlation,DR-C7,errors,0,,0.0105
spambase,0,correlation,DR-C9,errors,0,,0.0047
spambase,0,correlation,DR-MV1,joint,1,116.746321,0.0019
spambase,0,correlation,DR-MV2,joint,0,0.068,0.0089
spambase,0,correlation,DR-CV1,joint,0,0.54448,3.0798
spambase,0,selection,DR-M1,features,0,0.009719,0.1041
spambase,0,selection,DR-M2,features,0,0.10043,0.0319
spambase,0,selection,DR-M3,features,0,0.009925,0.09
spambase,0,selection,DR-M4,features,0,0.052922,0.7293
spambase,0,selection,DR-M5,features,0,0.017477,0.041
spambase,0,selection,DR-M6,features,0,0.75881,0.2879
spambase,0,selection,DR-M7,features,1,1e-06,0.0885
spambase,0,selection,DR-M8,errors,0,-0.032,0.0001
spambase,0,selection,DR-M10,joint,1,0.007074,0.4068
spambase,0,selection,DR-M12,features,1,2e-06,0.2219
spambase,0,selection,DR-M13,features,1,0.0,0.0491
spambase,0,selection,DR-M14,joint,1,0.156756,0.2961
spambase,0,selection,DR-C1,errors,0,,0.0007
spambase,0,selection,DR-C2,errors,0,,0.0003
spambase,0,selection,DR-C3,errors,0,,0.0006
spambase,0,selection,DR-C4,errors,0,,0.0048
spambase,0,selection,DR-C5,errors,0,,0.9767
spambase,0,selection,DR-C6,errors,0,,0.0251
spambase,0,selection,DR-C7,errors,0,,0.0152
spambase,0,selection,DR-C9,errors,0,,0.0005
spambase,0,selection,DR-MV1,joint,1,315.57452,0.0014
spambase,0,selection,DR-MV2,joint,0,0.068,0.0086
spambase,0,selection,DR-CV1,joint,0,0.54798,3.0524
spambase,0,label_shift,DR-M1,features,0,0.001564,0.0736
spambase,0,label_shift,DR-M2,features,0,0.111571,0.0308
spambase,0,label_shift,DR-M3,features,0,0.001157,0.0827
spambase,0,label_shift,DR-M4,features,0,0.057084,0.6107
spambase,0,label_shift,DR-M5,features,0,0.019909,0.0331
spambase,0,label_shift,DR-M6,features,0,0.518828,0.2615
spambase,0,label_shift,DR-M7,features,1,1.8e-05,0.0813
spambase,0,label_shift,DR-M8,errors,0,-0.008,0.0001
spambase,0,label_shift,DR-M10,joint,1,0.00594,0.2764
spambase,0,label_shift,DR-M12,features,1,1e-05,0.2092
spambase,0,label_shift,DR-M13,features,1,0.0,0.0393
spambase,0,label_shift,DR-M14,joint,1,0.1013,0.2996
spambase,0,label_shift,DR-C1,errors,0,,0.0007
spambase,0,label_shift,DR-C2,errors,1,23.0,0.0003
spambase,0,label_shift,DR-C3,errors,0,,0.0007
spambase,0,label_shift,DR-C4,errors,0,,0.0004
spambase,0,label_shift,DR-C5,errors,0,,0.7876
spambase,0,label_shift,DR-C6,errors,0,,0.0248
spambase,0,label_shift,DR-C7,errors,0,,0.0148
spambase,0,label_shift,DR-C9,errors,0,,0.0005
spambase,0,label_shift,DR-MV1,joint,1,118.744671,0.0018
spambase,0,label_shift,DR-MV2,joint,0,0.056,0.0129
spambase,0,label_shift,DR-CV1,joint,0,0.54572,2.8483
spambase,0,concept,DR-M1,features,0,0.06089,0.113
spambase,0,concept,DR-M2,features,0,0.09791,0.0312
spambase,0,concept,DR-M3,features,0,0.001114,0.0879
spambase,0,concept,DR-M4,features,0,0.057282,0.6038
spambase,0,concept,DR-M5,features,0,0.017325,0.0405
spambase,0,concept,DR-M6,features,0,0.396413,0.2686
spambase,0,concept,DR-M7,features,1,0.000796,0.0965
spambase,0,concept,DR-M8,errors,1,0.02,0.0001
spambase,0,concept,DR-M10,joint,0,0.004809,0.2854
spambase,0,concept,DR-M12,features,0,0.016347,0.2241
spambase,0,concept,DR-M13,features,0,0.002501,0.0387
spambase,0,concept,DR-M14,joint,1,0.076534,0.2357
spambase,0,concept,DR-C1,errors,0,,0.0049
spambase,0,concept,DR-C2,errors,1,137.0,0.0003
spambase,0,concept,DR-C3,errors,0,,0.0006
spambase,0,concept,DR-C4,errors,0,,0.0003
spambase,0,concept,DR-C5,errors,0,,0.8406
spambase,0,concept,DR-C6,errors,0,,0.0234
spambase,0,concept,DR-C7,errors,0,,0.0132
spambase,0,concept,DR-C9,errors,0,,0.0005
spambase,0,concept,DR-MV1,joint,1,134.407983,0.0096
spambase,0,concept,DR-MV2,joint,0,0.064,0.0085
spambase,0,concept,DR-CV1,joint,0,0.53086,3.0475
spambase,1,none,DR-M1,features,0,0.116626,0.0788
spambase,1,none,DR-M2,features,0,0.0905,0.0313
spambase,1,none,DR-M3,features,0,0.078057,0.0898
spambase,1,none,DR-M4,features,0,0.056815,0.7051
spambase,1,none,DR-M5,features,0,0.015764,0.0456
spambase,1,none,DR-M6,features,0,0.882903,0.2708
spambase,1,none,DR-M7,features,0,0.008611,0.0848
spambase,1,none,DR-M8,errors,0,-0.008,0.0001
spambase,1,none,DR-M10,joint,0,0.003545,0.3434
spambase,1,none,DR-M12,features,0,0.043613,0.2375
spambase,1,none,DR-M13,features,0,0.00281,0.0452
spambase,1,none,DR-M14,joint,0,0.06797,0.2517
spambase,1,none,DR-C1,errors,0,,0.0008
spambase,1,none,DR-C2,errors,1,93.0,0.0003
spambase,1,none,DR-C3,errors,0,,0.0007
spambase,1,none,DR-C4,errors,0,,0.0003
spambase,1,none,DR-C5,errors,0,,0.8435
spambase,1,none,DR-C6,errors,0,,0.0304
spambase,1,none,DR-C7,errors,0,,0.0107
spambase,1,none,DR-C9,errors,0,,0.0005
spambase,1,none,DR-MV1,joint,1,236.88904,0.0063
spambase,1,none,DR-MV2,joint,0,0.064,0.0103
spambase,1,none,DR-CV1,joint,0,0.51224,2.9113
spambase,1,shift,DR-M1,features,1,0.0,0.11
spambase,1,shift,DR-M2,features,1,10.265898,0.0526
spambase,1,shift,DR-M3,features,1,0.0,0.11
spambase,1,shift,DR-M4,features,1,7.964223,0.7183
spambase,1,shift,DR-M5,features,1,0.758277,0.0399
spambase,1,shift,DR-M6,features,0,0.320351,0.2869
spambase,1,shift,DR-M7,features,1,0.00032,0.0816
spambase,1,shift,DR-M8,errors,0,0.008,0.0001
spambase,1,shift,DR-M10,joint,0,0.004398,0.3261
spambase,1,shift,DR-M12,features,1,0.0,0.2554
spambase,1,shift,DR-M13,features,1,0.0,0.0557
spambase,1,shift,DR-M14,joint,0,0.067479,0.3006
spambase,1,shift,DR-C1,errors,0,,0.0008
spambase,1,shift,DR-C2,errors,1,94.0,0.0003
spambase,1,shift,DR-C3,errors,0,,0.0006
spambase,1,shift,DR-C4,errors,0,,0.0003
spambase,1,shift,DR-C5,errors,0,,0.8923
spambase,1,shift,DR-C6,errors,0,,0.0303
spambase,1,shift,DR-C7,errors,0,,0.0104
spambase,1,shift,DR-C9,errors,0,,0.0047
spambase,1,shift,DR-MV1,joint,1,98.529284,0.0014
spambase,1,shift,DR-MV2,joint,0,0.048,0.0089
spambase,1,shift,DR-CV1,joint,1,0.99668,2.2467
spambase,1,scale,DR-M1,features,0,0.079609,0.0736
spambase,1,scale,DR-M2,features,0,0.120004,0.0323
spambase,1,scale,DR-M3,features,0,0.02161,0.1357
spambase,1,scale,DR-M4,features,0,0.077326,0.6858
spambase,1,scale,DR-M5,features,0,0.017722,0.0341
spambase,1,scale,DR-M6,features,0,0.886235,0.2817
spambase,1,scale,DR-M7,features,0,0.013331,0.084
spambase,1,scale,DR-M8,errors,0,0.004,0.0001
spambase,1,scale,DR-M10,joint,0,0.004929,0.3295
spambase,1,scale,DR-M12,features,0,0.003022,0.2678
spambase,1,scale,DR-M13,features,0,0.001353,0.0392
spambase,1,scale,DR-M14,joint,1,0.122005,0.2487
spambase,1,scale,DR-C1,errors,0,,0.0007
spambase,1,scale,DR-C2,errors,1,63.0,0.0002
spambase,1,scale,DR-C3,errors,0,,0.0006
spambase,1,scale,DR-C4,errors,0,,0.0004
spambase,1,scale,DR-C5,errors,0,,0.8418
spambase,1,scale,DR-C6,errors,0,,0.0559
spambase,1,scale,DR-C7,errors,0,,0.0146
spambase,1,scale,DR-C9,errors,0,,0.0005
spambase,1,scale,DR-MV1,joint,1,376.885722,0.0013
spambase,1,scale,DR-MV2,joint,1,0.092,0.0086
spambase,1,scale,DR-CV1,joint,0,0.54664,2.9278
spambase,1,correlation,DR-M1,features,0,0.166732,0.0909
spambase,1,correlation,DR-M2,features,0,0.090288,0.0412
spambase,1,correlation,DR-M3,features,0,0.01426,0.1031
spambase,1,correlation,DR-M4,features,0,0.051654,0.6553
spambase,1,correlation,DR-M5,features,0,0.016131,0.0389
spambase,1,correlation,DR-M6,features,0,1.018111,0.2663
spambase,1,correlation,DR-M7,features,0,0.047348,0.0855
spambase,1,correlation,DR-M8,errors,1,0.028,0.0001
spambase,1,correlation,DR-M10,joint,0,0.00344,0.3261
spambase,1,correlation,DR-M12,features,0,0.011056,0.2667
spambase,1,correlation,DR-M13,features,0,0.009693,0.0382
spambase,1,correlation,DR-M14,joint,0,0.08016,0.2625
spambase,1,correlation,DR-C1,errors,0,,0.0049
spambase,1,correlation,DR-C2,errors,1,92.0,0.0003
spambase,1,correlation,DR-C3,errors,0,,0.0007
spambase,1,correlation,DR-C4,errors,0,,0.0003
spambase,1,correlation,DR-C5,errors,0,,1.0075
spambase,1,correlation,DR-C6,errors,0,,0.0311
spambase,1,correlation,DR-C7,errors,0,,0.0107
spambase,1,correlation,DR-C9,errors,0,,0.0005
spambase,1,correlation,DR-MV1,joint,1,265.837434,0.0057
spambase,1,correlation,DR-MV2,joint,0,0.072,0.0092
spambase,1,correlation,DR-CV1,joint,0,0.46952,3.1223
spambase,1,selection,DR-M1,features,0,0.009719,0.111
spambase,1,selection,DR-M2,features,0,0.104083,0.0443
spambase,1,selection,DR-M3,features,0,0.002801,0.0937
spambase,1,selection,DR-M4,features,0,0.055089,0.6651
spambase,1,selection,DR-M5,features,0,0.018454,0.0416
spambase,1,selection,DR-M6,features,0,0.448095,0.249
spambase,1,selection,DR-M7,features,1,6.7e-05,0.0722
spambase,1,selection,DR-M8,errors,0,-0.016,0.0001
spambase,1,selection,DR-M10,joint,0,0.003744,0.2779
spambase,1,selection,DR-M12,features,0,0.002009,0.2005
spambase,1,selection,DR-M13,features,1,0.0,0.0353
spambase,1,selection,DR-M14,joint,1,0.080236,0.2532
spambase,1,selection,DR-C1,errors,0,,0.0008
spambase,1,selection,DR-C2,errors,1,98.0,0.0003
spambase,1,selection,DR-C3,errors,0,,0.0006
spambase,1,selection,DR-C4,errors,0,,0.0003
spambase,1,selection,DR-C5,errors,0,,0.8129
spambase,1,selection,DR-C6,errors,0,,0.0303
spambase,1,selection,DR-C7,errors,0,,0.0152
spambase,1,selection,DR-C9,errors,0,,0.0005
spambase,1,selection,DR-MV1,joint,1,130.964083,0.0014
spambase,1,selection,DR-MV2,joint,0,0.064,0.0134
spambase,1,selection,DR-CV1,joint,0,0.56366,3.0109
spambase,1,label_shift,DR-M1,features,0,0.002303,0.0894
spambase,1,label_shift,DR-M2,features,0,0.092603,0.045
spambase,1,label_shift,DR-M3,features,0,0.007562,0.1057
spambase,1,label_shift,DR-M4,features,0,0.055401,0.6474
spambase,1,label_shift,DR-M5,features,0,0.016573,0.0398
spambase,1,label_shift,DR-M6,features,0,0.899566,0.4025
spambase,1,label_shift,DR-M7,features,0,0.008542,0.0781
spambase,1,label_shift,DR-M8,errors,0,-0.012,0.0001
spambase,1,label_shift,DR-M10,joint,0,0.004121,0.208
spambase,1,label_shift,DR-M12,features,0,0.001179,0.2032
spambase,1,label_shift,DR-M13,features,0,0.001035,0.0252
spambase,1,label_shift,DR-M14,joint,0,0.078829,0.2015
spambase,1,label_shift,DR-C1,errors,0,,0.0008
spambase,1,label_shift,DR-C2,errors,1,126.0,0.0003
spambase,1,label_shift,DR-C3,errors,0,,0.0006
spambase,1,label_shift,DR-C4,errors,0,,0.0004
spambase,1,label_shift,DR-C5,errors,0,,0.6724
spambase,1,label_shift,DR-C6,errors,0,,0.0325
spambase,1,label_shift,DR-C7,errors,0,,0.0106
spambase,1,label_shift,DR-C9,errors,0,,0.0005
spambase,1,label_shift,DR-MV1,joint,1,298.671054,0.0014
spambase,1,label_shift,DR-MV2,joint,0,0.06,0.0089
spambase,1,label_shift,DR-CV1,joint,0,0.52458,2.294
spambase,1,concept,DR-M1,features,0,0.232537,0.055
spambase,1,concept,DR-M2,features,0,0.092427,0.0233
spambase,1,concept,DR-M3,features,0,0.02161,0.0674
spambase,1,concept,DR-M4,features,0,0.06108,0.5643
spambase,1,concept,DR-M5,features,0,0.016173,0.0296
spambase,1,concept,DR-M6,features,1,1.201405,0.3172
spambase,1,concept,DR-M7,features,0,0.004001,0.0767
spambase,1,concept,DR-M8,errors,0,0.004,0.0001
spambase,1,concept,DR-M10,joint,0,0.003586,0.3177
spambase,1,concept,DR-M12,features,0,0.04184,0.2008
spambase,1,concept,DR-M13,features,0,0.001323,0.0462
spambase,1,concept,DR-M14,joint,1,0.085069,0.297
spambase,1,concept,DR-C1,errors,0,,0.0007
spambase,1,concept,DR-C2,errors,1,32.0,0.0003
spambase,1,concept,DR-C3,errors,0,,0.0006
spambase,1,concept,DR-C4,errors,0,,0.0003
spambase,1,concept,DR-C5,errors,0,,0.9682
spambase,1,concept,DR-C6,errors,0,,0.0297
spambase,1,concept,DR-C7,errors,0,,0.01
spambase,1,concept,DR-C9,errors,0,,0.0004
spambase,1,concept,DR-MV1,joint,1,352.008541,0.0054
spambase,1,concept,DR-MV2,joint,0,0.068,0.0084
spambase,1,concept,DR-CV1,joint,0,0.52766,2.9476
spambase,2,none,DR-M1,features,0,0.258351,0.0746
spambase,2,none,DR-M2,features,0,0.102587,0.0314
spambase,2,none,DR-M3,features,0,0.034365,0.0958
spambase,2,none,DR-M4,features,0,0.051869,0.725
spambase,2,none,DR-M5,features,0,0.016772,0.0445
spambase,2,none,DR-M6,features,0,0.231772,0.2276
spambase,2,none,DR-M7,features,0,0.045218,0.08
spambase,2,none,DR-M8,errors,1,0.018,0.0001
spambase,2,none,DR-M10,joint,0,0.003492,0.304
spambase,2,none,DR-M12,features,0,0.055807,0.2502
spambase,2,none,DR-M13,features,0,0.00667,0.0613
spambase,2,none,DR-M14,joint,0,0.05461,0.2596
spambase,2,none,DR-C1,errors,0,,0.0007
spambase,2,none,DR-C2,errors,1,134.0,0.0003
spambase,2,none,DR-C3,errors,0,,0.0047
spambase,2,none,DR-C4,errors,0,,0.0004
spambase,2,none,DR-C5,errors,0,,0.8125
spambase,2,none,DR-C6,errors,0,,0.026
spambase,2,none,DR-C7,errors,0,,0.0147
spambase,2,none,DR-C9,errors,0,,0.0005
spambase,2,none,DR-MV1,joint,0,62.490927,0.0055
spambase,2,none,DR-MV2,joint,0,0.02,0.0083
spambase,2,none,DR-CV1,joint,0,0.51826,3.0424
spambase,2,shift,DR-M1,features,1,0.0,0.0798
spambase,2,shift,DR-M2,features,0,0.102424,0.0312
spambase,2,shift,DR-M3,features,0,0.001144,0.0883
spambase,2,shift,DR-M4,features,0,0.054172,0.6
spambase,2,shift,DR-M5,features,0,0.01823,0.0358
spambase,2,shift,DR-M6,features,0,0.611069,0.3179
spambase,2,shift,DR-M7,features,1,0.000808,0.0909
spambase,2,shift,DR-M8,errors,0,0.002,0.0001
spambase,2,shift,DR-M10,joint,1,0.005515,0.3216
spambase,2,shift,DR-M12,features,1,0.0,0.1379
spambase,2,shift,DR-M13,features,1,0.0,0.0442
spambase,2,shift,DR-M14,joint,1,0.083868,0.2589
spambase,2,shift,DR-C1,errors,0,,0.0048
spambase,2,shift,DR-C2,errors,0,,0.0003
spambase,2,shift,DR-C3,errors,0,,0.0007
spambase,2,shift,DR-C4,errors,0,,0.0003
spambase,2,shift,DR-C5,errors,0,,0.8158
spambase,2,shift,DR-C6,errors,0,,0.0318
spambase,2,shift,DR-C7,errors,0,,0.0146
spambase,2,shift,DR-C9,errors,0,,0.0005
spambase,2,shift,DR-MV1,joint,1,132.672949,0.0014
spambase,2,shift,DR-MV2,joint,0,0.04,0.0085
spambase,2,shift,DR-CV1,joint,1,0.99336,2.5199
spambase,2,scale,DR-M1,features,0,0.166732,0.0818
spambase,2,scale,DR-M2,features,0,0.073848,0.0317
spambase,2,scale,DR-M3,features,0,0.096662,0.1077
spambase,2,scale,DR-M4,features,0,0.048434,0.7098
spambase,2,scale,DR-M5,features,0,0.012907,0.0329
spambase,2,scale,DR-M6,features,0,0.179464,0.2705
spambase,2,scale,DR-M7,features,0,0.047509,0.0896
spambase,2,scale,DR-M8,errors,0,-0.006,0.0001
spambase,2,scale,DR-M10,joint,0,0.003092,0.3092
spambase,2,scale,DR-M12,features,0,0.010132,0.1996
spambase,2,scale,DR-M13,features,0,0.001684,0.0384
spambase,2,scale,DR-M14,joint,0,0.049338,0.2757
spambase,2,scale,DR-C1,errors,0,,0.0008
spambase,2,scale,DR-C2,errors,0,,0.0003
spambase,2,scale,DR-C3,errors,0,,0.0006
spambase,2,scale,DR-C4,errors,0,,0.0003
spambase,2,scale,DR-C5,errors,0,,0.876
spambase,2,scale,DR-C6,errors,0,,0.029
spambase,2,scale,DR-C7,errors,0,,0.0146
spambase,2,scale,DR-C9,errors,0,,0.0005
spambase,2,scale,DR-MV1,joint,0,73.510528,0.0015
spambase,2,scale,DR-MV2,joint,0,0.044,0.0088
spambase,2,scale,DR-CV1,joint,0,0.48574,3.0648
spambase,2,correlation,DR-M1,features,0,0.021888,0.0827
spambase,2,correlation,DR-M2,features,0,0.074934,0.0302
spambase,2,correlation,DR-M3,features,1,0.000652,0.0918
spambase,2,correlation,DR-M4,features,0,0.044219,0.7515
spambase,2,correlation,DR-M5,features,0,0.01342,0.0426
spambase,2,correlation,DR-M6,features,0,0.208665,0.2867
spambase,2,correlation,DR-M7,features,0,0.018418,0.0903
spambase,2,correlation,DR-M8,errors,0,0.01,0.0001
spambase,2,correlation,DR-M10,joint,0,0.004643,0.3604
spambase,2,correlation,DR-M12,features,1,9e-05,0.2674
spambase,2,correlation,DR-M13,features,1,0.0,0.0543
spambase,2,correlation,DR-M14,joint,0,0.064869,0.2641
spambase,2,correlation,DR-C1,errors,0,,0.0008
spambase,2,correlation,DR-C2,errors,0,,0.0003
spambase,2,correlation,DR-C3,errors,0,,0.0006
spambase,2,correlation,DR-C4,errors,0,,0.0085
spambase,2,correlation,DR-C5,errors,0,,0.9657
spambase,2,correlation,DR-C6,errors,0,,0.0275
spambase,2,correlation,DR-C7,errors,0,,0.0237
spambase,2,correlation,DR-C9,errors,0,,0.0005
spambase,2,correlation,DR-MV1,joint,0,57.494055,0.0014
spambase,2,correlation,DR-MV2,joint,0,0.028,0.0134
spambase,2,correlation,DR-CV1,joint,0,0.43592,3.1692
spambase,2,selection,DR-M1,features,0,0.079609,0.1093
spambase,2,selection,DR-M2,features,0,0.146773,0.0533
spambase,2,selection,DR-M3,features,0,0.03912,0.1108
spambase,2,selection,DR-M4,features,0,0.091852,0.6261
spambase,2,selection,DR-M5,features,0,0.022877,0.0387
spambase,2,selection,DR-M6,features,0,0.596824,0.2601
spambase,2,selection,DR-M7,features,1,5.1e-05,0.0884
spambase,2,selection,DR-M8,errors,0,-0.014,0.0001
spambase,2,selection,DR-M10,joint,0,0.005659,0.3198
spambase,2,selection,DR-M12,features,1,0.000229,0.1979
spambase,2,selection,DR-M13,features,1,0.0,0.0358
spambase,2,selection,DR-M14,joint,1,0.094248,0.2699
spambase,2,selection,DR-C1,errors,0,,0.0007
spambase,2,selection,DR-C2,errors,0,,0.0003
spambase,2,selection,DR-C3,errors,0,,0.0007
spambase,2,selection,DR-C4,errors,0,,0.0045
spambase,2,selection,DR-C5,errors,0,,0.8493
spambase,2,selection,DR-C6,errors,0,,0.0322
spambase,2,selection,DR-C7,errors,0,,0.0149
spambase,2,selection,DR-C9,errors,0,,0.0005
spambase,2,selection,DR-MV1,joint,1,143.23814,0.0013
spambase,2,selection,DR-MV2,joint,0,0.052,0.0079
spambase,2,selection,DR-CV1,joint,0,0.51694,3.1099
spambase,2,label_shift,DR-M1,features,1,0.000857,0.091
spambase,2,label_shift,DR-M2,features,0,0.131084,0.0323
spambase,2,label_shift,DR-M3,features,1,0.000134,0.1179
spambase,2,label_shift,DR-M4,features,0,0.068097,0.6903
spambase,2,label_shift,DR-M5,features,0,0.023297,0.056
spambase,2,label_shift,DR-M6,features,0,0.493734,0.3319
spambase,2,label_shift,DR-M7,features,1,6e-06,0.0868
spambase,2,label_shift,DR-M8,errors,0,0.01,0.0001
spambase,2,label_shift,DR-M10,joint,1,0.007625,0.2914
spambase,2,label_shift,DR-M12,features,1,0.0,0.1991
spambase,2,label_shift,DR-M13,features,1,0.0,0.0428
spambase,2,label_shift,DR-M14,joint,1,0.123186,0.2769
spambase,2,label_shift,DR-C1,errors,0,,0.0014
spambase,2,label_shift,DR-C2,errors,1,192.0,0.0007
spambase,2,label_shift,DR-C3,errors,0,,0.0056
spambase,2,label_shift,DR-C4,errors,0,,0.0008
spambase,2,label_shift,DR-C5,errors,0,,0.8404
spambase,2,label_shift,DR-C6,errors,0,,0.0308
spambase,2,label_shift,DR-C7,errors,0,,0.0153
spambase,2,label_shift,DR-C9,errors,0,,0.0005
spambase,2,label_shift,DR-MV1,joint,1,158.370728,0.0013
spambase,2,label_shift,DR-MV2,joint,0,0.056,0.0125
spambase,2,label_shift,DR-CV1,joint,0,0.51186,3.1446
spambase,2,concept,DR-M1,features,0,0.021888,0.0801
spambase,2,concept,DR-M2,features,0,0.115379,0.039
spambase,2,concept,DR-M3,features,0,0.006679,0.0972
spambase,2,concept,DR-M4,features,0,0.058043,0.635
spambase,2,concept,DR-M5,features,0,0.0206,0.0463
spambase,2,concept,DR-M6,features,0,0.302365,0.2685
spambase,2,concept,DR-M7,features,0,0.01615,0.0632
spambase,2,concept,DR-M8,errors,1,0.03,0.0001
spambase,2,concept,DR-M10,joint,0,0.00277,0.2944
spambase,2,concept,DR-M12,features,1,0.000653,0.267
spambase,2,concept,DR-M13,features,1,0.0,0.0437
spambase,2,concept,DR-M14,joint,0,0.050006,0.2611
spambase,2,concept,DR-C1,errors,0,,0.0009
spambase,2,concept,DR-C2,errors,1,55.0,0.0003
spambase,2,concept,DR-C3,errors,0,,0.0007
spambase,2,concept,DR-C4,errors,0,,0.0044
spambase,2,concept,DR-C5,errors,0,,0.8598
spambase,2,concept,DR-C6,errors,0,,0.0353
spambase,2,concept,DR-C7,errors,0,,0.0142
spambase,2,concept,DR-C9,errors,0,,0.0005
spambase,2,concept,DR-MV1,joint,0,74.13629,0.0015
spambase,2,concept,DR-MV2,joint,0,0.036,0.0105
spambase,2,concept,DR-CV1,joint,0,0.50676,2.9317
spambase,3,none,DR-M1,features,0,0.069718,0.0785
spambase,3,none,DR-M2,features,0,0.138661,0.0333
spambase,3,none,DR-M3,features,0,0.007785,0.088
spambase,3,none,DR-M4,features,0,0.078185,0.6064
spambase,3,none,DR-M5,features,0,0.024692,0.0339
spambase,3,none,DR-M6,features,0,0.36847,0.2829
spambase,3,none,DR-M7,features,0,0.011253,0.0717
spambase,3,none,DR-M8,errors,0,-0.016,0.0001
spambase,3,none,DR-M10,joint,0,0.004111,0.2838
spambase,3,none,DR-M12,features,0,0.003044,0.3117
spambase,3,none,DR-M13,features,1,0.0,0.04
spambase,3,none,DR-M14,joint,0,0.069645,0.2477
spambase,3,none,DR-C1,errors,0,,0.0008
spambase,3,none,DR-C2,errors,0,,0.0003
spambase,3,none,DR-C3,errors,0,,0.0006
spambase,3,none,DR-C4,errors,0,,0.0003
spambase,3,none,DR-C5,errors,0,,0.7902
spambase,3,none,DR-C6,errors,0,,0.0356
spambase,3,none,DR-C7,errors,0,,0.0171
spambase,3,none,DR-C9,errors,0,,0.0005
spambase,3,none,DR-MV1,joint,1,189.655374,0.0054
spambase,3,none,DR-MV2,joint,1,0.08,0.0091
spambase,3,none,DR-CV1,joint,0,0.52702,3.1843
spambase,3,shift,DR-M1,features,1,0.0,0.0855
spambase,3,shift,DR-M2,features,0,0.087777,0.0314
spambase,3,shift,DR-M3,features,0,0.113679,0.0853
spambase,3,shift,DR-M4,features,0,0.055613,0.6085
spambase,3,shift,DR-M5,features,0,0.015283,0.0411
spambase,3,shift,DR-M6,features,0,0.784768,0.2746
spambase,3,shift,DR-M7,features,0,0.004989,0.0793
spambase,3,shift,DR-M8,errors,0,-0.016,0.0001
spambase,3,shift,DR-M10,joint,0,0.004054,0.2722
spambase,3,shift,DR-M12,features,1,0.0,0.2577
spambase,3,shift,DR-M13,features,1,0.0,0.0422
spambase,3,shift,DR-M14,joint,0,0.075203,0.2521
spambase,3,shift,DR-C1,errors,0,,0.0006
spambase,3,shift,DR-C2,errors,0,,0.0003
spambase,3,shift,DR-C3,errors,0,,0.0006
spambase,3,shift,DR-C4,errors,0,,0.0003
spambase,3,shift,DR-C5,errors,0,,1.0226
spambase,3,shift,DR-C6,errors,0,,0.041
spambase,3,shift,DR-C7,errors,0,,0.0165
spambase,3,shift,DR-C9,errors,0,,0.0006
spambase,3,shift,DR-MV1,joint,1,294.432808,0.0056
spambase,3,shift,DR-MV2,joint,0,0.052,0.0091
spambase,3,shift,DR-CV1,joint,1,0.99648,2.2886
spambase,3,scale,DR-M1,features,0,0.232537,0.077
spambase,3,scale,DR-M2,features,0,0.152964,0.0319
spambase,3,scale,DR-M3,features,0,0.031069,0.0893
spambase,3,scale,DR-M4,features,0,0.080208,0.6603
spambase,3,scale,DR-M5,features,0,0.023996,0.0385
spambase,3,scale,DR-M6,features,0,1.073919,0.2555
spambase,3,scale,DR-M7,features,0,0.010579,0.0731
spambase,3,scale,DR-M8,errors,0,-0.004,0.0001
spambase,3,scale,DR-M10,joint,0,0.004714,0.2803
spambase,3,scale,DR-M12,features,0,0.009499,0.2891
spambase,3,scale,DR-M13,features,0,0.009058,0.043
spambase,3,scale,DR-M14,joint,1,0.109509,0.2749
spambase,3,scale,DR-C1,errors,0,,0.0012
spambase,3,scale,DR-C2,errors,0,,0.0005
spambase,3,scale,DR-C3,errors,0,,0.0055
spambase,3,scale,DR-C4,errors,0,,0.0004
spambase,3,scale,DR-C5,errors,0,,0.8279
spambase,3,scale,DR-C6,errors,0,,0.0347
spambase,3,scale,DR-C7,errors,0,,0.0151
spambase,3,scale,DR-C9,errors,0,,0.0005
spambase,3,scale,DR-MV1,joint,1,341.472587,0.0054
spambase,3,scale,DR-MV2,joint,1,0.076,0.0083
spambase,3,scale,DR-CV1,joint,0,0.54386,2.9017
spambase,3,correlation,DR-M1,features,0,0.20871,0.13
spambase,3,correlation,DR-M2,features,0,0.180234,0.0514
spambase,3,correlation,DR-M3,features,0,0.048483,0.1231
spambase,3,correlation,DR-M4,features,0,0.095856,0.6349
spambase,3,correlation,DR-M5,features,0,0.028711,0.0456
spambase,3,correlation,DR-M6,features,0,0.827072,0.2989
spambase,3,correlation,DR-M7,features,0,0.014095,0.1012
spambase,3,correlation,DR-M8,errors,0,-0.008,0.0001
spambase,3,correlation,DR-M10,joint,0,0.004306,0.3064
spambase,3,correlation,DR-M12,features,0,0.039899,0.2378
spambase,3,correlation,DR-M13,features,0,0.006342,0.0392
spambase,3,correlation,DR-M14,joint,1,0.086114,0.2903
spambase,3,correlation,DR-C1,errors,0,,0.0013
spambase,3,correlation,DR-C2,errors,0,,0.0049
spambase,3,correlation,DR-C3,errors,0,,0.0012
spambase,3,correlation,DR-C4,errors,0,,0.0006
spambase,3,correlation,DR-C5,errors,0,,0.9882
spambase,3,correlation,DR-C6,errors,0,,0.0389
spambase,3,correlation,DR-C7,errors,0,,0.0164
spambase,3,correlation,DR-C9,errors,0,,0.0005
spambase,3,correlation,DR-MV1,joint,1,230.958963,0.0013
spambase,3,correlation,DR-MV2,joint,0,0.072,0.0125
spambase,3,correlation,DR-CV1,joint,0,0.52828,2.8494
spambase,3,selection,DR-M1,features,0,0.13174,0.079
spambase,3,selection,DR-M2,features,0,0.099178,0.0333
spambase,3,selection,DR-M3,features,0,0.04154,0.0893
spambase,3,selection,DR-M4,features,0,0.056177,0.6129
spambase,3,selection,DR-M5,features,0,0.01639,0.0337
spambase,3,selection,DR-M6,features,0,0.357116,0.2728
spambase,3,selection,DR-M7,features,0,0.013997,0.0795
spambase,3,selection,DR-M8,errors,0,0.0,0.0001
spambase,3,selection,DR-M10,joint,0,0.004944,0.2909
spambase,3,selection,DR-M12,features,0,0.010504,0.2964
spambase,3,selection,DR-M13,features,0,0.011192,0.0424
spambase,3,selection,DR-M14,joint,1,0.086003,0.2764
spambase,3,selection,DR-C1,errors,0,,0.0049
spambase,3,selection,DR-C2,errors,0,,0.0004
spambase,3,selection,DR-C3,errors,0,,0.0007
spambase,3,selection,DR-C4,errors,0,,0.0003
spambase,3,selection,DR-C5,errors,0,,0.9429
spambase,3,selection,DR-C6,errors,0,,0.0409
spambase,3,selection,DR-C7,errors,0,,0.0213
spambase,3,selection,DR-C9,errors,0,,0.0008
spambase,3,selection,DR-MV1,joint,1,141.788414,0.0133
spambase,3,selection,DR-MV2,joint,1,0.096,0.0178
spambase,3,selection,DR-CV1,joint,0,0.53228,3.0982
spambase,3,label_shift,DR-M1,features,1,2.3e-05,0.0871
spambase,3,label_shift,DR-M2,features,0,0.166819,0.0319
spambase,3,label_shift,DR-M3,features,1,1.1e-05,0.0974
spambase,3,label_shift,DR-M4,features,0,0.080663,0.6631
spambase,3,label_shift,DR-M5,features,0,0.029809,0.0383
spambase,3,label_shift,DR-M6,features,0,0.49817,0.2733
spambase,3,label_shift,DR-M7,features,1,0.000428,0.0825
spambase,3,label_shift,DR-M8,errors,0,0.0,0.0001
spambase,3,label_shift,DR-M10,joint,1,0.005919,0.2938
spambase,3,label_shift,DR-M12,features,1,0.0,0.2469
spambase,3,label_shift,DR-M13,features,1,0.0,0.0408
spambase,3,label_shift,DR-M14,joint,1,0.121863,0.2452
spambase,3,label_shift,DR-C1,errors,0,,0.0008
spambase,3,label_shift,DR-C2,errors,0,,0.0003
spambase,3,label_shift,DR-C3,errors,0,,0.0047
spambase,3,label_shift,DR-C4,errors,0,,0.0006
spambase,3,label_shift,DR-C5,errors,0,,0.8061
spambase,3,label_shift,DR-C6,errors,0,,0.0373
spambase,3,label_shift,DR-C7,errors,0,,0.011
spambase,3,label_shift,DR-C9,errors,0,,0.0005
spambase,3,label_shift,DR-MV1,joint,1,151.073021,0.0054
spambase,3,label_shift,DR-MV2,joint,1,0.084,0.0085
spambase,3,label_shift,DR-CV1,joint,0,0.5671,2.9034
spambase,3,concept,DR-M1,features,0,0.232537,0.0738
spambase,3,concept,DR-M2,features,0,0.153739,0.0313
spambase,3,concept,DR-M3,features,0,0.005453,0.0875
spambase,3,concept,DR-M4,features,0,0.082011,0.5809
spambase,3,concept,DR-M5,features,0,0.02708,0.0372
spambase,3,concept,DR-M6,features,0,0.262712,0.2478
spambase,3,concept,DR-M7,features,0,0.043587,0.0793
spambase,3,concept,DR-M8,errors,1,0.056,0.0001
spambase,3,concept,DR-M10,joint,0,0.003226,0.3003
spambase,3,concept,DR-M12,features,0,0.075954,0.2361
spambase,3,concept,DR-M13,features,0,0.00285,0.0429
spambase,3,concept,DR-M14,joint,0,0.056368,0.2587
spambase,3,concept,DR-C1,errors,1,76.0,0.0006
spambase,3,concept,DR-C2,errors,1,70.0,0.0045
spambase,3,concept,DR-C3,errors,0,,0.0007
spambase,3,concept,DR-C4,errors,0,,0.0003
spambase,3,concept,DR-C5,errors,0,,0.8093
spambase,3,concept,DR-C6,errors,0,,0.0322
spambase,3,concept,DR-C7,errors,0,,0.0157
spambase,3,concept,DR-C9,errors,0,,0.0005
spambase,3,concept,DR-MV1,joint,1,80.726275,0.0056
spambase,3,concept,DR-MV2,joint,0,0.068,0.0084
spambase,3,concept,DR-CV1,joint,0,0.48468,2.9157
spambase,4,none,DR-M1,features,0,0.09066,0.0796
spambase,4,none,DR-M2,features,0,0.101682,0.0313
spambase,4,none,DR-M3,features,0,0.031153,0.0797
spambase,4,none,DR-M4,features,0,0.06218,0.5948
spambase,4,none,DR-M5,features,0,0.017506,0.0378
spambase,4,none,DR-M6,features,0,0.581762,0.2474
spambase,4,none,DR-M7,features,0,0.016774,0.0736
spambase,4,none,DR-M8,errors,0,-0.006,0.0001
spambase,4,none,DR-M10,joint,0,0.003483,0.2796
spambase,4,none,DR-M12,features,0,0.015327,0.1961
spambase,4,none,DR-M13,features,0,0.006801,0.0343
spambase,4,none,DR-M14,joint,0,0.069033,0.2527
spambase,4,none,DR-C1,errors,0,,0.005
spambase,4,none,DR-C2,errors,0,,0.0003
spambase,4,none,DR-C3,errors,0,,0.0006
spambase,4,none,DR-C4,errors,0,,0.0003
spambase,4,none,DR-C5,errors,0,,0.8021
spambase,4,none,DR-C6,errors,0,,0.0258
spambase,4,none,DR-C7,errors,0,,0.015
spambase,4,none,DR-C9,errors,0,,0.0005
spambase,4,none,DR-MV1,joint,1,172.718174,0.0013
spambase,4,none,DR-MV2,joint,0,0.044,0.0085
spambase,4,none,DR-CV1,joint,0,0.46752,3.1318
spambase,4,shift,DR-M1,features,1,0.0,0.1197
spambase,4,shift,DR-M2,features,0,0.079083,0.0385
spambase,4,shift,DR-M3,features,0,0.019897,0.0903
spambase,4,shift,DR-M4,features,0,0.048183,0.6652
spambase,4,shift,DR-M5,features,0,0.013085,0.0646
spambase,4,shift,DR-M6,features,0,0.394548,0.2927
spambase,4,shift,DR-M7,features,1,3e-06,0.087
spambase,4,shift,DR-M8,errors,1,0.03,0.0001
spambase,4,shift,DR-M10,joint,0,0.004531,0.3139
spambase,4,shift,DR-M12,features,1,0.0,0.184
spambase,4,shift,DR-M13,features,1,0.0,0.0458
spambase,4,shift,DR-M14,joint,0,0.073004,0.2681
spambase,4,shift,DR-C1,errors,1,90.0,0.0006
spambase,4,shift,DR-C2,errors,1,70.0,0.0002
spambase,4,shift,DR-C3,errors,0,,0.0007
spambase,4,shift,DR-C4,errors,0,,0.0003
spambase,4,shift,DR-C5,errors,0,,0.8466
spambase,4,shift,DR-C6,errors,0,,0.0249
spambase,4,shift,DR-C7,errors,0,,0.0154
spambase,4,shift,DR-C9,errors,0,,0.0005
spambase,4,shift,DR-MV1,joint,1,151.137658,0.0055
spambase,4,shift,DR-MV2,joint,0,0.04,0.0085
spambase,4,shift,DR-CV1,joint,1,0.98556,2.4264
spambase,4,scale,DR-M1,features,0,0.079609,0.0782
spambase,4,scale,DR-M2,features,0,0.104283,0.0315
spambase,4,scale,DR-M3,features,0,0.017188,0.0823
spambase,4,scale,DR-M4,features,0,0.059452,0.6107
spambase,4,scale,DR-M5,features,0,0.017293,0.038
spambase,4,scale,DR-M6,features,0,0.43266,0.2485
spambase,4,scale,DR-M7,features,0,0.010852,0.0823
spambase,4,scale,DR-M8,errors,1,0.01,0.0001
spambase,4,scale,DR-M10,joint,0,0.003947,0.3216
spambase,4,scale,DR-M12,features,0,0.038564,0.18
spambase,4,scale,DR-M13,features,0,0.031822,0.0463
spambase,4,scale,DR-M14,joint,0,0.067095,0.2848
spambase,4,scale,DR-C1,errors,0,,0.0007
spambase,4,scale,DR-C2,errors,0,,0.0003
spambase,4,scale,DR-C3,errors,0,,0.0007
spambase,4,scale,DR-C4,errors,0,,0.0046
spambase,4,scale,DR-C5,errors,0,,0.8665
spambase,4,scale,DR-C6,errors,0,,0.0301
spambase,4,scale,DR-C7,errors,0,,0.0159
spambase,4,scale,DR-C9,errors,0,,0.0005
spambase,4,scale,DR-MV1,joint,1,115.908489,0.0013
spambase,4,scale,DR-MV2,joint,0,0.032,0.0082
spambase,4,scale,DR-CV1,joint,0,0.48242,2.9892
spambase,4,correlation,DR-M1,features,0,0.4183,0.0961
spambase,4,correlation,DR-M2,features,0,0.107156,0.0369
spambase,4,correlation,DR-M3,features,0,0.049516,0.0817
spambase,4,correlation,DR-M4,features,0,0.06073,0.6223
spambase,4,correlation,DR-M5,features,0,0.017802,0.0564
spambase,4,correlation,DR-M6,features,0,0.476366,0.2788
spambase,4,correlation,DR-M7,features,1,0.000776,0.0812
spambase,4,correlation,DR-M8,errors,0,0.002,0.0001
spambase,4,correlation,DR-M10,joint,0,0.004506,0.3081
spambase,4,correlation,DR-M12,features,0,0.181082,0.1807
spambase,4,correlation,DR-M13,features,0,0.014712,0.0333
spambase,4,correlation,DR-M14,joint,1,0.082541,0.2619
spambase,4,correlation,DR-C1,errors,0,,0.0008
spambase,4,correlation,DR-C2,errors,1,112.0,0.0004
spambase,4,correlation,DR-C3,errors,0,,0.0008
spambase,4,correlation,DR-C4,errors,0,,0.0003
spambase,4,correlation,DR-C5,errors,0,,0.81
spambase,4,correlation,DR-C6,errors,0,,0.0255
spambase,4,correlation,DR-C7,errors,0,,0.0155
spambase,4,correlation,DR-C9,errors,0,,0.0005
spambase,4,correlation,DR-MV1,joint,1,119.364314,0.0054
spambase,4,correlation,DR-MV2,joint,0,0.072,0.0083
spambase,4,correlation,DR-CV1,joint,0,0.45716,2.7106
spambase,4,selection,DR-M1,features,1,2.9e-05,0.08
spambase,4,selection,DR-M2,features,0,0.204535,0.0314
spambase,4,selection,DR-M3,features,1,0.0,0.0836
spambase,4,selection,DR-M4,features,0,0.089476,0.5956
spambase,4,selection,DR-M5,features,0,0.035726,0.0334
spambase,4,selection,DR-M6,features,0,0.666935,0.2574
spambase,4,selection,DR-M7,features,1,0.0,0.0797
spambase,4,selection,DR-M8,errors,1,0.014,0.0001
spambase,4,selection,DR-M10,joint,1,0.007979,0.2906
spambase,4,selection,DR-M12,features,1,0.0,0.191
spambase,4,selection,DR-M13,features,1,0.0,0.0457
spambase,4,selection,DR-M14,joint,1,0.116354,0.2552
spambase,4,selection,DR-C1,errors,0,,0.005
spambase,4,selection,DR-C2,errors,0,,0.0004
spambase,4,selection,DR-C3,errors,0,,0.0006
spambase,4,selection,DR-C4,errors,0,,0.0003
spambase,4,selection,DR-C5,errors,0,,0.8182
spambase,4,selection,DR-C6,errors,0,,0.0298
spambase,4,selection,DR-C7,errors,0,,0.0152
spambase,4,selection,DR-C9,errors,0,,0.0006
spambase,4,selection,DR-MV1,joint,1,182.925254,0.0014
spambase,4,selection,DR-MV2,joint,0,0.012,0.0085
spambase,4,selection,DR-CV1,joint,0,0.56052,3.2584
spambase,4,label_shift,DR-M1,features,0,0.013558,0.0855
spambase,4,label_shift,DR-M2,features,0,0.09279,0.0318
spambase,4,label_shift,DR-M3,features,0,0.00364,0.0862
spambase,4,label_shift,DR-M4,features,0,0.055225,0.6384
spambase,4,label_shift,DR-M5,features,0,0.016534,0.0335
spambase,4,label_shift,DR-M6,features,0,0.461948,0.2724
spambase,4,label_shift,DR-M7,features,0,0.014077,0.0879
spambase,4,label_shift,DR-M8,errors,0,-0.006,0.0001
spambase,4,label_shift,DR-M10,joint,0,0.004202,0.2891
spambase,4,label_shift,DR-M12,features,1,9.4e-05,0.1946
spambase,4,label_shift,DR-M13,features,1,0.0,0.0348
spambase,4,label_shift,DR-M14,joint,0,0.068334,0.2395
spambase,4,label_shift,DR-C1,errors,0,,0.0008
spambase,4,label_shift,DR-C2,errors,0,,0.0003
spambase,4,label_shift,DR-C3,errors,0,,0.0047
spambase,4,label_shift,DR-C4,errors,0,,0.0004
spambase,4,label_shift,DR-C5,errors,0,,0.8464
spambase,4,label_shift,DR-C6,errors,0,,0.0303
spambase,4,label_shift,DR-C7,errors,0,,0.0147
spambase,4,label_shift,DR-C9,errors,0,,0.0005
spambase,4,label_shift,DR-MV1,joint,1,123.416236,0.0013
spambase,4,label_shift,DR-MV2,joint,0,0.024,0.0084
spambase,4,label_shift,DR-CV1,joint,0,0.43798,2.831
spambase,4,concept,DR-M1,features,0,0.4183,0.0789
spambase,4,concept,DR-M2,features,0,0.092099,0.0331
spambase,4,concept,DR-M3,features,0,0.026331,0.0883
spambase,4,concept,DR-M4,features,0,0.058365,0.6224
spambase,4,concept,DR-M5,features,0,0.015367,0.034
spambase,4,concept,DR-M6,features,0,0.651403,0.2735
spambase,4,concept,DR-M7,features,0,0.003886,0.0803
spambase,4,concept,DR-M8,errors,1,0.054,0.0001
spambase,4,concept,DR-M10,joint,0,0.003321,0.2865
spambase,4,concept,DR-M12,features,0,0.029638,0.1827
spambase,4,concept,DR-M13,features,0,0.002315,0.0379
spambase,4,concept,DR-M14,joint,1,0.080581,0.2526
spambase,4,concept,DR-C1,errors,1,161.0,0.0008
spambase,4,concept,DR-C2,errors,1,97.0,0.0002
spambase,4,concept,DR-C3,errors,0,,0.0006
spambase,4,concept,DR-C4,errors,0,,0.0045
spambase,4,concept,DR-C5,errors,0,,0.8921
spambase,4,concept,DR-C6,errors,0,,0.0216
spambase,4,concept,DR-C7,errors,0,,0.015
spambase,4,concept,DR-C9,errors,0,,0.0006
spambase,4,concept,DR-MV1,joint,1,344.840831,0.0015
spambase,4,concept,DR-MV2,joint,0,0.044,0.0134
spambase,4,concept,DR-CV1,joint,0,0.50022,3.1894
texture,0,none,DR-M1,features,0,0.382227,0.0635
texture,0,none,DR-M2,features,0,0.06452,0.0248
texture,0,none,DR-M3,features,0,0.310703,0.0799
texture,0,none,DR-M4,features,0,0.032805,0.5044
texture,0,none,DR-M5,features,0,0.011582,0.0284
texture,0,none,DR-M6,features,0,0.095255,0.3021
texture,0,none,DR-M7,features,0,0.590404,0.0552
texture,0,none,DR-M8,errors,1,0.02,0.0001
texture,0,none,DR-M10,joint,0,0.001467,0.2846
texture,0,none,DR-M12,features,0,0.467465,0.0196
texture,0,none,DR-M13,features,0,0.25,0.034
texture,0,none,DR-M14,joint,0,0.02098,0.2581
texture,0,none,DR-C1,errors,1,113.0,0.0007
texture,0,none,DR-C2,errors,0,,0.0003
texture,0,none,DR-C3,errors,0,,0.0006
texture,0,none,DR-C4,errors,0,,0.0003
texture,0,none,DR-C5,errors,0,,0.7754
texture,0,none,DR-C6,errors,0,,0.0413
texture,0,none,DR-C7,errors,0,,0.021
texture,0,none,DR-C9,errors,0,,0.0005
texture,0,none,DR-MV1,joint,0,32.797304,0.0012
texture,0,none,DR-MV2,joint,0,0.044,0.0075
texture,0,none,DR-CV1,joint,0,0.51668,3.1663
texture,0,shift,DR-M1,features,1,0.00037,0.0766
texture,0,shift,DR-M2,features,1,0.265069,0.0303
texture,0,shift,DR-M3,features,1,5e-06,0.087
texture,0,shift,DR-M4,features,0,0.137646,0.4437
texture,0,shift,DR-M5,features,0,0.046431,0.0253
texture,0,shift,DR-M6,features,0,0.243971,0.2234
texture,0,shift,DR-M7,features,0,0.002217,0.0568
texture,0,shift,DR-M8,errors,0,-0.004,0.0001
texture,0,shift,DR-M10,joint,0,0.004175,0.2996
texture,0,shift,DR-M12,features,1,0.000405,0.0187
texture,0,shift,DR-M13,features,1,0.0,0.0324
texture,0,shift,DR-M14,joint,0,0.046903,0.2396
texture,0,shift,DR-C1,errors,0,,0.0008
texture,0,shift,DR-C2,errors,0,,0.0003
texture,0,shift,DR-C3,errors,0,,0.0047
texture,0,shift,DR-C4,errors,0,,0.0003
texture,0,shift,DR-C5,errors,0,,0.8454
texture,0,shift,DR-C6,errors,0,,0.0479
texture,0,shift,DR-C7,errors,0,,0.0174
texture,0,shift,DR-C9,errors,0,,0.0048
texture,0,shift,DR-MV1,joint,1,2825.539213,0.0012
texture,0,shift,DR-MV2,joint,0,0.044,0.0077
texture,0,shift,DR-CV1,joint,1,0.94884,3.0378
texture,0,scale,DR-M1,features,1,0.000567,0.0581
texture,0,scale,DR-M2,features,1,0.320167,0.0239
texture,0,scale,DR-M3,features,1,0.0,0.0726
texture,0,scale,DR-M4,features,0,0.16172,0.467
texture,0,scale,DR-M5,features,0,0.056252,0.0253
texture,0,scale,DR-M6,features,1,0.517168,0.2223
texture,0,scale,DR-M7,features,0,0.31809,0.0565
texture,0,scale,DR-M8,errors,1,0.028,0.0001
texture,0,scale,DR-M10,joint,0,0.005284,0.2872
texture,0,scale,DR-M12,features,1,0.000227,0.0185
texture,0,scale,DR-M13,features,1,0.0,0.0311
texture,0,scale,DR-M14,joint,0,0.048872,0.2328
texture,0,scale,DR-C1,errors,1,140.0,0.0006
texture,0,scale,DR-C2,errors,0,,0.0003
texture,0,scale,DR-C3,errors,0,,0.0047
texture,0,scale,DR-C4,errors,0,,0.0004
texture,0,scale,DR-C5,errors,0,,0.748
texture,0,scale,DR-C6,errors,0,,0.0438
texture,0,scale,DR-C7,errors,0,,0.0173
texture,0,scale,DR-C9,errors,0,,0.0005
texture,0,scale,DR-MV1,joint,0,21.897474,0.0011
texture,0,scale,DR-MV2,joint,1,0.152,0.0074
texture,0,scale,DR-CV1,joint,1,0.89464,3.2172
texture,0,correlation,DR-M1,features,0,0.232537,0.057
texture,0,correlation,DR-M2,features,0,0.127813,0.0237
texture,0,correlation,DR-M3,features,0,0.012314,0.0726
texture,0,correlation,DR-M4,features,0,0.063705,0.4684
texture,0,correlation,DR-M5,features,0,0.022808,0.0252
texture,0,correlation,DR-M6,features,0,0.105221,0.2308
texture,0,correlation,DR-M7,features,0,0.39992,0.0529
texture,0,correlation,DR-M8,errors,1,0.02,0.0001
texture,0,correlation,DR-M10,joint,0,0.00476,0.2753
texture,0,correlation,DR-M12,features,0,0.346208,0.0183
texture,0,correlation,DR-M13,features,0,0.25,0.0272
texture,0,correlation,DR-M14,joint,0,0.041617,0.2237
texture,0,correlation,DR-C1,errors,1,78.0,0.0006
texture,0,correlation,DR-C2,errors,0,,0.0044
texture,0,correlation,DR-C3,errors,0,,0.0008
texture,0,correlation,DR-C4,errors,0,,0.0003
texture,0,correlation,DR-C5,errors,0,,0.8121
texture,0,correlation,DR-C6,errors,0,,0.0419
texture,0,correlation,DR-C7,errors,0,,0.0211
texture,0,correlation,DR-C9,errors,0,,0.0005
texture,0,correlation,DR-MV1,joint,0,29.698524,0.0011
texture,0,correlation,DR-MV2,joint,1,0.144,0.0075
texture,0,correlation,DR-CV1,joint,1,0.82828,3.1679
texture,0,selection,DR-M1,features,1,0.0,0.0784
texture,0,selection,DR-M2,features,1,0.283986,0.0259
texture,0,selection,DR-M3,features,1,1e-06,0.0731
texture,0,selection,DR-M4,features,0,0.150785,0.4486
texture,0,selection,DR-M5,features,0,0.049717,0.0252
texture,0,selection,DR-M6,features,1,0.471615,0.2224
texture,0,selection,DR-M7,features,1,0.0,0.0587
texture,0,selection,DR-M8,errors,0,-0.004,0.0001
texture,0,selection,DR-M10,joint,1,0.038229,0.2554
texture,0,selection,DR-M12,features,1,0.0,0.0246
texture,0,selection,DR-M13,features,1,0.0,0.0318
texture,0,selection,DR-M14,joint,1,0.52387,0.217
texture,0,selection,DR-C1,errors,0,,0.0048
texture,0,selection,DR-C2,errors,0,,0.0003
texture,0,selection,DR-C3,errors,0,,0.0007
texture,0,selection,DR-C4,errors,0,,0.0003
texture,0,selection,DR-C5,errors,0,,0.7363
texture,0,selection,DR-C6,errors,0,,0.044
texture,0,selection,DR-C7,errors,0,,0.0223
texture,0,selection,DR-C9,errors,0,,0.0005
texture,0,selection,DR-MV1,joint,1,114.253323,0.0012
texture,0,selection,DR-MV2,joint,0,0.064,0.0076
texture,0,selection,DR-CV1,joint,1,0.60488,3.2239
texture,0,label_shift,DR-M1,features,0,0.186802,0.0619
texture,0,label_shift,DR-M2,features,0,0.155857,0.0245
texture,0,label_shift,DR-M3,features,0,0.003889,0.0747
texture,0,label_shift,DR-M4,features,0,0.081575,0.5149
texture,0,label_shift,DR-M5,features,0,0.027608,0.0301
texture,0,label_shift,DR-M6,features,0,0.13246,0.2339
texture,0,label_shift,DR-M7,features,0,0.173749,0.057
texture,0,label_shift,DR-M8,errors,1,0.008,0.0001
texture,0,label_shift,DR-M10,joint,0,0.003826,0.2715
texture,0,label_shift,DR-M12,features,0,0.182686,0.0303
texture,0,label_shift,DR-M13,features,0,0.213487,0.0324
texture,0,label_shift,DR-M14,joint,0,0.036672,0.2337
texture,0,label_shift,DR-C1,errors,0,,0.0008
texture,0,label_shift,DR-C2,errors,0,,0.0003
texture,0,label_shift,DR-C3,errors,0,,0.0006
texture,0,label_shift,DR-C4,errors,0,,0.0003
texture,0,label_shift,DR-C5,errors,0,,0.7726
texture,0,label_shift,DR-C6,errors,0,,0.0473
texture,0,label_shift,DR-C7,errors,0,,0.0222
texture,0,label_shift,DR-C9,errors,0,,0.0005
texture,0,label_shift,DR-MV1,joint,0,38.289751,0.0011
texture,0,label_shift,DR-MV2,joint,0,0.048,0.0076
texture,0,label_shift,DR-CV1,joint,0,0.55816,3.2754
texture,0,concept,DR-M1,features,0,0.06089,0.0582
texture,0,concept,DR-M2,features,0,0.180247,0.0241
texture,0,concept,DR-M3,features,1,0.001151,0.0772
texture,0,concept,DR-M4,features,0,0.095849,0.5117
texture,0,concept,DR-M5,features,0,0.031819,0.0573
texture,0,concept,DR-M6,features,0,0.112599,0.2481
texture,0,concept,DR-M7,features,0,0.192354,0.076
texture,0,concept,DR-M8,errors,1,0.192,0.0001
texture,0,concept,DR-M10,joint,0,0.00354,0.277
texture,0,concept,DR-M12,features,0,0.122116,0.0197
texture,0,concept,DR-M13,features,0,0.082543,0.0327
texture,0,concept,DR-M14,joint,0,0.041075,0.2309
texture,0,concept,DR-C1,errors,1,7.0,0.0006
texture,0,concept,DR-C2,errors,1,106.0,0.0003
texture,0,concept,DR-C3,errors,0,,0.0006
texture,0,concept,DR-C4,errors,1,75.0,0.0044
texture,0,concept,DR-C5,errors,0,,0.7946
texture,0,concept,DR-C6,errors,1,94.0,0.0385
texture,0,concept,DR-C7,errors,0,,0.0226
texture,0,concept,DR-C9,errors,0,,0.0005
texture,0,concept,DR-MV1,joint,0,51.669081,0.0021
texture,0,concept,DR-MV2,joint,0,0.048,0.0136
texture,0,concept,DR-CV1,joint,0,0.545,3.0412
texture,1,none,DR-M1,features,0,0.079609,0.0629
texture,1,none,DR-M2,features,0,0.111466,0.0289
texture,1,none,DR-M3,features,0,0.032403,0.0721
texture,1,none,DR-M4,features,0,0.058323,0.4914
texture,1,none,DR-M5,features,0,0.019872,0.0401
texture,1,none,DR-M6,features,0,0.153741,0.2706
texture,1,none,DR-M7,features,0,0.071101,0.0626
texture,1,none,DR-M8,errors,0,-0.01,0.0001
texture,1,none,DR-M10,joint,0,0.006019,0.31
texture,1,none,DR-M12,features,0,0.059244,0.0194
texture,1,none,DR-M13,features,0,0.042489,0.0544
texture,1,none,DR-M14,joint,0,0.057396,0.2854
texture,1,none,DR-C1,errors,0,,0.0055
texture,1,none,DR-C2,errors,0,,0.0008
texture,1,none,DR-C3,errors,0,,0.0009
texture,1,none,DR-C4,errors,0,,0.0004
texture,1,none,DR-C5,errors,0,,0.9561
texture,1,none,DR-C6,errors,0,,0.0457
texture,1,none,DR-C7,errors,0,,0.0175
texture,1,none,DR-C9,errors,0,,0.0005
texture,1,none,DR-MV1,joint,1,68.515451,0.0012
texture,1,none,DR-MV2,joint,0,0.044,0.0127
texture,1,none,DR-CV1,joint,0,0.57844,3.529
texture,1,shift,DR-M1,features,1,2.9e-05,0.0625
texture,1,shift,DR-M2,features,1,0.363318,0.0251
texture,1,shift,DR-M3,features,1,0.0,0.0767
texture,1,shift,DR-M4,features,1,0.213941,0.4608
texture,1,shift,DR-M5,features,0,0.059638,0.0451
texture,1,shift,DR-M6,features,1,0.408768,0.2668
texture,1,shift,DR-M7,features,1,0.0,0.0553
texture,1,shift,DR-M8,errors,0,0.002,0.0001
texture,1,shift,DR-M10,joint,0,0.00513,0.257
texture,1,shift,DR-M12,features,1,0.0,0.0202
texture,1,shift,DR-M13,features,1,0.0,0.0388
texture,1,shift,DR-M14,joint,0,0.080912,0.2466
texture,1,shift,DR-C1,errors,0,,0.0008
texture,1,shift,DR-C2,errors,0,,0.0003
texture,1,shift,DR-C3,errors,0,,0.0006
texture,1,shift,DR-C4,errors,0,,0.0003
texture,1,shift,DR-C5,errors,0,,0.8666
texture,1,shift,DR-C6,errors,0,,0.0489
texture,1,shift,DR-C7,errors,0,,0.016
texture,1,shift,DR-C9,errors,0,,0.0007
texture,1,shift,DR-MV1,joint,1,3832.382298,0.0052
texture,1,shift,DR-MV2,joint,0,0.052,0.0038
texture,1,shift,DR-CV1,joint,1,0.93784,3.2277
texture,1,scale,DR-M1,features,1,0.00105,0.062
texture,1,scale,DR-M2,features,1,0.338151,0.024
texture,1,scale,DR-M3,features,1,0.0,0.0823
texture,1,scale,DR-M4,features,1,0.171495,0.4278
texture,1,scale,DR-M5,features,0,0.059437,0.0298
texture,1,scale,DR-M6,features,1,0.394367,0.2247
texture,1,scale,DR-M7,features,0,0.20571,0.0527
texture,1,scale,DR-M8,errors,0,-0.002,0.0001
texture,1,scale,DR-M10,joint,0,0.003865,0.267
texture,1,scale,DR-M12,features,0,0.001886,0.0193
texture,1,scale,DR-M13,features,1,0.0,0.032
texture,1,scale,DR-M14,joint,0,0.04089,0.2319
texture,1,scale,DR-C1,errors,0,,0.0013
texture,1,scale,DR-C2,errors,0,,0.0048
texture,1,scale,DR-C3,errors,0,,0.0008
texture,1,scale,DR-C4,errors,0,,0.0003
texture,1,scale,DR-C5,errors,0,,0.808
texture,1,scale,DR-C6,errors,0,,0.0416
texture,1,scale,DR-C7,errors,0,,0.0164
texture,1,scale,DR-C9,errors,0,,0.0047
texture,1,scale,DR-MV1,joint,1,58.216595,0.0012
texture,1,scale,DR-MV2,joint,0,0.052,0.0076
texture,1,scale,DR-CV1,joint,1,0.86674,3.3311
texture,1,correlation,DR-M1,features,0,0.025539,0.0642
texture,1,correlation,DR-M2,features,0,0.102518,0.0299
texture,1,correlation,DR-M3,features,0,0.06049,0.079
texture,1,correlation,DR-M4,features,0,0.053037,0.4349
texture,1,correlation,DR-M5,features,0,0.01832,0.0221
texture,1,correlation,DR-M6,features,0,0.192128,0.2279
texture,1,correlation,DR-M7,features,0,0.014897,0.0556
texture,1,correlation,DR-M8,errors,0,-0.014,0.0001
texture,1,correlation,DR-M10,joint,0,0.006688,0.2799
texture,1,correlation,DR-M12,features,0,0.01455,0.0207
texture,1,correlation,DR-M13,features,0,0.015048,0.0402
texture,1,correlation,DR-M14,joint,0,0.100694,0.2479
texture,1,correlation,DR-C1,errors,0,,0.0007
texture,1,correlation,DR-C2,errors,0,,0.0003
texture,1,correlation,DR-C3,errors,0,,0.0047
texture,1,correlation,DR-C4,errors,0,,0.0004
texture,1,correlation,DR-C5,errors,0,,0.8173
texture,1,correlation,DR-C6,errors,0,,0.0465
texture,1,correlation,DR-C7,errors,0,,0.0161
texture,1,correlation,DR-C9,errors,0,,0.0005
texture,1,correlation,DR-MV1,joint,1,58.834807,0.0012
texture,1,correlation,DR-MV2,joint,1,0.188,0.0076
texture,1,correlation,DR-CV1,joint,1,0.85288,3.3698
texture,1,selection,DR-M1,features,1,0.0,0.0845
texture,1,selection,DR-M2,features,1,0.297084,0.0336
texture,1,selection,DR-M3,features,1,0.0,0.0808
texture,1,selection,DR-M4,features,1,0.149491,0.5108
texture,1,selection,DR-M5,features,0,0.05207,0.0482
texture,1,selection,DR-M6,features,1,0.503199,0.2309
texture,1,selection,DR-M7,features,1,0.0,0.0604
texture,1,selection,DR-M8,errors,0,-0.006,0.0001
texture,1,selection,DR-M10,joint,1,0.027259,0.2844
texture,1,selection,DR-M12,features,1,0.0,0.0292
texture,1,selection,DR-M13,features,1,0.0,0.0453
texture,1,selection,DR-M14,joint,1,0.487567,0.2894
texture,1,selection,DR-C1,errors,0,,0.0008
texture,1,selection,DR-C2,errors,0,,0.0003
texture,1,selection,DR-C3,errors,0,,0.0006
texture,1,selection,DR-C4,errors,0,,0.0003
texture,1,selection,DR-C5,errors,0,,0.8222
texture,1,selection,DR-C6,errors,0,,0.0443
texture,1,selection,DR-C7,errors,0,,0.0155
texture,1,selection,DR-C9,errors,0,,0.0005
texture,1,selection,DR-MV1,joint,1,84.674168,0.0012
texture,1,selection,DR-MV2,joint,0,0.056,0.0076
texture,1,selection,DR-CV1,joint,0,0.5444,3.2891
texture,1,label_shift,DR-M1,features,0,0.06089,0.0809
texture,1,label_shift,DR-M2,features,0,0.092939,0.0432
texture,1,label_shift,DR-M3,features,0,0.081863,0.0812
texture,1,label_shift,DR-M4,features,0,0.046241,0.4589
texture,1,label_shift,DR-M5,features,0,0.016583,0.0439
texture,1,label_shift,DR-M6,features,0,0.122541,0.2419
texture,1,label_shift,DR-M7,features,0,0.15325,0.0543
texture,1,label_shift,DR-M8,errors,0,-0.01,0.0001
texture,1,label_shift,DR-M10,joint,0,0.002995,0.2876
texture,1,label_shift,DR-M12,features,0,0.144215,0.0191
texture,1,label_shift,DR-M13,features,0,0.163477,0.0543
texture,1,label_shift,DR-M14,joint,0,0.035218,0.2436
texture,1,label_shift,DR-C1,errors,0,,0.0006
texture,1,label_shift,DR-C2,errors,0,,0.0003
texture,1,label_shift,DR-C3,errors,0,,0.0006
texture,1,label_shift,DR-C4,errors,0,,0.0003
texture,1,label_shift,DR-C5,errors,0,,0.8687
texture,1,label_shift,DR-C6,errors,0,,0.046
texture,1,label_shift,DR-C7,errors,0,,0.0114
texture,1,label_shift,DR-C9,errors,0,,0.0045
texture,1,label_shift,DR-MV1,joint,0,31.417885,0.0012
texture,1,label_shift,DR-MV2,joint,0,0.036,0.0076
texture,1,label_shift,DR-CV1,joint,0,0.51648,3.4011
texture,1,concept,DR-M1,features,0,0.079609,0.0592
texture,1,concept,DR-M2,features,0,0.129402,0.0236
texture,1,concept,DR-M3,features,0,0.020732,0.0729
texture,1,concept,DR-M4,features,0,0.069033,0.4989
texture,1,concept,DR-M5,features,0,0.022719,0.0304
texture,1,concept,DR-M6,features,0,0.138975,0.2284
texture,1,concept,DR-M7,features,0,0.092977,0.0501
texture,1,concept,DR-M8,errors,1,0.15,0.0001
texture,1,concept,DR-M10,joint,0,0.003648,0.2756
texture,1,concept,DR-M12,features,0,0.107984,0.019
texture,1,concept,DR-M13,features,0,0.108444,0.0494
texture,1,concept,DR-M14,joint,0,0.04761,0.2389
texture,1,concept,DR-C1,errors,1,31.0,0.0008
texture,1,concept,DR-C2,errors,1,116.0,0.0004
texture,1,concept,DR-C3,errors,0,,0.0048
texture,1,concept,DR-C4,errors,1,171.0,0.0003
texture,1,concept,DR-C5,errors,0,,0.8007
texture,1,concept,DR-C6,errors,1,230.0,0.0329
texture,1,concept,DR-C7,errors,0,,0.0156
texture,1,concept,DR-C9,errors,0,,0.0005
texture,1,concept,DR-MV1,joint,0,47.363212,0.0011
texture,1,concept,DR-MV2,joint,0,0.048,0.0074
texture,1,concept,DR-CV1,joint,0,0.52952,3.0321
texture,2,none,DR-M1,features,0,0.232537,0.056
texture,2,none,DR-M2,features,0,0.108961,0.0237
texture,2,none,DR-M3,features,0,0.044604,0.0816
texture,2,none,DR-M4,features,0,0.056345,0.4516
texture,2,none,DR-M5,features,0,0.019385,0.0289
texture,2,none,DR-M6,features,0,0.092908,0.2207
texture,2,none,DR-M7,features,0,0.240006,0.0496
texture,2,none,DR-M8,errors,0,-0.004,0.0001
texture,2,none,DR-M10,joint,0,0.001609,0.2843
texture,2,none,DR-M12,features,0,0.255536,0.0191
texture,2,none,DR-M13,features,0,0.25,0.031
texture,2,none,DR-M14,joint,0,0.021716,0.2516
texture,2,none,DR-C1,errors,0,,0.0012
texture,2,none,DR-C2,errors,0,,0.0003
texture,2,none,DR-C3,errors,0,,0.0047
texture,2,none,DR-C4,errors,0,,0.0003
texture,2,none,DR-C5,errors,0,,0.8303
texture,2,none,DR-C6,errors,0,,0.0457
texture,2,none,DR-C7,errors,0,,0.0157
texture,2,none,DR-C9,errors,0,,0.0005
texture,2,none,DR-MV1,joint,0,24.981354,0.0013
texture,2,none,DR-MV2,joint,0,0.072,0.008
texture,2,none,DR-CV1,joint,0,0.47336,3.2003
texture,2,shift,DR-M1,features,1,0.0,0.0595
texture,2,shift,DR-M2,features,1,0.300389,0.0239
texture,2,shift,DR-M3,features,1,0.0,0.0798
texture,2,shift,DR-M4,features,1,0.140369,0.4598
texture,2,shift,DR-M5,features,0,0.052614,0.0301
texture,2,shift,DR-M6,features,1,0.363685,0.2311
texture,2,shift,DR-M7,features,1,4e-06,0.0534
texture,2,shift,DR-M8,errors,0,-0.008,0.0001
texture,2,shift,DR-M10,joint,0,0.003041,0.2613
texture,2,shift,DR-M12,features,1,0.0,0.0186
texture,2,shift,DR-M13,features,1,0.0,0.0358
texture,2,shift,DR-M14,joint,0,0.042534,0.2395
texture,2,shift,DR-C1,errors,0,,0.0008
texture,2,shift,DR-C2,errors,0,,0.0003
texture,2,shift,DR-C3,errors,0,,0.0006
texture,2,shift,DR-C4,errors,0,,0.0003
texture,2,shift,DR-C5,errors,0,,0.82
texture,2,shift,DR-C6,errors,0,,0.0447
texture,2,shift,DR-C7,errors,0,,0.0161
texture,2,shift,DR-C9,errors,0,,0.0005
texture,2,shift,DR-MV1,joint,1,4134.596085,0.0013
texture,2,shift,DR-MV2,joint,0,0.048,0.0072
texture,2,shift,DR-CV1,joint,1,0.94078,3.396
texture,2,scale,DR-M1,features,1,8e-06,0.0804
texture,2,scale,DR-M2,features,1,0.557855,0.0388
texture,2,scale,DR-M3,features,1,0.0,0.0926
texture,2,scale,DR-M4,features,1,0.281973,0.524
texture,2,scale,DR-M5,features,0,0.0961,0.0253
texture,2,scale,DR-M6,features,1,0.462039,0.2178
texture,2,scale,DR-M7,features,0,0.313995,0.0512
texture,2,scale,DR-M8,errors,0,-0.004,0.0001
texture,2,scale,DR-M10,joint,0,0.004992,0.2671
texture,2,scale,DR-M12,features,1,2e-05,0.0184
texture,2,scale,DR-M13,features,1,0.0,0.0324
texture,2,scale,DR-M14,joint,0,0.048994,0.2503
texture,2,scale,DR-C1,errors,0,,0.001
texture,2,scale,DR-C2,errors,0,,0.0009
texture,2,scale,DR-C3,errors,0,,0.0013
texture,2,scale,DR-C4,errors,0,,0.0005
texture,2,scale,DR-C5,errors,0,,0.9543
texture,2,scale,DR-C6,errors,0,,0.0462
texture,2,scale,DR-C7,errors,0,,0.0114
texture,2,scale,DR-C9,errors,0,,0.0046
texture,2,scale,DR-MV1,joint,1,770.541582,0.0011
texture,2,scale,DR-MV2,joint,1,0.088,0.0079
texture,2,scale,DR-CV1,joint,1,0.88004,3.6705
texture,2,correlation,DR-M1,features,0,0.06089,0.0713
texture,2,correlation,DR-M2,features,0,0.114865,0.0243
texture,2,correlation,DR-M3,features,0,0.03226,0.0858
texture,2,correlation,DR-M4,features,0,0.059431,0.4574
texture,2,correlation,DR-M5,features,0,0.020504,0.0295
texture,2,correlation,DR-M6,features,0,0.118308,0.222
texture,2,correlation,DR-M7,features,0,0.281613,0.0539
texture,2,correlation,DR-M8,errors,0,-0.012,0.0001
texture,2,correlation,DR-M10,joint,0,0.005407,0.2788
texture,2,correlation,DR-M12,features,0,0.276784,0.0185
texture,2,correlation,DR-M13,features,0,0.25,0.0319
texture,2,correlation,DR-M14,joint,0,0.048015,0.261
texture,2,correlation,DR-C1,errors,0,,0.0051
texture,2,correlation,DR-C2,errors,0,,0.0004
texture,2,correlation,DR-C3,errors,0,,0.0007
texture,2,correlation,DR-C4,errors,0,,0.0006
texture,2,correlation,DR-C5,errors,0,,0.8346
texture,2,correlation,DR-C6,errors,0,,0.0422
texture,2,correlation,DR-C7,errors,0,,0.016
texture,2,correlation,DR-C9,errors,0,,0.0006
texture,2,correlation,DR-MV1,joint,0,24.305269,0.0054
texture,2,correlation,DR-MV2,joint,1,0.164,0.0083
texture,2,correlation,DR-CV1,joint,1,0.8456,3.3414
texture,2,selection,DR-M1,features,1,0.0,0.0795
texture,2,selection,DR-M2,features,1,0.30927,0.024
texture,2,selection,DR-M3,features,1,1e-06,0.081
texture,2,selection,DR-M4,features,1,0.165412,0.458
texture,2,selection,DR-M5,features,0,0.053542,0.0259
texture,2,selection,DR-M6,features,1,0.460201,0.229
texture,2,selection,DR-M7,features,1,0.0,0.0599
texture,2,selection,DR-M8,errors,1,0.012,0.0001
texture,2,selection,DR-M10,joint,1,0.02705,0.2778
texture,2,selection,DR-M12,features,1,0.0,0.0263
texture,2,selection,DR-M13,features,1,0.0,0.0483
texture,2,selection,DR-M14,joint,1,0.527797,0.2766
texture,2,selection,DR-C1,errors,0,,0.0008
texture,2,selection,DR-C2,errors,0,,0.0003
texture,2,selection,DR-C3,errors,0,,0.0006
texture,2,selection,DR-C4,errors,0,,0.0003
texture,2,selection,DR-C5,errors,0,,0.7844
texture,2,selection,DR-C6,errors,0,,0.053
texture,2,selection,DR-C7,errors,0,,0.0158
texture,2,selection,DR-C9,errors,0,,0.0005
texture,2,selection,DR-MV1,joint,1,67.147083,0.0012
texture,2,selection,DR-MV2,joint,0,0.072,0.0078
texture,2,selection,DR-CV1,joint,0,0.56128,3.3326
texture,2,label_shift,DR-M1,features,0,0.006893,0.0589
texture,2,label_shift,DR-M2,features,0,0.129025,0.0269
texture,2,label_shift,DR-M3,features,0,0.009772,0.0794
texture,2,label_shift,DR-M4,features,0,0.067503,0.4462
texture,2,label_shift,DR-M5,features,0,0.022977,0.037
texture,2,label_shift,DR-M6,features,0,0.15757,0.2476
texture,2,label_shift,DR-M7,features,0,0.071824,0.0525
texture,2,label_shift,DR-M8,errors,0,-0.004,0.0001
texture,2,label_shift,DR-M10,joint,0,0.004528,0.263
texture,2,label_shift,DR-M12,features,0,0.024834,0.0196
texture,2,label_shift,DR-M13,features,0,0.040678,0.0361
texture,2,label_shift,DR-M14,joint,0,0.055365,0.2372
texture,2,label_shift,DR-C1,errors,0,,0.0008
texture,2,label_shift,DR-C2,errors,0,,0.0003
texture,2,label_shift,DR-C3,errors,0,,0.0006
texture,2,label_shift,DR-C4,errors,0,,0.0003
texture,2,label_shift,DR-C5,errors,0,,0.7776
texture,2,label_shift,DR-C6,errors,0,,0.0452
texture,2,label_shift,DR-C7,errors,0,,0.0211
texture,2,label_shift,DR-C9,errors,0,,0.0005
texture,2,label_shift,DR-MV1,joint,0,50.389166,0.0053
texture,2,label_shift,DR-MV2,joint,0,0.032,0.0036
texture,2,label_shift,DR-CV1,joint,0,0.4948,3.2689
texture,2,concept,DR-M1,features,0,0.258351,0.0885
texture,2,concept,DR-M2,features,0,0.121949,0.0266
texture,2,concept,DR-M3,features,0,0.021256,0.1011
texture,2,concept,DR-M4,features,0,0.062836,0.4748
texture,2,concept,DR-M5,features,0,0.021803,0.0264
texture,2,concept,DR-M6,features,0,0.092576,0.2447
texture,2,concept,DR-M7,features,0,0.449497,0.0581
texture,2,concept,DR-M8,errors,1,0.144,0.0001
texture,2,concept,DR-M10,joint,0,0.002322,0.2899
texture,2,concept,DR-M12,features,0,0.397116,0.018
texture,2,concept,DR-M13,features,0,0.25,0.0333
texture,2,concept,DR-M14,joint,0,0.025186,0.233
texture,2,concept,DR-C1,errors,1,71.0,0.0007
texture,2,concept,DR-C2,errors,1,100.0,0.0002
texture,2,concept,DR-C3,errors,0,,0.0006
texture,2,concept,DR-C4,errors,1,203.0,0.0003
texture,2,concept,DR-C5,errors,0,,0.9161
texture,2,concept,DR-C6,errors,1,246.0,0.0398
texture,2,concept,DR-C7,errors,0,,0.0285
texture,2,concept,DR-C9,errors,0,,0.0009
texture,2,concept,DR-MV1,joint,0,35.106579,0.0017
texture,2,concept,DR-MV2,joint,0,0.068,0.0135
texture,2,concept,DR-CV1,joint,0,0.52576,3.198
texture,3,none,DR-M1,features,0,0.021888,0.0471
texture,3,none,DR-M2,features,0,0.147632,0.0155
texture,3,none,DR-M3,features,0,0.003242,0.0576
texture,3,none,DR-M4,features,0,0.071785,0.3491
texture,3,none,DR-M5,features,0,0.026243,0.0173
texture,3,none,DR-M6,features,0,0.186891,0.1792
texture,3,none,DR-M7,features,0,0.018826,0.0435
texture,3,none,DR-M8,errors,1,0.006,0.0001
texture,3,none,DR-M10,joint,0,0.005204,0.3216
texture,3,none,DR-M12,features,0,0.032943,0.0232
texture,3,none,DR-M13,features,0,0.028023,0.0359
texture,3,none,DR-M14,joint,0,0.058967,0.2352
texture,3,none,DR-C1,errors,0,,0.0008
texture,3,none,DR-C2,errors,0,,0.0043
texture,3,none,DR-C3,errors,0,,0.0006
texture,3,none,DR-C4,errors,0,,0.0003
texture,3,none,DR-C5,errors,0,,0.784
texture,3,none,DR-C6,errors,0,,0.0551
texture,3,none,DR-C7,errors,0,,0.0166
texture,3,none,DR-C9,errors,0,,0.0005
texture,3,none,DR-MV1,joint,1,60.449275,0.0012
texture,3,none,DR-MV2,joint,1,0.08,0.0118
texture,3,none,DR-CV1,joint,0,0.47668,2.5904
texture,3,shift,DR-M1,features,0,0.021888,0.0451
texture,3,shift,DR-M2,features,0,0.16692,0.0155
texture,3,shift,DR-M3,features,0,0.001586,0.058
texture,3,shift,DR-M4,features,0,0.086914,0.3301
texture,3,shift,DR-M5,features,0,0.029296,0.0214
texture,3,shift,DR-M6,features,1,0.250242,0.2047
texture,3,shift,DR-M7,features,0,0.001518,0.0379
texture,3,shift,DR-M8,errors,1,0.034,0.0001
texture,3,shift,DR-M10,joint,0,0.003465,0.2112
texture,3,shift,DR-M12,features,0,0.00524,0.0201
texture,3,shift,DR-M13,features,1,0.0,0.0227
texture,3,shift,DR-M14,joint,0,0.0461,0.168
texture,3,shift,DR-C1,errors,1,175.0,0.0007
texture,3,shift,DR-C2,errors,0,,0.0003
texture,3,shift,DR-C3,errors,0,,0.0006
texture,3,shift,DR-C4,errors,0,,0.0004
texture,3,shift,DR-C5,errors,0,,0.5904
texture,3,shift,DR-C6,errors,0,,0.0258
texture,3,shift,DR-C7,errors,0,,0.0111
texture,3,shift,DR-C9,errors,0,,0.0004
texture,3,shift,DR-MV1,joint,1,2572.517335,0.0012
texture,3,shift,DR-MV2,joint,1,0.084,0.0034
texture,3,shift,DR-CV1,joint,1,0.91116,3.1469
texture,3,scale,DR-M1,features,1,0.0,0.0859
texture,3,scale,DR-M2,features,1,0.407968,0.0241
texture,3,scale,DR-M3,features,1,0.0,0.0729
texture,3,scale,DR-M4,features,1,0.195206,0.4342
texture,3,scale,DR-M5,features,0,0.071517,0.0251
texture,3,scale,DR-M6,features,1,0.508631,0.2298
texture,3,scale,DR-M7,features,0,0.042234,0.0776
texture,3,scale,DR-M8,errors,1,0.03,0.0001
texture,3,scale,DR-M10,joint,0,0.006238,0.2733
texture,3,scale,DR-M12,features,1,8.8e-05,0.0241
texture,3,scale,DR-M13,features,1,0.0,0.0406
texture,3,scale,DR-M14,joint,0,0.073119,0.247
texture,3,scale,DR-C1,errors,0,,0.0014
texture,3,scale,DR-C2,errors,0,,0.0006
texture,3,scale,DR-C3,errors,0,,0.0014
texture,3,scale,DR-C4,errors,0,,0.0007
texture,3,scale,DR-C5,errors,0,,0.6448
texture,3,scale,DR-C6,errors,0,,0.0318
texture,3,scale,DR-C7,errors,0,,0.0112
texture,3,scale,DR-C9,errors,0,,0.0005
texture,3,scale,DR-MV1,joint,1,483.007491,0.0013
texture,3,scale,DR-MV2,joint,1,0.08,0.0033
texture,3,scale,DR-CV1,joint,1,0.87676,2.3646
texture,3,correlation,DR-M1,features,0,0.348152,0.0406
texture,3,correlation,DR-M2,features,0,0.082172,0.0176
texture,3,correlation,DR-M3,features,0,0.165632,0.0547
texture,3,correlation,DR-M4,features,0,0.04293,0.3424
texture,3,correlation,DR-M5,features,0,0.014675,0.0171
texture,3,correlation,DR-M6,features,0,0.083612,0.1885
texture,3,correlation,DR-M7,features,0,0.524643,0.0427
texture,3,correlation,DR-M8,errors,1,0.006,0.0001
texture,3,correlation,DR-M10,joint,0,0.003581,0.2022
texture,3,correlation,DR-M12,features,0,0.580832,0.0184
texture,3,correlation,DR-M13,features,0,0.25,0.0243
texture,3,correlation,DR-M14,joint,0,0.035008,0.1792
texture,3,correlation,DR-C1,errors,0,,0.0008
texture,3,correlation,DR-C2,errors,0,,0.0003
texture,3,correlation,DR-C3,errors,0,,0.0007
texture,3,correlation,DR-C4,errors,0,,0.0003
texture,3,correlation,DR-C5,errors,0,,0.6165
texture,3,correlation,DR-C6,errors,0,,0.0329
texture,3,correlation,DR-C7,errors,0,,0.0115
texture,3,correlation,DR-C9,errors,0,,0.0005
texture,3,correlation,DR-MV1,joint,0,32.655282,0.0011
texture,3,correlation,DR-MV2,joint,1,0.16,0.0035
texture,3,correlation,DR-CV1,joint,1,0.8392,2.343
texture,3,selection,DR-M1,features,1,0.0,0.0593
texture,3,selection,DR-M2,features,1,0.362156,0.0207
texture,3,selection,DR-M3,features,1,0.0,0.0664
texture,3,selection,DR-M4,features,1,0.203496,0.3482
texture,3,selection,DR-M5,features,0,0.061065,0.0229
texture,3,selection,DR-M6,features,1,0.520724,0.1961
texture,3,selection,DR-M7,features,1,0.0,0.0488
texture,3,selection,DR-M8,errors,1,0.01,0.0001
texture,3,selection,DR-M10,joint,1,0.032016,0.1993
texture,3,selection,DR-M12,features,1,0.0,0.0268
texture,3,selection,DR-M13,features,1,0.0,0.024
texture,3,selection,DR-M14,joint,1,0.658807,0.1929
texture,3,selection,DR-C1,errors,0,,0.0012
texture,3,selection,DR-C2,errors,0,,0.0005
texture,3,selection,DR-C3,errors,0,,0.001
texture,3,selection,DR-C4,errors,0,,0.0005
texture,3,selection,DR-C5,errors,0,,0.6114
texture,3,selection,DR-C6,errors,0,,0.0293
texture,3,selection,DR-C7,errors,0,,0.0114
texture,3,selection,DR-C9,errors,0,,0.0005
texture,3,selection,DR-MV1,joint,1,160.844259,0.0012
texture,3,selection,DR-MV2,joint,1,0.1,0.0078
texture,3,selection,DR-CV1,joint,0,0.59984,2.409
texture,3,label_shift,DR-M1,features,0,0.166732,0.043
texture,3,label_shift,DR-M2,features,0,0.125312,0.0152
texture,3,label_shift,DR-M3,features,0,0.018922,0.0631
texture,3,label_shift,DR-M4,features,0,0.064975,0.4382
texture,3,label_shift,DR-M5,features,0,0.022336,0.0258
texture,3,label_shift,DR-M6,features,0,0.119789,0.1847
texture,3,label_shift,DR-M7,features,0,0.202878,0.0384
texture,3,label_shift,DR-M8,errors,0,-0.006,0.0001
texture,3,label_shift,DR-M10,joint,0,0.002198,0.1908
texture,3,label_shift,DR-M12,features,0,0.193792,0.0303
texture,3,label_shift,DR-M13,features,0,0.215727,0.0214
texture,3,label_shift,DR-M14,joint,0,0.028771,0.1903
texture,3,label_shift,DR-C1,errors,0,,0.0007
texture,3,label_shift,DR-C2,errors,0,,0.0003
texture,3,label_shift,DR-C3,errors,0,,0.0006
texture,3,label_shift,DR-C4,errors,0,,0.0003
texture,3,label_shift,DR-C5,errors,0,,0.6989
texture,3,label_shift,DR-C6,errors,0,,0.0335
texture,3,label_shift,DR-C7,errors,0,,0.0124
texture,3,label_shift,DR-C9,errors,0,,0.0005
texture,3,label_shift,DR-MV1,joint,0,43.334622,0.0011
texture,3,label_shift,DR-MV2,joint,1,0.08,0.0034
texture,3,label_shift,DR-CV1,joint,0,0.51868,2.525
texture,3,concept,DR-M1,features,0,0.003355,0.0527
texture,3,concept,DR-M2,features,0,0.172542,0.0195
texture,3,concept,DR-M3,features,1,0.001212,0.0535
texture,3,concept,DR-M4,features,0,0.088702,0.3297
texture,3,concept,DR-M5,features,0,0.030567,0.0212
texture,3,concept,DR-M6,features,0,0.194068,0.1907
texture,3,concept,DR-M7,features,0,0.01124,0.0426
texture,3,concept,DR-M8,errors,1,0.134,0.0001
texture,3,concept,DR-M10,joint,0,0.005185,0.211
texture,3,concept,DR-M12,features,0,0.017094,0.0279
texture,3,concept,DR-M13,features,0,0.019238,0.0332
texture,3,concept,DR-M14,joint,0,0.090184,0.1695
texture,3,concept,DR-C1,errors,1,64.0,0.0006
texture,3,concept,DR-C2,errors,1,128.0,0.0003
texture,3,concept,DR-C3,errors,0,,0.0006
texture,3,concept,DR-C4,errors,1,203.0,0.0003
texture,3,concept,DR-C5,errors,0,,0.6236
texture,3,concept,DR-C6,errors,0,,0.0297
texture,3,concept,DR-C7,errors,0,,0.0113
texture,3,concept,DR-C9,errors,0,,0.0005
texture,3,concept,DR-MV1,joint,0,37.867614,0.0011
texture,3,concept,DR-MV2,joint,0,0.068,0.0036
texture,3,concept,DR-CV1,joint,0,0.5116,2.3579
texture,4,none,DR-M1,features,0,0.348152,0.0483
texture,4,none,DR-M2,features,0,0.102098,0.0208
texture,4,none,DR-M3,features,0,0.042954,0.0572
texture,4,none,DR-M4,features,0,0.048673,0.3538
texture,4,none,DR-M5,features,0,0.018117,0.019
texture,4,none,DR-M6,features,0,0.083505,0.1676
texture,4,none,DR-M7,features,0,0.474304,0.038
texture,4,none,DR-M8,errors,1,0.02,0.0001
texture,4,none,DR-M10,joint,0,0.001824,0.217
texture,4,none,DR-M12,features,0,0.387065,0.0181
texture,4,none,DR-M13,features,0,0.25,0.0222
texture,4,none,DR-M14,joint,0,0.020895,0.1681
texture,4,none,DR-C1,errors,0,,0.0007
texture,4,none,DR-C2,errors,0,,0.0003
texture,4,none,DR-C3,errors,0,,0.0006
texture,4,none,DR-C4,errors,0,,0.0004
texture,4,none,DR-C5,errors,0,,0.5839
texture,4,none,DR-C6,errors,0,,0.0321
texture,4,none,DR-C7,errors,0,,0.0115
texture,4,none,DR-C9,errors,0,,0.0005
texture,4,none,DR-MV1,joint,0,29.920784,0.0013
texture,4,none,DR-MV2,joint,0,0.04,0.0072
texture,4,none,DR-CV1,joint,0,0.47828,2.3574
texture,4,shift,DR-M1,features,0,0.002784,0.0452
texture,4,shift,DR-M2,features,0,0.130493,0.0154
texture,4,shift,DR-M3,features,0,0.009728,0.0557
texture,4,shift,DR-M4,features,0,0.064349,0.3236
texture,4,shift,DR-M5,features,0,0.023295,0.0214
texture,4,shift,DR-M6,features,0,0.228607,0.1634
texture,4,shift,DR-M7,features,0,0.005847,0.0427
texture,4,shift,DR-M8,errors,0,0.004,0.0001
texture,4,shift,DR-M10,joint,0,0.00369,0.2237
texture,4,shift,DR-M12,features,1,0.000833,0.021
texture,4,shift,DR-M13,features,1,0.0,0.0286
texture,4,shift,DR-M14,joint,0,0.058675,0.1633
texture,4,shift,DR-C1,errors,0,,0.0049
texture,4,shift,DR-C2,errors,0,,0.0003
texture,4,shift,DR-C3,errors,0,,0.0006
texture,4,shift,DR-C4,errors,0,,0.0003
texture,4,shift,DR-C5,errors,0,,0.5921
texture,4,shift,DR-C6,errors,0,,0.0298
texture,4,shift,DR-C7,errors,0,,0.0117
texture,4,shift,DR-C9,errors,0,,0.0005
texture,4,shift,DR-MV1,joint,1,1276.250193,0.0054
texture,4,shift,DR-MV2,joint,0,0.044,0.0033
texture,4,shift,DR-CV1,joint,1,0.818,2.5114
texture,4,scale,DR-M1,features,0,0.013558,0.0836
texture,4,scale,DR-M2,features,0,0.198237,0.039
texture,4,scale,DR-M3,features,1,0.000144,0.1202
texture,4,scale,DR-M4,features,0,0.097488,0.4325
texture,4,scale,DR-M5,features,0,0.035147,0.0222
texture,4,scale,DR-M6,features,1,0.38204,0.1722
texture,4,scale,DR-M7,features,0,0.265233,0.0428
texture,4,scale,DR-M8,errors,0,0.004,0.0001
texture,4,scale,DR-M10,joint,0,0.003004,0.2045
texture,4,scale,DR-M12,features,0,0.018894,0.0183
texture,4,scale,DR-M13,features,1,0.001068,0.0238
texture,4,scale,DR-M14,joint,0,0.035095,0.1805
texture,4,scale,DR-C1,errors,0,,0.001
texture,4,scale,DR-C2,errors,0,,0.0004
texture,4,scale,DR-C3,errors,0,,0.0009
texture,4,scale,DR-C4,errors,0,,0.0005
texture,4,scale,DR-C5,errors,0,,0.5694
texture,4,scale,DR-C6,errors,0,,0.0343
texture,4,scale,DR-C7,errors,0,,0.0113
texture,4,scale,DR-C9,errors,0,,0.0005
texture,4,scale,DR-MV1,joint,1,92.961534,0.0011
texture,4,scale,DR-MV2,joint,0,0.048,0.0076
texture,4,scale,DR-CV1,joint,1,0.73812,2.5035
texture,4,correlation,DR-M1,features,0,0.116626,0.0495
texture,4,correlation,DR-M2,features,0,0.138749,0.02
texture,4,correlation,DR-M3,features,0,0.007263,0.0608
texture,4,correlation,DR-M4,features,0,0.069779,0.3313
texture,4,correlation,DR-M5,features,0,0.024662,0.0224
texture,4,correlation,DR-M6,features,0,0.118335,0.1695
texture,4,correlation,DR-M7,features,0,0.186348,0.0492
texture,4,correlation,DR-M8,errors,1,0.032,0.0001
texture,4,correlation,DR-M10,joint,0,0.005093,0.2079
texture,4,correlation,DR-M12,features,0,0.223787,0.0198
texture,4,correlation,DR-M13,features,0,0.25,0.0244
texture,4,correlation,DR-M14,joint,0,0.049419,0.2097
texture,4,correlation,DR-C1,errors,1,135.0,0.0008
texture,4,correlation,DR-C2,errors,0,,0.0003
texture,4,correlation,DR-C3,errors,0,,0.0006
texture,4,correlation,DR-C4,errors,0,,0.0003
texture,4,correlation,DR-C5,errors,0,,0.6278
texture,4,correlation,DR-C6,errors,0,,0.0375
texture,4,correlation,DR-C7,errors,0,,0.0117
texture,4,correlation,DR-C9,errors,0,,0.0046
texture,4,correlation,DR-MV1,joint,0,28.421582,0.0011
texture,4,correlation,DR-MV2,joint,1,0.1,0.0036
texture,4,correlation,DR-CV1,joint,1,0.85344,2.7047
texture,4,selection,DR-M1,features,1,0.000298,0.0526
texture,4,selection,DR-M2,features,0,0.194035,0.0197
texture,4,selection,DR-M3,features,1,0.000188,0.0589
texture,4,selection,DR-M4,features,0,0.100873,0.3705
texture,4,selection,DR-M5,features,0,0.034391,0.0176
texture,4,selection,DR-M6,features,1,0.477029,0.1243
texture,4,selection,DR-M7,features,1,0.0,0.0349
texture,4,selection,DR-M8,errors,1,0.032,0.0001
texture,4,selection,DR-M10,joint,1,0.012479,0.194
texture,4,selection,DR-M12,features,1,1.8e-05,0.0398
texture,4,selection,DR-M13,features,1,0.0,0.0264
texture,4,selection,DR-M14,joint,1,0.284845,0.1559
texture,4,selection,DR-C1,errors,1,57.0,0.0007
texture,4,selection,DR-C2,errors,0,,0.0004
texture,4,selection,DR-C3,errors,0,,0.0007
texture,4,selection,DR-C4,errors,0,,0.0003
texture,4,selection,DR-C5,errors,0,,0.6806
texture,4,selection,DR-C6,errors,0,,0.0419
texture,4,selection,DR-C7,errors,0,,0.0118
texture,4,selection,DR-C9,errors,0,,0.0005
texture,4,selection,DR-MV1,joint,1,99.246695,0.0012
texture,4,selection,DR-MV2,joint,1,0.084,0.0078
texture,4,selection,DR-CV1,joint,0,0.55648,2.7802
texture,4,label_shift,DR-M1,features,0,0.079609,0.0594
texture,4,label_shift,DR-M2,features,0,0.110652,0.0167
texture,4,label_shift,DR-M3,features,0,0.030916,0.0744
texture,4,label_shift,DR-M4,features,0,0.055007,0.3751
texture,4,label_shift,DR-M5,features,0,0.019828,0.0183
texture,4,label_shift,DR-M6,features,0,0.146925,0.1954
texture,4,label_shift,DR-M7,features,0,0.391887,0.0439
texture,4,label_shift,DR-M8,errors,0,0.0,0.0001
texture,4,label_shift,DR-M10,joint,0,0.004345,0.211
texture,4,label_shift,DR-M12,features,0,0.111487,0.0196
texture,4,label_shift,DR-M13,features,0,0.099982,0.0302
texture,4,label_shift,DR-M14,joint,0,0.043063,0.186
texture,4,label_shift,DR-C1,errors,0,,0.0049
texture,4,label_shift,DR-C2,errors,0,,0.0004
texture,4,label_shift,DR-C3,errors,0,,0.0007
texture,4,label_shift,DR-C4,errors,0,,0.0003
texture,4,label_shift,DR-C5,errors,0,,0.6683
texture,4,label_shift,DR-C6,errors,0,,0.038
texture,4,label_shift,DR-C7,errors,0,,0.017
texture,4,label_shift,DR-C9,errors,0,,0.0007
texture,4,label_shift,DR-MV1,joint,0,32.072032,0.0015
texture,4,label_shift,DR-MV2,joint,0,0.04,0.0087
texture,4,label_shift,DR-CV1,joint,0,0.47784,2.6786
texture,4,concept,DR-M1,features,0,0.232537,0.056
texture,4,concept,DR-M2,features,0,0.086797,0.0422
texture,4,concept,DR-M3,features,0,0.134619,0.0822
texture,4,concept,DR-M4,features,0,0.045284,0.6016
texture,4,concept,DR-M5,features,0,0.015489,0.028
texture,4,concept,DR-M6,features,0,0.100211,0.2356
texture,4,concept,DR-M7,features,0,0.422199,0.0355
texture,4,concept,DR-M8,errors,1,0.184,0.0001
texture,4,concept,DR-M10,joint,0,0.002112,0.2102
texture,4,concept,DR-M12,features,0,0.364076,0.0195
texture,4,concept,DR-M13,features,0,0.25,0.0247
texture,4,concept,DR-M14,joint,0,0.022672,0.1812
texture,4,concept,DR-C1,errors,1,9.0,0.0005
texture,4,concept,DR-C2,errors,1,86.0,0.0044
texture,4,concept,DR-C3,errors,0,,0.0007
texture,4,concept,DR-C4,errors,1,139.0,0.0003
texture,4,concept,DR-C5,errors,0,,0.5788
texture,4,concept,DR-C6,errors,1,172.0,0.0243
texture,4,concept,DR-C7,errors,0,,0.0095
texture,4,concept,DR-C9,errors,0,,0.0005
texture,4,concept,DR-MV1,joint,0,28.936711,0.0011
texture,4,concept,DR-MV2,joint,0,0.04,0.0033
texture,4,concept,DR-CV1,joint,0,0.47568,2.4241
twonorm,0,none,DR-M1,features,0,0.14841,0.0202
twonorm,0,none,DR-M2,features,0,0.09268,0.0063
twonorm,0,none,DR-M3,features,0,0.093765,0.0281
twonorm,0,none,DR-M4,features,0,0.047334,0.1486
twonorm,0,none,DR-M5,features,0,0.016507,0.0109
twonorm,0,none,DR-M6,features,0,0.174772,0.0888
twonorm,0,none,DR-M7,features,0,0.032742,0.0263
twonorm,0,none,DR-M8,errors,1,0.03,0.0001
twonorm,0,none,DR-M10,joint,0,0.003182,0.1757
twonorm,0,none,DR-M12,features,0,0.04344,0.01
twonorm,0,none,DR-M13,features,0,0.044103,0.0128
twonorm,0,none,DR-M14,joint,0,0.032411,0.1578
twonorm,0,none,DR-C1,errors,0,,0.0047
twonorm,0,none,DR-C2,errors,1,140.0,0.0003
twonorm,0,none,DR-C3,errors,0,,0.0006
twonorm,0,none,DR-C4,errors,0,,0.0003
twonorm,0,none,DR-C5,errors,0,,0.6334
twonorm,0,none,DR-C6,errors,0,,0.0202
twonorm,0,none,DR-C7,errors,0,,0.0076
twonorm,0,none,DR-C9,errors,0,,0.0005
twonorm,0,none,DR-MV1,joint,0,18.393222,0.0051
twonorm,0,none,DR-MV2,joint,0,0.04,0.0031
twonorm,0,none,DR-CV1,joint,0,0.48436,1.5182
twonorm,0,shift,DR-M1,features,1,2.9e-05,0.0198
twonorm,0,shift,DR-M2,features,0,0.184519,0.0103
twonorm,0,shift,DR-M3,features,1,0.000526,0.0256
twonorm,0,shift,DR-M4,features,1,0.093929,0.1679
twonorm,0,shift,DR-M5,features,0,0.032683,0.0114
twonorm,0,shift,DR-M6,features,1,0.378539,0.074
twonorm,0,shift,DR-M7,features,1,1e-06,0.0253
twonorm,0,shift,DR-M8,errors,0,0.006,0.0001
twonorm,0,shift,DR-M10,joint,1,0.007531,0.1852
twonorm,0,shift,DR-M12,features,1,4e-06,0.0104
twonorm,0,shift,DR-M13,features,1,0.0,0.0134
twonorm,0,shift,DR-M14,joint,1,0.074221,0.1533
twonorm,0,shift,DR-C1,errors,0,,0.0007
twonorm,0,shift,DR-C2,errors,1,149.0,0.0003
twonorm,0,shift,DR-C3,errors,0,,0.0006
twonorm,0,shift,DR-C4,errors,0,,0.0003
twonorm,0,shift,DR-C5,errors,0,,0.5879
twonorm,0,shift,DR-C6,errors,0,,0.0195
twonorm,0,shift,DR-C7,errors,0,,0.0107
twonorm,0,shift,DR-C9,errors,0,,0.0005
twonorm,0,shift,DR-MV1,joint,1,67.324795,0.0009
twonorm,0,shift,DR-MV2,joint,0,0.032,0.0028
twonorm,0,shift,DR-CV1,joint,0,0.54652,1.6118
twonorm,0,scale,DR-M1,features,1,0.000698,0.0242
twonorm,0,scale,DR-M2,features,0,0.201912,0.0058
twonorm,0,scale,DR-M3,features,1,7.4e-05,0.0297
twonorm,0,scale,DR-M4,features,1,0.09506,0.1592
twonorm,0,scale,DR-M5,features,0,0.035655,0.0115
twonorm,0,scale,DR-M6,features,1,0.371237,0.0893
twonorm,0,scale,DR-M7,features,0,0.068915,0.0206
twonorm,0,scale,DR-M8,errors,0,-0.018,0.0001
twonorm,0,scale,DR-M10,joint,0,0.004038,0.1662
twonorm,0,scale,DR-M12,features,0,0.008709,0.0093
twonorm,0,scale,DR-M13,features,1,0.0,0.0114
twonorm,0,scale,DR-M14,joint,0,0.036996,0.1288
twonorm,0,scale,DR-C1,errors,0,,0.0008
twonorm,0,scale,DR-C2,errors,0,,0.0004
twonorm,0,scale,DR-C3,errors,0,,0.0006
twonorm,0,scale,DR-C4,errors,0,,0.0004
twonorm,0,scale,DR-C5,errors,0,,0.5585
twonorm,0,scale,DR-C6,errors,0,,0.0224
twonorm,0,scale,DR-C7,errors,0,,0.0117
twonorm,0,scale,DR-C9,errors,0,,0.0006
twonorm,0,scale,DR-MV1,joint,0,16.531971,0.0009
twonorm,0,scale,DR-MV2,joint,0,0.036,0.0027
twonorm,0,scale,DR-CV1,joint,0,0.5082,1.4411
twonorm,0,correlation,DR-M1,features,0,0.069718,0.0189
twonorm,0,correlation,DR-M2,features,0,0.080001,0.0104
twonorm,0,correlation,DR-M3,features,0,0.14918,0.0371
twonorm,0,correlation,DR-M4,features,0,0.039617,0.1637
twonorm,0,correlation,DR-M5,features,0,0.014308,0.0111
twonorm,0,correlation,DR-M6,features,0,0.164336,0.0862
twonorm,0,correlation,DR-M7,features,0,0.096197,0.0178
twonorm,0,correlation,DR-M8,errors,0,0.002,0.0001
twonorm,0,correlation,DR-M10,joint,0,0.004241,0.1782
twonorm,0,correlation,DR-M12,features,0,0.042787,0.0098
twonorm,0,correlation,DR-M13,features,0,0.057179,0.0143
twonorm,0,correlation,DR-M14,joint,0,0.037806,0.1587
twonorm,0,correlation,DR-C1,errors,0,,0.0007
twonorm,0,correlation,DR-C2,errors,1,236.0,0.0003
twonorm,0,correlation,DR-C3,errors,0,,0.0006
twonorm,0,correlation,DR-C4,errors,0,,0.0003
twonorm,0,correlation,DR-C5,errors,0,,0.5968
twonorm,0,correlation,DR-C6,errors,0,,0.0241
twonorm,0,correlation,DR-C7,errors,0,,0.007
twonorm,0,correlation,DR-C9,errors,0,,0.0006
twonorm,0,correlation,DR-MV1,joint,0,19.144705,0.0009
twonorm,0,correlation,DR-MV2,joint,0,0.064,0.0026
twonorm,0,correlation,DR-CV1,joint,0,0.5376,1.5194
twonorm,0,selection,DR-M1,features,1,0.0,0.0248
twonorm,0,selection,DR-M2,features,1,0.376503,0.0063
twonorm,0,selection,DR-M3,features,1,0.0,0.0279
twonorm,0,selection,DR-M4,features,1,0.184859,0.1543
twonorm,0,selection,DR-M5,features,0,0.065281,0.0109
twonorm,0,selection,DR-M6,features,1,0.609643,0.0991
twonorm,0,selection,DR-M7,features,1,0.0,0.0275
twonorm,0,selection,DR-M8,errors,0,0.002,0.0001
twonorm,0,selection,DR-M10,joint,1,0.012807,0.1935
twonorm,0,selection,DR-M12,features,1,0.0,0.01
twonorm,0,selection,DR-M13,features,1,0.0,0.04
twonorm,0,selection,DR-M14,joint,1,0.123955,0.1946
twonorm,0,selection,DR-C1,errors,0,,0.0008
twonorm,0,selection,DR-C2,errors,1,196.0,0.0003
twonorm,0,selection,DR-C3,errors,0,,0.0006
twonorm,0,selection,DR-C4,errors,0,,0.0003
twonorm,0,selection,DR-C5,errors,0,,0.626
twonorm,0,selection,DR-C6,errors,0,,0.0237
twonorm,0,selection,DR-C7,errors,0,,0.0109
twonorm,0,selection,DR-C9,errors,0,,0.0007
twonorm,0,selection,DR-MV1,joint,1,79.423627,0.0013
twonorm,0,selection,DR-MV2,joint,0,0.024,0.0041
twonorm,0,selection,DR-CV1,joint,0,0.55732,1.5688
twonorm,0,label_shift,DR-M1,features,1,0.000567,0.024
twonorm,0,label_shift,DR-M2,features,0,0.148415,0.01
twonorm,0,label_shift,DR-M3,features,0,0.007445,0.0218
twonorm,0,label_shift,DR-M4,features,0,0.078416,0.1588
twonorm,0,label_shift,DR-M5,features,0,0.025859,0.0103
twonorm,0,label_shift,DR-M6,features,1,0.307501,0.0787
twonorm,0,label_shift,DR-M7,features,1,0.000112,0.0171
twonorm,0,label_shift,DR-M8,errors,0,-0.01,0.0001
twonorm,0,label_shift,DR-M10,joint,1,0.013707,0.1661
twonorm,0,label_shift,DR-M12,features,1,0.000193,0.011
twonorm,0,label_shift,DR-M13,features,1,0.0,0.0183
twonorm,0,label_shift,DR-M14,joint,1,0.124847,0.1562
twonorm,0,label_shift,DR-C1,errors,0,,0.0007
twonorm,0,label_shift,DR-C2,errors,0,,0.0003
twonorm,0,label_shift,DR-C3,errors,0,,0.0007
twonorm,0,label_shift,DR-C4,errors,0,,0.0003
twonorm,0,label_shift,DR-C5,errors,0,,0.582
twonorm,0,label_shift,DR-C6,errors,0,,0.0243
twonorm,0,label_shift,DR-C7,errors,0,,0.0063
twonorm,0,label_shift,DR-C9,errors,0,,0.0045
twonorm,0,label_shift,DR-MV1,joint,1,43.111605,0.0008
twonorm,0,label_shift,DR-MV2,joint,0,0.04,0.0027
twonorm,0,label_shift,DR-CV1,joint,0,0.5306,1.5655
twonorm,0,concept,DR-M1,features,0,0.069718,0.0281
twonorm,0,concept,DR-M2,features,0,0.100928,0.0101
twonorm,0,concept,DR-M3,features,0,0.058794,0.0323
twonorm,0,concept,DR-M4,features,0,0.050946,0.2342
twonorm,0,concept,DR-M5,features,0,0.017988,0.0113
twonorm,0,concept,DR-M6,features,0,0.154703,0.1106
twonorm,0,concept,DR-M7,features,0,0.063987,0.0234
twonorm,0,concept,DR-M8,errors,1,0.15,0.0001
twonorm,0,concept,DR-M10,joint,0,0.003381,0.168
twonorm,0,concept,DR-M12,features,0,0.069373,0.0098
twonorm,0,concept,DR-M13,features,0,0.055175,0.013
twonorm,0,concept,DR-M14,joint,0,0.034814,0.1664
twonorm,0,concept,DR-C1,errors,1,100.0,0.0009
twonorm,0,concept,DR-C2,errors,1,54.0,0.0003
twonorm,0,concept,DR-C3,errors,0,,0.0009
twonorm,0,concept,DR-C4,errors,1,107.0,0.0004
twonorm,0,concept,DR-C5,errors,0,,0.6683
twonorm,0,concept,DR-C6,errors,1,227.0,0.0184
twonorm,0,concept,DR-C7,errors,0,,0.0115
twonorm,0,concept,DR-C9,errors,0,,0.0005
twonorm,0,concept,DR-MV1,joint,0,22.354536,0.0009
twonorm,0,concept,DR-MV2,joint,0,0.024,0.0028
twonorm,0,concept,DR-CV1,joint,0,0.46924,1.6676
twonorm,1,none,DR-M1,features,0,0.09066,0.0231
twonorm,1,none,DR-M2,features,0,0.092645,0.0102
twonorm,1,none,DR-M3,features,0,0.144792,0.0229
twonorm,1,none,DR-M4,features,0,0.05133,0.1584
twonorm,1,none,DR-M5,features,0,0.016205,0.0112
twonorm,1,none,DR-M6,features,0,0.150144,0.0977
twonorm,1,none,DR-M7,features,0,0.077684,0.0182
twonorm,1,none,DR-M8,errors,0,0.008,0.0001
twonorm,1,none,DR-M10,joint,0,0.003256,0.2062
twonorm,1,none,DR-M12,features,0,0.092974,0.0106
twonorm,1,none,DR-M13,features,0,0.100077,0.0101
twonorm,1,none,DR-M14,joint,0,0.032252,0.1434
twonorm,1,none,DR-C1,errors,1,121.0,0.0009
twonorm,1,none,DR-C2,errors,1,175.0,0.0047
twonorm,1,none,DR-C3,errors,0,,0.0007
twonorm,1,none,DR-C4,errors,0,,0.0006
twonorm,1,none,DR-C5,errors,0,,0.5175
twonorm,1,none,DR-C6,errors,0,,0.0206
twonorm,1,none,DR-C7,errors,0,,0.0067
twonorm,1,none,DR-C9,errors,0,,0.0005
twonorm,1,none,DR-MV1,joint,0,18.081747,0.0054
twonorm,1,none,DR-MV2,joint,0,0.052,0.0038
twonorm,1,none,DR-CV1,joint,0,0.50912,1.7344
twonorm,1,shift,DR-M1,features,1,0.00105,0.0319
twonorm,1,shift,DR-M2,features,0,0.154185,0.0143
twonorm,1,shift,DR-M3,features,1,0.002045,0.0368
twonorm,1,shift,DR-M4,features,0,0.073698,0.2267
twonorm,1,shift,DR-M5,features,0,0.027211,0.0113
twonorm,1,shift,DR-M6,features,1,0.378987,0.0921
twonorm,1,shift,DR-M7,features,1,4e-06,0.0254
twonorm,1,shift,DR-M8,errors,0,-0.008,0.0001
twonorm,1,shift,DR-M10,joint,1,0.006209,0.2558
twonorm,1,shift,DR-M12,features,1,6e-05,0.0099
twonorm,1,shift,DR-M13,features,1,0.0,0.018
twonorm,1,shift,DR-M14,joint,1,0.060042,0.2153
twonorm,1,shift,DR-C1,errors,0,,0.0008
twonorm,1,shift,DR-C2,errors,0,,0.0003
twonorm,1,shift,DR-C3,errors,0,,0.0047
twonorm,1,shift,DR-C4,errors,0,,0.0004
twonorm,1,shift,DR-C5,errors,0,,0.8337
twonorm,1,shift,DR-C6,errors,0,,0.0216
twonorm,1,shift,DR-C7,errors,0,,0.0107
twonorm,1,shift,DR-C9,errors,0,,0.0005
twonorm,1,shift,DR-MV1,joint,1,46.842013,0.0016
twonorm,1,shift,DR-MV2,joint,0,0.04,0.0043
twonorm,1,shift,DR-CV1,joint,0,0.55332,1.6779
twonorm,1,scale,DR-M1,features,0,0.025539,0.024
twonorm,1,scale,DR-M2,features,0,0.155535,0.0104
twonorm,1,scale,DR-M3,features,1,0.001626,0.0275
twonorm,1,scale,DR-M4,features,0,0.074248,0.1939
twonorm,1,scale,DR-M5,features,0,0.027702,0.0202
twonorm,1,scale,DR-M6,features,1,0.365196,0.0976
twonorm,1,scale,DR-M7,features,0,0.088774,0.028
twonorm,1,scale,DR-M8,errors,0,-0.012,0.0001
twonorm,1,scale,DR-M10,joint,0,0.003635,0.2067
twonorm,1,scale,DR-M12,features,0,0.018947,0.0092
twonorm,1,scale,DR-M13,features,1,0.0,0.0131
twonorm,1,scale,DR-M14,joint,0,0.033189,0.175
twonorm,1,scale,DR-C1,errors,0,,0.0007
twonorm,1,scale,DR-C2,errors,0,,0.0003
twonorm,1,scale,DR-C3,errors,0,,0.0006
twonorm,1,scale,DR-C4,errors,0,,0.0003
twonorm,1,scale,DR-C5,errors,0,,0.5956
twonorm,1,scale,DR-C6,errors,0,,0.029
twonorm,1,scale,DR-C7,errors,0,,0.0121
twonorm,1,scale,DR-C9,errors,0,,0.0005
twonorm,1,scale,DR-MV1,joint,0,16.733221,0.005
twonorm,1,scale,DR-MV2,joint,0,0.068,0.0028
twonorm,1,scale,DR-CV1,joint,0,0.5628,1.6802
twonorm,1,correlation,DR-M1,features,0,0.079609,0.0231
twonorm,1,correlation,DR-M2,features,0,0.08801,0.0102
twonorm,1,correlation,DR-M3,features,0,0.101337,0.0261
twonorm,1,correlation,DR-M4,features,0,0.043546,0.1673
twonorm,1,correlation,DR-M5,features,0,0.015733,0.0106
twonorm,1,correlation,DR-M6,features,0,0.189564,0.1014
twonorm,1,correlation,DR-M7,features,0,0.037941,0.0239
twonorm,1,correlation,DR-M8,errors,0,-0.004,0.0001
twonorm,1,correlation,DR-M10,joint,0,0.003616,0.1682
twonorm,1,correlation,DR-M12,features,0,0.024503,0.0093
twonorm,1,correlation,DR-M13,features,0,0.018753,0.0135
twonorm,1,correlation,DR-M14,joint,0,0.034373,0.1721
twonorm,1,correlation,DR-C1,errors,0,,0.0008
twonorm,1,correlation,DR-C2,errors,0,,0.0003
twonorm,1,correlation,DR-C3,errors,0,,0.0006
twonorm,1,correlation,DR-C4,errors,0,,0.0003
twonorm,1,correlation,DR-C5,errors,0,,0.6414
twonorm,1,correlation,DR-C6,errors,0,,0.03
twonorm,1,correlation,DR-C7,errors,0,,0.0119
twonorm,1,correlation,DR-C9,errors,0,,0.0005
twonorm,1,correlation,DR-MV1,joint,0,17.665668,0.001
twonorm,1,correlation,DR-MV2,joint,1,0.092,0.0028
twonorm,1,correlation,DR-CV1,joint,0,0.51532,1.5819
twonorm,1,selection,DR-M1,features,1,0.0,0.0306
twonorm,1,selection,DR-M2,features,1,0.297869,0.006
twonorm,1,selection,DR-M3,features,1,1e-06,0.032
twonorm,1,selection,DR-M4,features,1,0.157803,0.1825
twonorm,1,selection,DR-M5,features,0,0.051754,0.0119
twonorm,1,selection,DR-M6,features,1,0.549962,0.0903
twonorm,1,selection,DR-M7,features,1,0.0,0.0242
twonorm,1,selection,DR-M8,errors,0,0.004,0.0001
twonorm,1,selection,DR-M10,joint,1,0.012002,0.1995
twonorm,1,selection,DR-M12,features,1,0.0,0.0114
twonorm,1,selection,DR-M13,features,1,0.0,0.0139
twonorm,1,selection,DR-M14,joint,1,0.111978,0.1808
twonorm,1,selection,DR-C1,errors,0,,0.0008
twonorm,1,selection,DR-C2,errors,1,203.0,0.0003
twonorm,1,selection,DR-C3,errors,0,,0.0006
twonorm,1,selection,DR-C4,errors,0,,0.0003
twonorm,1,selection,DR-C5,errors,0,,0.5961
twonorm,1,selection,DR-C6,errors,0,,0.0268
twonorm,1,selection,DR-C7,errors,0,,0.0113
twonorm,1,selection,DR-C9,errors,0,,0.0005
twonorm,1,selection,DR-MV1,joint,1,67.564715,0.0009
twonorm,1,selection,DR-MV2,joint,0,0.048,0.0071
twonorm,1,selection,DR-CV1,joint,1,0.6066,1.5852
twonorm,1,label_shift,DR-M1,features,1,0.000192,0.0316
twonorm,1,label_shift,DR-M2,features,0,0.126986,0.0102
twonorm,1,label_shift,DR-M3,features,0,0.013045,0.033
twonorm,1,label_shift,DR-M4,features,0,0.064791,0.1733
twonorm,1,label_shift,DR-M5,features,0,0.022637,0.011
twonorm,1,label_shift,DR-M6,features,0,0.243777,0.1434
twonorm,1,label_shift,DR-M7,features,1,0.002077,0.0387
twonorm,1,label_shift,DR-M8,errors,0,0.004,0.0042
twonorm,1,label_shift,DR-M10,joint,1,0.011514,0.3372
twonorm,1,label_shift,DR-M12,features,1,0.0014,0.0116
twonorm,1,label_shift,DR-M13,features,1,0.002483,0.0257
twonorm,1,label_shift,DR-M14,joint,1,0.105422,0.1769
twonorm,1,label_shift,DR-C1,errors,0,,0.0008
twonorm,1,label_shift,DR-C2,errors,1,239.0,0.0003
twonorm,1,label_shift,DR-C3,errors,0,,0.0006
twonorm,1,label_shift,DR-C4,errors,0,,0.0003
twonorm,1,label_shift,DR-C5,errors,0,,0.7876
twonorm,1,label_shift,DR-C6,errors,0,,0.0376
twonorm,1,label_shift,DR-C7,errors,0,,0.0106
twonorm,1,label_shift,DR-C9,errors,0,,0.0005
twonorm,1,label_shift,DR-MV1,joint,1,37.863297,0.005
twonorm,1,label_shift,DR-MV2,joint,0,0.064,0.0029
twonorm,1,label_shift,DR-CV1,joint,0,0.54948,1.586
twonorm,1,concept,DR-M1,features,0,0.029718,0.0224
twonorm,1,concept,DR-M2,features,0,0.138716,0.006
twonorm,1,concept,DR-M3,features,0,0.014464,0.0327
twonorm,1,concept,DR-M4,features,0,0.075491,0.1945
twonorm,1,concept,DR-M5,features,0,0.024253,0.0108
twonorm,1,concept,DR-M6,features,0,0.224194,0.1013
twonorm,1,concept,DR-M7,features,0,0.003772,0.0157
twonorm,1,concept,DR-M8,errors,1,0.144,0.0001
twonorm,1,concept,DR-M10,joint,0,0.003429,0.1688
twonorm,1,concept,DR-M12,features,0,0.015495,0.0151
twonorm,1,concept,DR-M13,features,0,0.00572,0.0175
twonorm,1,concept,DR-M14,joint,0,0.035453,0.158
twonorm,1,concept,DR-C1,errors,1,13.0,0.0006
twonorm,1,concept,DR-C2,errors,1,44.0,0.0003
twonorm,1,concept,DR-C3,errors,0,,0.0006
twonorm,1,concept,DR-C4,errors,1,171.0,0.0003
twonorm,1,concept,DR-C5,errors,0,,0.6026
twonorm,1,concept,DR-C6,errors,1,215.0,0.0298
twonorm,1,concept,DR-C7,errors,0,,0.0173
twonorm,1,concept,DR-C9,errors,0,,0.0005
twonorm,1,concept,DR-MV1,joint,0,23.504577,0.0009
twonorm,1,concept,DR-MV2,joint,0,0.072,0.0028
twonorm,1,concept,DR-CV1,joint,0,0.51604,1.753
twonorm,2,none,DR-M1,features,0,0.232537,0.0306
twonorm,2,none,DR-M2,features,0,0.109381,0.0144
twonorm,2,none,DR-M3,features,0,0.027881,0.0352
twonorm,2,none,DR-M4,features,0,0.05276,0.1916
twonorm,2,none,DR-M5,features,0,0.019495,0.0112
twonorm,2,none,DR-M6,features,0,0.16194,0.0886
twonorm,2,none,DR-M7,features,0,0.043489,0.0272
twonorm,2,none,DR-M8,errors,0,-0.004,0.0001
twonorm,2,none,DR-M10,joint,0,0.003595,0.1849
twonorm,2,none,DR-M12,features,0,0.134449,0.0094
twonorm,2,none,DR-M13,features,0,0.082014,0.0142
twonorm,2,none,DR-M14,joint,0,0.035189,0.1739
twonorm,2,none,DR-C1,errors,0,,0.0008
twonorm,2,none,DR-C2,errors,0,,0.0003
twonorm,2,none,DR-C3,errors,0,,0.0006
twonorm,2,none,DR-C4,errors,0,,0.0004
twonorm,2,none,DR-C5,errors,0,,0.6381
twonorm,2,none,DR-C6,errors,0,,0.0507
twonorm,2,none,DR-C7,errors,0,,0.0107
twonorm,2,none,DR-C9,errors,0,,0.0046
twonorm,2,none,DR-MV1,joint,0,21.095942,0.0011
twonorm,2,none,DR-MV2,joint,0,0.06,0.003
twonorm,2,none,DR-CV1,joint,0,0.49692,1.7561
twonorm,2,shift,DR-M1,features,0,0.013558,0.0197
twonorm,2,shift,DR-M2,features,0,0.10103,0.0099
twonorm,2,shift,DR-M3,features,0,0.054729,0.0301
twonorm,2,shift,DR-M4,features,0,0.05063,0.1825
twonorm,2,shift,DR-M5,features,0,0.018084,0.0107
twonorm,2,shift,DR-M6,features,1,0.271284,0.0916
twonorm,2,shift,DR-M7,features,1,0.000515,0.0217
twonorm,2,shift,DR-M8,errors,1,0.016,0.0001
twonorm,2,shift,DR-M10,joint,1,0.005707,0.1922
twonorm,2,shift,DR-M12,features,0,0.006153,0.0095
twonorm,2,shift,DR-M13,features,0,0.002569,0.0176
twonorm,2,shift,DR-M14,joint,1,0.052937,0.1687
twonorm,2,shift,DR-C1,errors,0,,0.0008
twonorm,2,shift,DR-C2,errors,0,,0.0004
twonorm,2,shift,DR-C3,errors,0,,0.0006
twonorm,2,shift,DR-C4,errors,0,,0.0003
twonorm,2,shift,DR-C5,errors,0,,0.6179
twonorm,2,shift,DR-C6,errors,0,,0.041
twonorm,2,shift,DR-C7,errors,0,,0.0123
twonorm,2,shift,DR-C9,errors,0,,0.0005
twonorm,2,shift,DR-MV1,joint,1,42.719804,0.0009
twonorm,2,shift,DR-MV2,joint,0,0.06,0.0028
twonorm,2,shift,DR-CV1,joint,0,0.54356,1.7308
twonorm,2,scale,DR-M1,features,0,0.008196,0.0267
twonorm,2,scale,DR-M2,features,0,0.178493,0.0131
twonorm,2,scale,DR-M3,features,1,0.000324,0.0367
twonorm,2,scale,DR-M4,features,0,0.083612,0.1835
twonorm,2,scale,DR-M5,features,0,0.031623,0.011
twonorm,2,scale,DR-M6,features,1,0.326687,0.0807
twonorm,2,scale,DR-M7,features,0,0.003418,0.0204
twonorm,2,scale,DR-M8,errors,1,0.024,0.0001
twonorm,2,scale,DR-M10,joint,0,0.004558,0.1721
twonorm,2,scale,DR-M12,features,0,0.010302,0.0095
twonorm,2,scale,DR-M13,features,1,0.00124,0.0184
twonorm,2,scale,DR-M14,joint,0,0.042972,0.1731
twonorm,2,scale,DR-C1,errors,0,,0.0007
twonorm,2,scale,DR-C2,errors,0,,0.0003
twonorm,2,scale,DR-C3,errors,0,,0.0006
twonorm,2,scale,DR-C4,errors,0,,0.0006
twonorm,2,scale,DR-C5,errors,0,,0.6851
twonorm,2,scale,DR-C6,errors,0,,0.0401
twonorm,2,scale,DR-C7,errors,0,,0.0205
twonorm,2,scale,DR-C9,errors,0,,0.0005
twonorm,2,scale,DR-MV1,joint,0,24.247379,0.001
twonorm,2,scale,DR-MV2,joint,1,0.076,0.0079
twonorm,2,scale,DR-CV1,joint,0,0.55856,2.3969
twonorm,2,correlation,DR-M1,features,0,0.025539,0.0362
twonorm,2,correlation,DR-M2,features,0,0.094542,0.0169
twonorm,2,correlation,DR-M3,features,0,0.079617,0.0404
twonorm,2,correlation,DR-M4,features,0,0.047639,0.2685
twonorm,2,correlation,DR-M5,features,0,0.016885,0.0153
twonorm,2,correlation,DR-M6,features,0,0.180877,0.0825
twonorm,2,correlation,DR-M7,features,0,0.025977,0.0214
twonorm,2,correlation,DR-M8,errors,0,0.004,0.0001
twonorm,2,correlation,DR-M10,joint,0,0.00462,0.1669
twonorm,2,correlation,DR-M12,features,0,0.05556,0.0094
twonorm,2,correlation,DR-M13,features,0,0.033609,0.0133
twonorm,2,correlation,DR-M14,joint,0,0.042289,0.1483
twonorm,2,correlation,DR-C1,errors,0,,0.0008
twonorm,2,correlation,DR-C2,errors,0,,0.0044
twonorm,2,correlation,DR-C3,errors,0,,0.0007
twonorm,2,correlation,DR-C4,errors,0,,0.0004
twonorm,2,correlation,DR-C5,errors,0,,0.56
twonorm,2,correlation,DR-C6,errors,0,,0.0288
twonorm,2,correlation,DR-C7,errors,0,,0.007
twonorm,2,correlation,DR-C9,errors,0,,0.0005
twonorm,2,correlation,DR-MV1,joint,0,25.425673,0.0009
twonorm,2,correlation,DR-MV2,joint,0,0.056,0.0028
twonorm,2,correlation,DR-CV1,joint,0,0.5518,1.1237
twonorm,2,selection,DR-M1,features,1,0.0,0.0156
twonorm,2,selection,DR-M2,features,1,0.312239,0.006
twonorm,2,selection,DR-M3,features,1,0.0,0.0184
twonorm,2,selection,DR-M4,features,1,0.167538,0.1083
twonorm,2,selection,DR-M5,features,0,0.05435,0.0068
twonorm,2,selection,DR-M6,features,1,0.498899,0.0858
twonorm,2,selection,DR-M7,features,1,0.0,0.0221
twonorm,2,selection,DR-M8,errors,0,0.004,0.0001
twonorm,2,selection,DR-M10,joint,1,0.009889,0.1667
twonorm,2,selection,DR-M12,features,1,0.0,0.0105
twonorm,2,selection,DR-M13,features,1,0.0,0.0143
twonorm,2,selection,DR-M14,joint,1,0.093888,0.1268
twonorm,2,selection,DR-C1,errors,0,,0.001
twonorm,2,selection,DR-C2,errors,0,,0.0004
twonorm,2,selection,DR-C3,errors,0,,0.001
twonorm,2,selection,DR-C4,errors,0,,0.0006
twonorm,2,selection,DR-C5,errors,0,,0.4021
twonorm,2,selection,DR-C6,errors,0,,0.0202
twonorm,2,selection,DR-C7,errors,0,,0.0077
twonorm,2,selection,DR-C9,errors,0,,0.0005
twonorm,2,selection,DR-MV1,joint,1,58.463438,0.0016
twonorm,2,selection,DR-MV2,joint,0,0.06,0.0028
twonorm,2,selection,DR-CV1,joint,0,0.55784,1.0164
twonorm,2,label_shift,DR-M1,features,1,0.001901,0.0163
twonorm,2,label_shift,DR-M2,features,0,0.135013,0.0059
twonorm,2,label_shift,DR-M3,features,0,0.010495,0.0176
twonorm,2,label_shift,DR-M4,features,0,0.069366,0.1095
twonorm,2,label_shift,DR-M5,features,0,0.024026,0.0063
twonorm,2,label_shift,DR-M6,features,1,0.26728,0.0559
twonorm,2,label_shift,DR-M7,features,1,0.000551,0.0137
twonorm,2,label_shift,DR-M8,errors,1,0.02,0.0001
twonorm,2,label_shift,DR-M10,joint,1,0.009509,0.1065
twonorm,2,label_shift,DR-M12,features,1,0.001446,0.0107
twonorm,2,label_shift,DR-M13,features,1,0.001021,0.011
twonorm,2,label_shift,DR-M14,joint,1,0.089568,0.104
twonorm,2,label_shift,DR-C1,errors,0,,0.0012
twonorm,2,label_shift,DR-C2,errors,0,,0.0005
twonorm,2,label_shift,DR-C3,errors,0,,0.0006
twonorm,2,label_shift,DR-C4,errors,0,,0.0003
twonorm,2,label_shift,DR-C5,errors,0,,0.4315
twonorm,2,label_shift,DR-C6,errors,0,,0.0206
twonorm,2,label_shift,DR-C7,errors,0,,0.0074
twonorm,2,label_shift,DR-C9,errors,0,,0.0005
twonorm,2,label_shift,DR-MV1,joint,1,38.013051,0.0009
twonorm,2,label_shift,DR-MV2,joint,1,0.088,0.0028
twonorm,2,label_shift,DR-CV1,joint,0,0.50076,1.1059
twonorm,2,concept,DR-M1,features,0,0.286206,0.0138
twonorm,2,concept,DR-M2,features,0,0.083232,0.0058
twonorm,2,concept,DR-M3,features,0,0.135698,0.0189
twonorm,2,concept,DR-M4,features,0,0.041997,0.1527
twonorm,2,concept,DR-M5,features,0,0.01492,0.0063
twonorm,2,concept,DR-M6,features,0,0.124189,0.0527
twonorm,2,concept,DR-M7,features,0,0.171788,0.0124
twonorm,2,concept,DR-M8,errors,1,0.132,0.0001
twonorm,2,concept,DR-M10,joint,0,0.002414,0.1289
twonorm,2,concept,DR-M12,features,0,0.342092,0.0094
twonorm,2,concept,DR-M13,features,0,0.205659,0.008
twonorm,2,concept,DR-M14,joint,0,0.026672,0.0982
twonorm,2,concept,DR-C1,errors,1,88.0,0.0006
twonorm,2,concept,DR-C2,errors,1,107.0,0.0002
twonorm,2,concept,DR-C3,errors,0,,0.0014
twonorm,2,concept,DR-C4,errors,1,139.0,0.0004
twonorm,2,concept,DR-C5,errors,0,,0.3862
twonorm,2,concept,DR-C6,errors,1,167.0,0.0157
twonorm,2,concept,DR-C7,errors,0,,0.0081
twonorm,2,concept,DR-C9,errors,0,,0.0005
twonorm,2,concept,DR-MV1,joint,0,12.529223,0.0009
twonorm,2,concept,DR-MV2,joint,1,0.08,0.0028
twonorm,2,concept,DR-CV1,joint,0,0.49532,1.1455
twonorm,3,none,DR-M1,features,0,0.004835,0.015
twonorm,3,none,DR-M2,features,0,0.12676,0.0062
twonorm,3,none,DR-M3,features,0,0.042384,0.0199
twonorm,3,none,DR-M4,features,0,0.072045,0.1126
twonorm,3,none,DR-M5,features,0,0.021786,0.0094
twonorm,3,none,DR-M6,features,0,0.225871,0.0641
twonorm,3,none,DR-M7,features,0,0.004374,0.0179
twonorm,3,none,DR-M8,errors,0,-0.008,0.0001
twonorm,3,none,DR-M10,joint,0,0.004488,0.1082
twonorm,3,none,DR-M12,features,0,0.006844,0.0116
twonorm,3,none,DR-M13,features,0,0.006603,0.0102
twonorm,3,none,DR-M14,joint,0,0.043609,0.1
twonorm,3,none,DR-C1,errors,0,,0.0008
twonorm,3,none,DR-C2,errors,0,,0.0003
twonorm,3,none,DR-C3,errors,0,,0.0006
twonorm,3,none,DR-C4,errors,0,,0.0013
twonorm,3,none,DR-C5,errors,0,,0.4065
twonorm,3,none,DR-C6,errors,0,,0.0175
twonorm,3,none,DR-C7,errors,0,,0.0066
twonorm,3,none,DR-C9,errors,0,,0.0005
twonorm,3,none,DR-MV1,joint,0,22.486268,0.0012
twonorm,3,none,DR-MV2,joint,1,0.076,0.0029
twonorm,3,none,DR-CV1,joint,0,0.48816,1.6669
twonorm,3,shift,DR-M1,features,1,0.000298,0.0191
twonorm,3,shift,DR-M2,features,0,0.124158,0.0103
twonorm,3,shift,DR-M3,features,0,0.014795,0.031
twonorm,3,shift,DR-M4,features,0,0.064083,0.1709
twonorm,3,shift,DR-M5,features,0,0.022074,0.0108
twonorm,3,shift,DR-M6,features,1,0.345784,0.0848
twonorm,3,shift,DR-M7,features,1,1.8e-05,0.0237
twonorm,3,shift,DR-M8,errors,0,-0.016,0.0001
twonorm,3,shift,DR-M10,joint,0,0.004664,0.1796
twonorm,3,shift,DR-M12,features,1,9.4e-05,0.0094
twonorm,3,shift,DR-M13,features,1,0.0,0.0179
twonorm,3,shift,DR-M14,joint,0,0.046309,0.1613
twonorm,3,shift,DR-C1,errors,0,,0.0008
twonorm,3,shift,DR-C2,errors,0,,0.0003
twonorm,3,shift,DR-C3,errors,0,,0.0008
twonorm,3,shift,DR-C4,errors,0,,0.0003
twonorm,3,shift,DR-C5,errors,0,,0.5969
twonorm,3,shift,DR-C6,errors,0,,0.0267
twonorm,3,shift,DR-C7,errors,0,,0.0109
twonorm,3,shift,DR-C9,errors,0,,0.0057
twonorm,3,shift,DR-MV1,joint,1,36.108029,0.0009
twonorm,3,shift,DR-MV2,joint,0,0.072,0.0027
twonorm,3,shift,DR-CV1,joint,0,0.53416,1.5328
twonorm,3,scale,DR-M1,features,1,0.000153,0.0181
twonorm,3,scale,DR-M2,features,1,0.481848,0.0099
twonorm,3,scale,DR-M3,features,1,0.0,0.0259
twonorm,3,scale,DR-M4,features,1,0.232964,0.1643
twonorm,3,scale,DR-M5,features,0,0.084206,0.0094
twonorm,3,scale,DR-M6,features,1,0.463398,0.0795
twonorm,3,scale,DR-M7,features,0,0.014577,0.0225
twonorm,3,scale,DR-M8,errors,1,0.012,0.0
twonorm,3,scale,DR-M10,joint,0,0.004277,0.1727
twonorm,3,scale,DR-M12,features,1,0.000629,0.0093
twonorm,3,scale,DR-M13,features,1,0.0,0.0151
twonorm,3,scale,DR-M14,joint,0,0.036582,0.1559
twonorm,3,scale,DR-C1,errors,0,,0.0007
twonorm,3,scale,DR-C2,errors,1,219.0,0.0003
twonorm,3,scale,DR-C3,errors,0,,0.0006
twonorm,3,scale,DR-C4,errors,0,,0.0004
twonorm,3,scale,DR-C5,errors,0,,0.6226
twonorm,3,scale,DR-C6,errors,0,,0.0285
twonorm,3,scale,DR-C7,errors,0,,0.0112
twonorm,3,scale,DR-C9,errors,0,,0.0006
twonorm,3,scale,DR-MV1,joint,0,17.350031,0.0009
twonorm,3,scale,DR-MV2,joint,0,0.06,0.0029
twonorm,3,scale,DR-CV1,joint,1,0.61752,1.7835
twonorm,3,correlation,DR-M1,features,0,0.015948,0.0236
twonorm,3,correlation,DR-M2,features,0,0.102259,0.0104
twonorm,3,correlation,DR-M3,features,0,0.050315,0.0296
twonorm,3,correlation,DR-M4,features,0,0.051071,0.1718
twonorm,3,correlation,DR-M5,features,0,0.01831,0.0109
twonorm,3,correlation,DR-M6,features,0,0.207079,0.0912
twonorm,3,correlation,DR-M7,features,0,0.013503,0.0246
twonorm,3,correlation,DR-M8,errors,0,0.008,0.0001
twonorm,3,correlation,DR-M10,joint,0,0.00448,0.1863
twonorm,3,correlation,DR-M12,features,0,0.014307,0.0094
twonorm,3,correlation,DR-M13,features,0,0.013523,0.014
twonorm,3,correlation,DR-M14,joint,0,0.040977,0.1686
twonorm,3,correlation,DR-C1,errors,0,,0.0008
twonorm,3,correlation,DR-C2,errors,0,,0.0003
twonorm,3,correlation,DR-C3,errors,0,,0.0006
twonorm,3,correlation,DR-C4,errors,0,,0.0003
twonorm,3,correlation,DR-C5,errors,0,,0.6298
twonorm,3,correlation,DR-C6,errors,0,,0.0277
twonorm,3,correlation,DR-C7,errors,0,,0.0114
twonorm,3,correlation,DR-C9,errors,0,,0.0005
twonorm,3,correlation,DR-MV1,joint,0,15.847929,0.0009
twonorm,3,correlation,DR-MV2,joint,1,0.104,0.0071
twonorm,3,correlation,DR-CV1,joint,0,0.56856,1.7788
twonorm,3,selection,DR-M1,features,1,0.0,0.0254
twonorm,3,selection,DR-M2,features,1,0.32574,0.0107
twonorm,3,selection,DR-M3,features,1,0.0,0.0317
twonorm,3,selection,DR-M4,features,1,0.167925,0.1661
twonorm,3,selection,DR-M5,features,0,0.056905,0.0106
twonorm,3,selection,DR-M6,features,1,0.519832,0.0831
twonorm,3,selection,DR-M7,features,1,0.0,0.0231
twonorm,3,selection,DR-M8,errors,0,-0.012,0.0001
twonorm,3,selection,DR-M10,joint,1,0.010955,0.1867
twonorm,3,selection,DR-M12,features,1,0.0,0.0102
twonorm,3,selection,DR-M13,features,1,0.0,0.014
twonorm,3,selection,DR-M14,joint,1,0.102883,0.163
twonorm,3,selection,DR-C1,errors,0,,0.0009
twonorm,3,selection,DR-C2,errors,0,,0.0003
twonorm,3,selection,DR-C3,errors,0,,0.0006
twonorm,3,selection,DR-C4,errors,0,,0.0003
twonorm,3,selection,DR-C5,errors,0,,0.6257
twonorm,3,selection,DR-C6,errors,0,,0.0302
twonorm,3,selection,DR-C7,errors,0,,0.0111
twonorm,3,selection,DR-C9,errors,0,,0.0005
twonorm,3,selection,DR-MV1,joint,1,61.679721,0.0008
twonorm,3,selection,DR-MV2,joint,0,0.072,0.0028
twonorm,3,selection,DR-CV1,joint,0,0.56932,1.6456
twonorm,3,label_shift,DR-M1,features,1,0.001564,0.0245
twonorm,3,label_shift,DR-M2,features,0,0.143378,0.0106
twonorm,3,label_shift,DR-M3,features,0,0.006875,0.0311
twonorm,3,label_shift,DR-M4,features,0,0.074121,0.1802
twonorm,3,label_shift,DR-M5,features,0,0.025495,0.012
twonorm,3,label_shift,DR-M6,features,1,0.260435,0.0904
twonorm,3,label_shift,DR-M7,features,1,0.000777,0.0231
twonorm,3,label_shift,DR-M8,errors,0,-0.012,0.0001
twonorm,3,label_shift,DR-M10,joint,1,0.011926,0.2069
twonorm,3,label_shift,DR-M12,features,1,0.000777,0.0105
twonorm,3,label_shift,DR-M13,features,1,0.0,0.0196
twonorm,3,label_shift,DR-M14,joint,1,0.111061,0.2417
twonorm,3,label_shift,DR-C1,errors,0,,0.002
twonorm,3,label_shift,DR-C2,errors,0,,0.0003
twonorm,3,label_shift,DR-C3,errors,0,,0.0007
twonorm,3,label_shift,DR-C4,errors,0,,0.0003
twonorm,3,label_shift,DR-C5,errors,0,,0.9942
twonorm,3,label_shift,DR-C6,errors,0,,0.0401
twonorm,3,label_shift,DR-C7,errors,0,,0.0137
twonorm,3,label_shift,DR-C9,errors,0,,0.0005
twonorm,3,label_shift,DR-MV1,joint,1,34.490301,0.0051
twonorm,3,label_shift,DR-MV2,joint,0,0.06,0.0027
twonorm,3,label_shift,DR-CV1,joint,0,0.5276,2.36
twonorm,3,concept,DR-M1,features,0,0.079609,0.033
twonorm,3,concept,DR-M2,features,0,0.131468,0.0149
twonorm,3,concept,DR-M3,features,0,0.024964,0.041
twonorm,3,concept,DR-M4,features,0,0.072527,0.2466
twonorm,3,concept,DR-M5,features,0,0.022941,0.0111
twonorm,3,concept,DR-M6,features,0,0.133272,0.1187
twonorm,3,concept,DR-M7,features,0,0.105455,0.0388
twonorm,3,concept,DR-M8,errors,1,0.2,0.0001
twonorm,3,concept,DR-M10,joint,0,0.002851,0.2512
twonorm,3,concept,DR-M12,features,0,0.122819,0.0092
twonorm,3,concept,DR-M13,features,0,0.137958,0.0179
twonorm,3,concept,DR-M14,joint,0,0.030463,0.2353
twonorm,3,concept,DR-C1,errors,1,24.0,0.0006
twonorm,3,concept,DR-C2,errors,1,31.0,0.0002
twonorm,3,concept,DR-C3,errors,0,,0.0048
twonorm,3,concept,DR-C4,errors,1,75.0,0.0003
twonorm,3,concept,DR-C5,errors,0,,0.8166
twonorm,3,concept,DR-C6,errors,1,45.0,0.0306
twonorm,3,concept,DR-C7,errors,0,,0.011
twonorm,3,concept,DR-C9,errors,0,,0.0005
twonorm,3,concept,DR-MV1,joint,0,16.486952,0.0051
twonorm,3,concept,DR-MV2,joint,0,0.044,0.0029
twonorm,3,concept,DR-CV1,joint,0,0.48472,2.4954
twonorm,4,none,DR-M1,features,0,0.116626,0.0305
twonorm,4,none,DR-M2,features,0,0.114948,0.0126
twonorm,4,none,DR-M3,features,0,0.029754,0.0348
twonorm,4,none,DR-M4,features,0,0.05818,0.2957
twonorm,4,none,DR-M5,features,0,0.020357,0.0157
twonorm,4,none,DR-M6,features,0,0.147488,0.1248
twonorm,4,none,DR-M7,features,0,0.077802,0.0406
twonorm,4,none,DR-M8,errors,0,-0.024,0.0001
twonorm,4,none,DR-M10,joint,0,0.003248,0.2745
twonorm,4,none,DR-M12,features,0,0.09312,0.0094
twonorm,4,none,DR-M13,features,0,0.113581,0.022
twonorm,4,none,DR-M14,joint,0,0.032757,0.2265
twonorm,4,none,DR-C1,errors,1,13.0,0.0007
twonorm,4,none,DR-C2,errors,0,,0.0044
twonorm,4,none,DR-C3,errors,0,,0.0007
twonorm,4,none,DR-C4,errors,0,,0.0003
twonorm,4,none,DR-C5,errors,0,,0.5971
twonorm,4,none,DR-C6,errors,0,,0.0346
twonorm,4,none,DR-C7,errors,0,,0.0119
twonorm,4,none,DR-C9,errors,0,,0.0005
twonorm,4,none,DR-MV1,joint,0,18.504409,0.0009
twonorm,4,none,DR-MV2,joint,0,0.048,0.005
twonorm,4,none,DR-CV1,joint,0,0.45652,1.662
twonorm,4,shift,DR-M1,features,1,0.000298,0.024
twonorm,4,shift,DR-M2,features,0,0.16262,0.0114
twonorm,4,shift,DR-M3,features,1,0.00104,0.0282
twonorm,4,shift,DR-M4,features,0,0.07698,0.1938
twonorm,4,shift,DR-M5,features,0,0.028805,0.0071
twonorm,4,shift,DR-M6,features,1,0.376869,0.0958
twonorm,4,shift,DR-M7,features,1,1e-05,0.0236
twonorm,4,shift,DR-M8,errors,0,-0.016,0.0001
twonorm,4,shift,DR-M10,joint,1,0.005586,0.1712
twonorm,4,shift,DR-M12,features,1,1e-05,0.0093
twonorm,4,shift,DR-M13,features,1,0.0,0.0131
twonorm,4,shift,DR-M14,joint,1,0.054948,0.1563
twonorm,4,shift,DR-C1,errors,0,,0.0008
twonorm,4,shift,DR-C2,errors,0,,0.0004
twonorm,4,shift,DR-C3,errors,0,,0.0006
twonorm,4,shift,DR-C4,errors,0,,0.0045
twonorm,4,shift,DR-C5,errors,0,,0.6223
twonorm,4,shift,DR-C6,errors,0,,0.0329
twonorm,4,shift,DR-C7,errors,0,,0.0117
twonorm,4,shift,DR-C9,errors,0,,0.0005
twonorm,4,shift,DR-MV1,joint,1,45.964849,0.0009
twonorm,4,shift,DR-MV2,joint,0,0.048,0.0027
twonorm,4,shift,DR-CV1,joint,0,0.49864,1.6856
twonorm,4,scale,DR-M1,features,0,0.004033,0.0183
twonorm,4,scale,DR-M2,features,0,0.193387,0.0118
twonorm,4,scale,DR-M3,features,1,0.000129,0.0315
twonorm,4,scale,DR-M4,features,0,0.091362,0.1812
twonorm,4,scale,DR-M5,features,0,0.034264,0.0111
twonorm,4,scale,DR-M6,features,1,0.369343,0.0885
twonorm,4,scale,DR-M7,features,0,0.123393,0.0244
twonorm,4,scale,DR-M8,errors,0,-0.008,0.0001
twonorm,4,scale,DR-M10,joint,0,0.00384,0.1808
twonorm,4,scale,DR-M12,features,0,0.006103,0.0118
twonorm,4,scale,DR-M13,features,1,0.0,0.0133
twonorm,4,scale,DR-M14,joint,0,0.034949,0.1657
twonorm,4,scale,DR-C1,errors,1,7.0,0.0006
twonorm,4,scale,DR-C2,errors,0,,0.0003
twonorm,4,scale,DR-C3,errors,0,,0.0006
twonorm,4,scale,DR-C4,errors,0,,0.0003
twonorm,4,scale,DR-C5,errors,0,,0.6068
twonorm,4,scale,DR-C6,errors,0,,0.0258
twonorm,4,scale,DR-C7,errors,0,,0.012
twonorm,4,scale,DR-C9,errors,0,,0.0005
twonorm,4,scale,DR-MV1,joint,0,17.290043,0.0051
twonorm,4,scale,DR-MV2,joint,0,0.056,0.0029
twonorm,4,scale,DR-CV1,joint,0,0.55468,1.615
twonorm,4,correlation,DR-M1,features,0,0.025539,0.0225
twonorm,4,correlation,DR-M2,features,0,0.097775,0.0103
twonorm,4,correlation,DR-M3,features,0,0.072898,0.0313
twonorm,4,correlation,DR-M4,features,0,0.050068,0.1656
twonorm,4,correlation,DR-M5,features,0,0.017468,0.0106
twonorm,4,correlation,DR-M6,features,0,0.153986,0.0858
twonorm,4,correlation,DR-M7,features,0,0.057636,0.0182
twonorm,4,correlation,DR-M8,errors,1,0.02,0.0001
twonorm,4,correlation,DR-M10,joint,0,0.004098,0.1708
twonorm,4,correlation,DR-M12,features,0,0.04822,0.0096
twonorm,4,correlation,DR-M13,features,0,0.048257,0.0131
twonorm,4,correlation,DR-M14,joint,0,0.038753,0.1654
twonorm,4,correlation,DR-C1,errors,1,73.0,0.0006
twonorm,4,correlation,DR-C2,errors,1,170.0,0.0003
twonorm,4,correlation,DR-C3,errors,0,,0.0006
twonorm,4,correlation,DR-C4,errors,0,,0.0003
twonorm,4,correlation,DR-C5,errors,0,,0.5806
twonorm,4,correlation,DR-C6,errors,0,,0.025
twonorm,4,correlation,DR-C7,errors,0,,0.0124
twonorm,4,correlation,DR-C9,errors,0,,0.0005
twonorm,4,correlation,DR-MV1,joint,0,17.515716,0.001
twonorm,4,correlation,DR-MV2,joint,0,0.06,0.007
twonorm,4,correlation,DR-CV1,joint,0,0.53644,1.8582
twonorm,4,selection,DR-M1,features,1,0.0,0.0282
twonorm,4,selection,DR-M2,features,1,0.257555,0.011
twonorm,4,selection,DR-M3,features,1,4e-06,0.033
twonorm,4,selection,DR-M4,features,1,0.128953,0.1773
twonorm,4,selection,DR-M5,features,0,0.045332,0.0065
twonorm,4,selection,DR-M6,features,1,0.511802,0.0891
twonorm,4,selection,DR-M7,features,1,0.0,0.0231
twonorm,4,selection,DR-M8,errors,1,0.012,0.0001
twonorm,4,selection,DR-M10,joint,1,0.00945,0.1768
twonorm,4,selection,DR-M12,features,1,0.0,0.0094
twonorm,4,selection,DR-M13,features,1,0.0,0.0177
twonorm,4,selection,DR-M14,joint,1,0.088042,0.1526
twonorm,4,selection,DR-C1,errors,1,11.0,0.0005
twonorm,4,selection,DR-C2,errors,1,199.0,0.0003
twonorm,4,selection,DR-C3,errors,0,,0.0006
twonorm,4,selection,DR-C4,errors,0,,0.0003
twonorm,4,selection,DR-C5,errors,0,,0.6351
twonorm,4,selection,DR-C6,errors,0,,0.0247
twonorm,4,selection,DR-C7,errors,0,,0.0119
twonorm,4,selection,DR-C9,errors,0,,0.0005
twonorm,4,selection,DR-MV1,joint,1,70.19175,0.0009
twonorm,4,selection,DR-MV2,joint,0,0.04,0.0029
twonorm,4,selection,DR-CV1,joint,0,0.56916,1.6024
twonorm,4,label_shift,DR-M1,features,1,0.000298,0.0254
twonorm,4,label_shift,DR-M2,features,0,0.18586,0.0109
twonorm,4,label_shift,DR-M3,features,1,0.001137,0.0265
twonorm,4,label_shift,DR-M4,features,0,0.100317,0.2455
twonorm,4,label_shift,DR-M5,features,0,0.032325,0.0151
twonorm,4,label_shift,DR-M6,features,1,0.380842,0.126
twonorm,4,label_shift,DR-M7,features,1,1e-06,0.0324
twonorm,4,label_shift,DR-M8,errors,0,-0.012,0.0001
twonorm,4,label_shift,DR-M10,joint,1,0.018231,0.2013
twonorm,4,label_shift,DR-M12,features,1,1.8e-05,0.0106
twonorm,4,label_shift,DR-M13,features,1,0.0,0.0186
twonorm,4,label_shift,DR-M14,joint,1,0.167612,0.1601
twonorm,4,label_shift,DR-C1,errors,0,,0.0008
twonorm,4,label_shift,DR-C2,errors,0,,0.0003
twonorm,4,label_shift,DR-C3,errors,0,,0.0006
twonorm,4,label_shift,DR-C4,errors,0,,0.0004
twonorm,4,label_shift,DR-C5,errors,0,,0.8649
twonorm,4,label_shift,DR-C6,errors,0,,0.0473
twonorm,4,label_shift,DR-C7,errors,0,,0.0203
twonorm,4,label_shift,DR-C9,errors,0,,0.0005
twonorm,4,label_shift,DR-MV1,joint,1,58.497369,0.0009
twonorm,4,label_shift,DR-MV2,joint,0,0.056,0.0028
twonorm,4,label_shift,DR-CV1,joint,0,0.59372,3.5803
twonorm,4,concept,DR-M1,features,0,0.069718,0.0231
twonorm,4,concept,DR-M2,features,0,0.106333,0.0103
twonorm,4,concept,DR-M3,features,0,0.062454,0.0265
twonorm,4,concept,DR-M4,features,0,0.056694,0.1512
twonorm,4,concept,DR-M5,features,0,0.018809,0.0105
twonorm,4,concept,DR-M6,features,0,0.194338,0.0964
twonorm,4,concept,DR-M7,features,0,0.0155,0.027
twonorm,4,concept,DR-M8,errors,1,0.144,0.0001
twonorm,4,concept,DR-M10,joint,0,0.004184,0.2938
twonorm,4,concept,DR-M12,features,0,0.024499,0.0094
twonorm,4,concept,DR-M13,features,0,0.021913,0.0175
twonorm,4,concept,DR-M14,joint,0,0.042272,0.1928
twonorm,4,concept,DR-C1,errors,1,1.0,0.0006
twonorm,4,concept,DR-C2,errors,1,82.0,0.0003
twonorm,4,concept,DR-C3,errors,0,,0.0006
twonorm,4,concept,DR-C4,errors,1,203.0,0.0004
twonorm,4,concept,DR-C5,errors,0,,0.6325
twonorm,4,concept,DR-C6,errors,0,,0.0212
twonorm,4,concept,DR-C7,errors,0,,0.0076
twonorm,4,concept,DR-C9,errors,0,,0.0005
twonorm,4,concept,DR-MV1,joint,0,23.547025,0.0009
twonorm,4,concept,DR-MV2,joint,0,0.04,0.0027
twonorm,4,concept,DR-CV1,joint,0,0.52476,1.7585
waveform_21,0,none,DR-M1,features,0,0.14841,0.0267
waveform_21,0,none,DR-M2,features,0,0.118666,0.0108
waveform_21,0,none,DR-M3,features,0,0.016363,0.0338
waveform_21,0,none,DR-M4,features,0,0.060177,0.199
waveform_21,0,none,DR-M5,features,0,0.021159,0.0142
waveform_21,0,none,DR-M6,features,0,0.137062,0.0911
waveform_21,0,none,DR-M7,features,0,0.176938,0.0213
waveform_21,0,none,DR-M8,errors,0,0.002,0.0001
waveform_21,0,none,DR-M10,joint,0,0.003371,0.2217
waveform_21,0,none,DR-M12,features,0,0.149357,0.0102
waveform_21,0,none,DR-M13,features,0,0.127974,0.0145
waveform_21,0,none,DR-M14,joint,0,0.031119,0.1662
waveform_21,0,none,DR-C1,errors,0,,0.0009
waveform_21,0,none,DR-C2,errors,0,,0.0004
waveform_21,0,none,DR-C3,errors,0,,0.0006
waveform_21,0,none,DR-C4,errors,0,,0.0004
waveform_21,0,none,DR-C5,errors,0,,0.6815
waveform_21,0,none,DR-C6,errors,0,,0.0236
waveform_21,0,none,DR-C7,errors,0,,0.0224
waveform_21,0,none,DR-C9,errors,0,,0.0035
waveform_21,0,none,DR-MV1,joint,0,18.44141,0.0014
waveform_21,0,none,DR-MV2,joint,0,0.044,0.0039
waveform_21,0,none,DR-CV1,joint,0,0.49676,1.5702
waveform_21,0,shift,DR-M1,features,0,0.015948,0.0285
waveform_21,0,shift,DR-M2,features,0,0.099849,0.0106
waveform_21,0,shift,DR-M3,features,0,0.066992,0.0282
waveform_21,0,shift,DR-M4,features,0,0.051372,0.1544
waveform_21,0,shift,DR-M5,features,0,0.017856,0.0078
waveform_21,0,shift,DR-M6,features,0,0.235985,0.059
waveform_21,0,shift,DR-M7,features,0,0.002682,0.0135
waveform_21,0,shift,DR-M8,errors,0,0.002,0.0001
waveform_21,0,shift,DR-M10,joint,1,0.005889,0.1262
waveform_21,0,shift,DR-M12,features,0,0.005324,0.0103
waveform_21,0,shift,DR-M13,features,0,0.005587,0.0099
waveform_21,0,shift,DR-M14,joint,0,0.056648,0.1115
waveform_21,0,shift,DR-C1,errors,0,,0.0009
waveform_21,0,shift,DR-C2,errors,0,,0.0004
waveform_21,0,shift,DR-C3,errors,0,,0.0006
waveform_21,0,shift,DR-C4,errors,0,,0.0004
waveform_21,0,shift,DR-C5,errors,0,,0.423
waveform_21,0,shift,DR-C6,errors,0,,0.0081
waveform_21,0,shift,DR-C7,errors,0,,0.0059
waveform_21,0,shift,DR-C9,errors,0,,0.0005
waveform_21,0,shift,DR-MV1,joint,1,42.098605,0.001
waveform_21,0,shift,DR-MV2,joint,0,0.036,0.0028
waveform_21,0,shift,DR-CV1,joint,0,0.53224,1.1312
waveform_21,0,scale,DR-M1,features,0,0.021888,0.0162
waveform_21,0,scale,DR-M2,features,0,0.184164,0.0069
waveform_21,0,scale,DR-M3,features,1,0.000357,0.0196
waveform_21,0,scale,DR-M4,features,0,0.090762,0.1245
waveform_21,0,scale,DR-M5,features,0,0.032736,0.007
waveform_21,0,scale,DR-M6,features,1,0.38244,0.0606
waveform_21,0,scale,DR-M7,features,0,0.100304,0.0137
waveform_21,0,scale,DR-M8,errors,0,-0.034,0.0001
waveform_21,0,scale,DR-M10,joint,0,0.004694,0.1221
waveform_21,0,scale,DR-M12,features,0,0.009621,0.0101
waveform_21,0,scale,DR-M13,features,1,0.0,0.0096
waveform_21,0,scale,DR-M14,joint,0,0.040797,0.1276
waveform_21,0,scale,DR-C1,errors,0,,0.0008
waveform_21,0,scale,DR-C2,errors,0,,0.0004
waveform_21,0,scale,DR-C3,errors,0,,0.0006
waveform_21,0,scale,DR-C4,errors,0,,0.0003
waveform_21,0,scale,DR-C5,errors,0,,0.4115
waveform_21,0,scale,DR-C6,errors,0,,0.0087
waveform_21,0,scale,DR-C7,errors,0,,0.0065
waveform_21,0,scale,DR-C9,errors,0,,0.0005
waveform_21,0,scale,DR-MV1,joint,0,19.097205,0.0011
waveform_21,0,scale,DR-MV2,joint,1,0.08,0.0026
waveform_21,0,scale,DR-CV1,joint,0,0.52736,1.1369
waveform_21,0,correlation,DR-M1,features,0,0.004835,0.0166
waveform_21,0,correlation,DR-M2,features,0,0.136747,0.0075
waveform_21,0,correlation,DR-M3,features,0,0.004768,0.0208
waveform_21,0,correlation,DR-M4,features,0,0.06344,0.119
waveform_21,0,correlation,DR-M5,features,0,0.024193,0.0074
waveform_21,0,correlation,DR-M6,features,0,0.172772,0.0635
waveform_21,0,correlation,DR-M7,features,0,0.025569,0.0143
waveform_21,0,correlation,DR-M8,errors,1,0.042,0.0001
waveform_21,0,correlation,DR-M10,joint,1,0.008196,0.1299
waveform_21,0,correlation,DR-M12,features,0,0.028919,0.0155
waveform_21,0,correlation,DR-M13,features,0,0.047737,0.009
waveform_21,0,correlation,DR-M14,joint,1,0.057961,0.105
waveform_21,0,correlation,DR-C1,errors,0,,0.0008
waveform_21,0,correlation,DR-C2,errors,1,147.0,0.0003
waveform_21,0,correlation,DR-C3,errors,0,,0.0006
waveform_21,0,correlation,DR-C4,errors,0,,0.0003
waveform_21,0,correlation,DR-C5,errors,0,,0.4158
waveform_21,0,correlation,DR-C6,errors,0,,0.008
waveform_21,0,correlation,DR-C7,errors,0,,0.0057
waveform_21,0,correlation,DR-C9,errors,0,,0.0005
waveform_21,0,correlation,DR-MV1,joint,0,29.64253,0.0017
waveform_21,0,correlation,DR-MV2,joint,1,0.252,0.0027
waveform_21,0,correlation,DR-CV1,joint,1,0.67572,1.1754
waveform_21,0,selection,DR-M1,features,1,1.1e-05,0.0175
waveform_21,0,selection,DR-M2,features,0,0.186796,0.0087
waveform_21,0,selection,DR-M3,features,1,0.000306,0.0207
waveform_21,0,selection,DR-M4,features,0,0.091894,0.1181
waveform_21,0,selection,DR-M5,features,0,0.03312,0.0069
waveform_21,0,selection,DR-M6,features,1,0.451755,0.0595
waveform_21,0,selection,DR-M7,features,1,0.0,0.0136
waveform_21,0,selection,DR-M8,errors,1,0.074,0.0
waveform_21,0,selection,DR-M10,joint,1,0.006965,0.1216
waveform_21,0,selection,DR-M12,features,1,0.0,0.0162
waveform_21,0,selection,DR-M13,features,1,0.0,0.0093
waveform_21,0,selection,DR-M14,joint,0,0.066894,0.1094
waveform_21,0,selection,DR-C1,errors,0,,0.0008
waveform_21,0,selection,DR-C2,errors,1,84.0,0.0003
waveform_21,0,selection,DR-C3,errors,0,,0.0006
waveform_21,0,selection,DR-C4,errors,0,,0.0003
waveform_21,0,selection,DR-C5,errors,0,,0.3996
waveform_21,0,selection,DR-C6,errors,0,,0.0073
waveform_21,0,selection,DR-C7,errors,0,,0.0063
waveform_21,0,selection,DR-C9,errors,0,,0.0005
waveform_21,0,selection,DR-MV1,joint,1,51.10255,0.001
waveform_21,0,selection,DR-MV2,joint,1,0.084,0.0027
waveform_21,0,selection,DR-CV1,joint,0,0.51264,1.2356
waveform_21,0,label_shift,DR-M1,features,1,0.00105,0.0316
waveform_21,0,label_shift,DR-M2,features,0,0.171755,0.0063
waveform_21,0,label_shift,DR-M3,features,1,0.001068,0.0208
waveform_21,0,label_shift,DR-M4,features,0,0.08726,0.1386
waveform_21,0,label_shift,DR-M5,features,0,0.030564,0.0113
waveform_21,0,label_shift,DR-M6,features,1,0.273014,0.0664
waveform_21,0,label_shift,DR-M7,features,1,0.000486,0.0153
waveform_21,0,label_shift,DR-M8,errors,1,0.03,0.0001
waveform_21,0,label_shift,DR-M10,joint,1,0.009674,0.1529
waveform_21,0,label_shift,DR-M12,features,1,0.000312,0.0174
waveform_21,0,label_shift,DR-M13,features,1,0.0,0.0141
waveform_21,0,label_shift,DR-M14,joint,1,0.084172,0.1034
waveform_21,0,label_shift,DR-C1,errors,0,,0.0008
waveform_21,0,label_shift,DR-C2,errors,1,149.0,0.0003
waveform_21,0,label_shift,DR-C3,errors,0,,0.0006
waveform_21,0,label_shift,DR-C4,errors,0,,0.0003
waveform_21,0,label_shift,DR-C5,errors,0,,0.4056
waveform_21,0,label_shift,DR-C6,errors,0,,0.009
waveform_21,0,label_shift,DR-C7,errors,0,,0.0059
waveform_21,0,label_shift,DR-C9,errors,0,,0.0004
waveform_21,0,label_shift,DR-MV1,joint,0,27.266016,0.0009
waveform_21,0,label_shift,DR-MV2,joint,1,0.076,0.0026
waveform_21,0,label_shift,DR-CV1,joint,0,0.55488,1.1766
waveform_21,0,concept,DR-M1,features,0,0.09066,0.0159
waveform_21,0,concept,DR-M2,features,0,0.098122,0.0073
waveform_21,0,concept,DR-M3,features,0,0.061551,0.0196
waveform_21,0,concept,DR-M4,features,0,0.049979,0.1321
waveform_21,0,concept,DR-M5,features,0,0.017596,0.0075
waveform_21,0,concept,DR-M6,features,0,0.188493,0.0611
waveform_21,0,concept,DR-M7,features,0,0.016189,0.0142
waveform_21,0,concept,DR-M8,errors,1,0.15,0.0
waveform_21,0,concept,DR-M10,joint,0,0.003832,0.1254
waveform_21,0,concept,DR-M12,features,0,0.031416,0.014
waveform_21,0,concept,DR-M13,features,0,0.022544,0.0088
waveform_21,0,concept,DR-M14,joint,0,0.039156,0.1039
waveform_21,0,concept,DR-C1,errors,1,73.0,0.0006
waveform_21,0,concept,DR-C2,errors,1,72.0,0.0004
waveform_21,0,concept,DR-C3,errors,0,,0.0006
waveform_21,0,concept,DR-C4,errors,0,,0.0003
waveform_21,0,concept,DR-C5,errors,0,,0.3804
waveform_21,0,concept,DR-C6,errors,1,76.0,0.0066
waveform_21,0,concept,DR-C7,errors,1,76.0,0.0052
waveform_21,0,concept,DR-C9,errors,1,124.0,0.0004
waveform_21,0,concept,DR-MV1,joint,0,25.20879,0.0009
waveform_21,0,concept,DR-MV2,joint,0,0.068,0.0029
waveform_21,0,concept,DR-CV1,joint,0,0.50192,1.0645
waveform_21,1,none,DR-M1,features,0,0.14841,0.0161
waveform_21,1,none,DR-M2,features,0,0.128497,0.006
waveform_21,1,none,DR-M3,features,0,0.02305,0.0196
waveform_21,1,none,DR-M4,features,0,0.06943,0.1158
waveform_21,1,none,DR-M5,features,0,0.022685,0.0069
waveform_21,1,none,DR-M6,features,0,0.137437,0.0583
waveform_21,1,none,DR-M7,features,0,0.079729,0.0141
waveform_21,1,none,DR-M8,errors,0,-0.02,0.0001
waveform_21,1,none,DR-M10,joint,0,0.002845,0.1138
waveform_21,1,none,DR-M12,features,0,0.130865,0.0118
waveform_21,1,none,DR-M13,features,0,0.151312,0.0085
waveform_21,1,none,DR-M14,joint,0,0.029889,0.103
waveform_21,1,none,DR-C1,errors,0,,0.0008
waveform_21,1,none,DR-C2,errors,1,30.0,0.0003
waveform_21,1,none,DR-C3,errors,0,,0.0006
waveform_21,1,none,DR-C4,errors,0,,0.0003
waveform_21,1,none,DR-C5,errors,0,,0.3744
waveform_21,1,none,DR-C6,errors,0,,0.0086
waveform_21,1,none,DR-C7,errors,0,,0.0058
waveform_21,1,none,DR-C9,errors,0,,0.0005
waveform_21,1,none,DR-MV1,joint,0,15.468764,0.001
waveform_21,1,none,DR-MV2,joint,0,0.052,0.0028
waveform_21,1,none,DR-CV1,joint,0,0.44464,1.189
waveform_21,1,shift,DR-M1,features,1,0.000567,0.0177
waveform_21,1,shift,DR-M2,features,0,0.139695,0.0062
waveform_21,1,shift,DR-M3,features,0,0.005076,0.0205
waveform_21,1,shift,DR-M4,features,0,0.069166,0.1579
waveform_21,1,shift,DR-M5,features,0,0.024826,0.0137
waveform_21,1,shift,DR-M6,features,1,0.319484,0.0992
waveform_21,1,shift,DR-M7,features,1,5.4e-05,0.0201
waveform_21,1,shift,DR-M8,errors,0,0.008,0.0001
waveform_21,1,shift,DR-M10,joint,0,0.005852,0.122
waveform_21,1,shift,DR-M12,features,1,0.000195,0.0104
waveform_21,1,shift,DR-M13,features,1,0.0,0.009
waveform_21,1,shift,DR-M14,joint,1,0.059081,0.1009
waveform_21,1,shift,DR-C1,errors,0,,0.0008
waveform_21,1,shift,DR-C2,errors,1,34.0,0.0003
waveform_21,1,shift,DR-C3,errors,0,,0.0006
waveform_21,1,shift,DR-C4,errors,0,,0.0004
waveform_21,1,shift,DR-C5,errors,0,,0.3846
waveform_21,1,shift,DR-C6,errors,0,,0.0077
waveform_21,1,shift,DR-C7,errors,0,,0.0056
waveform_21,1,shift,DR-C9,errors,0,,0.0012
waveform_21,1,shift,DR-MV1,joint,0,29.368321,0.001
waveform_21,1,shift,DR-MV2,joint,0,0.068,0.0028
waveform_21,1,shift,DR-CV1,joint,0,0.496,1.1443
waveform_21,1,scale,DR-M1,features,0,0.002784,0.0157
waveform_21,1,scale,DR-M2,features,1,0.393632,0.0062
waveform_21,1,scale,DR-M3,features,1,0.0,0.0203
waveform_21,1,scale,DR-M4,features,1,0.196188,0.1237
waveform_21,1,scale,DR-M5,features,0,0.068453,0.007
waveform_21,1,scale,DR-M6,features,1,0.435736,0.0646
waveform_21,1,scale,DR-M7,features,0,0.085939,0.0211
waveform_21,1,scale,DR-M8,errors,0,-0.028,0.0001
waveform_21,1,scale,DR-M10,joint,0,0.004192,0.1426
waveform_21,1,scale,DR-M12,features,1,0.001107,0.0129
waveform_21,1,scale,DR-M13,features,1,0.0,0.013
waveform_21,1,scale,DR-M14,joint,0,0.038474,0.1013
waveform_21,1,scale,DR-C1,errors,0,,0.0008
waveform_21,1,scale,DR-C2,errors,1,51.0,0.0003
waveform_21,1,scale,DR-C3,errors,0,,0.0006
waveform_21,1,scale,DR-C4,errors,0,,0.0004
waveform_21,1,scale,DR-C5,errors,0,,0.3869
waveform_21,1,scale,DR-C6,errors,0,,0.0081
waveform_21,1,scale,DR-C7,errors,0,,0.0055
waveform_21,1,scale,DR-C9,errors,0,,0.0004
waveform_21,1,scale,DR-MV1,joint,0,29.921077,0.0009
waveform_21,1,scale,DR-MV2,joint,1,0.08,0.0027
waveform_21,1,scale,DR-CV1,joint,1,0.60812,1.0563
waveform_21,1,correlation,DR-M1,features,0,0.046073,0.0153
waveform_21,1,correlation,DR-M2,features,0,0.090753,0.0061
waveform_21,1,correlation,DR-M3,features,0,0.096776,0.0206
waveform_21,1,correlation,DR-M4,features,0,0.046001,0.1136
waveform_21,1,correlation,DR-M5,features,0,0.016257,0.0066
waveform_21,1,correlation,DR-M6,features,0,0.183116,0.0576
waveform_21,1,correlation,DR-M7,features,0,0.044882,0.0158
waveform_21,1,correlation,DR-M8,errors,0,-0.004,0.0014
waveform_21,1,correlation,DR-M10,joint,0,0.006199,0.1592
waveform_21,1,correlation,DR-M12,features,0,0.0315,0.0164
waveform_21,1,correlation,DR-M13,features,0,0.029615,0.0089
waveform_21,1,correlation,DR-M14,joint,0,0.04414,0.107
waveform_21,1,correlation,DR-C1,errors,0,,0.0008
waveform_21,1,correlation,DR-C2,errors,1,48.0,0.0003
waveform_21,1,correlation,DR-C3,errors,0,,0.0006
waveform_21,1,correlation,DR-C4,errors,0,,0.0003
waveform_21,1,correlation,DR-C5,errors,0,,0.3903
waveform_21,1,correlation,DR-C6,errors,0,,0.0072
waveform_21,1,correlation,DR-C7,errors,0,,0.0056
waveform_21,1,correlation,DR-C9,errors,0,,0.0005
waveform_21,1,correlation,DR-MV1,joint,0,16.082073,0.0009
waveform_21,1,correlation,DR-MV2,joint,1,0.232,0.0031
waveform_21,1,correlation,DR-CV1,joint,1,0.6632,1.1107
waveform_21,1,selection,DR-M1,features,1,0.0,0.0164
waveform_21,1,selection,DR-M2,features,1,0.315101,0.0062
waveform_21,1,selection,DR-M3,features,1,0.0,0.0206
waveform_21,1,selection,DR-M4,features,1,0.169023,0.1183
waveform_21,1,selection,DR-M5,features,0,0.055189,0.0082
waveform_21,1,selection,DR-M6,features,1,0.482302,0.0578
waveform_21,1,selection,DR-M7,features,1,0.0,0.014
waveform_21,1,selection,DR-M8,errors,0,-0.024,0.0001
waveform_21,1,selection,DR-M10,joint,1,0.007756,0.1208
waveform_21,1,selection,DR-M12,features,1,0.0,0.0107
waveform_21,1,selection,DR-M13,features,1,0.0,0.0089
waveform_21,1,selection,DR-M14,joint,1,0.072739,0.1067
waveform_21,1,selection,DR-C1,errors,0,,0.0008
waveform_21,1,selection,DR-C2,errors,1,36.0,0.0003
waveform_21,1,selection,DR-C3,errors,0,,0.0006
waveform_21,1,selection,DR-C4,errors,0,,0.0003
waveform_21,1,selection,DR-C5,errors,0,,0.4605
waveform_21,1,selection,DR-C6,errors,0,,0.0077
waveform_21,1,selection,DR-C7,errors,0,,0.0057
waveform_21,1,selection,DR-C9,errors,0,,0.0005
waveform_21,1,selection,DR-MV1,joint,1,61.666409,0.0008
waveform_21,1,selection,DR-MV2,joint,0,0.068,0.0026
waveform_21,1,selection,DR-CV1,joint,0,0.5396,1.1242
waveform_21,1,label_shift,DR-M1,features,0,0.006893,0.0162
waveform_21,1,label_shift,DR-M2,features,0,0.0954,0.007
waveform_21,1,label_shift,DR-M3,features,0,0.079836,0.0198
waveform_21,1,label_shift,DR-M4,features,0,0.049347,0.14
waveform_21,1,label_shift,DR-M5,features,0,0.017058,0.0071
waveform_21,1,label_shift,DR-M6,features,0,0.169468,0.0591
waveform_21,1,label_shift,DR-M7,features,0,0.03139,0.0147
waveform_21,1,label_shift,DR-M8,errors,0,-0.032,0.0001
waveform_21,1,label_shift,DR-M10,joint,0,0.00529,0.1307
waveform_21,1,label_shift,DR-M12,features,0,0.012589,0.0112
waveform_21,1,label_shift,DR-M13,features,0,0.022058,0.013
waveform_21,1,label_shift,DR-M14,joint,0,0.050414,0.1224
waveform_21,1,label_shift,DR-C1,errors,0,,0.001
waveform_21,1,label_shift,DR-C2,errors,1,134.0,0.0004
waveform_21,1,label_shift,DR-C3,errors,0,,0.0016
waveform_21,1,label_shift,DR-C4,errors,0,,0.0005
waveform_21,1,label_shift,DR-C5,errors,0,,0.447
waveform_21,1,label_shift,DR-C6,errors,0,,0.0091
waveform_21,1,label_shift,DR-C7,errors,0,,0.006
waveform_21,1,label_shift,DR-C9,errors,0,,0.0006
waveform_21,1,label_shift,DR-MV1,joint,0,18.718602,0.001
waveform_21,1,label_shift,DR-MV2,joint,0,0.06,0.0026
waveform_21,1,label_shift,DR-CV1,joint,0,0.48976,1.1732
waveform_21,1,concept,DR-M1,features,0,0.14841,0.0197
waveform_21,1,concept,DR-M2,features,0,0.12749,0.0102
waveform_21,1,concept,DR-M3,features,0,0.023148,0.0219
waveform_21,1,concept,DR-M4,features,0,0.068622,0.1174
waveform_21,1,concept,DR-M5,features,0,0.022582,0.0067
waveform_21,1,concept,DR-M6,features,0,0.1627,0.0554
waveform_21,1,concept,DR-M7,features,0,0.047182,0.0133
waveform_21,1,concept,DR-M8,errors,1,0.112,0.0
waveform_21,1,concept,DR-M10,joint,0,0.003609,0.1118
waveform_21,1,concept,DR-M12,features,0,0.106678,0.01
waveform_21,1,concept,DR-M13,features,0,0.062068,0.0087
waveform_21,1,concept,DR-M14,joint,0,0.036072,0.1052
waveform_21,1,concept,DR-C1,errors,1,216.0,0.0007
waveform_21,1,concept,DR-C2,errors,1,17.0,0.0003
waveform_21,1,concept,DR-C3,errors,0,,0.0006
waveform_21,1,concept,DR-C4,errors,0,,0.0003
waveform_21,1,concept,DR-C5,errors,0,,0.4148
waveform_21,1,concept,DR-C6,errors,0,,0.0075
waveform_21,1,concept,DR-C7,errors,0,,0.0078
waveform_21,1,concept,DR-C9,errors,1,242.0,0.0004
waveform_21,1,concept,DR-MV1,joint,0,31.074089,0.0009
waveform_21,1,concept,DR-MV2,joint,0,0.04,0.0029
waveform_21,1,concept,DR-CV1,joint,0,0.47368,1.0282
waveform_21,2,none,DR-M1,features,0,0.021888,0.0155
waveform_21,2,none,DR-M2,features,0,0.152617,0.0061
waveform_21,2,none,DR-M3,features,0,0.01153,0.0191
waveform_21,2,none,DR-M4,features,0,0.086124,0.1115
waveform_21,2,none,DR-M5,features,0,0.026296,0.007
waveform_21,2,none,DR-M6,features,0,0.136154,0.0597
waveform_21,2,none,DR-M7,features,0,0.096468,0.0135
waveform_21,2,none,DR-M8,errors,1,0.042,0.0001
waveform_21,2,none,DR-M10,joint,0,0.002688,0.1228
waveform_21,2,none,DR-M12,features,0,0.07382,0.01
waveform_21,2,none,DR-M13,features,0,0.102389,0.0079
waveform_21,2,none,DR-M14,joint,0,0.028035,0.101
waveform_21,2,none,DR-C1,errors,0,,0.0008
waveform_21,2,none,DR-C2,errors,1,71.0,0.0003
waveform_21,2,none,DR-C3,errors,0,,0.0006
waveform_21,2,none,DR-C4,errors,0,,0.0003
waveform_21,2,none,DR-C5,errors,0,,0.3631
waveform_21,2,none,DR-C6,errors,0,,0.0068
waveform_21,2,none,DR-C7,errors,0,,0.0057
waveform_21,2,none,DR-C9,errors,0,,0.0005
waveform_21,2,none,DR-MV1,joint,0,9.844853,0.0008
waveform_21,2,none,DR-MV2,joint,0,0.024,0.0028
waveform_21,2,none,DR-CV1,joint,0,0.49264,1.033
waveform_21,2,shift,DR-M1,features,1,0.001283,0.0168
waveform_21,2,shift,DR-M2,features,0,0.134229,0.0062
waveform_21,2,shift,DR-M3,features,0,0.012684,0.0218
waveform_21,2,shift,DR-M4,features,0,0.070045,0.1213
waveform_21,2,shift,DR-M5,features,0,0.023786,0.0089
waveform_21,2,shift,DR-M6,features,1,0.363769,0.0601
waveform_21,2,shift,DR-M7,features,1,3e-06,0.0135
waveform_21,2,shift,DR-M8,errors,0,-0.01,0.0001
waveform_21,2,shift,DR-M10,joint,1,0.008311,0.1148
waveform_21,2,shift,DR-M12,features,1,1.6e-05,0.0109
waveform_21,2,shift,DR-M13,features,1,0.0,0.0096
waveform_21,2,shift,DR-M14,joint,1,0.08,0.1052
waveform_21,2,shift,DR-C1,errors,0,,0.0008
waveform_21,2,shift,DR-C2,errors,1,63.0,0.0003
waveform_21,2,shift,DR-C3,errors,0,,0.0006
waveform_21,2,shift,DR-C4,errors,0,,0.0003
waveform_21,2,shift,DR-C5,errors,0,,0.492
waveform_21,2,shift,DR-C6,errors,0,,0.0103
waveform_21,2,shift,DR-C7,errors,0,,0.0058
waveform_21,2,shift,DR-C9,errors,0,,0.0005
waveform_21,2,shift,DR-MV1,joint,1,57.402528,0.0009
waveform_21,2,shift,DR-MV2,joint,0,0.064,0.0028
waveform_21,2,shift,DR-CV1,joint,0,0.59396,1.7689
waveform_21,2,scale,DR-M1,features,0,0.006893,0.016
waveform_21,2,scale,DR-M2,features,0,0.186884,0.0062
waveform_21,2,scale,DR-M3,features,1,0.000199,0.0195
waveform_21,2,scale,DR-M4,features,0,0.088517,0.1145
waveform_21,2,scale,DR-M5,features,0,0.033169,0.0101
waveform_21,2,scale,DR-M6,features,1,0.384737,0.0659
waveform_21,2,scale,DR-M7,features,0,0.096494,0.0153
waveform_21,2,scale,DR-M8,errors,0,0.018,0.0
waveform_21,2,scale,DR-M10,joint,0,0.004811,0.1242
waveform_21,2,scale,DR-M12,features,0,0.010079,0.0105
waveform_21,2,scale,DR-M13,features,1,0.0,0.0113
waveform_21,2,scale,DR-M14,joint,0,0.040996,0.1159
waveform_21,2,scale,DR-C1,errors,0,,0.0009
waveform_21,2,scale,DR-C2,errors,1,67.0,0.0003
waveform_21,2,scale,DR-C3,errors,0,,0.0007
waveform_21,2,scale,DR-C4,errors,0,,0.0003
waveform_21,2,scale,DR-C5,errors,0,,0.4207
waveform_21,2,scale,DR-C6,errors,0,,0.008
waveform_21,2,scale,DR-C7,errors,0,,0.0056
waveform_21,2,scale,DR-C9,errors,0,,0.0004
waveform_21,2,scale,DR-MV1,joint,0,21.071787,0.0009
waveform_21,2,scale,DR-MV2,joint,0,0.072,0.0027
waveform_21,2,scale,DR-CV1,joint,0,0.57192,1.0873
waveform_21,2,correlation,DR-M1,features,0,0.09066,0.0152
waveform_21,2,correlation,DR-M2,features,0,0.125407,0.0071
waveform_21,2,correlation,DR-M3,features,0,0.023071,0.0191
waveform_21,2,correlation,DR-M4,features,0,0.06643,0.1171
waveform_21,2,correlation,DR-M5,features,0,0.022189,0.0068
waveform_21,2,correlation,DR-M6,features,0,0.161159,0.0571
waveform_21,2,correlation,DR-M7,features,0,0.088084,0.0138
waveform_21,2,correlation,DR-M8,errors,1,0.062,0.0
waveform_21,2,correlation,DR-M10,joint,1,0.007877,0.1354
waveform_21,2,correlation,DR-M12,features,0,0.102326,0.0107
waveform_21,2,correlation,DR-M13,features,0,0.071445,0.0087
waveform_21,2,correlation,DR-M14,joint,0,0.055618,0.1052
waveform_21,2,correlation,DR-C1,errors,0,,0.0007
waveform_21,2,correlation,DR-C2,errors,1,70.0,0.0003
waveform_21,2,correlation,DR-C3,errors,0,,0.0006
waveform_21,2,correlation,DR-C4,errors,0,,0.0003
waveform_21,2,correlation,DR-C5,errors,0,,0.7623
waveform_21,2,correlation,DR-C6,errors,0,,0.011
waveform_21,2,correlation,DR-C7,errors,0,,0.018
waveform_21,2,correlation,DR-C9,errors,0,,0.0005
waveform_21,2,correlation,DR-MV1,joint,0,21.27328,0.0009
waveform_21,2,correlation,DR-MV2,joint,1,0.236,0.007
waveform_21,2,correlation,DR-CV1,joint,1,0.72768,1.9064
waveform_21,2,selection,DR-M1,features,1,0.0,0.0265
waveform_21,2,selection,DR-M2,features,1,0.29779,0.0127
waveform_21,2,selection,DR-M3,features,1,0.0,0.0419
waveform_21,2,selection,DR-M4,features,1,0.15108,0.3546
waveform_21,2,selection,DR-M5,features,0,0.052046,0.0111
waveform_21,2,selection,DR-M6,features,1,0.552718,0.1604
waveform_21,2,selection,DR-M7,features,1,0.0,0.0432
waveform_21,2,selection,DR-M8,errors,1,0.038,0.0001
waveform_21,2,selection,DR-M10,joint,1,0.008507,0.174
waveform_21,2,selection,DR-M12,features,1,0.0,0.0151
waveform_21,2,selection,DR-M13,features,1,0.0,0.0105
waveform_21,2,selection,DR-M14,joint,1,0.079622,0.1415
waveform_21,2,selection,DR-C1,errors,0,,0.0049
waveform_21,2,selection,DR-C2,errors,1,75.0,0.0003
waveform_21,2,selection,DR-C3,errors,0,,0.0006
waveform_21,2,selection,DR-C4,errors,0,,0.0003
waveform_21,2,selection,DR-C5,errors,0,,0.7165
waveform_21,2,selection,DR-C6,errors,0,,0.0084
waveform_21,2,selection,DR-C7,errors,0,,0.0099
waveform_21,2,selection,DR-C9,errors,0,,0.0005
waveform_21,2,selection,DR-MV1,joint,1,74.492993,0.001
waveform_21,2,selection,DR-MV2,joint,0,0.028,0.0027
waveform_21,2,selection,DR-CV1,joint,0,0.59012,2.4422
waveform_21,2,label_shift,DR-M1,features,0,0.002784,0.0227
waveform_21,2,label_shift,DR-M2,features,0,0.123901,0.0106
waveform_21,2,label_shift,DR-M3,features,0,0.017303,0.0276
waveform_21,2,label_shift,DR-M4,features,0,0.062228,0.1857
waveform_21,2,label_shift,DR-M5,features,0,0.021947,0.0134
waveform_21,2,label_shift,DR-M6,features,0,0.187938,0.0825
waveform_21,2,label_shift,DR-M7,features,0,0.027599,0.024
waveform_21,2,label_shift,DR-M8,errors,0,0.022,0.0
waveform_21,2,label_shift,DR-M10,joint,0,0.00588,0.1815
waveform_21,2,label_shift,DR-M12,features,0,0.007802,0.0113
waveform_21,2,label_shift,DR-M13,features,0,0.008155,0.0139
waveform_21,2,label_shift,DR-M14,joint,0,0.05372,0.1564
waveform_21,2,label_shift,DR-C1,errors,0,,0.0007
waveform_21,2,label_shift,DR-C2,errors,1,50.0,0.0003
waveform_21,2,label_shift,DR-C3,errors,0,,0.0006
waveform_21,2,label_shift,DR-C4,errors,0,,0.0003
waveform_21,2,label_shift,DR-C5,errors,0,,0.6259
waveform_21,2,label_shift,DR-C6,errors,0,,0.0114
waveform_21,2,label_shift,DR-C7,errors,0,,0.0103
waveform_21,2,label_shift,DR-C9,errors,0,,0.0005
waveform_21,2,label_shift,DR-MV1,joint,0,17.697864,0.001
waveform_21,2,label_shift,DR-MV2,joint,0,0.048,0.0027
waveform_21,2,label_shift,DR-CV1,joint,0,0.57956,1.8256
waveform_21,2,concept,DR-M1,features,0,0.008196,0.0249
waveform_21,2,concept,DR-M2,features,0,0.128449,0.0104
waveform_21,2,concept,DR-M3,features,0,0.015756,0.033
waveform_21,2,concept,DR-M4,features,0,0.067767,0.1741
waveform_21,2,concept,DR-M5,features,0,0.022946,0.0112
waveform_21,2,concept,DR-M6,features,0,0.174848,0.0915
waveform_21,2,concept,DR-M7,features,0,0.081309,0.0179
waveform_21,2,concept,DR-M8,errors,1,0.126,0.0001
waveform_21,2,concept,DR-M10,joint,0,0.002466,0.22
waveform_21,2,concept,DR-M12,features,0,0.016555,0.0121
waveform_21,2,concept,DR-M13,features,0,0.021755,0.0218
waveform_21,2,concept,DR-M14,joint,0,0.026908,0.2086
waveform_21,2,concept,DR-C1,errors,0,,0.0007
waveform_21,2,concept,DR-C2,errors,1,31.0,0.0003
waveform_21,2,concept,DR-C3,errors,0,,0.0006
waveform_21,2,concept,DR-C4,errors,0,,0.0003
waveform_21,2,concept,DR-C5,errors,0,,0.5999
waveform_21,2,concept,DR-C6,errors,1,71.0,0.0082
waveform_21,2,concept,DR-C7,errors,0,,0.0139
waveform_21,2,concept,DR-C9,errors,0,,0.0005
waveform_21,2,concept,DR-MV1,joint,0,21.985181,0.0009
waveform_21,2,concept,DR-MV2,joint,0,0.052,0.0027
waveform_21,2,concept,DR-CV1,joint,0,0.53752,1.6652
waveform_21,3,none,DR-M1,features,0,0.20871,0.0244
waveform_21,3,none,DR-M2,features,0,0.157529,0.0105
waveform_21,3,none,DR-M3,features,0,0.006472,0.0318
waveform_21,3,none,DR-M4,features,0,0.086858,0.18
waveform_21,3,none,DR-M5,features,0,0.02756,0.0067
waveform_21,3,none,DR-M6,features,0,0.144807,0.0945
waveform_21,3,none,DR-M7,features,0,0.065647,0.025
waveform_21,3,none,DR-M8,errors,0,-0.022,0.0001
waveform_21,3,none,DR-M10,joint,0,0.002613,0.2072
waveform_21,3,none,DR-M12,features,0,0.217892,0.0112
waveform_21,3,none,DR-M13,features,0,0.150054,0.0182
waveform_21,3,none,DR-M14,joint,0,0.027688,0.1817
waveform_21,3,none,DR-C1,errors,0,,0.0008
waveform_21,3,none,DR-C2,errors,0,,0.0004
waveform_21,3,none,DR-C3,errors,0,,0.0006
waveform_21,3,none,DR-C4,errors,0,,0.0003
waveform_21,3,none,DR-C5,errors,0,,0.5957
waveform_21,3,none,DR-C6,errors,0,,0.0145
waveform_21,3,none,DR-C7,errors,0,,0.0109
waveform_21,3,none,DR-C9,errors,0,,0.0005
waveform_21,3,none,DR-MV1,joint,0,17.495306,0.0009
waveform_21,3,none,DR-MV2,joint,0,0.06,0.0027
waveform_21,3,none,DR-CV1,joint,0,0.499,1.596
waveform_21,3,shift,DR-M1,features,1,0.000192,0.0281
waveform_21,3,shift,DR-M2,features,0,0.118594,0.0103
waveform_21,3,shift,DR-M3,features,0,0.019017,0.027
waveform_21,3,shift,DR-M4,features,0,0.058265,0.1641
waveform_21,3,shift,DR-M5,features,0,0.021172,0.0067
waveform_21,3,shift,DR-M6,features,1,0.307577,0.0898
waveform_21,3,shift,DR-M7,features,1,9.7e-05,0.0188
waveform_21,3,shift,DR-M8,errors,0,-0.026,0.0
waveform_21,3,shift,DR-M10,joint,0,0.004233,0.156
waveform_21,3,shift,DR-M12,features,1,0.000246,0.0108
waveform_21,3,shift,DR-M13,features,1,0.0,0.0193
waveform_21,3,shift,DR-M14,joint,0,0.04208,0.156
waveform_21,3,shift,DR-C1,errors,0,,0.0008
waveform_21,3,shift,DR-C2,errors,0,,0.0004
waveform_21,3,shift,DR-C3,errors,0,,0.0006
waveform_21,3,shift,DR-C4,errors,0,,0.0003
waveform_21,3,shift,DR-C5,errors,0,,0.5599
waveform_21,3,shift,DR-C6,errors,0,,0.0116
waveform_21,3,shift,DR-C7,errors,0,,0.0057
waveform_21,3,shift,DR-C9,errors,0,,0.0005
waveform_21,3,shift,DR-MV1,joint,1,66.084923,0.0009
waveform_21,3,shift,DR-MV2,joint,0,0.068,0.0025
waveform_21,3,shift,DR-CV1,joint,0,0.53896,1.7041
waveform_21,3,scale,DR-M1,features,0,0.003355,0.0234
waveform_21,3,scale,DR-M2,features,1,0.266471,0.0103
waveform_21,3,scale,DR-M3,features,1,1e-06,0.0271
waveform_21,3,scale,DR-M4,features,1,0.130277,0.1854
waveform_21,3,scale,DR-M5,features,0,0.047037,0.0125
waveform_21,3,scale,DR-M6,features,1,0.402474,0.0927
waveform_21,3,scale,DR-M7,features,0,0.120037,0.0242
waveform_21,3,scale,DR-M8,errors,0,-0.026,0.0001
waveform_21,3,scale,DR-M10,joint,0,0.003441,0.1838
waveform_21,3,scale,DR-M12,features,0,0.004562,0.0105
waveform_21,3,scale,DR-M13,features,1,0.0,0.0121
waveform_21,3,scale,DR-M14,joint,0,0.030189,0.1586
waveform_21,3,scale,DR-C1,errors,0,,0.0007
waveform_21,3,scale,DR-C2,errors,0,,0.0045
waveform_21,3,scale,DR-C3,errors,0,,0.0008
waveform_21,3,scale,DR-C4,errors,0,,0.0003
waveform_21,3,scale,DR-C5,errors,0,,0.5653
waveform_21,3,scale,DR-C6,errors,0,,0.012
waveform_21,3,scale,DR-C7,errors,0,,0.0096
waveform_21,3,scale,DR-C9,errors,0,,0.0005
waveform_21,3,scale,DR-MV1,joint,0,16.605121,0.0009
waveform_21,3,scale,DR-MV2,joint,1,0.084,0.0026
waveform_21,3,scale,DR-CV1,joint,1,0.6134,1.875
waveform_21,3,correlation,DR-M1,features,0,0.102966,0.0196
waveform_21,3,correlation,DR-M2,features,0,0.08833,0.0061
waveform_21,3,correlation,DR-M3,features,0,0.13577,0.0317
waveform_21,3,correlation,DR-M4,features,0,0.046712,0.367
waveform_21,3,correlation,DR-M5,features,0,0.015678,0.0081
waveform_21,3,correlation,DR-M6,features,0,0.20049,0.4146
waveform_21,3,correlation,DR-M7,features,0,0.010112,0.0227
waveform_21,3,correlation,DR-M8,errors,0,-0.006,0.0001
waveform_21,3,correlation,DR-M10,joint,1,0.006783,0.1836
waveform_21,3,correlation,DR-M12,features,0,0.032819,0.0113
waveform_21,3,correlation,DR-M13,features,0,0.025901,0.0085
waveform_21,3,correlation,DR-M14,joint,0,0.054023,0.4457
waveform_21,3,correlation,DR-C1,errors,0,,0.0007
waveform_21,3,correlation,DR-C2,errors,0,,0.0004
waveform_21,3,correlation,DR-C3,errors,0,,0.0006
waveform_21,3,correlation,DR-C4,errors,0,,0.0003
waveform_21,3,correlation,DR-C5,errors,0,,1.0368
waveform_21,3,correlation,DR-C6,errors,0,,0.0116
waveform_21,3,correlation,DR-C7,errors,0,,0.0097
waveform_21,3,correlation,DR-C9,errors,0,,0.0005
waveform_21,3,correlation,DR-MV1,joint,1,34.886795,0.0009
waveform_21,3,correlation,DR-MV2,joint,1,0.22,0.0069
waveform_21,3,correlation,DR-CV1,joint,1,0.703,2.9401
waveform_21,3,selection,DR-M1,features,1,1e-06,0.0228
waveform_21,3,selection,DR-M2,features,0,0.189531,0.0134
waveform_21,3,selection,DR-M3,features,1,0.000391,0.0283
waveform_21,3,selection,DR-M4,features,0,0.096949,0.5037
waveform_21,3,selection,DR-M5,features,0,0.033647,0.0067
waveform_21,3,selection,DR-M6,features,1,0.410218,0.0836
waveform_21,3,selection,DR-M7,features,1,1e-06,0.0172
waveform_21,3,selection,DR-M8,errors,0,-0.034,0.0
waveform_21,3,selection,DR-M10,joint,1,0.016215,0.508
waveform_21,3,selection,DR-M12,features,1,1e-06,0.0121
waveform_21,3,selection,DR-M13,features,1,0.0,0.014
waveform_21,3,selection,DR-M14,joint,1,0.165047,0.4365
waveform_21,3,selection,DR-C1,errors,0,,0.0008
waveform_21,3,selection,DR-C2,errors,0,,0.0004
waveform_21,3,selection,DR-C3,errors,0,,0.0006
waveform_21,3,selection,DR-C4,errors,0,,0.0003
waveform_21,3,selection,DR-C5,errors,0,,0.7609
waveform_21,3,selection,DR-C6,errors,0,,0.0117
waveform_21,3,selection,DR-C7,errors,0,,0.0099
waveform_21,3,selection,DR-C9,errors,0,,0.0005
waveform_21,3,selection,DR-MV1,joint,1,41.032298,0.0009
waveform_21,3,selection,DR-MV2,joint,0,0.032,0.0029
waveform_21,3,selection,DR-CV1,joint,0,0.57448,1.9968
waveform_21,3,label_shift,DR-M1,features,1,9.7e-05,0.0305
waveform_21,3,label_shift,DR-M2,features,0,0.14398,0.0106
waveform_21,3,label_shift,DR-M3,features,0,0.005312,0.0275
waveform_21,3,label_shift,DR-M4,features,0,0.072881,0.1976
waveform_21,3,label_shift,DR-M5,features,0,0.025725,0.0155
waveform_21,3,label_shift,DR-M6,features,1,0.279742,0.1167
waveform_21,3,label_shift,DR-M7,features,1,0.000352,0.024
waveform_21,3,label_shift,DR-M8,errors,0,-0.022,0.0001
waveform_21,3,label_shift,DR-M10,joint,1,0.010011,0.1853
waveform_21,3,label_shift,DR-M12,features,1,9.8e-05,0.0105
waveform_21,3,label_shift,DR-M13,features,1,0.0,0.0208
waveform_21,3,label_shift,DR-M14,joint,1,0.086311,0.1783
waveform_21,3,label_shift,DR-C1,errors,0,,0.0008
waveform_21,3,label_shift,DR-C2,errors,0,,0.0004
waveform_21,3,label_shift,DR-C3,errors,0,,0.0006
waveform_21,3,label_shift,DR-C4,errors,0,,0.0003
waveform_21,3,label_shift,DR-C5,errors,0,,0.581
waveform_21,3,label_shift,DR-C6,errors,0,,0.012
waveform_21,3,label_shift,DR-C7,errors,0,,0.0053
waveform_21,3,label_shift,DR-C9,errors,0,,0.0047
waveform_21,3,label_shift,DR-MV1,joint,0,26.626095,0.0009
waveform_21,3,label_shift,DR-MV2,joint,0,0.044,0.0026
waveform_21,3,label_shift,DR-CV1,joint,0,0.53296,1.776
waveform_21,3,concept,DR-M1,features,0,0.14841,0.0266
waveform_21,3,concept,DR-M2,features,0,0.082326,0.0109
waveform_21,3,concept,DR-M3,features,0,0.137671,0.0295
waveform_21,3,concept,DR-M4,features,0,0.041175,0.2001
waveform_21,3,concept,DR-M5,features,0,0.014743,0.0114
waveform_21,3,concept,DR-M6,features,0,0.17036,0.0904
waveform_21,3,concept,DR-M7,features,0,0.02907,0.0183
waveform_21,3,concept,DR-M8,errors,1,0.058,0.0001
waveform_21,3,concept,DR-M10,joint,0,0.003579,0.1858
waveform_21,3,concept,DR-M12,features,0,0.042011,0.0098
waveform_21,3,concept,DR-M13,features,0,0.045934,0.025
waveform_21,3,concept,DR-M14,joint,0,0.036694,0.1863
waveform_21,3,concept,DR-C1,errors,0,,0.0007
waveform_21,3,concept,DR-C2,errors,0,,0.0004
waveform_21,3,concept,DR-C3,errors,0,,0.0006
waveform_21,3,concept,DR-C4,errors,0,,0.0003
waveform_21,3,concept,DR-C5,errors,0,,0.779
waveform_21,3,concept,DR-C6,errors,0,,0.0113
waveform_21,3,concept,DR-C7,errors,0,,0.0099
waveform_21,3,concept,DR-C9,errors,0,,0.0005
waveform_21,3,concept,DR-MV1,joint,0,19.997352,0.0009
waveform_21,3,concept,DR-MV2,joint,0,0.06,0.0067
waveform_21,3,concept,DR-CV1,joint,0,0.4746,1.5465
waveform_21,4,none,DR-M1,features,0,0.069718,0.0241
waveform_21,4,none,DR-M2,features,0,0.125102,0.0103
waveform_21,4,none,DR-M3,features,0,0.01684,0.0268
waveform_21,4,none,DR-M4,features,0,0.063739,0.1882
waveform_21,4,none,DR-M5,features,0,0.022319,0.0111
waveform_21,4,none,DR-M6,features,0,0.127253,0.0905
waveform_21,4,none,DR-M7,features,0,0.164377,0.0175
waveform_21,4,none,DR-M8,errors,0,0.014,0.0
waveform_21,4,none,DR-M10,joint,0,0.002302,0.1658
waveform_21,4,none,DR-M12,features,0,0.201184,0.0102
waveform_21,4,none,DR-M13,features,0,0.177763,0.0119
waveform_21,4,none,DR-M14,joint,0,0.024115,0.1658
waveform_21,4,none,DR-C1,errors,0,,0.0007
waveform_21,4,none,DR-C2,errors,0,,0.0004
waveform_21,4,none,DR-C3,errors,0,,0.0007
waveform_21,4,none,DR-C4,errors,0,,0.0003
waveform_21,4,none,DR-C5,errors,0,,0.5265
waveform_21,4,none,DR-C6,errors,0,,0.0115
waveform_21,4,none,DR-C7,errors,0,,0.0057
waveform_21,4,none,DR-C9,errors,0,,0.0004
waveform_21,4,none,DR-MV1,joint,0,11.939065,0.001
waveform_21,4,none,DR-MV2,joint,0,0.052,0.0068
waveform_21,4,none,DR-CV1,joint,0,0.51296,1.5687
waveform_21,4,shift,DR-M1,features,0,0.029718,0.0236
waveform_21,4,shift,DR-M2,features,0,0.121247,0.0103
waveform_21,4,shift,DR-M3,features,0,0.013881,0.0265
waveform_21,4,shift,DR-M4,features,0,0.058081,0.1794
waveform_21,4,shift,DR-M5,features,0,0.021578,0.011
waveform_21,4,shift,DR-M6,features,0,0.230685,0.0859
waveform_21,4,shift,DR-M7,features,0,0.003617,0.0229
waveform_21,4,shift,DR-M8,errors,0,-0.002,0.0
waveform_21,4,shift,DR-M10,joint,0,0.003683,0.1681
waveform_21,4,shift,DR-M12,features,0,0.009717,0.0106
waveform_21,4,shift,DR-M13,features,0,0.004958,0.0122
waveform_21,4,shift,DR-M14,joint,0,0.034969,0.1548
waveform_21,4,shift,DR-C1,errors,0,,0.0008
waveform_21,4,shift,DR-C2,errors,0,,0.0004
waveform_21,4,shift,DR-C3,errors,0,,0.0006
waveform_21,4,shift,DR-C4,errors,0,,0.0004
waveform_21,4,shift,DR-C5,errors,0,,0.6147
waveform_21,4,shift,DR-C6,errors,0,,0.0115
waveform_21,4,shift,DR-C7,errors,0,,0.0055
waveform_21,4,shift,DR-C9,errors,0,,0.0004
waveform_21,4,shift,DR-MV1,joint,1,43.669027,0.005
waveform_21,4,shift,DR-MV2,joint,0,0.056,0.0026
waveform_21,4,shift,DR-CV1,joint,0,0.58156,1.6819
waveform_21,4,scale,DR-M1,features,1,9.7e-05,0.0202
waveform_21,4,scale,DR-M2,features,1,0.312268,0.0107
waveform_21,4,scale,DR-M3,features,1,0.0,0.0247
waveform_21,4,scale,DR-M4,features,1,0.145416,0.2013
waveform_21,4,scale,DR-M5,features,0,0.054939,0.014
waveform_21,4,scale,DR-M6,features,1,0.445484,0.0825
waveform_21,4,scale,DR-M7,features,0,0.088685,0.0233
waveform_21,4,scale,DR-M8,errors,0,0.014,0.0001
waveform_21,4,scale,DR-M10,joint,0,0.003975,0.1737
waveform_21,4,scale,DR-M12,features,1,0.000551,0.0107
waveform_21,4,scale,DR-M13,features,1,0.0,0.0119
waveform_21,4,scale,DR-M14,joint,0,0.034572,0.2948
waveform_21,4,scale,DR-C1,errors,0,,0.0008
waveform_21,4,scale,DR-C2,errors,1,127.0,0.0003
waveform_21,4,scale,DR-C3,errors,0,,0.0006
waveform_21,4,scale,DR-C4,errors,0,,0.0003
waveform_21,4,scale,DR-C5,errors,0,,0.5589
waveform_21,4,scale,DR-C6,errors,0,,0.0154
waveform_21,4,scale,DR-C7,errors,0,,0.0099
waveform_21,4,scale,DR-C9,errors,0,,0.0005
waveform_21,4,scale,DR-MV1,joint,0,13.345515,0.0051
waveform_21,4,scale,DR-MV2,joint,1,0.088,0.0025
waveform_21,4,scale,DR-CV1,joint,1,0.61268,3.0117
waveform_21,4,correlation,DR-M1,features,0,0.011495,0.1062
waveform_21,4,correlation,DR-M2,features,0,0.120089,0.008
waveform_21,4,correlation,DR-M3,features,0,0.019834,0.0317
waveform_21,4,correlation,DR-M4,features,0,0.059947,0.4244
waveform_21,4,correlation,DR-M5,features,0,0.021379,0.0487
waveform_21,4,correlation,DR-M6,features,0,0.174598,0.1056
waveform_21,4,correlation,DR-M7,features,0,0.032294,0.017
waveform_21,4,correlation,DR-M8,errors,0,-0.006,0.0
waveform_21,4,correlation,DR-M10,joint,1,0.009075,0.3048
waveform_21,4,correlation,DR-M12,features,0,0.011488,0.0106
waveform_21,4,correlation,DR-M13,features,0,0.014644,0.1506
waveform_21,4,correlation,DR-M14,joint,1,0.065715,0.1507
waveform_21,4,correlation,DR-C1,errors,0,,0.0016
waveform_21,4,correlation,DR-C2,errors,0,,0.0049
waveform_21,4,correlation,DR-C3,errors,0,,0.0014
waveform_21,4,correlation,DR-C4,errors,0,,0.0007
waveform_21,4,correlation,DR-C5,errors,0,,0.8718
waveform_21,4,correlation,DR-C6,errors,0,,0.0125
waveform_21,4,correlation,DR-C7,errors,0,,0.008
waveform_21,4,correlation,DR-C9,errors,0,,0.0005
waveform_21,4,correlation,DR-MV1,joint,0,12.093501,0.0009
waveform_21,4,correlation,DR-MV2,joint,1,0.18,0.0026
waveform_21,4,correlation,DR-CV1,joint,1,0.72832,1.7335
waveform_21,4,selection,DR-M1,features,1,1.1e-05,0.0251
waveform_21,4,selection,DR-M2,features,0,0.198907,0.0101
waveform_21,4,selection,DR-M3,features,1,0.000255,0.0299
waveform_21,4,selection,DR-M4,features,0,0.102045,0.1784
waveform_21,4,selection,DR-M5,features,0,0.035018,0.0129
waveform_21,4,selection,DR-M6,features,1,0.385485,0.0846
waveform_21,4,selection,DR-M7,features,1,1e-06,0.0193
waveform_21,4,selection,DR-M8,errors,1,0.082,0.0001
waveform_21,4,selection,DR-M10,joint,1,0.018229,0.2366
waveform_21,4,selection,DR-M12,features,1,6e-06,0.0124
waveform_21,4,selection,DR-M13,features,1,0.0,0.0322
waveform_21,4,selection,DR-M14,joint,1,0.173123,0.1582
waveform_21,4,selection,DR-C1,errors,1,142.0,0.0006
waveform_21,4,selection,DR-C2,errors,1,95.0,0.0003
waveform_21,4,selection,DR-C3,errors,0,,0.0006
waveform_21,4,selection,DR-C4,errors,0,,0.0004
waveform_21,4,selection,DR-C5,errors,0,,0.6857
waveform_21,4,selection,DR-C6,errors,0,,0.0116
waveform_21,4,selection,DR-C7,errors,0,,0.0058
waveform_21,4,selection,DR-C9,errors,0,,0.0004
waveform_21,4,selection,DR-MV1,joint,1,48.744026,0.005
waveform_21,4,selection,DR-MV2,joint,0,0.048,0.0027
waveform_21,4,selection,DR-CV1,joint,0,0.49724,1.7189
waveform_21,4,label_shift,DR-M1,features,0,0.004835,0.0264
waveform_21,4,label_shift,DR-M2,features,0,0.133965,0.0069
waveform_21,4,label_shift,DR-M3,features,0,0.007051,0.0284
waveform_21,4,label_shift,DR-M4,features,0,0.064464,0.2048
waveform_21,4,label_shift,DR-M5,features,0,0.023787,0.0114
waveform_21,4,label_shift,DR-M6,features,0,0.188122,0.0816
waveform_21,4,label_shift,DR-M7,features,0,0.012998,0.0267
waveform_21,4,label_shift,DR-M8,errors,1,0.038,0.0001
waveform_21,4,label_shift,DR-M10,joint,0,0.005524,0.1615
waveform_21,4,label_shift,DR-M12,features,0,0.008439,0.0105
waveform_21,4,label_shift,DR-M13,features,0,0.011126,0.0127
waveform_21,4,label_shift,DR-M14,joint,0,0.05603,0.1501
waveform_21,4,label_shift,DR-C1,errors,0,,0.0048
waveform_21,4,label_shift,DR-C2,errors,1,238.0,0.0004
waveform_21,4,label_shift,DR-C3,errors,0,,0.0006
waveform_21,4,label_shift,DR-C4,errors,0,,0.0003
waveform_21,4,label_shift,DR-C5,errors,0,,0.5114
waveform_21,4,label_shift,DR-C6,errors,0,,0.0074
waveform_21,4,label_shift,DR-C7,errors,0,,0.0057
waveform_21,4,label_shift,DR-C9,errors,0,,0.0004
waveform_21,4,label_shift,DR-MV1,joint,0,20.572934,0.0008
waveform_21,4,label_shift,DR-MV2,joint,0,0.04,0.0026
waveform_21,4,label_shift,DR-CV1,joint,0,0.50276,1.0043
waveform_21,4,concept,DR-M1,features,0,0.13174,0.0152
waveform_21,4,concept,DR-M2,features,0,0.105116,0.006
waveform_21,4,concept,DR-M3,features,0,0.042143,0.0186
waveform_21,4,concept,DR-M4,features,0,0.053519,0.1102
waveform_21,4,concept,DR-M5,features,0,0.018784,0.0066
waveform_21,4,concept,DR-M6,features,0,0.140883,0.0566
waveform_21,4,concept,DR-M7,features,0,0.153812,0.0153
waveform_21,4,concept,DR-M8,errors,1,0.122,0.0
waveform_21,4,concept,DR-M10,joint,0,0.003144,0.1224
waveform_21,4,concept,DR-M12,features,0,0.129587,0.0103
waveform_21,4,concept,DR-M13,features,0,0.115419,0.0083
waveform_21,4,concept,DR-M14,joint,0,0.031485,0.1115
waveform_21,4,concept,DR-C1,errors,1,149.0,0.0007
waveform_21,4,concept,DR-C2,errors,1,93.0,0.0003
waveform_21,4,concept,DR-C3,errors,0,,0.0007
waveform_21,4,concept,DR-C4,errors,0,,0.0003
waveform_21,4,concept,DR-C5,errors,0,,0.3809
waveform_21,4,concept,DR-C6,errors,0,,0.0075
waveform_21,4,concept,DR-C7,errors,0,,0.0059
waveform_21,4,concept,DR-C9,errors,1,220.0,0.0005
waveform_21,4,concept,DR-MV1,joint,0,19.518522,0.0009
waveform_21,4,concept,DR-MV2,joint,0,0.028,0.0027
waveform_21,4,concept,DR-CV1,joint,0,0.4988,1.0812
wine_quality_white,0,none,DR-M1,features,0,0.079609,0.0107
wine_quality_white,0,none,DR-M2,features,0,0.105551,0.0033
wine_quality_white,0,none,DR-M3,features,0,0.055467,0.011
wine_quality_white,0,none,DR-M4,features,0,0.055026,0.0616
wine_quality_white,0,none,DR-M5,features,0,0.01879,0.0037
wine_quality_white,0,none,DR-M6,features,0,0.117407,0.0299
wine_quality_white,0,none,DR-M7,features,0,0.153666,0.0069
wine_quality_white,0,none,DR-M8,errors,0,-0.008,0.0001
wine_quality_white,0,none,DR-M10,joint,0,0.002214,0.1248
wine_quality_white,0,none,DR-M12,features,0,0.181156,0.006
wine_quality_white,0,none,DR-M13,features,0,0.25,0.004
wine_quality_white,0,none,DR-M14,joint,0,0.019694,0.104
wine_quality_white,0,none,DR-C1,errors,0,,0.0008
wine_quality_white,0,none,DR-C2,errors,1,116.0,0.0005
wine_quality_white,0,none,DR-C3,errors,0,,0.0007
wine_quality_white,0,none,DR-C4,errors,0,,0.0003
wine_quality_white,0,none,DR-C5,errors,0,,0.4321
wine_quality_white,0,none,DR-C6,errors,0,,0.0081
wine_quality_white,0,none,DR-C7,errors,0,,0.0061
wine_quality_white,0,none,DR-C9,errors,0,,0.0005
wine_quality_white,0,none,DR-MV1,joint,0,7.707489,0.0008
wine_quality_white,0,none,DR-MV2,joint,0,0.064,0.0024
wine_quality_white,0,none,DR-CV1,joint,0,0.471,0.7248
wine_quality_white,0,shift,DR-M1,features,1,2.3e-05,0.0085
wine_quality_white,0,shift,DR-M2,features,0,0.183194,0.0034
wine_quality_white,0,shift,DR-M3,features,1,0.001068,0.0106
wine_quality_white,0,shift,DR-M4,features,0,0.097635,0.0585
wine_quality_white,0,shift,DR-M5,features,0,0.032129,0.0036
wine_quality_white,0,shift,DR-M6,features,1,0.296179,0.028
wine_quality_white,0,shift,DR-M7,features,1,0.000148,0.007
wine_quality_white,0,shift,DR-M8,errors,0,0.004,0.0
wine_quality_white,0,shift,DR-M10,joint,1,0.0063,0.1132
wine_quality_white,0,shift,DR-M12,features,1,3e-05,0.006
wine_quality_white,0,shift,DR-M13,features,1,0.0,0.0076
wine_quality_white,0,shift,DR-M14,joint,1,0.041939,0.1702
wine_quality_white,0,shift,DR-C1,errors,0,,0.0008
wine_quality_white,0,shift,DR-C2,errors,0,,0.0005
wine_quality_white,0,shift,DR-C3,errors,0,,0.0006
wine_quality_white,0,shift,DR-C4,errors,0,,0.0003
wine_quality_white,0,shift,DR-C5,errors,0,,0.5772
wine_quality_white,0,shift,DR-C6,errors,0,,0.0108
wine_quality_white,0,shift,DR-C7,errors,0,,0.0093
wine_quality_white,0,shift,DR-C9,errors,0,,0.0005
wine_quality_white,0,shift,DR-MV1,joint,0,18.746681,0.0007
wine_quality_white,0,shift,DR-MV2,joint,0,0.06,0.0065
wine_quality_white,0,shift,DR-CV1,joint,1,0.6764,1.1474
wine_quality_white,0,scale,DR-M1,features,0,0.039916,0.0133
wine_quality_white,0,scale,DR-M2,features,1,0.41079,0.0037
wine_quality_white,0,scale,DR-M3,features,1,0.0,0.0143
wine_quality_white,0,scale,DR-M4,features,1,0.234928,0.0933
wine_quality_white,0,scale,DR-M5,features,0,0.06795,0.0082
wine_quality_white,0,scale,DR-M6,features,1,0.388674,0.0464
wine_quality_white,0,scale,DR-M7,features,0,0.058521,0.0071
wine_quality_white,0,scale,DR-M8,errors,0,-0.008,0.0001
wine_quality_white,0,scale,DR-M10,joint,0,0.004963,0.1619
wine_quality_white,0,scale,DR-M12,features,0,0.025451,0.0064
wine_quality_white,0,scale,DR-M13,features,1,0.0,0.0035
wine_quality_white,0,scale,DR-M14,joint,0,0.033768,0.1539
wine_quality_white,0,scale,DR-C1,errors,0,,0.0008
wine_quality_white,0,scale,DR-C2,errors,0,,0.0005
wine_quality_white,0,scale,DR-C3,errors,0,,0.0006
wine_quality_white,0,scale,DR-C4,errors,0,,0.0003
wine_quality_white,0,scale,DR-C5,errors,0,,0.5737
wine_quality_white,0,scale,DR-C6,errors,0,,0.0104
wine_quality_white,0,scale,DR-C7,errors,0,,0.0094
wine_quality_white,0,scale,DR-C9,errors,0,,0.0004
wine_quality_white,0,scale,DR-MV1,joint,0,17.301789,0.0007
wine_quality_white,0,scale,DR-MV2,joint,0,0.064,0.0023
wine_quality_white,0,scale,DR-CV1,joint,1,0.67012,1.0447
wine_quality_white,0,correlation,DR-M1,features,0,0.06089,0.008
wine_quality_white,0,correlation,DR-M2,features,0,0.127382,0.0034
wine_quality_white,0,correlation,DR-M3,features,0,0.012407,0.0098
wine_quality_white,0,correlation,DR-M4,features,0,0.063488,0.0569
wine_quality_white,0,correlation,DR-M5,features,0,0.022778,0.0034
wine_quality_white,0,correlation,DR-M6,features,0,0.204841,0.0285
wine_quality_white,0,correlation,DR-M7,features,0,0.012295,0.0075
wine_quality_white,0,correlation,DR-M8,errors,0,0.008,0.0001
wine_quality_white,0,correlation,DR-M10,joint,1,0.009451,0.104
wine_quality_white,0,correlation,DR-M12,features,0,0.056424,0.0053
wine_quality_white,0,correlation,DR-M13,features,0,0.031007,0.0037
wine_quality_white,0,correlation,DR-M14,joint,1,0.048446,0.093
wine_quality_white,0,correlation,DR-C1,errors,0,,0.0008
wine_quality_white,0,correlation,DR-C2,errors,1,71.0,0.0004
wine_quality_white,0,correlation,DR-C3,errors,0,,0.0006
wine_quality_white,0,correlation,DR-C4,errors,0,,0.0003
wine_quality_white,0,correlation,DR-C5,errors,0,,0.4344
wine_quality_white,0,correlation,DR-C6,errors,0,,0.009
wine_quality_white,0,correlation,DR-C7,errors,0,,0.0052
wine_quality_white,0,correlation,DR-C9,errors,0,,0.0045
wine_quality_white,0,correlation,DR-MV1,joint,0,16.159906,0.0007
wine_quality_white,0,correlation,DR-MV2,joint,1,0.256,0.0023
wine_quality_white,0,correlation,DR-CV1,joint,1,0.6974,0.9325
wine_quality_white,0,selection,DR-M1,features,1,1.8e-05,0.0084
wine_quality_white,0,selection,DR-M2,features,1,0.275655,0.0033
wine_quality_white,0,selection,DR-M3,features,1,2e-06,0.0155
wine_quality_white,0,selection,DR-M4,features,1,0.138956,0.0589
wine_quality_white,0,selection,DR-M5,features,0,0.04782,0.0035
wine_quality_white,0,selection,DR-M6,features,1,0.641673,0.0297
wine_quality_white,0,selection,DR-M7,features,1,0.0,0.008
wine_quality_white,0,selection,DR-M8,errors,0,-0.004,0.0001
wine_quality_white,0,selection,DR-M10,joint,1,0.011561,0.0996
wine_quality_white,0,selection,DR-M12,features,1,0.0,0.0062
wine_quality_white,0,selection,DR-M13,features,1,0.0,0.0037
wine_quality_white,0,selection,DR-M14,joint,1,0.093181,0.1011
wine_quality_white,0,selection,DR-C1,errors,0,,0.0008
wine_quality_white,0,selection,DR-C2,errors,1,113.0,0.0005
wine_quality_white,0,selection,DR-C3,errors,0,,0.0006
wine_quality_white,0,selection,DR-C4,errors,0,,0.0003
wine_quality_white,0,selection,DR-C5,errors,0,,0.3646
wine_quality_white,0,selection,DR-C6,errors,0,,0.0061
wine_quality_white,0,selection,DR-C7,errors,0,,0.0052
wine_quality_white,0,selection,DR-C9,errors,0,,0.0005
wine_quality_white,0,selection,DR-MV1,joint,1,89.599407,0.0008
wine_quality_white,0,selection,DR-MV2,joint,1,0.076,0.0025
wine_quality_white,0,selection,DR-CV1,joint,0,0.55756,0.9613
wine_quality_white,0,label_shift,DR-M1,features,0,0.13174,0.0098
wine_quality_white,0,label_shift,DR-M2,features,0,0.117497,0.0046
wine_quality_white,0,label_shift,DR-M3,features,0,0.033169,0.0121
wine_quality_white,0,label_shift,DR-M4,features,0,0.062011,0.0761
wine_quality_white,0,label_shift,DR-M5,features,0,0.020848,0.0066
wine_quality_white,0,label_shift,DR-M6,features,0,0.148803,0.0335
wine_quality_white,0,label_shift,DR-M7,features,0,0.304898,0.0104
wine_quality_white,0,label_shift,DR-M8,errors,0,-0.028,0.0001
wine_quality_white,0,label_shift,DR-M10,joint,0,0.002243,0.1293
wine_quality_white,0,label_shift,DR-M12,features,0,0.09423,0.0057
wine_quality_white,0,label_shift,DR-M13,features,0,0.084751,0.0042
wine_quality_white,0,label_shift,DR-M14,joint,0,0.017118,0.1213
wine_quality_white,0,label_shift,DR-C1,errors,0,,0.0012
wine_quality_white,0,label_shift,DR-C2,errors,0,,0.001
wine_quality_white,0,label_shift,DR-C3,errors,0,,0.0012
wine_quality_white,0,label_shift,DR-C4,errors,0,,0.0007
wine_quality_white,0,label_shift,DR-C5,errors,0,,0.3858
wine_quality_white,0,label_shift,DR-C6,errors,0,,0.0079
wine_quality_white,0,label_shift,DR-C7,errors,0,,0.0061
wine_quality_white,0,label_shift,DR-C9,errors,0,,0.0008
wine_quality_white,0,label_shift,DR-MV1,joint,0,4.96722,0.0011
wine_quality_white,0,label_shift,DR-MV2,joint,1,0.076,0.0034
wine_quality_white,0,label_shift,DR-CV1,joint,0,0.52406,0.7496
wine_quality_white,0,concept,DR-M1,features,0,0.14841,0.0084
wine_quality_white,0,concept,DR-M2,features,0,0.121338,0.0036
wine_quality_white,0,concept,DR-M3,features,0,0.014929,0.0103
wine_quality_white,0,concept,DR-M4,features,0,0.060389,0.0635
wine_quality_white,0,concept,DR-M5,features,0,0.021688,0.0037
wine_quality_white,0,concept,DR-M6,features,0,0.148617,0.0303
wine_quality_white,0,concept,DR-M7,features,0,0.104681,0.008
wine_quality_white,0,concept,DR-M8,errors,0,0.008,0.0001
wine_quality_white,0,concept,DR-M10,joint,0,0.002898,0.1086
wine_quality_white,0,concept,DR-M12,features,0,0.092023,0.0066
wine_quality_white,0,concept,DR-M13,features,0,0.059265,0.004
wine_quality_white,0,concept,DR-M14,joint,0,0.020636,0.1023
wine_quality_white,0,concept,DR-C1,errors,0,,0.0008
wine_quality_white,0,concept,DR-C2,errors,1,88.0,0.0005
wine_quality_white,0,concept,DR-C3,errors,0,,0.0008
wine_quality_white,0,concept,DR-C4,errors,0,,0.0003
wine_quality_white,0,concept,DR-C5,errors,0,,0.3859
wine_quality_white,0,concept,DR-C6,errors,0,,0.0071
wine_quality_white,0,concept,DR-C7,errors,0,,0.0052
wine_quality_white,0,concept,DR-C9,errors,0,,0.0004
wine_quality_white,0,concept,DR-MV1,joint,0,18.726873,0.0008
wine_quality_white,0,concept,DR-MV2,joint,0,0.04,0.0022
wine_quality_white,0,concept,DR-CV1,joint,0,0.48244,0.6821
wine_quality_white,1,none,DR-M1,features,0,0.09066,0.0089
wine_quality_white,1,none,DR-M2,features,0,0.095873,0.0035
wine_quality_white,1,none,DR-M3,features,0,0.070397,0.0116
wine_quality_white,1,none,DR-M4,features,0,0.049839,0.0647
wine_quality_white,1,none,DR-M5,features,0,0.01714,0.0042
wine_quality_white,1,none,DR-M6,features,0,0.162999,0.0337
wine_quality_white,1,none,DR-M7,features,0,0.042531,0.0076
wine_quality_white,1,none,DR-M8,errors,1,0.1,0.0001
wine_quality_white,1,none,DR-M10,joint,0,0.003862,0.1213
wine_quality_white,1,none,DR-M12,features,0,0.030334,0.0058
wine_quality_white,1,none,DR-M13,features,0,0.015152,0.005
wine_quality_white,1,none,DR-M14,joint,0,0.024857,0.1007
wine_quality_white,1,none,DR-C1,errors,0,,0.0008
wine_quality_white,1,none,DR-C2,errors,1,4.0,0.0004
wine_quality_white,1,none,DR-C3,errors,0,,0.0006
wine_quality_white,1,none,DR-C4,errors,0,,0.0004
wine_quality_white,1,none,DR-C5,errors,0,,0.4031
wine_quality_white,1,none,DR-C6,errors,0,,0.0064
wine_quality_white,1,none,DR-C7,errors,1,85.0,0.0052
wine_quality_white,1,none,DR-C9,errors,0,,0.0005
wine_quality_white,1,none,DR-MV1,joint,0,8.666139,0.0008
wine_quality_white,1,none,DR-MV2,joint,1,0.076,0.0024
wine_quality_white,1,none,DR-CV1,joint,0,0.48262,0.7693
wine_quality_white,1,shift,DR-M1,features,1,0.000857,0.0138
wine_quality_white,1,shift,DR-M2,features,0,0.16519,0.0038
wine_quality_white,1,shift,DR-M3,features,0,0.007339,0.0102
wine_quality_white,1,shift,DR-M4,features,0,0.09431,0.0644
wine_quality_white,1,shift,DR-M5,features,0,0.028229,0.0039
wine_quality_white,1,shift,DR-M6,features,1,0.412411,0.0305
wine_quality_white,1,shift,DR-M7,features,1,1e-06,0.0075
wine_quality_white,1,shift,DR-M8,errors,1,0.08,0.0001
wine_quality_white,1,shift,DR-M10,joint,1,0.008324,0.109
wine_quality_white,1,shift,DR-M12,features,1,3.2e-05,0.0057
wine_quality_white,1,shift,DR-M13,features,1,0.0,0.0037
wine_quality_white,1,shift,DR-M14,joint,1,0.063104,0.0977
wine_quality_white,1,shift,DR-C1,errors,0,,0.0008
wine_quality_white,1,shift,DR-C2,errors,1,6.0,0.0004
wine_quality_white,1,shift,DR-C3,errors,0,,0.0006
wine_quality_white,1,shift,DR-C4,errors,0,,0.0003
wine_quality_white,1,shift,DR-C5,errors,0,,0.3552
wine_quality_white,1,shift,DR-C6,errors,0,,0.0106
wine_quality_white,1,shift,DR-C7,errors,1,135.0,0.0152
wine_quality_white,1,shift,DR-C9,errors,0,,0.0006
wine_quality_white,1,shift,DR-MV1,joint,1,52.155712,0.0007
wine_quality_white,1,shift,DR-MV2,joint,0,0.068,0.0024
wine_quality_white,1,shift,DR-CV1,joint,1,0.6438,0.9544
wine_quality_white,1,scale,DR-M1,features,1,0.000567,0.0082
wine_quality_white,1,scale,DR-M2,features,1,0.309889,0.0033
wine_quality_white,1,scale,DR-M3,features,1,0.0,0.0101
wine_quality_white,1,scale,DR-M4,features,1,0.157222,0.0622
wine_quality_white,1,scale,DR-M5,features,0,0.054666,0.0037
wine_quality_white,1,scale,DR-M6,features,1,0.458019,0.0285
wine_quality_white,1,scale,DR-M7,features,0,0.160812,0.007
wine_quality_white,1,scale,DR-M8,errors,1,0.136,0.0
wine_quality_white,1,scale,DR-M10,joint,1,0.007322,0.1117
wine_quality_white,1,scale,DR-M12,features,1,0.001167,0.0055
wine_quality_white,1,scale,DR-M13,features,1,0.0,0.0042
wine_quality_white,1,scale,DR-M14,joint,0,0.039964,0.1287
wine_quality_white,1,scale,DR-C1,errors,0,,0.0007
wine_quality_white,1,scale,DR-C2,errors,1,2.0,0.0004
wine_quality_white,1,scale,DR-C3,errors,0,,0.0006
wine_quality_white,1,scale,DR-C4,errors,0,,0.0003
wine_quality_white,1,scale,DR-C5,errors,0,,0.3662
wine_quality_white,1,scale,DR-C6,errors,1,110.0,0.0057
wine_quality_white,1,scale,DR-C7,errors,1,77.0,0.0047
wine_quality_white,1,scale,DR-C9,errors,1,115.0,0.0004
wine_quality_white,1,scale,DR-MV1,joint,0,13.48061,0.0008
wine_quality_white,1,scale,DR-MV2,joint,1,0.076,0.0023
wine_quality_white,1,scale,DR-CV1,joint,1,0.66868,0.7354
wine_quality_white,1,correlation,DR-M1,features,0,0.069718,0.0082
wine_quality_white,1,correlation,DR-M2,features,0,0.096834,0.0043
wine_quality_white,1,correlation,DR-M3,features,0,0.125601,0.0098
wine_quality_white,1,correlation,DR-M4,features,0,0.053845,0.061
wine_quality_white,1,correlation,DR-M5,features,0,0.016944,0.0034
wine_quality_white,1,correlation,DR-M6,features,0,0.185535,0.029
wine_quality_white,1,correlation,DR-M7,features,0,0.106133,0.007
wine_quality_white,1,correlation,DR-M8,errors,0,0.056,0.0001
wine_quality_white,1,correlation,DR-M10,joint,1,0.009408,0.1095
wine_quality_white,1,correlation,DR-M12,features,0,0.066421,0.0064
wine_quality_white,1,correlation,DR-M13,features,0,0.073967,0.0041
wine_quality_white,1,correlation,DR-M14,joint,1,0.045509,0.1007
wine_quality_white,1,correlation,DR-C1,errors,0,,0.0008
wine_quality_white,1,correlation,DR-C2,errors,1,2.0,0.0003
wine_quality_white,1,correlation,DR-C3,errors,0,,0.0006
wine_quality_white,1,correlation,DR-C4,errors,0,,0.0007
wine_quality_white,1,correlation,DR-C5,errors,0,,0.3891
wine_quality_white,1,correlation,DR-C6,errors,0,,0.0093
wine_quality_white,1,correlation,DR-C7,errors,0,,0.0059
wine_quality_white,1,correlation,DR-C9,errors,0,,0.0004
wine_quality_white,1,correlation,DR-MV1,joint,0,10.002959,0.001
wine_quality_white,1,correlation,DR-MV2,joint,1,0.26,0.0032
wine_quality_white,1,correlation,DR-CV1,joint,1,0.79064,0.803
wine_quality_white,1,selection,DR-M1,features,1,0.0,0.0087
wine_quality_white,1,selection,DR-M2,features,1,0.453033,0.0033
wine_quality_white,1,selection,DR-M3,features,1,0.0,0.01
wine_quality_white,1,selection,DR-M4,features,1,0.222694,0.0581
wine_quality_white,1,selection,DR-M5,features,0,0.077649,0.0035
wine_quality_white,1,selection,DR-M6,features,1,0.864848,0.0287
wine_quality_white,1,selection,DR-M7,features,1,0.0,0.0071
wine_quality_white,1,selection,DR-M8,errors,0,0.056,0.0
wine_quality_white,1,selection,DR-M10,joint,1,0.022827,0.1132
wine_quality_white,1,selection,DR-M12,features,1,0.0,0.0102
wine_quality_white,1,selection,DR-M13,features,1,0.0,0.0046
wine_quality_white,1,selection,DR-M14,joint,1,0.174864,0.0984
wine_quality_white,1,selection,DR-C1,errors,0,,0.0008
wine_quality_white,1,selection,DR-C2,errors,1,9.0,0.0003
wine_quality_white,1,selection,DR-C3,errors,0,,0.0006
wine_quality_white,1,selection,DR-C4,errors,0,,0.0003
wine_quality_white,1,selection,DR-C5,errors,0,,0.3514
wine_quality_white,1,selection,DR-C6,errors,0,,0.0062
wine_quality_white,1,selection,DR-C7,errors,0,,0.0057
wine_quality_white,1,selection,DR-C9,errors,0,,0.0005
wine_quality_white,1,selection,DR-MV1,joint,1,139.201672,0.0008
wine_quality_white,1,selection,DR-MV2,joint,1,0.096,0.0026
wine_quality_white,1,selection,DR-CV1,joint,1,0.61246,0.6896
wine_quality_white,1,label_shift,DR-M1,features,0,0.116626,0.008
wine_quality_white,1,label_shift,DR-M2,features,0,0.069516,0.0032
wine_quality_white,1,label_shift,DR-M3,features,0,0.279877,0.0099
wine_quality_white,1,label_shift,DR-M4,features,0,0.036325,0.0641
wine_quality_white,1,label_shift,DR-M5,features,0,0.012413,0.0039
wine_quality_white,1,label_shift,DR-M6,features,0,0.209826,0.0362
wine_quality_white,1,label_shift,DR-M7,features,0,0.010277,0.0117
wine_quality_white,1,label_shift,DR-M8,errors,1,0.084,0.0
wine_quality_white,1,label_shift,DR-M10,joint,1,0.006091,0.1144
wine_quality_white,1,label_shift,DR-M12,features,0,0.0462,0.0057
wine_quality_white,1,label_shift,DR-M13,features,0,0.023093,0.0048
wine_quality_white,1,label_shift,DR-M14,joint,0,0.040564,0.0989
wine_quality_white,1,label_shift,DR-C1,errors,0,,0.0008
wine_quality_white,1,label_shift,DR-C2,errors,1,21.0,0.0003
wine_quality_white,1,label_shift,DR-C3,errors,0,,0.0006
wine_quality_white,1,label_shift,DR-C4,errors,0,,0.0003
wine_quality_white,1,label_shift,DR-C5,errors,0,,0.3832
wine_quality_white,1,label_shift,DR-C6,errors,0,,0.0072
wine_quality_white,1,label_shift,DR-C7,errors,0,,0.0093
wine_quality_white,1,label_shift,DR-C9,errors,0,,0.0007
wine_quality_white,1,label_shift,DR-MV1,joint,0,17.223079,0.0012
wine_quality_white,1,label_shift,DR-MV2,joint,0,0.064,0.0036
wine_quality_white,1,label_shift,DR-CV1,joint,0,0.52222,0.7717
wine_quality_white,1,concept,DR-M1,features,0,0.4183,0.0079
wine_quality_white,1,concept,DR-M2,features,0,0.080694,0.0033
wine_quality_white,1,concept,DR-M3,features,0,0.147189,0.0097
wine_quality_white,1,concept,DR-M4,features,0,0.040069,0.0583
wine_quality_white,1,concept,DR-M5,features,0,0.014399,0.0038
wine_quality_white,1,concept,DR-M6,features,0,0.124352,0.0306
wine_quality_white,1,concept,DR-M7,features,0,0.307889,0.0087
wine_quality_white,1,concept,DR-M8,errors,1,0.136,0.0001
wine_quality_white,1,concept,DR-M10,joint,0,0.003138,0.1503
wine_quality_white,1,concept,DR-M12,features,0,0.261639,0.0054
wine_quality_white,1,concept,DR-M13,features,0,0.123712,0.0088
wine_quality_white,1,concept,DR-M14,joint,0,0.020933,0.11
wine_quality_white,1,concept,DR-C1,errors,0,,0.0009
wine_quality_white,1,concept,DR-C2,errors,1,4.0,0.0009
wine_quality_white,1,concept,DR-C3,errors,0,,0.0007
wine_quality_white,1,concept,DR-C4,errors,0,,0.0003
wine_quality_white,1,concept,DR-C5,errors,1,54.0,0.2502
wine_quality_white,1,concept,DR-C6,errors,1,117.0,0.0058
wine_quality_white,1,concept,DR-C7,errors,1,46.0,0.0046
wine_quality_white,1,concept,DR-C9,errors,1,117.0,0.0005
wine_quality_white,1,concept,DR-MV1,joint,0,4.02201,0.0007
wine_quality_white,1,concept,DR-MV2,joint,0,0.072,0.0023
wine_quality_white,1,concept,DR-CV1,joint,0,0.48978,0.7214
wine_quality_white,2,none,DR-M1,features,0,0.069718,0.0083
wine_quality_white,2,none,DR-M2,features,0,0.088871,0.0031
wine_quality_white,2,none,DR-M3,features,0,0.11784,0.0098
wine_quality_white,2,none,DR-M4,features,0,0.045823,0.0578
wine_quality_white,2,none,DR-M5,features,0,0.015809,0.0037
wine_quality_white,2,none,DR-M6,features,0,0.135626,0.0312
wine_quality_white,2,none,DR-M7,features,0,0.246754,0.0072
wine_quality_white,2,none,DR-M8,errors,0,0.004,0.0001
wine_quality_white,2,none,DR-M10,joint,0,0.002745,0.1076
wine_quality_white,2,none,DR-M12,features,0,0.162052,0.0057
wine_quality_white,2,none,DR-M13,features,0,0.180757,0.0037
wine_quality_white,2,none,DR-M14,joint,0,0.021219,0.0866
wine_quality_white,2,none,DR-C1,errors,0,,0.0008
wine_quality_white,2,none,DR-C2,errors,1,13.0,0.0004
wine_quality_white,2,none,DR-C3,errors,0,,0.0006
wine_quality_white,2,none,DR-C4,errors,0,,0.0003
wine_quality_white,2,none,DR-C5,errors,0,,0.3779
wine_quality_white,2,none,DR-C6,errors,0,,0.0066
wine_quality_white,2,none,DR-C7,errors,0,,0.0062
wine_quality_white,2,none,DR-C9,errors,0,,0.0005
wine_quality_white,2,none,DR-MV1,joint,0,5.787209,0.0007
wine_quality_white,2,none,DR-MV2,joint,0,0.04,0.0025
wine_quality_white,2,none,DR-CV1,joint,0,0.52956,0.7557
wine_quality_white,2,shift,DR-M1,features,1,0.000122,0.0099
wine_quality_white,2,shift,DR-M2,features,0,0.12879,0.0035
wine_quality_white,2,shift,DR-M3,features,0,0.013644,0.0137
wine_quality_white,2,shift,DR-M4,features,0,0.064706,0.0678
wine_quality_white,2,shift,DR-M5,features,0,0.02273,0.0038
wine_quality_white,2,shift,DR-M6,features,0,0.30445,0.0306
wine_quality_white,2,shift,DR-M7,features,1,0.000117,0.0073
wine_quality_white,2,shift,DR-M8,errors,0,-0.036,0.0001
wine_quality_white,2,shift,DR-M10,joint,0,0.00604,0.1188
wine_quality_white,2,shift,DR-M12,features,1,6.6e-05,0.0068
wine_quality_white,2,shift,DR-M13,features,1,0.0,0.0038
wine_quality_white,2,shift,DR-M14,joint,0,0.039941,0.1018
wine_quality_white,2,shift,DR-C1,errors,0,,0.0008
wine_quality_white,2,shift,DR-C2,errors,0,,0.0005
wine_quality_white,2,shift,DR-C3,errors,0,,0.0007
wine_quality_white,2,shift,DR-C4,errors,0,,0.0005
wine_quality_white,2,shift,DR-C5,errors,0,,0.3911
wine_quality_white,2,shift,DR-C6,errors,0,,0.006
wine_quality_white,2,shift,DR-C7,errors,0,,0.0054
wine_quality_white,2,shift,DR-C9,errors,0,,0.0005
wine_quality_white,2,shift,DR-MV1,joint,1,51.181189,0.0008
wine_quality_white,2,shift,DR-MV2,joint,0,0.048,0.0029
wine_quality_white,2,shift,DR-CV1,joint,1,0.68568,0.7236
wine_quality_white,2,scale,DR-M1,features,0,0.011495,0.0097
wine_quality_white,2,scale,DR-M2,features,0,0.188693,0.0035
wine_quality_white,2,scale,DR-M3,features,1,0.000188,0.0114
wine_quality_white,2,scale,DR-M4,features,0,0.089096,0.0613
wine_quality_white,2,scale,DR-M5,features,0,0.033316,0.0036
wine_quality_white,2,scale,DR-M6,features,1,0.415421,0.0306
wine_quality_white,2,scale,DR-M7,features,0,0.164278,0.0073
wine_quality_white,2,scale,DR-M8,errors,0,-0.02,0.0001
wine_quality_white,2,scale,DR-M10,joint,1,0.006743,0.1153
wine_quality_white,2,scale,DR-M12,features,0,0.00777,0.0062
wine_quality_white,2,scale,DR-M13,features,1,0.0,0.0036
wine_quality_white,2,scale,DR-M14,joint,0,0.03572,0.1007
wine_quality_white,2,scale,DR-C1,errors,0,,0.0016
wine_quality_white,2,scale,DR-C2,errors,0,,0.0006
wine_quality_white,2,scale,DR-C3,errors,0,,0.0006
wine_quality_white,2,scale,DR-C4,errors,0,,0.0003
wine_quality_white,2,scale,DR-C5,errors,0,,0.3955
wine_quality_white,2,scale,DR-C6,errors,0,,0.0064
wine_quality_white,2,scale,DR-C7,errors,0,,0.0059
wine_quality_white,2,scale,DR-C9,errors,0,,0.0005
wine_quality_white,2,scale,DR-MV1,joint,0,6.899833,0.0008
wine_quality_white,2,scale,DR-MV2,joint,0,0.064,0.0024
wine_quality_white,2,scale,DR-CV1,joint,1,0.76532,0.7514
wine_quality_white,2,correlation,DR-M1,features,0,0.09066,0.0087
wine_quality_white,2,correlation,DR-M2,features,0,0.136164,0.0037
wine_quality_white,2,correlation,DR-M3,features,0,0.009642,0.0117
wine_quality_white,2,correlation,DR-M4,features,0,0.075742,0.0637
wine_quality_white,2,correlation,DR-M5,features,0,0.0243,0.0044
wine_quality_white,2,correlation,DR-M6,features,0,0.137438,0.0311
wine_quality_white,2,correlation,DR-M7,features,0,0.14632,0.0077
wine_quality_white,2,correlation,DR-M8,errors,0,-0.008,0.0001
wine_quality_white,2,correlation,DR-M10,joint,1,0.008163,0.1469
wine_quality_white,2,correlation,DR-M12,features,0,0.078366,0.0061
wine_quality_white,2,correlation,DR-M13,features,0,0.084127,0.0051
wine_quality_white,2,correlation,DR-M14,joint,0,0.041029,0.1216
wine_quality_white,2,correlation,DR-C1,errors,0,,0.0013
wine_quality_white,2,correlation,DR-C2,errors,1,8.0,0.0007
wine_quality_white,2,correlation,DR-C3,errors,0,,0.0011
wine_quality_white,2,correlation,DR-C4,errors,0,,0.0006
wine_quality_white,2,correlation,DR-C5,errors,0,,0.4052
wine_quality_white,2,correlation,DR-C6,errors,0,,0.0064
wine_quality_white,2,correlation,DR-C7,errors,0,,0.0057
wine_quality_white,2,correlation,DR-C9,errors,0,,0.0004
wine_quality_white,2,correlation,DR-MV1,joint,0,10.224674,0.0008
wine_quality_white,2,correlation,DR-MV2,joint,1,0.236,0.0024
wine_quality_white,2,correlation,DR-CV1,joint,1,0.7092,0.7899
wine_quality_white,2,selection,DR-M1,features,1,0.0,0.0097
wine_quality_white,2,selection,DR-M2,features,1,0.299539,0.0033
wine_quality_white,2,selection,DR-M3,features,1,0.0,0.0105
wine_quality_white,2,selection,DR-M4,features,1,0.152546,0.0618
wine_quality_white,2,selection,DR-M5,features,0,0.052615,0.0039
wine_quality_white,2,selection,DR-M6,features,1,0.599211,0.0326
wine_quality_white,2,selection,DR-M7,features,1,0.0,0.008
wine_quality_white,2,selection,DR-M8,errors,0,-0.016,0.0001
wine_quality_white,2,selection,DR-M10,joint,1,0.017197,0.1144
wine_quality_white,2,selection,DR-M12,features,1,0.0,0.0063
wine_quality_white,2,selection,DR-M13,features,1,0.0,0.0041
wine_quality_white,2,selection,DR-M14,joint,1,0.121715,0.1122
wine_quality_white,2,selection,DR-C1,errors,0,,0.0007
wine_quality_white,2,selection,DR-C2,errors,0,,0.0006
wine_quality_white,2,selection,DR-C3,errors,0,,0.0006
wine_quality_white,2,selection,DR-C4,errors,0,,0.0004
wine_quality_white,2,selection,DR-C5,errors,0,,0.3885
wine_quality_white,2,selection,DR-C6,errors,0,,0.0061
wine_quality_white,2,selection,DR-C7,errors,0,,0.0055
wine_quality_white,2,selection,DR-C9,errors,0,,0.0005
wine_quality_white,2,selection,DR-MV1,joint,1,84.282554,0.0007
wine_quality_white,2,selection,DR-MV2,joint,0,0.052,0.0026
wine_quality_white,2,selection,DR-CV1,joint,1,0.61922,0.8426
wine_quality_white,2,label_shift,DR-M1,features,0,0.14841,0.0088
wine_quality_white,2,label_shift,DR-M2,features,0,0.099568,0.0035
wine_quality_white,2,label_shift,DR-M3,features,0,0.056549,0.0108
wine_quality_white,2,label_shift,DR-M4,features,0,0.049262,0.0628
wine_quality_white,2,label_shift,DR-M5,features,0,0.017778,0.0043
wine_quality_white,2,label_shift,DR-M6,features,0,0.207827,0.0299
wine_quality_white,2,label_shift,DR-M7,features,0,0.031871,0.0073
wine_quality_white,2,label_shift,DR-M8,errors,0,-0.02,0.0001
wine_quality_white,2,label_shift,DR-M10,joint,0,0.003528,0.1134
wine_quality_white,2,label_shift,DR-M12,features,0,0.106086,0.0062
wine_quality_white,2,label_shift,DR-M13,features,0,0.095034,0.0044
wine_quality_white,2,label_shift,DR-M14,joint,0,0.027371,0.1139
wine_quality_white,2,label_shift,DR-C1,errors,0,,0.0015
wine_quality_white,2,label_shift,DR-C2,errors,1,24.0,0.0004
wine_quality_white,2,label_shift,DR-C3,errors,0,,0.0007
wine_quality_white,2,label_shift,DR-C4,errors,0,,0.0003
wine_quality_white,2,label_shift,DR-C5,errors,0,,0.4038
wine_quality_white,2,label_shift,DR-C6,errors,0,,0.0061
wine_quality_white,2,label_shift,DR-C7,errors,0,,0.0054
wine_quality_white,2,label_shift,DR-C9,errors,0,,0.0004
wine_quality_white,2,label_shift,DR-MV1,joint,0,10.912326,0.0008
wine_quality_white,2,label_shift,DR-MV2,joint,0,0.056,0.0026
wine_quality_white,2,label_shift,DR-CV1,joint,0,0.54014,0.7321
wine_quality_white,2,concept,DR-M1,features,0,0.186802,0.0104
wine_quality_white,2,concept,DR-M2,features,0,0.106223,0.0035
wine_quality_white,2,concept,DR-M3,features,0,0.044591,0.0101
wine_quality_white,2,concept,DR-M4,features,0,0.053679,0.0647
wine_quality_white,2,concept,DR-M5,features,0,0.01894,0.0036
wine_quality_white,2,concept,DR-M6,features,0,0.142197,0.0385
wine_quality_white,2,concept,DR-M7,features,0,0.230155,0.0085
wine_quality_white,2,concept,DR-M8,errors,0,0.076,0.0001
wine_quality_white,2,concept,DR-M10,joint,0,0.002682,0.1157
wine_quality_white,2,concept,DR-M12,features,0,0.307237,0.0057
wine_quality_white,2,concept,DR-M13,features,0,0.25,0.0035
wine_quality_white,2,concept,DR-M14,joint,0,0.019043,0.1124
wine_quality_white,2,concept,DR-C1,errors,0,,0.0008
wine_quality_white,2,concept,DR-C2,errors,1,39.0,0.0045
wine_quality_white,2,concept,DR-C3,errors,0,,0.0007
wine_quality_white,2,concept,DR-C4,errors,0,,0.0003
wine_quality_white,2,concept,DR-C5,errors,0,,0.4006
wine_quality_white,2,concept,DR-C6,errors,0,,0.007
wine_quality_white,2,concept,DR-C7,errors,0,,0.0055
wine_quality_white,2,concept,DR-C9,errors,0,,0.0005
wine_quality_white,2,concept,DR-MV1,joint,0,14.303293,0.0007
wine_quality_white,2,concept,DR-MV2,joint,0,0.056,0.0025
wine_quality_white,2,concept,DR-CV1,joint,0,0.49284,0.9877
wine_quality_white,3,none,DR-M1,features,0,0.20871,0.0082
wine_quality_white,3,none,DR-M2,features,0,0.115374,0.0039
wine_quality_white,3,none,DR-M3,features,0,0.022793,0.0098
wine_quality_white,3,none,DR-M4,features,0,0.056256,0.0592
wine_quality_white,3,none,DR-M5,features,0,0.020502,0.0039
wine_quality_white,3,none,DR-M6,features,0,0.175603,0.0293
wine_quality_white,3,none,DR-M7,features,0,0.066293,0.0071
wine_quality_white,3,none,DR-M8,errors,0,0.032,0.0
wine_quality_white,3,none,DR-M10,joint,0,0.004464,0.1117
wine_quality_white,3,none,DR-M12,features,0,0.074172,0.0059
wine_quality_white,3,none,DR-M13,features,0,0.086771,0.0037
wine_quality_white,3,none,DR-M14,joint,0,0.025949,0.0992
wine_quality_white,3,none,DR-C1,errors,0,,0.0008
wine_quality_white,3,none,DR-C2,errors,1,204.0,0.0005
wine_quality_white,3,none,DR-C3,errors,0,,0.0006
wine_quality_white,3,none,DR-C4,errors,0,,0.0003
wine_quality_white,3,none,DR-C5,errors,0,,0.3966
wine_quality_white,3,none,DR-C6,errors,0,,0.0083
wine_quality_white,3,none,DR-C7,errors,1,68.0,0.0076
wine_quality_white,3,none,DR-C9,errors,0,,0.0008
wine_quality_white,3,none,DR-MV1,joint,0,10.504485,0.001
wine_quality_white,3,none,DR-MV2,joint,1,0.124,0.0031
wine_quality_white,3,none,DR-CV1,joint,0,0.52242,0.7682
wine_quality_white,3,shift,DR-M1,features,1,0.00037,0.0087
wine_quality_white,3,shift,DR-M2,features,0,0.104203,0.0032
wine_quality_white,3,shift,DR-M3,features,0,0.052374,0.0097
wine_quality_white,3,shift,DR-M4,features,0,0.053852,0.0586
wine_quality_white,3,shift,DR-M5,features,0,0.018604,0.0035
wine_quality_white,3,shift,DR-M6,features,0,0.235109,0.0292
wine_quality_white,3,shift,DR-M7,features,1,0.003005,0.007
wine_quality_white,3,shift,DR-M8,errors,0,0.044,0.0001
wine_quality_white,3,shift,DR-M10,joint,0,0.005583,0.1097
wine_quality_white,3,shift,DR-M12,features,1,0.000579,0.0102
wine_quality_white,3,shift,DR-M13,features,1,0.001596,0.0042
wine_quality_white,3,shift,DR-M14,joint,1,0.041307,0.1167
wine_quality_white,3,shift,DR-C1,errors,0,,0.0013
wine_quality_white,3,shift,DR-C2,errors,1,69.0,0.0007
wine_quality_white,3,shift,DR-C3,errors,0,,0.0012
wine_quality_white,3,shift,DR-C4,errors,0,,0.0006
wine_quality_white,3,shift,DR-C5,errors,0,,0.3892
wine_quality_white,3,shift,DR-C6,errors,0,,0.0058
wine_quality_white,3,shift,DR-C7,errors,1,23.0,0.0044
wine_quality_white,3,shift,DR-C9,errors,0,,0.0004
wine_quality_white,3,shift,DR-MV1,joint,1,57.095346,0.0006
wine_quality_white,3,shift,DR-MV2,joint,0,0.064,0.0022
wine_quality_white,3,shift,DR-CV1,joint,1,0.72636,0.7328
wine_quality_white,3,scale,DR-M1,features,0,0.011495,0.009
wine_quality_white,3,scale,DR-M2,features,0,0.241686,0.0041
wine_quality_white,3,scale,DR-M3,features,1,1.3e-05,0.0109
wine_quality_white,3,scale,DR-M4,features,1,0.123081,0.0631
wine_quality_white,3,scale,DR-M5,features,0,0.042876,0.0037
wine_quality_white,3,scale,DR-M6,features,1,0.309028,0.0301
wine_quality_white,3,scale,DR-M7,features,0,0.299,0.0074
wine_quality_white,3,scale,DR-M8,errors,0,0.008,0.0001
wine_quality_white,3,scale,DR-M10,joint,0,0.003948,0.1116
wine_quality_white,3,scale,DR-M12,features,0,0.034101,0.0055
wine_quality_white,3,scale,DR-M13,features,1,0.004502,0.0043
wine_quality_white,3,scale,DR-M14,joint,0,0.022262,0.1001
wine_quality_white,3,scale,DR-C1,errors,0,,0.0007
wine_quality_white,3,scale,DR-C2,errors,1,201.0,0.0005
wine_quality_white,3,scale,DR-C3,errors,0,,0.0006
wine_quality_white,3,scale,DR-C4,errors,0,,0.0003
wine_quality_white,3,scale,DR-C5,errors,0,,0.4014
wine_quality_white,3,scale,DR-C6,errors,0,,0.013
wine_quality_white,3,scale,DR-C7,errors,1,216.0,0.0053
wine_quality_white,3,scale,DR-C9,errors,0,,0.0004
wine_quality_white,3,scale,DR-MV1,joint,0,12.502647,0.0008
wine_quality_white,3,scale,DR-MV2,joint,1,0.128,0.0023
wine_quality_white,3,scale,DR-CV1,joint,1,0.60286,0.6927
wine_quality_white,3,correlation,DR-M1,features,0,0.013558,0.0082
wine_quality_white,3,correlation,DR-M2,features,0,0.165934,0.0036
wine_quality_white,3,correlation,DR-M3,features,1,0.001262,0.01
wine_quality_white,3,correlation,DR-M4,features,1,0.081602,0.06
wine_quality_white,3,correlation,DR-M5,features,0,0.029248,0.0035
wine_quality_white,3,correlation,DR-M6,features,0,0.24979,0.0291
wine_quality_white,3,correlation,DR-M7,features,1,0.001114,0.007
wine_quality_white,3,correlation,DR-M8,errors,0,-0.004,0.0001
wine_quality_white,3,correlation,DR-M10,joint,1,0.012517,0.1714
wine_quality_white,3,correlation,DR-M12,features,1,0.001626,0.0055
wine_quality_white,3,correlation,DR-M13,features,1,0.001274,0.013
wine_quality_white,3,correlation,DR-M14,joint,1,0.059373,0.1338
wine_quality_white,3,correlation,DR-C1,errors,0,,0.0008
wine_quality_white,3,correlation,DR-C2,errors,1,93.0,0.0004
wine_quality_white,3,correlation,DR-C3,errors,0,,0.0007
wine_quality_white,3,correlation,DR-C4,errors,0,,0.0003
wine_quality_white,3,correlation,DR-C5,errors,0,,0.9381
wine_quality_white,3,correlation,DR-C6,errors,0,,0.0097
wine_quality_white,3,correlation,DR-C7,errors,1,3.0,0.0043
wine_quality_white,3,correlation,DR-C9,errors,0,,0.0004
wine_quality_white,3,correlation,DR-MV1,joint,0,14.335522,0.0007
wine_quality_white,3,correlation,DR-MV2,joint,1,0.252,0.0064
wine_quality_white,3,correlation,DR-CV1,joint,1,0.74332,1.4717
wine_quality_white,3,selection,DR-M1,features,1,0.00105,0.0126
wine_quality_white,3,selection,DR-M2,features,0,0.176842,0.0076
wine_quality_white,3,selection,DR-M3,features,1,0.000742,0.0181
wine_quality_white,3,selection,DR-M4,features,1,0.088914,0.095
wine_quality_white,3,selection,DR-M5,features,0,0.031349,0.0036
wine_quality_white,3,selection,DR-M6,features,1,0.399911,0.0359
wine_quality_white,3,selection,DR-M7,features,1,1e-06,0.0074
wine_quality_white,3,selection,DR-M8,errors,0,-0.016,0.0
wine_quality_white,3,selection,DR-M10,joint,1,0.009011,0.5442
wine_quality_white,3,selection,DR-M12,features,1,1.1e-05,0.0079
wine_quality_white,3,selection,DR-M13,features,1,0.0,0.0391
wine_quality_white,3,selection,DR-M14,joint,1,0.064507,0.1436
wine_quality_white,3,selection,DR-C1,errors,0,,0.0008
wine_quality_white,3,selection,DR-C2,errors,1,80.0,0.0005
wine_quality_white,3,selection,DR-C3,errors,0,,0.0047
wine_quality_white,3,selection,DR-C4,errors,0,,0.0004
wine_quality_white,3,selection,DR-C5,errors,0,,0.6714
wine_quality_white,3,selection,DR-C6,errors,0,,0.0099
wine_quality_white,3,selection,DR-C7,errors,0,,0.0095
wine_quality_white,3,selection,DR-C9,errors,0,,0.0005
wine_quality_white,3,selection,DR-MV1,joint,1,37.384551,0.0008
wine_quality_white,3,selection,DR-MV2,joint,0,0.068,0.0023
wine_quality_white,3,selection,DR-CV1,joint,0,0.55098,1.2516
wine_quality_white,3,label_shift,DR-M1,features,0,0.348152,0.0157
wine_quality_white,3,label_shift,DR-M2,features,0,0.07265,0.0032
wine_quality_white,3,label_shift,DR-M3,features,0,0.198328,0.0219
wine_quality_white,3,label_shift,DR-M4,features,0,0.035356,0.1273
wine_quality_white,3,label_shift,DR-M5,features,0,0.012986,0.0077
wine_quality_white,3,label_shift,DR-M6,features,0,0.122659,0.0498
wine_quality_white,3,label_shift,DR-M7,features,0,0.080848,0.0078
wine_quality_white,3,label_shift,DR-M8,errors,0,-0.004,0.0001
wine_quality_white,3,label_shift,DR-M10,joint,0,0.003007,0.3906
wine_quality_white,3,label_shift,DR-M12,features,0,0.257531,0.0064
wine_quality_white,3,label_shift,DR-M13,features,0,0.16193,0.0037
wine_quality_white,3,label_shift,DR-M14,joint,0,0.022578,0.2155
wine_quality_white,3,label_shift,DR-C1,errors,0,,0.0008
wine_quality_white,3,label_shift,DR-C2,errors,1,73.0,0.0004
wine_quality_white,3,label_shift,DR-C3,errors,0,,0.0006
wine_quality_white,3,label_shift,DR-C4,errors,0,,0.0003
wine_quality_white,3,label_shift,DR-C5,errors,0,,0.9067
wine_quality_white,3,label_shift,DR-C6,errors,0,,0.0096
wine_quality_white,3,label_shift,DR-C7,errors,1,77.0,0.0128
wine_quality_white,3,label_shift,DR-C9,errors,0,,0.0005
wine_quality_white,3,label_shift,DR-MV1,joint,0,8.589387,0.0008
wine_quality_white,3,label_shift,DR-MV2,joint,1,0.088,0.0023
wine_quality_white,3,label_shift,DR-CV1,joint,0,0.5106,1.2002
wine_quality_white,3,concept,DR-M1,features,0,0.09066,0.012
wine_quality_white,3,concept,DR-M2,features,0,0.105462,0.0075
wine_quality_white,3,concept,DR-M3,features,0,0.037498,0.0142
wine_quality_white,3,concept,DR-M4,features,0,0.051597,0.23
wine_quality_white,3,concept,DR-M5,features,0,0.018794,0.0036
wine_quality_white,3,concept,DR-M6,features,0,0.17912,0.0572
wine_quality_white,3,concept,DR-M7,features,0,0.225113,0.0114
wine_quality_white,3,concept,DR-M8,errors,0,0.072,0.0001
wine_quality_white,3,concept,DR-M10,joint,0,0.004935,0.1745
wine_quality_white,3,concept,DR-M12,features,0,0.065883,0.0059
wine_quality_white,3,concept,DR-M13,features,0,0.036394,0.0041
wine_quality_white,3,concept,DR-M14,joint,0,0.026913,0.1589
wine_quality_white,3,concept,DR-C1,errors,0,,0.0041
wine_quality_white,3,concept,DR-C2,errors,1,94.0,0.0005
wine_quality_white,3,concept,DR-C3,errors,0,,0.0006
wine_quality_white,3,concept,DR-C4,errors,0,,0.0004
wine_quality_white,3,concept,DR-C5,errors,0,,0.62
wine_quality_white,3,concept,DR-C6,errors,0,,0.006
wine_quality_white,3,concept,DR-C7,errors,1,95.0,0.011
wine_quality_white,3,concept,DR-C9,errors,1,166.0,0.0004
wine_quality_white,3,concept,DR-MV1,joint,0,7.80152,0.0007
wine_quality_white,3,concept,DR-MV2,joint,1,0.076,0.0022
wine_quality_white,3,concept,DR-CV1,joint,0,0.57862,1.0358
wine_quality_white,4,none,DR-M1,features,0,0.166732,0.0121
wine_quality_white,4,none,DR-M2,features,0,0.146582,0.0033
wine_quality_white,4,none,DR-M3,features,0,0.004698,0.0143
wine_quality_white,4,none,DR-M4,features,0,0.074104,0.0934
wine_quality_white,4,none,DR-M5,features,0,0.026082,0.0077
wine_quality_white,4,none,DR-M6,features,0,0.166574,0.0448
wine_quality_white,4,none,DR-M7,features,0,0.131637,0.0077
wine_quality_white,4,none,DR-M8,errors,0,-0.022,0.0
wine_quality_white,4,none,DR-M10,joint,0,0.003971,0.1784
wine_quality_white,4,none,DR-M12,features,0,0.056923,0.0059
wine_quality_white,4,none,DR-M13,features,0,0.036202,0.0053
wine_quality_white,4,none,DR-M14,joint,0,0.024414,0.157
wine_quality_white,4,none,DR-C1,errors,0,,0.0048
wine_quality_white,4,none,DR-C2,errors,0,,0.0006
wine_quality_white,4,none,DR-C3,errors,0,,0.0006
wine_quality_white,4,none,DR-C4,errors,0,,0.0003
wine_quality_white,4,none,DR-C5,errors,0,,0.6244
wine_quality_white,4,none,DR-C6,errors,0,,0.0096
wine_quality_white,4,none,DR-C7,errors,0,,0.011
wine_quality_white,4,none,DR-C9,errors,0,,0.0004
wine_quality_white,4,none,DR-MV1,joint,0,9.126264,0.0008
wine_quality_white,4,none,DR-MV2,joint,0,0.052,0.0023
wine_quality_white,4,none,DR-CV1,joint,0,0.54462,1.1166
wine_quality_white,4,shift,DR-M1,features,1,1e-06,0.0131
wine_quality_white,4,shift,DR-M2,features,0,0.161086,0.0093
wine_quality_white,4,shift,DR-M3,features,1,0.003538,0.0153
wine_quality_white,4,shift,DR-M4,features,0,0.085844,0.1167
wine_quality_white,4,shift,DR-M5,features,0,0.028434,0.0064
wine_quality_white,4,shift,DR-M6,features,1,0.367102,0.0583
wine_quality_white,4,shift,DR-M7,features,1,4e-06,0.0203
wine_quality_white,4,shift,DR-M8,errors,0,0.006,0.0001
wine_quality_white,4,shift,DR-M10,joint,1,0.008518,0.1781
wine_quality_white,4,shift,DR-M12,features,1,0.0,0.0065
wine_quality_white,4,shift,DR-M13,features,1,0.0,0.008
wine_quality_white,4,shift,DR-M14,joint,1,0.057071,0.1427
wine_quality_white,4,shift,DR-C1,errors,0,,0.0008
wine_quality_white,4,shift,DR-C2,errors,0,,0.0007
wine_quality_white,4,shift,DR-C3,errors,0,,0.0006
wine_quality_white,4,shift,DR-C4,errors,0,,0.0003
wine_quality_white,4,shift,DR-C5,errors,0,,0.5477
wine_quality_white,4,shift,DR-C6,errors,0,,0.0097
wine_quality_white,4,shift,DR-C7,errors,0,,0.0111
wine_quality_white,4,shift,DR-C9,errors,0,,0.0005
wine_quality_white,4,shift,DR-MV1,joint,1,43.280005,0.0008
wine_quality_white,4,shift,DR-MV2,joint,0,0.068,0.0066
wine_quality_white,4,shift,DR-CV1,joint,1,0.6614,1.1281
wine_quality_white,4,scale,DR-M1,features,1,0.002784,0.0087
wine_quality_white,4,scale,DR-M2,features,0,0.235462,0.0035
wine_quality_white,4,scale,DR-M3,features,1,2.3e-05,0.02
wine_quality_white,4,scale,DR-M4,features,1,0.120907,0.164
wine_quality_white,4,scale,DR-M5,features,0,0.041705,0.0056
wine_quality_white,4,scale,DR-M6,features,1,0.318025,0.0698
wine_quality_white,4,scale,DR-M7,features,0,0.044465,0.0127
wine_quality_white,4,scale,DR-M8,errors,0,0.014,0.0001
wine_quality_white,4,scale,DR-M10,joint,0,0.005085,0.2925
wine_quality_white,4,scale,DR-M12,features,0,0.005976,0.0093
wine_quality_white,4,scale,DR-M13,features,1,0.001187,0.0081
wine_quality_white,4,scale,DR-M14,joint,0,0.031566,0.2272
wine_quality_white,4,scale,DR-C1,errors,0,,0.0018
wine_quality_white,4,scale,DR-C2,errors,0,,0.0011
wine_quality_white,4,scale,DR-C3,errors,0,,0.0012
wine_quality_white,4,scale,DR-C4,errors,0,,0.0006
wine_quality_white,4,scale,DR-C5,errors,0,,0.6372
wine_quality_white,4,scale,DR-C6,errors,0,,0.01
wine_quality_white,4,scale,DR-C7,errors,0,,0.0091
wine_quality_white,4,scale,DR-C9,errors,0,,0.0046
wine_quality_white,4,scale,DR-MV1,joint,1,21.730235,0.0007
wine_quality_white,4,scale,DR-MV2,joint,0,0.04,0.0031
wine_quality_white,4,scale,DR-CV1,joint,0,0.57518,1.0666
wine_quality_white,4,correlation,DR-M1,features,0,0.018708,0.0121
wine_quality_white,4,correlation,DR-M2,features,0,0.109503,0.0031
wine_quality_white,4,correlation,DR-M3,features,0,0.042034,0.0197
wine_quality_white,4,correlation,DR-M4,features,0,0.056118,0.1259
wine_quality_white,4,correlation,DR-M5,features,0,0.019448,0.0078
wine_quality_white,4,correlation,DR-M6,features,0,0.196387,0.0413
wine_quality_white,4,correlation,DR-M7,features,0,0.015481,0.0111
wine_quality_white,4,correlation,DR-M8,errors,0,-0.03,0.0
wine_quality_white,4,correlation,DR-M10,joint,1,0.011204,0.1784
wine_quality_white,4,correlation,DR-M12,features,0,0.006413,0.0088
wine_quality_white,4,correlation,DR-M13,features,0,0.00778,0.0081
wine_quality_white,4,correlation,DR-M14,joint,1,0.056143,0.1611
wine_quality_white,4,correlation,DR-C1,errors,0,,0.005
wine_quality_white,4,correlation,DR-C2,errors,0,,0.0007
wine_quality_white,4,correlation,DR-C3,errors,0,,0.0007
wine_quality_white,4,correlation,DR-C4,errors,0,,0.0004
wine_quality_white,4,correlation,DR-C5,errors,0,,0.5333
wine_quality_white,4,correlation,DR-C6,errors,0,,0.0054
wine_quality_white,4,correlation,DR-C7,errors,0,,0.0108
wine_quality_white,4,correlation,DR-C9,errors,0,,0.0005
wine_quality_white,4,correlation,DR-MV1,joint,0,12.631105,0.0007
wine_quality_white,4,correlation,DR-MV2,joint,1,0.104,0.0022
wine_quality_white,4,correlation,DR-CV1,joint,1,0.71892,1.2323
wine_quality_white,4,selection,DR-M1,features,1,0.0,0.0089
wine_quality_white,4,selection,DR-M2,features,1,0.312264,0.0074
wine_quality_white,4,selection,DR-M3,features,1,0.0,0.0098
wine_quality_white,4,selection,DR-M4,features,1,0.157383,0.0886
wine_quality_white,4,selection,DR-M5,features,0,0.05487,0.0036
wine_quality_white,4,selection,DR-M6,features,1,0.68583,0.0413
wine_quality_white,4,selection,DR-M7,features,1,0.0,0.0124
wine_quality_white,4,selection,DR-M8,errors,0,0.006,0.0
wine_quality_white,4,selection,DR-M10,joint,1,0.018162,0.3801
wine_quality_white,4,selection,DR-M12,features,1,0.0,0.01
wine_quality_white,4,selection,DR-M13,features,1,0.0,0.0045
wine_quality_white,4,selection,DR-M14,joint,1,0.142917,0.1887
wine_quality_white,4,selection,DR-C1,errors,0,,0.0048
wine_quality_white,4,selection,DR-C2,errors,0,,0.0006
wine_quality_white,4,selection,DR-C3,errors,0,,0.0006
wine_quality_white,4,selection,DR-C4,errors,0,,0.0003
wine_quality_white,4,selection,DR-C5,errors,0,,0.804
wine_quality_white,4,selection,DR-C6,errors,0,,0.0393
wine_quality_white,4,selection,DR-C7,errors,0,,0.0071
wine_quality_white,4,selection,DR-C9,errors,0,,0.0005
wine_quality_white,4,selection,DR-MV1,joint,1,95.910492,0.0008
wine_quality_white,4,selection,DR-MV2,joint,1,0.076,0.0023
wine_quality_white,4,selection,DR-CV1,joint,1,0.61336,2.1068
wine_quality_white,4,label_shift,DR-M1,features,0,0.015948,0.0138
wine_quality_white,4,label_shift,DR-M2,features,0,0.08701,0.0033
wine_quality_white,4,label_shift,DR-M3,features,0,0.116658,0.0132
wine_quality_white,4,label_shift,DR-M4,features,0,0.044112,0.3836
wine_quality_white,4,label_shift,DR-M5,features,0,0.015571,0.0111
wine_quality_white,4,label_shift,DR-M6,features,0,0.234098,0.0491
wine_quality_white,4,label_shift,DR-M7,features,0,0.006123,0.0126
wine_quality_white,4,label_shift,DR-M8,errors,0,0.01,0.0001
wine_quality_white,4,label_shift,DR-M10,joint,0,0.005477,0.3706
wine_quality_white,4,label_shift,DR-M12,features,1,0.001995,0.0056
wine_quality_white,4,label_shift,DR-M13,features,1,0.002579,0.0051
wine_quality_white,4,label_shift,DR-M14,joint,0,0.038562,0.2005
wine_quality_white,4,label_shift,DR-C1,errors,0,,0.0013
wine_quality_white,4,label_shift,DR-C2,errors,0,,0.0006
wine_quality_white,4,label_shift,DR-C3,errors,0,,0.0009
wine_quality_white,4,label_shift,DR-C4,errors,0,,0.0003
wine_quality_white,4,label_shift,DR-C5,errors,0,,0.6989
wine_quality_white,4,label_shift,DR-C6,errors,0,,0.0063
wine_quality_white,4,label_shift,DR-C7,errors,0,,0.0071
wine_quality_white,4,label_shift,DR-C9,errors,0,,0.0005
wine_quality_white,4,label_shift,DR-MV1,joint,1,22.802654,0.005
wine_quality_white,4,label_shift,DR-MV2,joint,0,0.056,0.0024
wine_quality_white,4,label_shift,DR-CV1,joint,0,0.51378,1.3985
wine_quality_white,4,concept,DR-M1,features,0,0.018708,0.0099
wine_quality_white,4,concept,DR-M2,features,0,0.114669,0.0049
wine_quality_white,4,concept,DR-M3,features,0,0.027489,0.0153
wine_quality_white,4,concept,DR-M4,features,0,0.05764,0.1427
wine_quality_white,4,concept,DR-M5,features,0,0.020453,0.0081
wine_quality_white,4,concept,DR-M6,features,1,0.266343,0.0588
wine_quality_white,4,concept,DR-M7,features,1,0.00438,0.0073
wine_quality_white,4,concept,DR-M8,errors,0,0.066,0.0001
wine_quality_white,4,concept,DR-M10,joint,1,0.007368,0.2009
wine_quality_white,4,concept,DR-M12,features,0,0.006088,0.0058
wine_quality_white,4,concept,DR-M13,features,0,0.0066,0.0084
wine_quality_white,4,concept,DR-M14,joint,1,0.051334,0.1968
wine_quality_white,4,concept,DR-C1,errors,0,,0.0008
wine_quality_white,4,concept,DR-C2,errors,0,,0.0006
wine_quality_white,4,concept,DR-C3,errors,0,,0.0006
wine_quality_white,4,concept,DR-C4,errors,0,,0.0004
wine_quality_white,4,concept,DR-C5,errors,0,,0.5509
wine_quality_white,4,concept,DR-C6,errors,0,,0.0103
wine_quality_white,4,concept,DR-C7,errors,0,,0.0099
wine_quality_white,4,concept,DR-C9,errors,0,,0.0005
wine_quality_white,4,concept,DR-MV1,joint,1,29.627297,0.0049
wine_quality_white,4,concept,DR-MV2,joint,0,0.048,0.0025
wine_quality_white,4,concept,DR-CV1,joint,0,0.51982,1.2517
