dataset,unit,series,n,step,period,season,zero_share,adi,cv2,seasonal_strength,trend_strength,cell,method,status,r2,mae,seconds,detail
m4_yearly,m4_yearly,Y11686,26,yearly,1,,0.0,1.0,0.523256,0.0,0.974491,trend,NAIVE-LAST,ok,-1.0223031044000586,273.1625,0.01,
m4_yearly,m4_yearly,Y11686,26,yearly,1,,0.0,1.0,0.523256,0.0,0.974491,trend,NAIVE-AVERAGE,ok,-4.5342281893883225,601.988200670715,0.01,
m4_yearly,m4_yearly,Y11686,26,yearly,1,,0.0,1.0,0.523256,0.0,0.974491,trend,TSM1,ok,-0.9869089851728625,255.84342640797462,4.03,
m4_yearly,m4_yearly,Y11686,26,yearly,1,,0.0,1.0,0.523256,0.0,0.974491,trend,TSM2,ok,-5.042624755276202,300.0452994416301,0.68,
m4_yearly,m4_yearly,Y11686,26,yearly,1,,0.0,1.0,0.523256,0.0,0.974491,trend,TSM4,ok,-2.4176568087891566,490.281848287195,0.01,
m4_yearly,m4_yearly,Y11686,26,yearly,1,,0.0,1.0,0.523256,0.0,0.974491,trend,TSM5,ok,-2.8278380175583173,444.21530073595875,0.02,
m4_yearly,m4_yearly,Y11084,46,yearly,1,,0.0,1.0,0.035344,0.0,0.98835,trend,NAIVE-LAST,ok,0.2382394388182548,116.0,0.01,
m4_yearly,m4_yearly,Y11084,46,yearly,1,,0.0,1.0,0.035344,0.0,0.98835,trend,NAIVE-AVERAGE,ok,-36.86450332340958,608.3901498671348,0.01,
m4_yearly,m4_yearly,Y11084,46,yearly,1,,0.0,1.0,0.035344,0.0,0.98835,trend,TSM1,ok,-148670417556933.2,579023567.6087621,5.76,
m4_yearly,m4_yearly,Y11084,46,yearly,1,,0.0,1.0,0.035344,0.0,0.98835,trend,TSM2,ok,0.05605385175236453,119.98941631236644,0.77,
m4_yearly,m4_yearly,Y11084,46,yearly,1,,0.0,1.0,0.035344,0.0,0.98835,trend,TSM4,ok,-21.022429489163034,507.40339183135677,0.0,
m4_yearly,m4_yearly,Y11084,46,yearly,1,,0.0,1.0,0.035344,0.0,0.98835,trend,TSM5,ok,-1.387439860908096,225.7020849940042,0.01,
m4_yearly,m4_yearly,Y1223,21,yearly,1,,0.0,1.0,0.025351,0.0,0.979509,trend,NAIVE-LAST,ok,-2.4671173385993153,347.91181777777797,0.0,
m4_yearly,m4_yearly,Y1223,21,yearly,1,,0.0,1.0,0.025351,0.0,0.979509,trend,NAIVE-AVERAGE,ok,-153.15259680729488,2012.591380215208,0.01,
m4_yearly,m4_yearly,Y1223,21,yearly,1,,0.0,1.0,0.025351,0.0,0.979509,trend,TSM1,ok,-6.483711421312208,381.7978064886174,3.45,
m4_yearly,m4_yearly,Y1223,21,yearly,1,,0.0,1.0,0.025351,0.0,0.979509,trend,TSM2,ok,-10.234790581884042,503.10783099746186,0.54,
m4_yearly,m4_yearly,Y1223,21,yearly,1,,0.0,1.0,0.025351,0.0,0.979509,trend,TSM4,ok,-133.22017919423106,2195.0074327695374,0.0,
m4_yearly,m4_yearly,Y1223,21,yearly,1,,0.0,1.0,0.025351,0.0,0.979509,trend,TSM5,ok,-10.751392211921056,776.077904746653,0.01,
m4_yearly,m4_yearly,Y13782,25,yearly,1,,0.0,1.0,0.021925,0.0,0.982953,trend,NAIVE-LAST,ok,0.17932737135917476,200.7791666666667,0.0,
m4_yearly,m4_yearly,Y13782,25,yearly,1,,0.0,1.0,0.021925,0.0,0.982953,trend,NAIVE-AVERAGE,ok,-5.742086552975439,568.5074824127804,0.01,
m4_yearly,m4_yearly,Y13782,25,yearly,1,,0.0,1.0,0.021925,0.0,0.982953,trend,TSM1,ok,0.2065211205427515,181.82882669827325,2.74,
m4_yearly,m4_yearly,Y13782,25,yearly,1,,0.0,1.0,0.021925,0.0,0.982953,trend,TSM2,ok,-0.4793389064595159,253.06961382351588,0.37,
m4_yearly,m4_yearly,Y13782,25,yearly,1,,0.0,1.0,0.021925,0.0,0.982953,trend,TSM4,ok,-4.792529655347875,441.93386830017926,0.01,
m4_yearly,m4_yearly,Y13782,25,yearly,1,,0.0,1.0,0.021925,0.0,0.982953,trend,TSM5,ok,-1.7548724260482824,403.49540499388075,0.01,
m4_yearly,m4_yearly,Y13275,40,yearly,1,,0.0,1.0,0.098828,0.0,0.994402,trend,NAIVE-LAST,ok,0.2940556977438149,267.3,0.0,
m4_yearly,m4_yearly,Y13275,40,yearly,1,,0.0,1.0,0.098828,0.0,0.994402,trend,NAIVE-AVERAGE,ok,-46.853230095439514,1383.341464184989,0.01,
m4_yearly,m4_yearly,Y13275,40,yearly,1,,0.0,1.0,0.098828,0.0,0.994402,trend,TSM1,ok,-0.04236470092432707,230.6839727921133,5.41,
m4_yearly,m4_yearly,Y13275,40,yearly,1,,0.0,1.0,0.098828,0.0,0.994402,trend,TSM2,ok,-0.10865644145665991,229.3195468773127,0.49,
m4_yearly,m4_yearly,Y13275,40,yearly,1,,0.0,1.0,0.098828,0.0,0.994402,trend,TSM4,ok,-16.290828341502298,832.611662679893,0.0,
m4_yearly,m4_yearly,Y13275,40,yearly,1,,0.0,1.0,0.098828,0.0,0.994402,trend,TSM5,ok,-3.759143373737404,634.1219857862471,0.01,
m4_yearly,m4_yearly,Y14115,56,yearly,1,,0.0,1.0,0.021212,0.0,0.808602,trend,NAIVE-LAST,ok,-0.4555802326557522,235.55555555555557,0.0,
m4_yearly,m4_yearly,Y14115,56,yearly,1,,0.0,1.0,0.021212,0.0,0.808602,trend,NAIVE-AVERAGE,ok,-1.8484153959541374,313.0229145047145,0.0,
m4_yearly,m4_yearly,Y14115,56,yearly,1,,0.0,1.0,0.021212,0.0,0.808602,trend,TSM1,ok,-0.8831990450285027,267.14461377586105,3.9,
m4_yearly,m4_yearly,Y14115,56,yearly,1,,0.0,1.0,0.021212,0.0,0.808602,trend,TSM2,ok,-0.46394700068270095,239.42314321202576,0.36,
m4_yearly,m4_yearly,Y14115,56,yearly,1,,0.0,1.0,0.021212,0.0,0.808602,trend,TSM4,ok,-1.539423006517088,323.29973608057537,0.01,
m4_yearly,m4_yearly,Y14115,56,yearly,1,,0.0,1.0,0.021212,0.0,0.808602,trend,TSM5,ok,-1.3630518396904716,294.9507516817642,0.01,
m4_yearly,m4_yearly,Y1405,27,yearly,1,,0.0,1.0,0.146554,0.0,0.996421,trend,NAIVE-LAST,ok,-1.0301779122362025,463.1875,0.01,
m4_yearly,m4_yearly,Y1405,27,yearly,1,,0.0,1.0,0.146554,0.0,0.996421,trend,NAIVE-AVERAGE,ok,-96.14557992579688,2998.633467482203,0.0,
m4_yearly,m4_yearly,Y1405,27,yearly,1,,0.0,1.0,0.146554,0.0,0.996421,trend,TSM1,ok,-3.196635048780666e+16,62346337523.96609,4.98,
m4_yearly,m4_yearly,Y1405,27,yearly,1,,0.0,1.0,0.146554,0.0,0.996421,trend,TSM2,ok,-1.3060292683098063,339.9341652438346,0.46,
m4_yearly,m4_yearly,Y1405,27,yearly,1,,0.0,1.0,0.146554,0.0,0.996421,trend,TSM4,ok,-44.673471328362446,2092.029888749249,0.01,
m4_yearly,m4_yearly,Y1405,27,yearly,1,,0.0,1.0,0.146554,0.0,0.996421,trend,TSM5,ok,-10.157470188123302,1027.3927524690641,0.01,
m4_yearly,m4_yearly,Y16136,34,yearly,1,,0.0,1.0,0.817752,0.0,0.982559,trend,NAIVE-LAST,ok,-0.28998531099253066,409.85455,0.01,
m4_yearly,m4_yearly,Y16136,34,yearly,1,,0.0,1.0,0.817752,0.0,0.982559,trend,NAIVE-AVERAGE,ok,-12.151397779230969,1695.4795950760456,0.0,
m4_yearly,m4_yearly,Y16136,34,yearly,1,,0.0,1.0,0.817752,0.0,0.982559,trend,TSM1,ok,-2.1097713680933046,534.3692326612662,3.59,
m4_yearly,m4_yearly,Y16136,34,yearly,1,,0.0,1.0,0.817752,0.0,0.982559,trend,TSM2,ok,-1.2840332874949556,667.9372256445508,0.54,
m4_yearly,m4_yearly,Y16136,34,yearly,1,,0.0,1.0,0.817752,0.0,0.982559,trend,TSM4,ok,-3.6514184263807765,949.6341913811705,0.01,
m4_yearly,m4_yearly,Y16136,34,yearly,1,,0.0,1.0,0.817752,0.0,0.982559,trend,TSM5,ok,-1.4740676338666256,674.5406960011842,0.01,
m4_yearly,m4_yearly,Y1725,35,yearly,1,,0.0,1.0,0.951157,0.0,0.999686,trend,NAIVE-LAST,ok,0.5139636040994844,448.0,0.01,
m4_yearly,m4_yearly,Y1725,35,yearly,1,,0.0,1.0,0.951157,0.0,0.999686,trend,NAIVE-AVERAGE,ok,-24.90066705392586,3575.6611430842763,0.0,
m4_yearly,m4_yearly,Y1725,35,yearly,1,,0.0,1.0,0.951157,0.0,0.999686,trend,TSM1,ok,0.9582576582252997,122.94839395004469,4.78,
m4_yearly,m4_yearly,Y1725,35,yearly,1,,0.0,1.0,0.951157,0.0,0.999686,trend,TSM2,ok,0.9525943359409643,132.8569253008023,0.55,
m4_yearly,m4_yearly,Y1725,35,yearly,1,,0.0,1.0,0.951157,0.0,0.999686,trend,TSM4,ok,-6.486060225502723,1885.2864655852864,0.01,
m4_yearly,m4_yearly,Y1725,35,yearly,1,,0.0,1.0,0.951157,0.0,0.999686,trend,TSM5,ok,-2.7792547857740777,1316.4821239012972,0.01,
m4_yearly,m4_yearly,Y18267,21,yearly,1,,0.0,1.0,0.142556,0.0,0.995778,trend,NAIVE-LAST,ok,-3.9990200850265816,478.38888888888886,0.0,
m4_yearly,m4_yearly,Y18267,21,yearly,1,,0.0,1.0,0.142556,0.0,0.995778,trend,NAIVE-AVERAGE,ok,-188.5270012726662,3075.3232990538395,0.01,
m4_yearly,m4_yearly,Y18267,21,yearly,1,,0.0,1.0,0.142556,0.0,0.995778,trend,TSM1,ok,-1.1253946006770468,263.39035781140745,3.44,
m4_yearly,m4_yearly,Y18267,21,yearly,1,,0.0,1.0,0.142556,0.0,0.995778,trend,TSM2,ok,-0.9243284118389058,248.3095462277097,0.41,
m4_yearly,m4_yearly,Y18267,21,yearly,1,,0.0,1.0,0.142556,0.0,0.995778,trend,TSM4,ok,-109.78864897909283,2350.7596632255354,0.0,
m4_yearly,m4_yearly,Y18267,21,yearly,1,,0.0,1.0,0.142556,0.0,0.995778,trend,TSM5,ok,-36.20143902774395,1343.1563809027427,0.01,
m4_yearly,m4_yearly,Y20401,37,yearly,1,,0.0,1.0,0.283642,0.0,0.980299,trend,NAIVE-LAST,ok,-3.987062452775236,865.5416666666665,0.0,
m4_yearly,m4_yearly,Y20401,37,yearly,1,,0.0,1.0,0.283642,0.0,0.980299,trend,NAIVE-AVERAGE,ok,-37.359547815296665,4094.0675585393556,0.01,
m4_yearly,m4_yearly,Y20401,37,yearly,1,,0.0,1.0,0.283642,0.0,0.980299,trend,TSM1,ok,-6.530414161666388,878.1949251698951,4.66,
m4_yearly,m4_yearly,Y20401,37,yearly,1,,0.0,1.0,0.283642,0.0,0.980299,trend,TSM2,ok,-7.637538292366281,923.7170972548163,0.55,
m4_yearly,m4_yearly,Y20401,37,yearly,1,,0.0,1.0,0.283642,0.0,0.980299,trend,TSM4,ok,-8.25449401543163,2169.1609228238476,0.01,
m4_yearly,m4_yearly,Y20401,37,yearly,1,,0.0,1.0,0.283642,0.0,0.980299,trend,TSM5,ok,-3.665914734797748,1457.8659480053057,0.01,
m4_yearly,m4_yearly,Y2057,35,yearly,1,,0.0,1.0,0.49615,0.0,0.999255,trend,NAIVE-LAST,ok,0.28196243286497147,357.36,0.01,
m4_yearly,m4_yearly,Y2057,35,yearly,1,,0.0,1.0,0.49615,0.0,0.999255,trend,NAIVE-AVERAGE,ok,-61.714621792092586,3071.384765087619,0.01,
m4_yearly,m4_yearly,Y2057,35,yearly,1,,0.0,1.0,0.49615,0.0,0.999255,trend,TSM1,ok,0.5534805988875524,184.422872507558,5.81,
m4_yearly,m4_yearly,Y2057,35,yearly,1,,0.0,1.0,0.49615,0.0,0.999255,trend,TSM2,ok,-0.31681965657835337,335.5454596652263,0.8,
m4_yearly,m4_yearly,Y2057,35,yearly,1,,0.0,1.0,0.49615,0.0,0.999255,trend,TSM4,ok,-14.404819142098336,1682.2947777073896,0.01,
m4_yearly,m4_yearly,Y2057,35,yearly,1,,0.0,1.0,0.49615,0.0,0.999255,trend,TSM5,ok,-4.07240263841937,1029.1345416422384,0.01,
m4_yearly,m4_yearly,Y22900,25,yearly,1,,0.0,1.0,0.088349,0.0,0.978364,trend,NAIVE-LAST,ok,-0.7269424273121593,492.8333333333333,0.0,
m4_yearly,m4_yearly,Y22900,25,yearly,1,,0.0,1.0,0.088349,0.0,0.978364,trend,NAIVE-AVERAGE,ok,-32.873413789532634,2059.424835702049,0.0,
m4_yearly,m4_yearly,Y22900,25,yearly,1,,0.0,1.0,0.088349,0.0,0.978364,trend,TSM1,ok,-1.714164612786827,554.279557352025,3.51,
m4_yearly,m4_yearly,Y22900,25,yearly,1,,0.0,1.0,0.088349,0.0,0.978364,trend,TSM2,ok,-5.022459062596243,703.1071039629945,0.47,
m4_yearly,m4_yearly,Y22900,25,yearly,1,,0.0,1.0,0.088349,0.0,0.978364,trend,TSM4,ok,-14.4161876484136,1450.956340196806,0.01,
m4_yearly,m4_yearly,Y22900,25,yearly,1,,0.0,1.0,0.088349,0.0,0.978364,trend,TSM5,ok,-3.0695970191849202,744.2538160395743,0.0,
m4_yearly,m4_yearly,Y3668,56,yearly,1,,0.0,1.0,0.166833,0.0,0.997184,trend,NAIVE-LAST,ok,0.2093111773709059,243.13555555555544,0.0,
m4_yearly,m4_yearly,Y3668,56,yearly,1,,0.0,1.0,0.166833,0.0,0.997184,trend,NAIVE-AVERAGE,ok,-60.07812288366404,2503.2611629299686,0.01,
m4_yearly,m4_yearly,Y3668,56,yearly,1,,0.0,1.0,0.166833,0.0,0.997184,trend,TSM1,ok,-0.0741865646274233,264.1650438305269,5.72,
m4_yearly,m4_yearly,Y3668,56,yearly,1,,0.0,1.0,0.166833,0.0,0.997184,trend,TSM2,ok,0.17585292292288113,200.29191037282922,0.68,
m4_yearly,m4_yearly,Y3668,56,yearly,1,,0.0,1.0,0.166833,0.0,0.997184,trend,TSM4,ok,-11.220513843016477,1292.2655429229678,0.01,
m4_yearly,m4_yearly,Y3668,56,yearly,1,,0.0,1.0,0.166833,0.0,0.997184,trend,TSM5,ok,-0.7631008033554901,495.73941260820976,0.01,
m4_yearly,m4_yearly,Y5052,46,yearly,1,,0.0,1.0,0.272648,0.0,0.9952,trend,NAIVE-LAST,ok,0.2628569711525566,219.19171428571423,0.01,
m4_yearly,m4_yearly,Y5052,46,yearly,1,,0.0,1.0,0.272648,0.0,0.9952,trend,NAIVE-AVERAGE,ok,-41.80186450161463,2073.8027040471034,0.0,
m4_yearly,m4_yearly,Y5052,46,yearly,1,,0.0,1.0,0.272648,0.0,0.9952,trend,TSM1,ok,0.5308164439970049,179.76874651004044,6.41,
m4_yearly,m4_yearly,Y5052,46,yearly,1,,0.0,1.0,0.272648,0.0,0.9952,trend,TSM2,ok,0.031819405270964565,282.6035066784046,1.04,
m4_yearly,m4_yearly,Y5052,46,yearly,1,,0.0,1.0,0.272648,0.0,0.9952,trend,TSM4,ok,-11.121568637383145,1117.566595590935,0.01,
m4_yearly,m4_yearly,Y5052,46,yearly,1,,0.0,1.0,0.272648,0.0,0.9952,trend,TSM5,ok,-1.7485875796258195,515.951936996091,0.01,
m4_yearly,m4_yearly,Y5607,46,yearly,1,,0.0,1.0,0.549618,0.0,0.999453,trend,NAIVE-LAST,ok,0.6960688174316438,209.4710800000001,0.01,
m4_yearly,m4_yearly,Y5607,46,yearly,1,,0.0,1.0,0.549618,0.0,0.999453,trend,NAIVE-AVERAGE,ok,-38.92407167002542,2359.6864397363256,0.01,
m4_yearly,m4_yearly,Y5607,46,yearly,1,,0.0,1.0,0.549618,0.0,0.999453,trend,TSM1,ok,0.8712582104644684,106.1550301669834,4.81,
m4_yearly,m4_yearly,Y5607,46,yearly,1,,0.0,1.0,0.549618,0.0,0.999453,trend,TSM2,ok,0.8635997798488233,107.98436580426247,0.73,
m4_yearly,m4_yearly,Y5607,46,yearly,1,,0.0,1.0,0.549618,0.0,0.999453,trend,TSM4,ok,-7.060434318492051,1116.5929951163614,0.0,
m4_yearly,m4_yearly,Y5607,46,yearly,1,,0.0,1.0,0.549618,0.0,0.999453,trend,TSM5,ok,-1.3775894460455764,612.5895021377562,0.01,
m4_yearly,m4_yearly,Y7267,46,yearly,1,,0.0,1.0,0.680148,0.0,0.999712,trend,NAIVE-LAST,ok,0.6950777963317598,506.9908571428571,0.01,
m4_yearly,m4_yearly,Y7267,46,yearly,1,,0.0,1.0,0.680148,0.0,0.999712,trend,NAIVE-AVERAGE,ok,-34.704649996772574,5708.5088074546165,0.01,
m4_yearly,m4_yearly,Y7267,46,yearly,1,,0.0,1.0,0.680148,0.0,0.999712,trend,TSM1,ok,0.9230089092093074,253.93220697442985,5.22,
m4_yearly,m4_yearly,Y7267,46,yearly,1,,0.0,1.0,0.680148,0.0,0.999712,trend,TSM2,ok,0.9289557728760005,221.41643482021308,0.61,
m4_yearly,m4_yearly,Y7267,46,yearly,1,,0.0,1.0,0.680148,0.0,0.999712,trend,TSM4,ok,-6.850906542367197,2714.897861856049,0.01,
m4_yearly,m4_yearly,Y7267,46,yearly,1,,0.0,1.0,0.680148,0.0,0.999712,trend,TSM5,ok,-1.7252395213764067,1588.2333947166912,0.01,
m4_yearly,m4_yearly,Y7502,46,yearly,1,,0.0,1.0,0.497809,0.0,0.999128,trend,NAIVE-LAST,ok,0.6671279940092213,159.8282857142857,0.0,
m4_yearly,m4_yearly,Y7502,46,yearly,1,,0.0,1.0,0.497809,0.0,0.999128,trend,NAIVE-AVERAGE,ok,-34.891437782392636,1827.0336281158204,0.0,
m4_yearly,m4_yearly,Y7502,46,yearly,1,,0.0,1.0,0.497809,0.0,0.999128,trend,TSM1,ok,0.8774785309648812,84.03761470914424,4.94,
m4_yearly,m4_yearly,Y7502,46,yearly,1,,0.0,1.0,0.497809,0.0,0.999128,trend,TSM2,ok,0.892256132669998,75.98713090173189,0.81,
m4_yearly,m4_yearly,Y7502,46,yearly,1,,0.0,1.0,0.497809,0.0,0.999128,trend,TSM4,ok,-7.544589257849776,895.3922772421713,0.01,
m4_yearly,m4_yearly,Y7502,46,yearly,1,,0.0,1.0,0.497809,0.0,0.999128,trend,TSM5,ok,-1.5812463064734619,486.12899114937215,0.01,
m4_yearly,m4_yearly,Y9439,88,yearly,1,,0.0,1.0,0.053169,0.0,0.996134,trend,NAIVE-LAST,ok,0.7453214457561227,148.15795714285724,0.01,
m4_yearly,m4_yearly,Y9439,88,yearly,1,,0.0,1.0,0.053169,0.0,0.996134,trend,NAIVE-AVERAGE,ok,-59.770639733469025,1979.7182566391705,0.01,
m4_yearly,m4_yearly,Y9439,88,yearly,1,,0.0,1.0,0.053169,0.0,0.996134,trend,TSM1,ok,0.7463323815501554,143.74636884700354,5.63,
m4_yearly,m4_yearly,Y9439,88,yearly,1,,0.0,1.0,0.053169,0.0,0.996134,trend,TSM2,ok,0.623416761165168,154.1343837765911,0.64,
m4_yearly,m4_yearly,Y9439,88,yearly,1,,0.0,1.0,0.053169,0.0,0.996134,trend,TSM4,ok,-10.24214440884022,1146.4615425529585,0.01,
m4_yearly,m4_yearly,Y9439,88,yearly,1,,0.0,1.0,0.053169,0.0,0.996134,trend,TSM5,ok,0.1113403698713921,343.98369355080615,0.02,
m4_yearly,m4_yearly,Y9887,21,yearly,1,,0.0,1.0,0.041936,0.0,0.968097,trend,NAIVE-LAST,ok,-1.5,155.55555555555557,0.0,
m4_yearly,m4_yearly,Y9887,21,yearly,1,,0.0,1.0,0.041936,0.0,0.968097,trend,NAIVE-AVERAGE,ok,-55.07543378002023,627.8683127922035,0.0,
m4_yearly,m4_yearly,Y9887,21,yearly,1,,0.0,1.0,0.041936,0.0,0.968097,trend,TSM1,ok,-1.5,155.55555555555557,2.84,
m4_yearly,m4_yearly,Y9887,21,yearly,1,,0.0,1.0,0.041936,0.0,0.968097,trend,TSM2,ok,-1.499653033716534,155.5500191134828,0.32,
m4_yearly,m4_yearly,Y9887,21,yearly,1,,0.0,1.0,0.041936,0.0,0.968097,trend,TSM4,ok,-3.0521651662654157,155.95430020451442,0.01,
m4_yearly,m4_yearly,Y9887,21,yearly,1,,0.0,1.0,0.041936,0.0,0.968097,trend,TSM5,ok,-1.85190338812944,161.74252430864632,0.01,
m4_quarterly,m4_quarterly,Q12358,96,quarterly,4,4,0.0,1.0,0.018606,0.32178,0.888448,trend,NAIVE-LAST,ok,-0.809639380402299,89.000792625,0.01,
m4_quarterly,m4_quarterly,Q12358,96,quarterly,4,4,0.0,1.0,0.018606,0.32178,0.888448,trend,NAIVE-AVERAGE,ok,-3.3264898005868617,131.69236699435638,0.0,
m4_quarterly,m4_quarterly,Q12358,96,quarterly,4,4,0.0,1.0,0.018606,0.32178,0.888448,trend,NAIVE-SEASON,ok,-0.37462096972856296,76.36275745,0.0,
m4_quarterly,m4_quarterly,Q12358,96,quarterly,4,4,0.0,1.0,0.018606,0.32178,0.888448,trend,TSM1,ok,-0.08348073664483861,68.52519010815806,5.08,
m4_quarterly,m4_quarterly,Q12358,96,quarterly,4,4,0.0,1.0,0.018606,0.32178,0.888448,trend,TSM2,ok,-0.06851055756298288,69.7971423771873,5.16,
m4_quarterly,m4_quarterly,Q12358,96,quarterly,4,4,0.0,1.0,0.018606,0.32178,0.888448,trend,TSM4,ok,-1.8447680231162367,113.27584040963316,0.01,
m4_quarterly,m4_quarterly,Q12358,96,quarterly,4,4,0.0,1.0,0.018606,0.32178,0.888448,trend,TSM5,ok,-0.07554789652156632,67.85065890327327,0.02,
m4_quarterly,m4_quarterly,Q13466,89,quarterly,4,4,0.0,1.0,0.108254,0.194494,0.999803,trend,NAIVE-LAST,ok,0.8953481901095074,99.46514902791357,0.0,
m4_quarterly,m4_quarterly,Q13466,89,quarterly,4,4,0.0,1.0,0.108254,0.194494,0.999803,trend,NAIVE-AVERAGE,ok,-44.133895799175136,2220.321615295775,0.0,
m4_quarterly,m4_quarterly,Q13466,89,quarterly,4,4,0.0,1.0,0.108254,0.194494,0.999803,trend,NAIVE-SEASON,ok,-0.29695257549878773,380.8069522400153,0.01,
m4_quarterly,m4_quarterly,Q13466,89,quarterly,4,4,0.0,1.0,0.108254,0.194494,0.999803,trend,TSM1,ok,-629577362.1051261,4375440.63454164,6.72,
m4_quarterly,m4_quarterly,Q13466,89,quarterly,4,4,0.0,1.0,0.108254,0.194494,0.999803,trend,TSM2,ok,0.9629979670380049,54.51931747143328,3.92,
m4_quarterly,m4_quarterly,Q13466,89,quarterly,4,4,0.0,1.0,0.108254,0.194494,0.999803,trend,TSM4,ok,-12.092754345849468,1237.8271206079226,0.02,
m4_quarterly,m4_quarterly,Q13466,89,quarterly,4,4,0.0,1.0,0.108254,0.194494,0.999803,trend,TSM5,ok,0.1627711481761007,314.06417005130913,0.03,
m4_quarterly,m4_quarterly,Q15067,66,quarterly,4,4,0.0,1.0,0.026734,0.047644,0.985847,trend,NAIVE-LAST,ok,0.1462295629984685,26.872727272727275,0.01,
m4_quarterly,m4_quarterly,Q15067,66,quarterly,4,4,0.0,1.0,0.026734,0.047644,0.985847,trend,NAIVE-AVERAGE,ok,-18.822795098851298,162.89222010472287,0.01,
m4_quarterly,m4_quarterly,Q15067,66,quarterly,4,4,0.0,1.0,0.026734,0.047644,0.985847,trend,NAIVE-SEASON,ok,-2.319626492555421,55.490909090909085,0.01,
m4_quarterly,m4_quarterly,Q15067,66,quarterly,4,4,0.0,1.0,0.026734,0.047644,0.985847,trend,TSM1,ok,-0.022268814131135108,34.68834991845695,4.68,
m4_quarterly,m4_quarterly,Q15067,66,quarterly,4,4,0.0,1.0,0.026734,0.047644,0.985847,trend,TSM2,ok,0.041028685232186037,29.64856533482822,2.52,
m4_quarterly,m4_quarterly,Q15067,66,quarterly,4,4,0.0,1.0,0.026734,0.047644,0.985847,trend,TSM4,ok,-20.13939707589894,156.2610662229415,0.01,
m4_quarterly,m4_quarterly,Q15067,66,quarterly,4,4,0.0,1.0,0.026734,0.047644,0.985847,trend,TSM5,ok,-0.9241073064475975,43.2112854304311,0.01,
m4_quarterly,m4_quarterly,Q14284,92,quarterly,4,4,0.0,1.0,0.039113,0.036675,0.986036,trend,NAIVE-LAST,ok,0.45844834294958725,30.573333333333334,0.0,
m4_quarterly,m4_quarterly,Q14284,92,quarterly,4,4,0.0,1.0,0.039113,0.036675,0.986036,trend,NAIVE-AVERAGE,ok,-14.041312115248957,192.0396647122372,0.01,
m4_quarterly,m4_quarterly,Q14284,92,quarterly,4,4,0.0,1.0,0.039113,0.036675,0.986036,trend,NAIVE-SEASON,ok,-0.7634369783738627,66.17333333333333,0.01,
m4_quarterly,m4_quarterly,Q14284,92,quarterly,4,4,0.0,1.0,0.039113,0.036675,0.986036,trend,TSM1,ok,0.3350506435667892,33.74401404081816,5.9,
m4_quarterly,m4_quarterly,Q14284,92,quarterly,4,4,0.0,1.0,0.039113,0.036675,0.986036,trend,TSM2,ok,0.0995452632953255,38.03097962283616,4.15,
m4_quarterly,m4_quarterly,Q14284,92,quarterly,4,4,0.0,1.0,0.039113,0.036675,0.986036,trend,TSM4,ok,-5.9421094956370775,130.23964951987418,0.01,
m4_quarterly,m4_quarterly,Q14284,92,quarterly,4,4,0.0,1.0,0.039113,0.036675,0.986036,trend,TSM5,ok,0.19796606713831189,44.843410118175804,0.02,
m4_quarterly,m4_quarterly,Q15154,129,quarterly,4,4,0.0,1.0,0.011198,0.043702,0.970347,trend,NAIVE-LAST,ok,0.26716232109278326,84.56438345714287,0.01,
m4_quarterly,m4_quarterly,Q15154,129,quarterly,4,4,0.0,1.0,0.011198,0.043702,0.970347,trend,NAIVE-AVERAGE,ok,-6.847343297451999,307.37698116787976,0.0,
m4_quarterly,m4_quarterly,Q15154,129,quarterly,4,4,0.0,1.0,0.011198,0.043702,0.970347,trend,NAIVE-SEASON,ok,-0.31252182591021593,118.03909681904761,0.0,
m4_quarterly,m4_quarterly,Q15154,129,quarterly,4,4,0.0,1.0,0.011198,0.043702,0.970347,trend,TSM1,ok,-0.15258791898550556,104.27382587568097,4.02,
m4_quarterly,m4_quarterly,Q15154,129,quarterly,4,4,0.0,1.0,0.011198,0.043702,0.970347,trend,TSM2,ok,-0.4447642480939383,115.07998924382375,5.55,
m4_quarterly,m4_quarterly,Q15154,129,quarterly,4,4,0.0,1.0,0.011198,0.043702,0.970347,trend,TSM4,ok,-2.9724949756552794,231.10155513464656,0.01,
m4_quarterly,m4_quarterly,Q15154,129,quarterly,4,4,0.0,1.0,0.011198,0.043702,0.970347,trend,TSM5,ok,-0.07882028739259887,103.04555779430761,0.02,
m4_quarterly,m4_quarterly,Q16154,130,quarterly,4,4,0.0,1.0,0.00516,0.005184,0.748229,trend,NAIVE-LAST,ok,-0.14424874075955632,391.0190476190476,0.0,
m4_quarterly,m4_quarterly,Q16154,130,quarterly,4,4,0.0,1.0,0.00516,0.005184,0.748229,trend,NAIVE-AVERAGE,ok,-1.1146761958262155,559.0931705440632,0.0,
m4_quarterly,m4_quarterly,Q16154,130,quarterly,4,4,0.0,1.0,0.00516,0.005184,0.748229,trend,NAIVE-SEASON,ok,-1.1378001418253263,559.6761904761904,0.0,
m4_quarterly,m4_quarterly,Q16154,130,quarterly,4,4,0.0,1.0,0.00516,0.005184,0.748229,trend,TSM1,ok,-0.5102848878928012,413.4391347198517,3.49,
m4_quarterly,m4_quarterly,Q16154,130,quarterly,4,4,0.0,1.0,0.00516,0.005184,0.748229,trend,TSM2,ok,-0.5170287668994143,424.16150366332056,4.89,
m4_quarterly,m4_quarterly,Q16154,130,quarterly,4,4,0.0,1.0,0.00516,0.005184,0.748229,trend,TSM4,ok,-1.4753538561982429,549.968067254578,0.01,
m4_quarterly,m4_quarterly,Q16154,130,quarterly,4,4,0.0,1.0,0.00516,0.005184,0.748229,trend,TSM5,ok,-0.1819821253586434,388.2096939670854,0.02,
m4_quarterly,m4_quarterly,Q18152,79,quarterly,4,4,0.0,1.0,0.033081,0.049557,0.435921,level,NAIVE-LAST,ok,-0.9791784119798974,718.4615384615385,0.01,
m4_quarterly,m4_quarterly,Q18152,79,quarterly,4,4,0.0,1.0,0.033081,0.049557,0.435921,level,NAIVE-AVERAGE,ok,-0.3984912792090326,662.1097867912988,0.01,
m4_quarterly,m4_quarterly,Q18152,79,quarterly,4,4,0.0,1.0,0.033081,0.049557,0.435921,level,NAIVE-SEASON,ok,-1.0555479837484993,826.1538461538461,0.01,
m4_quarterly,m4_quarterly,Q18152,79,quarterly,4,4,0.0,1.0,0.033081,0.049557,0.435921,level,TSM1,ok,-0.5579662469110318,679.4423887516825,3.16,
m4_quarterly,m4_quarterly,Q18152,79,quarterly,4,4,0.0,1.0,0.033081,0.049557,0.435921,level,TSM2,ok,-0.598172038039015,682.8247113713959,4.66,
m4_quarterly,m4_quarterly,Q18152,79,quarterly,4,4,0.0,1.0,0.033081,0.049557,0.435921,level,TSM4,ok,-0.32233877415103196,640.0699851252479,0.02,
m4_quarterly,m4_quarterly,Q18152,79,quarterly,4,4,0.0,1.0,0.033081,0.049557,0.435921,level,TSM5,ok,-0.37051510796031056,647.2969988018746,0.02,
m4_quarterly,m4_quarterly,Q18013,55,quarterly,4,4,0.0,1.0,0.022206,0.232338,0.971615,trend,NAIVE-LAST,ok,0.02010403512135439,202.66666666666666,0.01,
m4_quarterly,m4_quarterly,Q18013,55,quarterly,4,4,0.0,1.0,0.022206,0.232338,0.971615,trend,NAIVE-AVERAGE,ok,-11.651158171822141,827.7484334574544,0.0,
m4_quarterly,m4_quarterly,Q18013,55,quarterly,4,4,0.0,1.0,0.022206,0.232338,0.971615,trend,NAIVE-SEASON,ok,-0.9369047003038965,312.2222222222222,0.01,
m4_quarterly,m4_quarterly,Q18013,55,quarterly,4,4,0.0,1.0,0.022206,0.232338,0.971615,trend,TSM1,ok,-0.10604341055616107,217.78046009572176,4.66,
m4_quarterly,m4_quarterly,Q18013,55,quarterly,4,4,0.0,1.0,0.022206,0.232338,0.971615,trend,TSM2,ok,-1.3240623686985065,325.9391761994474,5.0,
m4_quarterly,m4_quarterly,Q18013,55,quarterly,4,4,0.0,1.0,0.022206,0.232338,0.971615,trend,TSM4,ok,-1.7569234219291563,357.69103280831905,0.01,
m4_quarterly,m4_quarterly,Q18013,55,quarterly,4,4,0.0,1.0,0.022206,0.232338,0.971615,trend,TSM5,ok,-0.5076250037250095,272.01612917966753,0.02,
m4_quarterly,m4_quarterly,Q183,63,quarterly,4,4,0.0,1.0,0.012187,0.806627,0.999778,seasonal-trend,NAIVE-LAST,ok,0.796898333879508,6.76,0.01,
m4_quarterly,m4_quarterly,Q183,63,quarterly,4,4,0.0,1.0,0.012187,0.806627,0.999778,seasonal-trend,NAIVE-AVERAGE,ok,-66.80750335884659,129.0477589690921,0.0,
m4_quarterly,m4_quarterly,Q183,63,quarterly,4,4,0.0,1.0,0.012187,0.806627,0.999778,seasonal-trend,NAIVE-SEASON,ok,-0.7803493038478628,25.5,0.0,
m4_quarterly,m4_quarterly,Q183,63,quarterly,4,4,0.0,1.0,0.012187,0.806627,0.999778,seasonal-trend,TSM1,ok,0.8952843823958817,4.977121574428767,7.0,
m4_quarterly,m4_quarterly,Q183,63,quarterly,4,4,0.0,1.0,0.012187,0.806627,0.999778,seasonal-trend,TSM2,ok,0.9160560642219645,4.1053908392683205,4.0,
m4_quarterly,m4_quarterly,Q183,63,quarterly,4,4,0.0,1.0,0.012187,0.806627,0.999778,seasonal-trend,TSM4,ok,-43.576929743260784,118.74077339294351,0.01,
m4_quarterly,m4_quarterly,Q183,63,quarterly,4,4,0.0,1.0,0.012187,0.806627,0.999778,seasonal-trend,TSM5,ok,-0.29277577374152497,21.291606323594937,0.01,
m4_quarterly,m4_quarterly,Q19170,111,quarterly,4,4,0.0,1.0,0.627012,0.650105,0.759093,seasonal-trend,NAIVE-LAST,ok,-0.9531846760100603,916.2588888888889,0.01,
m4_quarterly,m4_quarterly,Q19170,111,quarterly,4,4,0.0,1.0,0.627012,0.650105,0.759093,seasonal-trend,NAIVE-AVERAGE,ok,-3.7383312315270487,1086.8400555960693,0.01,
m4_quarterly,m4_quarterly,Q19170,111,quarterly,4,4,0.0,1.0,0.627012,0.650105,0.759093,seasonal-trend,NAIVE-SEASON,ok,0.20365092230561452,314.0866666666667,0.01,
m4_quarterly,m4_quarterly,Q19170,111,quarterly,4,4,0.0,1.0,0.627012,0.650105,0.759093,seasonal-trend,TSM1,ok,-2.720563878164959,921.0436940357051,5.09,
m4_quarterly,m4_quarterly,Q19170,111,quarterly,4,4,0.0,1.0,0.627012,0.650105,0.759093,seasonal-trend,TSM2,ok,0.638387189157066,255.00959177652894,6.07,
m4_quarterly,m4_quarterly,Q19170,111,quarterly,4,4,0.0,1.0,0.627012,0.650105,0.759093,seasonal-trend,TSM4,ok,-0.834450466438423,789.2347892250198,0.02,
m4_quarterly,m4_quarterly,Q19170,111,quarterly,4,4,0.0,1.0,0.627012,0.650105,0.759093,seasonal-trend,TSM5,ok,-2.377781005391658,943.620370010439,0.02,
m4_quarterly,m4_quarterly,Q20154,200,quarterly,4,4,0.0,1.0,0.239342,0.702281,0.980234,seasonal-trend,NAIVE-LAST,ok,-0.03712898407643992,627.6696969696969,0.01,
m4_quarterly,m4_quarterly,Q20154,200,quarterly,4,4,0.0,1.0,0.239342,0.702281,0.980234,seasonal-trend,NAIVE-AVERAGE,ok,-5.8052432097682605,1833.8866001511506,0.01,
m4_quarterly,m4_quarterly,Q20154,200,quarterly,4,4,0.0,1.0,0.239342,0.702281,0.980234,seasonal-trend,NAIVE-SEASON,ok,0.4651507729368408,411.2193939393939,0.01,
m4_quarterly,m4_quarterly,Q20154,200,quarterly,4,4,0.0,1.0,0.239342,0.702281,0.980234,seasonal-trend,TSM1,ok,0.5560160873883153,379.4225177868335,5.36,
m4_quarterly,m4_quarterly,Q20154,200,quarterly,4,4,0.0,1.0,0.239342,0.702281,0.980234,seasonal-trend,TSM2,ok,0.6978279846374843,316.96537187138557,5.89,
m4_quarterly,m4_quarterly,Q20154,200,quarterly,4,4,0.0,1.0,0.239342,0.702281,0.980234,seasonal-trend,TSM4,ok,-0.423781076360117,774.1040974643407,0.01,
m4_quarterly,m4_quarterly,Q20154,200,quarterly,4,4,0.0,1.0,0.239342,0.702281,0.980234,seasonal-trend,TSM5,ok,0.17364431513895212,558.560587355152,0.02,
m4_quarterly,m4_quarterly,Q21426,104,quarterly,4,4,0.0,1.0,0.05464,0.358159,0.987046,trend,NAIVE-LAST,ok,0.04089338934434792,146.0532359529412,0.01,
m4_quarterly,m4_quarterly,Q21426,104,quarterly,4,4,0.0,1.0,0.05464,0.358159,0.987046,trend,NAIVE-AVERAGE,ok,-16.403632513317653,763.9368397953565,0.01,
m4_quarterly,m4_quarterly,Q21426,104,quarterly,4,4,0.0,1.0,0.05464,0.358159,0.987046,trend,NAIVE-SEASON,ok,-0.14506412674353433,164.7644743411765,0.01,
m4_quarterly,m4_quarterly,Q21426,104,quarterly,4,4,0.0,1.0,0.05464,0.358159,0.987046,trend,TSM1,ok,0.12042155371985455,138.7229060822764,6.83,
m4_quarterly,m4_quarterly,Q21426,104,quarterly,4,4,0.0,1.0,0.05464,0.358159,0.987046,trend,TSM2,ok,0.3768523279215379,115.30827541888507,5.14,
m4_quarterly,m4_quarterly,Q21426,104,quarterly,4,4,0.0,1.0,0.05464,0.358159,0.987046,trend,TSM4,ok,-4.935213053367052,414.07545323120456,0.01,
m4_quarterly,m4_quarterly,Q21426,104,quarterly,4,4,0.0,1.0,0.05464,0.358159,0.987046,trend,TSM5,ok,0.1272681848323363,137.2146332383731,0.02,
m4_quarterly,m4_quarterly,Q22223,145,quarterly,4,4,0.0,1.0,0.062603,0.036528,0.965789,trend,NAIVE-LAST,ok,0.5827800362095283,72.99416666666666,0.01,
m4_quarterly,m4_quarterly,Q22223,145,quarterly,4,4,0.0,1.0,0.062603,0.036528,0.965789,trend,NAIVE-AVERAGE,ok,-4.837942979656907,251.6150202080637,0.01,
m4_quarterly,m4_quarterly,Q22223,145,quarterly,4,4,0.0,1.0,0.062603,0.036528,0.965789,trend,NAIVE-SEASON,ok,-0.570945274189185,135.6325,0.01,
m4_quarterly,m4_quarterly,Q22223,145,quarterly,4,4,0.0,1.0,0.062603,0.036528,0.965789,trend,TSM1,ok,0.5827800362095282,72.99416666666664,6.11,
m4_quarterly,m4_quarterly,Q22223,145,quarterly,4,4,0.0,1.0,0.062603,0.036528,0.965789,trend,TSM2,ok,0.5827184105283714,72.99719242765423,3.45,
m4_quarterly,m4_quarterly,Q22223,145,quarterly,4,4,0.0,1.0,0.062603,0.036528,0.965789,trend,TSM4,ok,-0.9585765654586897,158.8879841558592,0.01,
m4_quarterly,m4_quarterly,Q22223,145,quarterly,4,4,0.0,1.0,0.062603,0.036528,0.965789,trend,TSM5,ok,0.22918412919651704,95.21776608504061,0.02,
m4_quarterly,m4_quarterly,Q22693,122,quarterly,4,4,0.0,1.0,0.450824,0.379285,0.97902,trend,NAIVE-LAST,ok,0.278323524824999,1027.66,0.0,
m4_quarterly,m4_quarterly,Q22693,122,quarterly,4,4,0.0,1.0,0.450824,0.379285,0.97902,trend,NAIVE-AVERAGE,ok,-8.784986039981012,4469.375670324821,0.01,
m4_quarterly,m4_quarterly,Q22693,122,quarterly,4,4,0.0,1.0,0.450824,0.379285,0.97902,trend,NAIVE-SEASON,ok,0.22851570455548026,1054.3600000000001,0.01,
m4_quarterly,m4_quarterly,Q22693,122,quarterly,4,4,0.0,1.0,0.450824,0.379285,0.97902,trend,TSM1,ok,0.4756764046609231,899.829348443663,5.2,
m4_quarterly,m4_quarterly,Q22693,122,quarterly,4,4,0.0,1.0,0.450824,0.379285,0.97902,trend,TSM2,ok,0.4569009223120094,853.082726834248,3.93,
m4_quarterly,m4_quarterly,Q22693,122,quarterly,4,4,0.0,1.0,0.450824,0.379285,0.97902,trend,TSM4,ok,-0.9518826645979683,1542.316239622474,0.01,
m4_quarterly,m4_quarterly,Q22693,122,quarterly,4,4,0.0,1.0,0.450824,0.379285,0.97902,trend,TSM5,ok,0.3195110235177171,992.9155149488437,0.02,
m4_quarterly,m4_quarterly,Q23358,59,quarterly,4,4,0.0,1.0,0.045774,0.134629,0.924218,trend,NAIVE-LAST,ok,0.43100889177411555,75.32666666666665,0.01,
m4_quarterly,m4_quarterly,Q23358,59,quarterly,4,4,0.0,1.0,0.045774,0.134629,0.924218,trend,NAIVE-AVERAGE,ok,-7.0640865549335645,226.15298378663346,0.01,
m4_quarterly,m4_quarterly,Q23358,59,quarterly,4,4,0.0,1.0,0.045774,0.134629,0.924218,trend,NAIVE-SEASON,ok,-3.7602635463078107,208.33333333333334,0.01,
m4_quarterly,m4_quarterly,Q23358,59,quarterly,4,4,0.0,1.0,0.045774,0.134629,0.924218,trend,TSM1,ok,0.43100889177411555,75.32666666666665,4.71,
m4_quarterly,m4_quarterly,Q23358,59,quarterly,4,4,0.0,1.0,0.045774,0.134629,0.924218,trend,TSM2,ok,0.4309932245326558,75.32821115802705,4.41,
m4_quarterly,m4_quarterly,Q23358,59,quarterly,4,4,0.0,1.0,0.045774,0.134629,0.924218,trend,TSM4,ok,-4.496662504604638,238.64814783995672,0.01,
m4_quarterly,m4_quarterly,Q23358,59,quarterly,4,4,0.0,1.0,0.045774,0.134629,0.924218,trend,TSM5,ok,-0.8270205520004579,142.47036259574546,0.02,
m4_quarterly,m4_quarterly,Q26,67,quarterly,4,4,0.0,1.0,0.016968,0.656124,0.276069,seasonal,NAIVE-LAST,ok,-1.1843400334081704,1060.7272727272727,0.01,
m4_quarterly,m4_quarterly,Q26,67,quarterly,4,4,0.0,1.0,0.016968,0.656124,0.276069,seasonal,NAIVE-AVERAGE,ok,-0.19503767529311594,766.5353394753174,0.01,
m4_quarterly,m4_quarterly,Q26,67,quarterly,4,4,0.0,1.0,0.016968,0.656124,0.276069,seasonal,NAIVE-SEASON,ok,0.36342848059298144,533.2727272727273,0.01,
m4_quarterly,m4_quarterly,Q26,67,quarterly,4,4,0.0,1.0,0.016968,0.656124,0.276069,seasonal,TSM1,ok,-0.31044265126406784,768.7041348026526,4.4,
m4_quarterly,m4_quarterly,Q26,67,quarterly,4,4,0.0,1.0,0.016968,0.656124,0.276069,seasonal,TSM2,ok,0.31515889893820487,570.2932526912213,5.25,
m4_quarterly,m4_quarterly,Q26,67,quarterly,4,4,0.0,1.0,0.016968,0.656124,0.276069,seasonal,TSM4,ok,-0.19205896470964628,762.2093581693061,0.01,
m4_quarterly,m4_quarterly,Q26,67,quarterly,4,4,0.0,1.0,0.016968,0.656124,0.276069,seasonal,TSM5,ok,-0.18704307412794977,767.2658656858691,0.02,
m4_quarterly,m4_quarterly,Q3427,61,quarterly,4,4,0.0,1.0,0.946278,0.006116,0.936853,trend,NAIVE-LAST,ok,-0.13636244304114484,1782.5279999999998,0.01,
m4_quarterly,m4_quarterly,Q3427,61,quarterly,4,4,0.0,1.0,0.946278,0.006116,0.936853,trend,NAIVE-AVERAGE,ok,-3.2508996897911664,4279.393332580444,0.0,
m4_quarterly,m4_quarterly,Q3427,61,quarterly,4,4,0.0,1.0,0.946278,0.006116,0.936853,trend,NAIVE-SEASON,ok,-1.1867137745013072,2894.4019999999996,0.0,
m4_quarterly,m4_quarterly,Q3427,61,quarterly,4,4,0.0,1.0,0.946278,0.006116,0.936853,trend,TSM1,ok,-0.19556710745377995,1813.0421739372173,4.27,
m4_quarterly,m4_quarterly,Q3427,61,quarterly,4,4,0.0,1.0,0.946278,0.006116,0.936853,trend,TSM2,ok,-0.06116833633135621,1622.1682872408242,6.17,
m4_quarterly,m4_quarterly,Q3427,61,quarterly,4,4,0.0,1.0,0.946278,0.006116,0.936853,trend,TSM4,ok,-0.5361734568725478,2152.1365919541377,0.02,
m4_quarterly,m4_quarterly,Q3427,61,quarterly,4,4,0.0,1.0,0.946278,0.006116,0.936853,trend,TSM5,ok,-0.3535737883737458,1889.4987321216438,0.02,
m4_quarterly,m4_quarterly,Q3836,200,quarterly,4,4,0.0,1.0,0.177382,0.001454,0.999854,trend,NAIVE-LAST,ok,0.9366463969637453,43.769696969696966,0.01,
m4_quarterly,m4_quarterly,Q3836,200,quarterly,4,4,0.0,1.0,0.177382,0.001454,0.999854,trend,NAIVE-AVERAGE,ok,-20.386382104851016,1267.1808271460316,0.01,
m4_quarterly,m4_quarterly,Q3836,200,quarterly,4,4,0.0,1.0,0.177382,0.001454,0.999854,trend,NAIVE-SEASON,ok,0.48745763203340287,153.8181818181818,0.01,
m4_quarterly,m4_quarterly,Q3836,200,quarterly,4,4,0.0,1.0,0.177382,0.001454,0.999854,trend,TSM1,ok,0.9840485586324146,16.83607399446667,7.78,
m4_quarterly,m4_quarterly,Q3836,200,quarterly,4,4,0.0,1.0,0.177382,0.001454,0.999854,trend,TSM2,ok,0.9629444226268203,24.59112172650154,5.21,
m4_quarterly,m4_quarterly,Q3836,200,quarterly,4,4,0.0,1.0,0.177382,0.001454,0.999854,trend,TSM4,ok,-3.4663215301783765,474.72720964045067,0.02,
m4_quarterly,m4_quarterly,Q3836,200,quarterly,4,4,0.0,1.0,0.177382,0.001454,0.999854,trend,TSM5,ok,0.7267241235811854,119.03416429238356,0.04,
m4_quarterly,m4_quarterly,Q4756,56,quarterly,4,4,0.0,1.0,0.033086,0.007615,0.974225,trend,NAIVE-LAST,ok,0.5620506952288625,300.2222222222223,0.01,
m4_quarterly,m4_quarterly,Q4756,56,quarterly,4,4,0.0,1.0,0.033086,0.007615,0.974225,trend,NAIVE-AVERAGE,ok,-5.244550333854295,1106.4150830213919,0.01,
m4_quarterly,m4_quarterly,Q4756,56,quarterly,4,4,0.0,1.0,0.033086,0.007615,0.974225,trend,NAIVE-SEASON,ok,-2.9859866045791414,958.2222222222223,0.01,
m4_quarterly,m4_quarterly,Q4756,56,quarterly,4,4,0.0,1.0,0.033086,0.007615,0.974225,trend,TSM1,ok,0.6741920428014767,263.4087062382592,8.48,
m4_quarterly,m4_quarterly,Q4756,56,quarterly,4,4,0.0,1.0,0.033086,0.007615,0.974225,trend,TSM2,ok,0.6362687662818681,269.6279855703307,4.42,
m4_quarterly,m4_quarterly,Q4756,56,quarterly,4,4,0.0,1.0,0.033086,0.007615,0.974225,trend,TSM4,ok,-6.314079343310908,1126.3069635672346,0.01,
m4_quarterly,m4_quarterly,Q4756,56,quarterly,4,4,0.0,1.0,0.033086,0.007615,0.974225,trend,TSM5,ok,-1.0312176882481685,663.3925113928058,0.03,
m4_quarterly,m4_quarterly,Q8814,61,quarterly,4,4,0.0,1.0,0.389036,0.112432,0.900338,trend,NAIVE-LAST,ok,-0.6512598401718546,484.85240000000005,0.01,
m4_quarterly,m4_quarterly,Q8814,61,quarterly,4,4,0.0,1.0,0.389036,0.112432,0.900338,trend,NAIVE-AVERAGE,ok,-4.131387821478208,970.3604275548081,0.01,
m4_quarterly,m4_quarterly,Q8814,61,quarterly,4,4,0.0,1.0,0.389036,0.112432,0.900338,trend,NAIVE-SEASON,ok,-3.885908893990321,1051.251,0.01,
m4_quarterly,m4_quarterly,Q8814,61,quarterly,4,4,0.0,1.0,0.389036,0.112432,0.900338,trend,TSM1,ok,-0.6512598401718547,484.85240000000005,6.9,
m4_quarterly,m4_quarterly,Q8814,61,quarterly,4,4,0.0,1.0,0.389036,0.112432,0.900338,trend,TSM2,ok,-0.7022406593750523,498.5309969696782,5.07,
m4_quarterly,m4_quarterly,Q8814,61,quarterly,4,4,0.0,1.0,0.389036,0.112432,0.900338,trend,TSM4,ok,-1.8038490827585825,717.8546871462431,0.01,
m4_quarterly,m4_quarterly,Q8814,61,quarterly,4,4,0.0,1.0,0.389036,0.112432,0.900338,trend,TSM5,ok,-1.736723104215762,730.8224925630448,0.01,
m4_monthly,m4_monthly,M1415,200,monthly,12,12,0.0,1.0,0.004486,0.526497,0.938268,seasonal-trend,NAIVE-LAST,ok,0.703695256078672,23.169696969696968,0.0,
m4_monthly,m4_monthly,M1415,200,monthly,12,12,0.0,1.0,0.004486,0.526497,0.938268,seasonal-trend,NAIVE-AVERAGE,ok,-12.020178497585261,115.54148615787517,0.0,
m4_monthly,m4_monthly,M1415,200,monthly,12,12,0.0,1.0,0.004486,0.526497,0.938268,seasonal-trend,NAIVE-SEASON,ok,-1.534632654971687,73.47272727272727,0.02,
m4_monthly,m4_monthly,M1415,200,monthly,12,12,0.0,1.0,0.004486,0.526497,0.938268,seasonal-trend,TSM1,ok,0.715936683292967,22.45904268951861,8.17,
m4_monthly,m4_monthly,M1415,200,monthly,12,12,0.0,1.0,0.004486,0.526497,0.938268,seasonal-trend,TSM2,ok,0.7752348245621751,15.481121952538164,12.96,
m4_monthly,m4_monthly,M1415,200,monthly,12,12,0.0,1.0,0.004486,0.526497,0.938268,seasonal-trend,TSM4,ok,-5.238837601155206,104.62940304480003,0.01,
m4_monthly,m4_monthly,M1415,200,monthly,12,12,0.0,1.0,0.004486,0.526497,0.938268,seasonal-trend,TSM5,ok,0.3709967671290633,33.917535227138615,0.03,
m4_monthly,m4_monthly,M14782,200,monthly,12,12,0.0,1.0,0.795802,0.070034,0.992952,trend,NAIVE-LAST,ok,0.5246295895429862,40.942121212121215,0.01,
m4_monthly,m4_monthly,M14782,200,monthly,12,12,0.0,1.0,0.795802,0.070034,0.992952,trend,NAIVE-AVERAGE,ok,-418.1731267112792,887.2789470640995,0.0,
m4_monthly,m4_monthly,M14782,200,monthly,12,12,0.0,1.0,0.795802,0.070034,0.992952,trend,NAIVE-SEASON,ok,-20.19251571777449,239.55945454545454,0.01,
m4_monthly,m4_monthly,M14782,200,monthly,12,12,0.0,1.0,0.795802,0.070034,0.992952,trend,TSM1,ok,0.213064606516112,49.462304467994315,9.2,
m4_monthly,m4_monthly,M14782,200,monthly,12,12,0.0,1.0,0.795802,0.070034,0.992952,trend,TSM2,ok,-0.04495361136868692,53.128227870682394,20.28,
m4_monthly,m4_monthly,M14782,200,monthly,12,12,0.0,1.0,0.795802,0.070034,0.992952,trend,TSM4,ok,-1.635469637492126,104.56296023832624,0.02,
m4_monthly,m4_monthly,M14782,200,monthly,12,12,0.0,1.0,0.795802,0.070034,0.992952,trend,TSM5,ok,-0.12412836606879404,73.81219526972411,0.03,
m4_monthly,m4_monthly,M16254,200,monthly,12,12,0.0,1.0,0.048986,0.162744,0.926502,trend,NAIVE-LAST,ok,0.7518881421198467,273.009090909091,0.01,
m4_monthly,m4_monthly,M16254,200,monthly,12,12,0.0,1.0,0.048986,0.162744,0.926502,trend,NAIVE-AVERAGE,ok,-1.8158550195758465,1119.0417807874974,0.01,
m4_monthly,m4_monthly,M16254,200,monthly,12,12,0.0,1.0,0.048986,0.162744,0.926502,trend,NAIVE-SEASON,ok,-0.8713997479885671,1056.7672727272727,0.0,
m4_monthly,m4_monthly,M16254,200,monthly,12,12,0.0,1.0,0.048986,0.162744,0.926502,trend,TSM1,ok,0.7480134523118025,289.1626214919071,5.68,
m4_monthly,m4_monthly,M16254,200,monthly,12,12,0.0,1.0,0.048986,0.162744,0.926502,trend,TSM2,ok,0.6233058455702186,335.313088829972,20.52,
m4_monthly,m4_monthly,M16254,200,monthly,12,12,0.0,1.0,0.048986,0.162744,0.926502,trend,TSM4,ok,-1.2476785164030264,853.9153539101542,0.02,
m4_monthly,m4_monthly,M16254,200,monthly,12,12,0.0,1.0,0.048986,0.162744,0.926502,trend,TSM5,ok,0.6445799499782087,387.3572449607675,0.04,
m4_monthly,m4_monthly,M16922,87,monthly,12,12,0.0,1.0,0.205653,0.157169,0.629224,trend,NAIVE-LAST,ok,-0.38801649754126394,1349.3,0.02,
m4_monthly,m4_monthly,M16922,87,monthly,12,12,0.0,1.0,0.205653,0.157169,0.629224,trend,NAIVE-AVERAGE,ok,-52.95439057840379,3261.1798828081633,0.02,
m4_monthly,m4_monthly,M16922,87,monthly,12,12,0.0,1.0,0.205653,0.157169,0.629224,trend,NAIVE-SEASON,ok,-27.79963378018774,3132.8142857142857,0.02,
m4_monthly,m4_monthly,M16922,87,monthly,12,12,0.0,1.0,0.205653,0.157169,0.629224,trend,TSM1,ok,-0.38492453834529367,1449.0389914973007,6.13,
m4_monthly,m4_monthly,M16922,87,monthly,12,12,0.0,1.0,0.205653,0.157169,0.629224,trend,TSM2,ok,-0.3029841244106375,1470.3664222146701,14.34,
m4_monthly,m4_monthly,M16922,87,monthly,12,12,0.0,1.0,0.205653,0.157169,0.629224,trend,TSM4,ok,-2.213488777055924,1980.115562530198,0.02,
m4_monthly,m4_monthly,M16922,87,monthly,12,12,0.0,1.0,0.205653,0.157169,0.629224,trend,TSM5,ok,-1.648550395418501,1796.3852003525888,0.02,
m4_monthly,m4_monthly,M18177,87,monthly,12,12,0.0,1.0,0.108693,0.677178,0.89433,seasonal-trend,NAIVE-LAST,ok,0.5002281896519887,621.4285714285714,0.02,
m4_monthly,m4_monthly,M18177,87,monthly,12,12,0.0,1.0,0.108693,0.677178,0.89433,seasonal-trend,NAIVE-AVERAGE,ok,-7.7948416150317374,2646.315374415302,0.0,
m4_monthly,m4_monthly,M18177,87,monthly,12,12,0.0,1.0,0.108693,0.677178,0.89433,seasonal-trend,NAIVE-SEASON,ok,-2.2903018224203637,1437.1428571428573,0.01,
m4_monthly,m4_monthly,M18177,87,monthly,12,12,0.0,1.0,0.108693,0.677178,0.89433,seasonal-trend,TSM1,ok,0.5347263784707446,590.9377864109699,5.01,
m4_monthly,m4_monthly,M18177,87,monthly,12,12,0.0,1.0,0.108693,0.677178,0.89433,seasonal-trend,TSM2,ok,0.508529919603315,589.8743065772851,12.66,
m4_monthly,m4_monthly,M18177,87,monthly,12,12,0.0,1.0,0.108693,0.677178,0.89433,seasonal-trend,TSM4,ok,-0.6738703937443796,1159.341212849182,0.01,
m4_monthly,m4_monthly,M18177,87,monthly,12,12,0.0,1.0,0.108693,0.677178,0.89433,seasonal-trend,TSM5,ok,-0.20640421192885433,1087.5632962139916,0.02,
m4_monthly,m4_monthly,M18958,87,monthly,12,12,0.0,1.0,0.168443,0.432927,0.935212,trend,NAIVE-LAST,ok,0.6777638572866247,89.71428571428571,0.01,
m4_monthly,m4_monthly,M18958,87,monthly,12,12,0.0,1.0,0.168443,0.432927,0.935212,trend,NAIVE-AVERAGE,ok,-17.61908671922334,553.2419230977441,0.01,
m4_monthly,m4_monthly,M18958,87,monthly,12,12,0.0,1.0,0.168443,0.432927,0.935212,trend,NAIVE-SEASON,ok,-4.009753331775758,353.8571428571429,0.01,
m4_monthly,m4_monthly,M18958,87,monthly,12,12,0.0,1.0,0.168443,0.432927,0.935212,trend,TSM1,ok,0.6537946925164022,95.16310387416081,7.52,
m4_monthly,m4_monthly,M18958,87,monthly,12,12,0.0,1.0,0.168443,0.432927,0.935212,trend,TSM2,ok,-0.24418744239706003,113.51306166013892,9.39,
m4_monthly,m4_monthly,M18958,87,monthly,12,12,0.0,1.0,0.168443,0.432927,0.935212,trend,TSM4,ok,-0.5199506688830307,223.7677735039881,0.01,
m4_monthly,m4_monthly,M18958,87,monthly,12,12,0.0,1.0,0.168443,0.432927,0.935212,trend,TSM5,ok,0.21208339465400966,157.42983893077715,0.02,
m4_monthly,m4_monthly,M20790,87,monthly,12,12,0.0,1.0,0.17662,0.180764,0.922036,trend,NAIVE-LAST,ok,0.6447099184519084,119.14285714285714,0.01,
m4_monthly,m4_monthly,M20790,87,monthly,12,12,0.0,1.0,0.17662,0.180764,0.922036,trend,NAIVE-AVERAGE,ok,-12.883304993497777,573.020424034866,0.0,
m4_monthly,m4_monthly,M20790,87,monthly,12,12,0.0,1.0,0.17662,0.180764,0.922036,trend,NAIVE-SEASON,ok,-7.362073853152532,426.14285714285717,0.01,
m4_monthly,m4_monthly,M20790,87,monthly,12,12,0.0,1.0,0.17662,0.180764,0.922036,trend,TSM1,ok,0.5996575901422199,133.59632308938598,7.08,
m4_monthly,m4_monthly,M20790,87,monthly,12,12,0.0,1.0,0.17662,0.180764,0.922036,trend,TSM2,ok,-1.2458428877538386,330.2998042232024,8.53,
m4_monthly,m4_monthly,M20790,87,monthly,12,12,0.0,1.0,0.17662,0.180764,0.922036,trend,TSM4,ok,-0.7931147473283365,284.11418449065377,0.02,
m4_monthly,m4_monthly,M20790,87,monthly,12,12,0.0,1.0,0.17662,0.180764,0.922036,trend,TSM5,ok,-0.08029324518733043,215.28969878691933,0.02,
m4_monthly,m4_monthly,M22966,200,monthly,12,12,0.0,1.0,0.00396,0.137534,0.973337,trend,NAIVE-LAST,ok,0.5143633518126401,12.107272727272722,0.01,
m4_monthly,m4_monthly,M22966,200,monthly,12,12,0.0,1.0,0.00396,0.137534,0.973337,trend,NAIVE-AVERAGE,ok,-32.66672550546378,76.82635768730951,0.0,
m4_monthly,m4_monthly,M22966,200,monthly,12,12,0.0,1.0,0.00396,0.137534,0.973337,trend,NAIVE-SEASON,ok,-1.634420011785696,30.21575757575757,0.01,
m4_monthly,m4_monthly,M22966,200,monthly,12,12,0.0,1.0,0.00396,0.137534,0.973337,trend,TSM1,ok,0.5028687557915763,11.853757014463572,8.75,
m4_monthly,m4_monthly,M22966,200,monthly,12,12,0.0,1.0,0.00396,0.137534,0.973337,trend,TSM2,ok,0.4807214072329706,12.198902383863487,11.55,
m4_monthly,m4_monthly,M22966,200,monthly,12,12,0.0,1.0,0.00396,0.137534,0.973337,trend,TSM4,ok,-2.6132798553192105,32.53342299964003,0.01,
m4_monthly,m4_monthly,M22966,200,monthly,12,12,0.0,1.0,0.00396,0.137534,0.973337,trend,TSM5,ok,0.37027208047010457,14.073225453022513,0.04,
m4_monthly,m4_monthly,M27574,200,monthly,12,12,0.0,1.0,0.038512,0.059992,0.960102,trend,NAIVE-LAST,ok,0.7411845084357516,25.224242424242423,0.02,
m4_monthly,m4_monthly,M27574,200,monthly,12,12,0.0,1.0,0.038512,0.059992,0.960102,trend,NAIVE-AVERAGE,ok,-9.471348147031776,218.52176591701772,0.01,
m4_monthly,m4_monthly,M27574,200,monthly,12,12,0.0,1.0,0.038512,0.059992,0.960102,trend,NAIVE-SEASON,ok,-1.4265126791726577,138.54545454545456,0.02,
m4_monthly,m4_monthly,M27574,200,monthly,12,12,0.0,1.0,0.038512,0.059992,0.960102,trend,TSM1,ok,0.7308446217412403,26.466800599021944,8.15,
m4_monthly,m4_monthly,M27574,200,monthly,12,12,0.0,1.0,0.038512,0.059992,0.960102,trend,TSM2,ok,0.7413477863642868,25.94255223603621,7.52,
m4_monthly,m4_monthly,M27574,200,monthly,12,12,0.0,1.0,0.038512,0.059992,0.960102,trend,TSM4,ok,-2.1463755931468107,128.28184829417665,0.05,
m4_monthly,m4_monthly,M27574,200,monthly,12,12,0.0,1.0,0.038512,0.059992,0.960102,trend,TSM5,ok,0.5119602628017759,52.98863224213117,0.04,
m4_monthly,m4_monthly,M27649,157,monthly,12,12,0.0,1.0,0.009209,0.640313,0.970507,seasonal-trend,NAIVE-LAST,ok,0.5462369891980454,21.43846153846154,0.01,
m4_monthly,m4_monthly,M27649,157,monthly,12,12,0.0,1.0,0.009209,0.640313,0.970507,seasonal-trend,NAIVE-AVERAGE,ok,-10.470281836471042,126.20274192016112,0.01,
m4_monthly,m4_monthly,M27649,157,monthly,12,12,0.0,1.0,0.009209,0.640313,0.970507,seasonal-trend,NAIVE-SEASON,ok,-1.0955078102081397,47.39230769230769,0.01,
m4_monthly,m4_monthly,M27649,157,monthly,12,12,0.0,1.0,0.009209,0.640313,0.970507,seasonal-trend,TSM1,ok,0.596332805435823,19.317388672700027,5.98,
m4_monthly,m4_monthly,M27649,157,monthly,12,12,0.0,1.0,0.009209,0.640313,0.970507,seasonal-trend,TSM2,ok,0.7760177607002535,14.291309049739032,8.49,
m4_monthly,m4_monthly,M27649,157,monthly,12,12,0.0,1.0,0.009209,0.640313,0.970507,seasonal-trend,TSM4,ok,-5.270346162905183,86.80708831664504,0.01,
m4_monthly,m4_monthly,M27649,157,monthly,12,12,0.0,1.0,0.009209,0.640313,0.970507,seasonal-trend,TSM5,ok,0.12091329942456978,30.03404574616126,0.02,
m4_monthly,m4_monthly,M27676,95,monthly,12,12,0.0,1.0,0.003195,0.115635,0.782904,trend,NAIVE-LAST,ok,0.010466050617020328,199.46666666666667,0.0,
m4_monthly,m4_monthly,M27676,95,monthly,12,12,0.0,1.0,0.003195,0.115635,0.782904,trend,NAIVE-AVERAGE,ok,-7.872961688617333,429.6990793428719,0.0,
m4_monthly,m4_monthly,M27676,95,monthly,12,12,0.0,1.0,0.003195,0.115635,0.782904,trend,NAIVE-SEASON,ok,-10.397278198146342,553.0666666666667,0.0,
m4_monthly,m4_monthly,M27676,95,monthly,12,12,0.0,1.0,0.003195,0.115635,0.782904,trend,TSM1,ok,-0.05184303590903281,214.3998214115963,3.77,
m4_monthly,m4_monthly,M27676,95,monthly,12,12,0.0,1.0,0.003195,0.115635,0.782904,trend,TSM2,ok,-0.1763394458923941,247.24382596614888,9.35,
m4_monthly,m4_monthly,M27676,95,monthly,12,12,0.0,1.0,0.003195,0.115635,0.782904,trend,TSM4,ok,-5.645786873012477,428.11477901068247,0.01,
m4_monthly,m4_monthly,M27676,95,monthly,12,12,0.0,1.0,0.003195,0.115635,0.782904,trend,TSM5,ok,-0.6129091752351842,241.66350236093655,0.02,
m4_monthly,m4_monthly,M35369,200,monthly,12,12,0.0,1.0,0.023687,0.35186,0.904347,trend,NAIVE-LAST,ok,-0.1429665792522367,65.06060606060606,0.0,
m4_monthly,m4_monthly,M35369,200,monthly,12,12,0.0,1.0,0.023687,0.35186,0.904347,trend,NAIVE-AVERAGE,ok,-6.2528759754880285,173.50098159567537,0.0,
m4_monthly,m4_monthly,M35369,200,monthly,12,12,0.0,1.0,0.023687,0.35186,0.904347,trend,NAIVE-SEASON,ok,-0.5063315925488613,79.50303030303029,0.01,
m4_monthly,m4_monthly,M35369,200,monthly,12,12,0.0,1.0,0.023687,0.35186,0.904347,trend,TSM1,ok,0.007652059677243384,62.928833848308386,5.66,
m4_monthly,m4_monthly,M35369,200,monthly,12,12,0.0,1.0,0.023687,0.35186,0.904347,trend,TSM2,ok,0.16453572257638427,57.3397895625798,13.09,
m4_monthly,m4_monthly,M35369,200,monthly,12,12,0.0,1.0,0.023687,0.35186,0.904347,trend,TSM4,ok,-0.1624306474572376,69.14189535332532,0.01,
m4_monthly,m4_monthly,M35369,200,monthly,12,12,0.0,1.0,0.023687,0.35186,0.904347,trend,TSM5,ok,0.01926710683170363,62.06691952753372,0.02,
m4_monthly,m4_monthly,M36745,200,monthly,12,12,0.0,1.0,0.960225,0.174332,0.997429,trend,NAIVE-LAST,ok,0.6437577706443791,167.31333333333336,0.01,
m4_monthly,m4_monthly,M36745,200,monthly,12,12,0.0,1.0,0.960225,0.174332,0.997429,trend,NAIVE-AVERAGE,ok,-19.983926404790935,2513.6628468263257,0.01,
m4_monthly,m4_monthly,M36745,200,monthly,12,12,0.0,1.0,0.960225,0.174332,0.997429,trend,NAIVE-SEASON,ok,-2.199926347562369,745.2830303030303,0.01,
m4_monthly,m4_monthly,M36745,200,monthly,12,12,0.0,1.0,0.960225,0.174332,0.997429,trend,TSM1,ok,0.6454898329289186,163.44960136736503,5.94,
m4_monthly,m4_monthly,M36745,200,monthly,12,12,0.0,1.0,0.960225,0.174332,0.997429,trend,TSM2,ok,0.6674501728695212,147.21789688384644,12.01,
m4_monthly,m4_monthly,M36745,200,monthly,12,12,0.0,1.0,0.960225,0.174332,0.997429,trend,TSM4,ok,-0.9663039491142605,654.7037272436464,0.01,
m4_monthly,m4_monthly,M36745,200,monthly,12,12,0.0,1.0,0.960225,0.174332,0.997429,trend,TSM5,ok,0.48840744057546637,242.88594518114928,0.02,
m4_monthly,m4_monthly,M40017,88,monthly,12,12,0.0,1.0,0.017705,0.2734,0.964332,trend,NAIVE-LAST,ok,0.567293284139857,39.42871428571427,0.01,
m4_monthly,m4_monthly,M40017,88,monthly,12,12,0.0,1.0,0.017705,0.2734,0.964332,trend,NAIVE-AVERAGE,ok,-15.713878765134893,236.23778526083555,0.01,
m4_monthly,m4_monthly,M40017,88,monthly,12,12,0.0,1.0,0.017705,0.2734,0.964332,trend,NAIVE-SEASON,ok,-3.625805854874872,145.66500000000002,0.01,
m4_monthly,m4_monthly,M40017,88,monthly,12,12,0.0,1.0,0.017705,0.2734,0.964332,trend,TSM1,ok,0.5040822134569194,41.76430371773413,4.93,
m4_monthly,m4_monthly,M40017,88,monthly,12,12,0.0,1.0,0.017705,0.2734,0.964332,trend,TSM2,ok,0.5517130675279887,39.830301755157656,4.69,
m4_monthly,m4_monthly,M40017,88,monthly,12,12,0.0,1.0,0.017705,0.2734,0.964332,trend,TSM4,ok,-6.827123355538612,185.68329037049116,0.02,
m4_monthly,m4_monthly,M40017,88,monthly,12,12,0.0,1.0,0.017705,0.2734,0.964332,trend,TSM5,ok,0.2455244682111663,54.62525753048569,0.02,
m4_monthly,m4_monthly,M4147,182,monthly,12,12,0.0,1.0,0.078724,0.141836,0.62612,trend,NAIVE-LAST,ok,-0.5399728309109326,221.41246666666666,0.01,
m4_monthly,m4_monthly,M4147,182,monthly,12,12,0.0,1.0,0.078724,0.141836,0.62612,trend,NAIVE-AVERAGE,ok,-1.0793875350000388,276.19400012043104,0.0,
m4_monthly,m4_monthly,M4147,182,monthly,12,12,0.0,1.0,0.078724,0.141836,0.62612,trend,NAIVE-SEASON,ok,-1.2252844734302353,264.0300666666667,0.01,
m4_monthly,m4_monthly,M4147,182,monthly,12,12,0.0,1.0,0.078724,0.141836,0.62612,trend,TSM1,ok,-0.33912534512915193,209.19772709778977,5.72,
m4_monthly,m4_monthly,M4147,182,monthly,12,12,0.0,1.0,0.078724,0.141836,0.62612,trend,TSM2,ok,-0.5495957865967955,218.5574318568023,13.06,
m4_monthly,m4_monthly,M4147,182,monthly,12,12,0.0,1.0,0.078724,0.141836,0.62612,trend,TSM4,ok,-0.6177251845108799,228.72318774859946,0.01,
m4_monthly,m4_monthly,M4147,182,monthly,12,12,0.0,1.0,0.078724,0.141836,0.62612,trend,TSM5,ok,-0.31365008531105687,204.48634130574277,0.02,
m4_monthly,m4_monthly,M43122,193,monthly,12,12,0.0,1.0,0.014893,0.614881,0.821663,seasonal-trend,NAIVE-LAST,ok,-0.1473792153310583,111.550125625,0.01,
m4_monthly,m4_monthly,M43122,193,monthly,12,12,0.0,1.0,0.014893,0.614881,0.821663,seasonal-trend,NAIVE-AVERAGE,ok,-1.5583823600022817,176.38997165614765,0.0,
m4_monthly,m4_monthly,M43122,193,monthly,12,12,0.0,1.0,0.014893,0.614881,0.821663,seasonal-trend,NAIVE-SEASON,ok,0.004095736824931695,106.96713875,0.01,
m4_monthly,m4_monthly,M43122,193,monthly,12,12,0.0,1.0,0.014893,0.614881,0.821663,seasonal-trend,TSM1,ok,-0.05571064509211312,109.42992656384563,4.48,
m4_monthly,m4_monthly,M43122,193,monthly,12,12,0.0,1.0,0.014893,0.614881,0.821663,seasonal-trend,TSM2,ok,0.47613087309790403,75.0203143577435,12.16,
m4_monthly,m4_monthly,M43122,193,monthly,12,12,0.0,1.0,0.014893,0.614881,0.821663,seasonal-trend,TSM4,ok,-0.6343669401104768,138.36103683551983,0.02,
m4_monthly,m4_monthly,M43122,193,monthly,12,12,0.0,1.0,0.014893,0.614881,0.821663,seasonal-trend,TSM5,ok,-0.02362979024826024,113.71994963212862,0.03,
m4_monthly,m4_monthly,M43312,200,monthly,12,12,0.0,1.0,0.008964,0.079476,0.983624,trend,NAIVE-LAST,ok,0.8221664839497185,52.84848484848485,0.01,
m4_monthly,m4_monthly,M43312,200,monthly,12,12,0.0,1.0,0.008964,0.079476,0.983624,trend,NAIVE-AVERAGE,ok,-19.413757964682002,837.2612564938078,0.0,
m4_monthly,m4_monthly,M43312,200,monthly,12,12,0.0,1.0,0.008964,0.079476,0.983624,trend,NAIVE-SEASON,ok,-1.462118792101263,303.8181818181818,0.01,
m4_monthly,m4_monthly,M43312,200,monthly,12,12,0.0,1.0,0.008964,0.079476,0.983624,trend,TSM1,ok,0.8221664839497185,52.84848484848485,5.08,
m4_monthly,m4_monthly,M43312,200,monthly,12,12,0.0,1.0,0.008964,0.079476,0.983624,trend,TSM2,ok,0.8174591291743095,55.30333419047088,5.76,
m4_monthly,m4_monthly,M43312,200,monthly,12,12,0.0,1.0,0.008964,0.079476,0.983624,trend,TSM4,ok,-8.007700331584918,532.7850811283575,0.01,
m4_monthly,m4_monthly,M43312,200,monthly,12,12,0.0,1.0,0.008964,0.079476,0.983624,trend,TSM5,ok,0.6139597028451114,109.16605308393571,0.02,
m4_monthly,m4_monthly,M46528,122,monthly,12,12,0.0,1.0,0.141448,0.09278,0.929654,trend,NAIVE-LAST,ok,0.5256570685126734,139.36299774,0.0,
m4_monthly,m4_monthly,M46528,122,monthly,12,12,0.0,1.0,0.141448,0.09278,0.929654,trend,NAIVE-AVERAGE,ok,-2.978524108312324,531.6575520105366,0.01,
m4_monthly,m4_monthly,M46528,122,monthly,12,12,0.0,1.0,0.141448,0.09278,0.929654,trend,NAIVE-SEASON,ok,-2.5782999962826247,456.66440049000005,0.01,
m4_monthly,m4_monthly,M46528,122,monthly,12,12,0.0,1.0,0.141448,0.09278,0.929654,trend,TSM1,ok,0.46593496671724444,155.8544822942416,5.26,
m4_monthly,m4_monthly,M46528,122,monthly,12,12,0.0,1.0,0.141448,0.09278,0.929654,trend,TSM2,ok,0.48189906178969244,147.64006021780656,6.21,
m4_monthly,m4_monthly,M46528,122,monthly,12,12,0.0,1.0,0.141448,0.09278,0.929654,trend,TSM4,ok,-0.7191707560160948,317.41729676673265,0.01,
m4_monthly,m4_monthly,M46528,122,monthly,12,12,0.0,1.0,0.141448,0.09278,0.929654,trend,TSM5,ok,0.20490553986787852,194.35237865435062,0.02,
m4_monthly,m4_monthly,M5152,200,monthly,12,12,0.0,1.0,0.002358,0.701985,0.78101,seasonal-trend,NAIVE-LAST,ok,-0.19530351484861735,132.96621618181817,0.01,
m4_monthly,m4_monthly,M5152,200,monthly,12,12,0.0,1.0,0.002358,0.701985,0.78101,seasonal-trend,NAIVE-AVERAGE,ok,-0.8983719100636403,179.26119291523904,0.0,
m4_monthly,m4_monthly,M5152,200,monthly,12,12,0.0,1.0,0.002358,0.701985,0.78101,seasonal-trend,NAIVE-SEASON,ok,0.009789977364515146,126.69095151515151,0.01,
m4_monthly,m4_monthly,M5152,200,monthly,12,12,0.0,1.0,0.002358,0.701985,0.78101,seasonal-trend,TSM1,ok,-0.009382681408921224,126.71961257555179,4.56,
m4_monthly,m4_monthly,M5152,200,monthly,12,12,0.0,1.0,0.002358,0.701985,0.78101,seasonal-trend,TSM2,ok,0.5748662472808675,81.08386402297188,11.37,
m4_monthly,m4_monthly,M5152,200,monthly,12,12,0.0,1.0,0.002358,0.701985,0.78101,seasonal-trend,TSM4,ok,-0.5561761132482335,153.26010286355742,0.02,
m4_monthly,m4_monthly,M5152,200,monthly,12,12,0.0,1.0,0.002358,0.701985,0.78101,seasonal-trend,TSM5,ok,-0.02054965238531121,124.29306759489369,0.03,
m4_weekly,m4_weekly,W105,200,weekly,52,52,0.0,1.0,0.000161,0.218762,0.745069,trend,NAIVE-LAST,ok,0.6308836155408407,24.34733333333333,0.01,
m4_weekly,m4_weekly,W105,200,weekly,52,52,0.0,1.0,0.000161,0.218762,0.745069,trend,NAIVE-AVERAGE,ok,-5.609445359915411,95.48268592308462,0.01,
m4_weekly,m4_weekly,W105,200,weekly,52,52,0.0,1.0,0.000161,0.218762,0.745069,trend,NAIVE-SEASON,ok,-13.458916202018433,141.31345454545448,0.01,
m4_weekly,m4_weekly,W105,200,weekly,52,52,0.0,1.0,0.000161,0.218762,0.745069,trend,TSM1,ok,0.6039795184731356,25.269552765416886,5.94,
m4_weekly,m4_weekly,W105,200,weekly,52,52,0.0,1.0,0.000161,0.218762,0.745069,trend,TSM2,ok,0.603785692841559,24.706190201573907,0.75,
m4_weekly,m4_weekly,W105,200,weekly,52,52,0.0,1.0,0.000161,0.218762,0.745069,trend,TSM4,ok,-31.439368532849652,242.62079170299313,0.01,
m4_weekly,m4_weekly,W105,200,weekly,52,52,0.0,1.0,0.000161,0.218762,0.745069,trend,TSM5,ok,0.4939400653884164,30.01596744749371,0.02,
m4_monthly,m4_monthly,M651,200,monthly,12,12,0.0,1.0,0.000568,0.878725,0.990889,seasonal-trend,NAIVE-LAST,ok,0.5628751904248352,10.472727272727266,0.0,
m4_monthly,m4_monthly,M651,200,monthly,12,12,0.0,1.0,0.000568,0.878725,0.990889,seasonal-trend,NAIVE-AVERAGE,ok,-4.678452755582525,42.77595857088551,0.0,
m4_monthly,m4_monthly,M651,200,monthly,12,12,0.0,1.0,0.000568,0.878725,0.990889,seasonal-trend,NAIVE-SEASON,ok,-0.9511627349373457,27.764848484848493,0.01,
m4_monthly,m4_monthly,M651,200,monthly,12,12,0.0,1.0,0.000568,0.878725,0.990889,seasonal-trend,TSM1,ok,0.5920376235003302,10.937415401114015,5.23,
m4_monthly,m4_monthly,M651,200,monthly,12,12,0.0,1.0,0.000568,0.878725,0.990889,seasonal-trend,TSM2,ok,0.9346781636294569,4.6154767524705,12.48,
m4_monthly,m4_monthly,M651,200,monthly,12,12,0.0,1.0,0.000568,0.878725,0.990889,seasonal-trend,TSM4,ok,-9.532259657640934,59.00903245578547,0.01,
m4_monthly,m4_monthly,M651,200,monthly,12,12,0.0,1.0,0.000568,0.878725,0.990889,seasonal-trend,TSM5,ok,0.5007794788954193,13.58242331998539,0.02,
m4_weekly,m4_weekly,W144,200,weekly,52,52,0.0,1.0,0.040417,0.31514,0.924278,trend,NAIVE-LAST,ok,0.5862158454240408,39.20554545454546,0.01,
m4_weekly,m4_weekly,W144,200,weekly,52,52,0.0,1.0,0.040417,0.31514,0.924278,trend,NAIVE-AVERAGE,ok,-21.395656582991343,246.9987749259007,0.01,
m4_weekly,m4_weekly,W144,200,weekly,52,52,0.0,1.0,0.040417,0.31514,0.924278,trend,NAIVE-SEASON,ok,-17.943144118751324,241.01272121212122,0.0,
m4_weekly,m4_weekly,W144,200,weekly,52,52,0.0,1.0,0.040417,0.31514,0.924278,trend,TSM1,ok,0.6032018405026374,38.087391327811325,4.55,
m4_weekly,m4_weekly,W144,200,weekly,52,52,0.0,1.0,0.040417,0.31514,0.924278,trend,TSM2,ok,0.6095344209100159,37.69922561466551,1.13,
m4_weekly,m4_weekly,W144,200,weekly,52,52,0.0,1.0,0.040417,0.31514,0.924278,trend,TSM4,ok,0.21229448197495038,57.16491796125795,0.01,
m4_weekly,m4_weekly,W144,200,weekly,52,52,0.0,1.0,0.040417,0.31514,0.924278,trend,TSM5,ok,0.500776835552853,46.115916020501565,0.02,
m4_weekly,m4_weekly,W117,200,weekly,52,52,0.0,1.0,0.003207,0.924589,0.987406,seasonal-trend,NAIVE-LAST,ok,0.8667128637179179,32.49012121212121,0.01,
m4_weekly,m4_weekly,W117,200,weekly,52,52,0.0,1.0,0.003207,0.924589,0.987406,seasonal-trend,NAIVE-AVERAGE,ok,-6.6151285264926925,306.4986720937517,0.01,
m4_weekly,m4_weekly,W117,200,weekly,52,52,0.0,1.0,0.003207,0.924589,0.987406,seasonal-trend,NAIVE-SEASON,ok,-4.610536623001119,269.076,0.01,
m4_weekly,m4_weekly,W117,200,weekly,52,52,0.0,1.0,0.003207,0.924589,0.987406,seasonal-trend,TSM1,ok,0.8715601163510238,31.737036187757234,5.18,
m4_weekly,m4_weekly,W117,200,weekly,52,52,0.0,1.0,0.003207,0.924589,0.987406,seasonal-trend,TSM2,ok,0.861844342809236,32.760665794917415,0.87,
m4_weekly,m4_weekly,W117,200,weekly,52,52,0.0,1.0,0.003207,0.924589,0.987406,seasonal-trend,TSM4,ok,-4.395373848857944,271.07606940545145,0.02,
m4_weekly,m4_weekly,W117,200,weekly,52,52,0.0,1.0,0.003207,0.924589,0.987406,seasonal-trend,TSM5,ok,0.6245271951815685,57.02653336666724,0.02,
m4_weekly,m4_weekly,W148,200,weekly,52,52,0.0,1.0,0.126977,0.431465,0.952784,trend,NAIVE-LAST,ok,0.43752501210290484,10.846212121212123,0.01,
m4_weekly,m4_weekly,W148,200,weekly,52,52,0.0,1.0,0.126977,0.431465,0.952784,trend,NAIVE-AVERAGE,ok,-79.28869643068015,120.79551864794242,0.01,
m4_weekly,m4_weekly,W148,200,weekly,52,52,0.0,1.0,0.126977,0.431465,0.952784,trend,NAIVE-SEASON,ok,-35.33633121278527,93.57971515151516,0.01,
m4_weekly,m4_weekly,W148,200,weekly,52,52,0.0,1.0,0.126977,0.431465,0.952784,trend,TSM1,ok,0.437525012102905,10.846212121212123,5.38,
m4_weekly,m4_weekly,W148,200,weekly,52,52,0.0,1.0,0.126977,0.431465,0.952784,trend,TSM2,ok,0.45316880306675156,10.847355375731931,0.89,
m4_weekly,m4_weekly,W148,200,weekly,52,52,0.0,1.0,0.126977,0.431465,0.952784,trend,TSM4,ok,-0.2605101083130983,20.44499548995997,0.01,
m4_weekly,m4_weekly,W148,200,weekly,52,52,0.0,1.0,0.126977,0.431465,0.952784,trend,TSM5,ok,0.34435011885980327,13.893879775186429,0.02,
m4_weekly,m4_weekly,W175,200,weekly,52,52,0.0,1.0,0.007261,0.780599,0.997532,seasonal-trend,NAIVE-LAST,ok,0.8678678678403002,12.344213939393942,0.01,
m4_weekly,m4_weekly,W175,200,weekly,52,52,0.0,1.0,0.007261,0.780599,0.997532,seasonal-trend,NAIVE-AVERAGE,ok,-32.80618435344635,244.55489901179325,0.01,
m4_weekly,m4_weekly,W175,200,weekly,52,52,0.0,1.0,0.007261,0.780599,0.997532,seasonal-trend,NAIVE-SEASON,ok,-21.48401326168581,196.60785757575758,0.01,
m4_weekly,m4_weekly,W175,200,weekly,52,52,0.0,1.0,0.007261,0.780599,0.997532,seasonal-trend,TSM1,ok,0.8690372306313712,12.43969090442,5.36,
m4_weekly,m4_weekly,W175,200,weekly,52,52,0.0,1.0,0.007261,0.780599,0.997532,seasonal-trend,TSM2,ok,0.8621955058260056,12.373241223955798,0.78,
m4_weekly,m4_weekly,W175,200,weekly,52,52,0.0,1.0,0.007261,0.780599,0.997532,seasonal-trend,TSM4,ok,-11.850657912700921,154.00721446511955,0.01,
m4_weekly,m4_weekly,W175,200,weekly,52,52,0.0,1.0,0.007261,0.780599,0.997532,seasonal-trend,TSM5,ok,0.7301299253588205,18.97566715048193,0.03,
m4_weekly,m4_weekly,W177,200,weekly,52,52,0.0,1.0,0.005943,0.458088,0.864602,trend,NAIVE-LAST,ok,0.4169632863308518,121.22424242424242,0.01,
m4_weekly,m4_weekly,W177,200,weekly,52,52,0.0,1.0,0.005943,0.458088,0.864602,trend,NAIVE-AVERAGE,ok,-5.731643147571736,427.3601724147869,0.01,
m4_weekly,m4_weekly,W177,200,weekly,52,52,0.0,1.0,0.005943,0.458088,0.864602,trend,NAIVE-SEASON,ok,-6.081068560202023,415.3629090909091,0.01,
m4_weekly,m4_weekly,W177,200,weekly,52,52,0.0,1.0,0.005943,0.458088,0.864602,trend,TSM1,ok,0.3947787181408059,127.14894682233417,4.17,
m4_weekly,m4_weekly,W177,200,weekly,52,52,0.0,1.0,0.005943,0.458088,0.864602,trend,TSM2,ok,0.43566534407932167,115.83694055851988,1.29,
m4_weekly,m4_weekly,W177,200,weekly,52,52,0.0,1.0,0.005943,0.458088,0.864602,trend,TSM4,ok,-2.275922832805995,297.2719784221715,0.01,
m4_weekly,m4_weekly,W177,200,weekly,52,52,0.0,1.0,0.005943,0.458088,0.864602,trend,TSM5,ok,0.32255599784976574,127.70925527865991,0.02,
m4_weekly,m4_weekly,W211,200,weekly,52,52,0.0,1.0,0.246804,0.221199,0.997943,trend,NAIVE-LAST,ok,0.9666149856125461,100.22745454545453,0.02,
m4_weekly,m4_weekly,W211,200,weekly,52,52,0.0,1.0,0.246804,0.221199,0.997943,trend,NAIVE-AVERAGE,ok,-12.785339079049015,3733.5871133043547,0.01,
m4_weekly,m4_weekly,W211,200,weekly,52,52,0.0,1.0,0.246804,0.221199,0.997943,trend,NAIVE-SEASON,ok,-11.62971739326567,3571.9963636363636,0.01,
m4_weekly,m4_weekly,W211,200,weekly,52,52,0.0,1.0,0.246804,0.221199,0.997943,trend,TSM1,ok,-3.1719612101287156e+22,8010013312344.896,8.55,
m4_weekly,m4_weekly,W211,200,weekly,52,52,0.0,1.0,0.246804,0.221199,0.997943,trend,TSM2,ok,0.9687699271148915,31.995483525109023,0.86,
m4_weekly,m4_weekly,W211,200,weekly,52,52,0.0,1.0,0.246804,0.221199,0.997943,trend,TSM4,ok,-0.8018042600562009,1313.5210149587078,0.01,
m4_weekly,m4_weekly,W211,200,weekly,52,52,0.0,1.0,0.246804,0.221199,0.997943,trend,TSM5,ok,0.8483839985693532,310.90993331516574,0.02,
m4_weekly,m4_weekly,W215,200,weekly,52,52,0.0,1.0,0.022,0.266945,0.95771,trend,NAIVE-LAST,ok,0.6524725446594625,15.930181818181813,0.01,
m4_weekly,m4_weekly,W215,200,weekly,52,52,0.0,1.0,0.022,0.266945,0.95771,trend,NAIVE-AVERAGE,ok,-33.63171374086331,275.18010346720695,0.0,
m4_weekly,m4_weekly,W215,200,weekly,52,52,0.0,1.0,0.022,0.266945,0.95771,trend,NAIVE-SEASON,ok,-24.37490811105537,222.02551515151518,0.01,
m4_weekly,m4_weekly,W215,200,weekly,52,52,0.0,1.0,0.022,0.266945,0.95771,trend,TSM1,ok,-113944.97739276294,5748.685902920997,6.61,
m4_weekly,m4_weekly,W215,200,weekly,52,52,0.0,1.0,0.022,0.266945,0.95771,trend,TSM2,ok,0.6480243481045126,16.797820482126507,1.08,
m4_weekly,m4_weekly,W215,200,weekly,52,52,0.0,1.0,0.022,0.266945,0.95771,trend,TSM4,ok,-7.928796144438628,140.12628666302112,0.01,
m4_weekly,m4_weekly,W215,200,weekly,52,52,0.0,1.0,0.022,0.266945,0.95771,trend,TSM5,ok,0.4136366602519616,27.379908285216665,0.03,
m4_weekly,m4_weekly,W218,200,weekly,52,52,0.0,1.0,0.000623,0.287128,0.055387,level,NAIVE-LAST,ok,-0.8950455850038462,158.10976969696964,0.01,
m4_weekly,m4_weekly,W218,200,weekly,52,52,0.0,1.0,0.000623,0.287128,0.055387,level,NAIVE-AVERAGE,ok,-5.463973539139755,138.27944378203355,0.01,
m4_weekly,m4_weekly,W218,200,weekly,52,52,0.0,1.0,0.000623,0.287128,0.055387,level,NAIVE-SEASON,ok,-149.0993272195522,152.23258787878785,0.01,
m4_weekly,m4_weekly,W218,200,weekly,52,52,0.0,1.0,0.000623,0.287128,0.055387,level,TSM1,ok,-4.773950484395903,141.74085628954674,4.62,
m4_weekly,m4_weekly,W218,200,weekly,52,52,0.0,1.0,0.000623,0.287128,0.055387,level,TSM2,ok,-7.144353849380164,137.26998331429004,1.04,
m4_weekly,m4_weekly,W218,200,weekly,52,52,0.0,1.0,0.000623,0.287128,0.055387,level,TSM4,ok,-117.9453020113375,326.49748394524914,0.02,
m4_weekly,m4_weekly,W218,200,weekly,52,52,0.0,1.0,0.000623,0.287128,0.055387,level,TSM5,ok,-3.1237407405028668,143.47828818875615,0.02,
m4_weekly,m4_weekly,W266,200,weekly,52,52,0.0,1.0,0.013045,0.541614,0.688983,seasonal-trend,NAIVE-LAST,ok,0.6611243811710665,71.15406060606061,0.01,
m4_weekly,m4_weekly,W266,200,weekly,52,52,0.0,1.0,0.013045,0.541614,0.688983,seasonal-trend,NAIVE-AVERAGE,ok,-1.568015846052353,193.8244357431563,0.01,
m4_weekly,m4_weekly,W266,200,weekly,52,52,0.0,1.0,0.013045,0.541614,0.688983,seasonal-trend,NAIVE-SEASON,ok,-7.081471348215102,299.08303030303034,0.01,
m4_weekly,m4_weekly,W266,200,weekly,52,52,0.0,1.0,0.013045,0.541614,0.688983,seasonal-trend,TSM1,ok,0.6730990898447567,70.68529135221122,5.52,
m4_weekly,m4_weekly,W266,200,weekly,52,52,0.0,1.0,0.013045,0.541614,0.688983,seasonal-trend,TSM2,ok,0.6749301703307733,71.79601740301429,0.86,
m4_weekly,m4_weekly,W266,200,weekly,52,52,0.0,1.0,0.013045,0.541614,0.688983,seasonal-trend,TSM4,ok,0.03634530039043034,137.96890961658735,0.01,
m4_weekly,m4_weekly,W266,200,weekly,52,52,0.0,1.0,0.013045,0.541614,0.688983,seasonal-trend,TSM5,ok,0.6225426434632331,81.697364990723,0.02,
m4_weekly,m4_weekly,W275,200,weekly,52,52,0.0,1.0,0.017448,0.48271,0.681811,trend,NAIVE-LAST,ok,0.8009084508710659,222.47515151515148,0.01,
m4_weekly,m4_weekly,W275,200,weekly,52,52,0.0,1.0,0.017448,0.48271,0.681811,trend,NAIVE-AVERAGE,ok,-2.911470270366251,988.2540318206156,0.01,
m4_weekly,m4_weekly,W275,200,weekly,52,52,0.0,1.0,0.017448,0.48271,0.681811,trend,NAIVE-SEASON,ok,-7.551763794618367,1163.278787878788,0.01,
m4_weekly,m4_weekly,W275,200,weekly,52,52,0.0,1.0,0.017448,0.48271,0.681811,trend,TSM1,ok,0.8009084508710659,222.47515151515148,6.02,
m4_weekly,m4_weekly,W275,200,weekly,52,52,0.0,1.0,0.017448,0.48271,0.681811,trend,TSM2,ok,0.8022710876313649,221.23334984600965,0.8,
m4_weekly,m4_weekly,W275,200,weekly,52,52,0.0,1.0,0.017448,0.48271,0.681811,trend,TSM4,ok,0.09517828031108055,506.9279396323118,0.01,
m4_weekly,m4_weekly,W275,200,weekly,52,52,0.0,1.0,0.017448,0.48271,0.681811,trend,TSM5,ok,0.7008246240370293,286.97565420603837,0.02,
m4_weekly,m4_weekly,W283,200,weekly,52,52,0.0,1.0,0.37312,0.513999,0.276545,seasonal,NAIVE-LAST,ok,0.7208576457338187,11.956367890909092,0.01,
m4_weekly,m4_weekly,W283,200,weekly,52,52,0.0,1.0,0.37312,0.513999,0.276545,seasonal,NAIVE-AVERAGE,ok,-18.95582511678097,129.3999909198747,0.01,
m4_weekly,m4_weekly,W283,200,weekly,52,52,0.0,1.0,0.37312,0.513999,0.276545,seasonal,NAIVE-SEASON,ok,-69.55239337055899,143.60355556969697,0.01,
m4_weekly,m4_weekly,W283,200,weekly,52,52,0.0,1.0,0.37312,0.513999,0.276545,seasonal,TSM1,ok,0.6000478982659498,10.471635129621387,5.43,
m4_weekly,m4_weekly,W283,200,weekly,52,52,0.0,1.0,0.37312,0.513999,0.276545,seasonal,TSM2,ok,0.6003776853338025,10.491655460404711,0.94,
m4_weekly,m4_weekly,W283,200,weekly,52,52,0.0,1.0,0.37312,0.513999,0.276545,seasonal,TSM4,ok,-4.55683054920874,54.268792352129765,0.01,
m4_weekly,m4_weekly,W283,200,weekly,52,52,0.0,1.0,0.37312,0.513999,0.276545,seasonal,TSM5,ok,0.34193843369605126,27.066359371550693,0.02,
m4_weekly,m4_weekly,W304,93,weekly,52,,0.0,1.0,0.034289,0.0,0.751854,trend,NAIVE-LAST,ok,-0.464407249218065,450.4266666666666,0.01,
m4_weekly,m4_weekly,W304,93,weekly,52,,0.0,1.0,0.034289,0.0,0.751854,trend,NAIVE-AVERAGE,ok,-0.6747414981051814,430.7612440171726,0.0,
m4_weekly,m4_weekly,W304,93,weekly,52,,0.0,1.0,0.034289,0.0,0.751854,trend,TSM1,ok,0.00946807570700281,352.0250318815433,3.91,
m4_weekly,m4_weekly,W304,93,weekly,52,,0.0,1.0,0.034289,0.0,0.751854,trend,TSM2,ok,-1.2338984554202121,524.02866090419,1.12,
m4_weekly,m4_weekly,W304,93,weekly,52,,0.0,1.0,0.034289,0.0,0.751854,trend,TSM4,ok,-0.649052581501427,475.57127402290917,0.02,
m4_weekly,m4_weekly,W304,93,weekly,52,,0.0,1.0,0.034289,0.0,0.751854,trend,TSM5,ok,-0.21586469757469287,403.2942435801382,0.02,
m4_weekly,m4_weekly,W314,93,weekly,52,,0.0,1.0,0.040042,0.0,0.812774,trend,NAIVE-LAST,ok,-0.45808521514199335,953.2933333333334,0.01,
m4_weekly,m4_weekly,W314,93,weekly,52,,0.0,1.0,0.040042,0.0,0.812774,trend,NAIVE-AVERAGE,ok,-1.8166686132168883,1244.1389051508227,0.01,
m4_weekly,m4_weekly,W314,93,weekly,52,,0.0,1.0,0.040042,0.0,0.812774,trend,TSM1,ok,-0.1984115238580968,898.071415663286,3.13,
m4_weekly,m4_weekly,W314,93,weekly,52,,0.0,1.0,0.040042,0.0,0.812774,trend,TSM2,ok,-0.26120652317625004,885.5835340844089,1.16,
m4_weekly,m4_weekly,W314,93,weekly,52,,0.0,1.0,0.040042,0.0,0.812774,trend,TSM4,ok,-1.7264072232208796,1258.4289519769768,0.01,
m4_weekly,m4_weekly,W314,93,weekly,52,,0.0,1.0,0.040042,0.0,0.812774,trend,TSM5,ok,-0.291916020193732,897.6615113404481,0.02,
m4_weekly,m4_weekly,W327,93,weekly,52,,0.0,1.0,0.033759,0.0,0.772622,trend,NAIVE-LAST,ok,-0.6105062288535044,1190.48,0.01,
m4_weekly,m4_weekly,W327,93,weekly,52,,0.0,1.0,0.033759,0.0,0.772622,trend,NAIVE-AVERAGE,ok,-0.8103856527246652,1356.5037655861238,0.01,
m4_weekly,m4_weekly,W327,93,weekly,52,,0.0,1.0,0.033759,0.0,0.772622,trend,TSM1,ok,-0.4714166809313653,1197.6846921064475,3.26,
m4_weekly,m4_weekly,W327,93,weekly,52,,0.0,1.0,0.033759,0.0,0.772622,trend,TSM2,ok,-2.1235410313932177,1429.76938169249,1.04,
m4_weekly,m4_weekly,W327,93,weekly,52,,0.0,1.0,0.033759,0.0,0.772622,trend,TSM4,ok,-1.0503405591928372,1428.5378604331465,0.01,
m4_weekly,m4_weekly,W327,93,weekly,52,,0.0,1.0,0.033759,0.0,0.772622,trend,TSM5,ok,-0.1880153989510837,1046.8454805762624,0.02,
m4_weekly,m4_weekly,W333,93,weekly,52,,0.0,1.0,0.034457,0.0,0.789266,trend,NAIVE-LAST,ok,-0.7297518929807676,349.74666666666667,0.01,
m4_weekly,m4_weekly,W333,93,weekly,52,,0.0,1.0,0.034457,0.0,0.789266,trend,NAIVE-AVERAGE,ok,-1.569723532166778,415.3227988080615,0.01,
m4_weekly,m4_weekly,W333,93,weekly,52,,0.0,1.0,0.034457,0.0,0.789266,trend,TSM1,ok,-0.34898776941800613,325.2181566073209,4.37,
m4_weekly,m4_weekly,W333,93,weekly,52,,0.0,1.0,0.034457,0.0,0.789266,trend,TSM2,ok,-0.293684662812696,313.2428598318786,1.18,
m4_weekly,m4_weekly,W333,93,weekly,52,,0.0,1.0,0.034457,0.0,0.789266,trend,TSM4,ok,-1.2637925698965495,422.5603123600687,0.01,
m4_weekly,m4_weekly,W333,93,weekly,52,,0.0,1.0,0.034457,0.0,0.789266,trend,TSM5,ok,-0.23484844885715045,311.63062842005314,0.02,
m4_weekly,m4_weekly,W34,200,weekly,52,52,0.0,1.0,0.075545,0.920396,0.582782,seasonal-trend,NAIVE-LAST,ok,0.21739847573817395,215.430303030303,0.01,
m4_weekly,m4_weekly,W34,200,weekly,52,52,0.0,1.0,0.075545,0.920396,0.582782,seasonal-trend,NAIVE-AVERAGE,ok,-0.9532562638665418,361.3822363731377,0.0,
m4_weekly,m4_weekly,W34,200,weekly,52,52,0.0,1.0,0.075545,0.920396,0.582782,seasonal-trend,NAIVE-SEASON,ok,0.39755516937067925,211.73939393939395,0.01,
m4_weekly,m4_weekly,W34,200,weekly,52,52,0.0,1.0,0.075545,0.920396,0.582782,seasonal-trend,TSM1,ok,0.34937296366816967,207.64497409555216,4.73,
m4_weekly,m4_weekly,W34,200,weekly,52,52,0.0,1.0,0.075545,0.920396,0.582782,seasonal-trend,TSM2,ok,0.3776603711449172,211.19644214679025,1.61,
m4_weekly,m4_weekly,W34,200,weekly,52,52,0.0,1.0,0.075545,0.920396,0.582782,seasonal-trend,TSM4,ok,0.09497050093939599,250.6471422861366,0.02,
m4_weekly,m4_weekly,W34,200,weekly,52,52,0.0,1.0,0.075545,0.920396,0.582782,seasonal-trend,TSM5,ok,0.34589105063939896,223.29631655878833,0.02,
m4_weekly,m4_weekly,W52,200,weekly,52,52,0.0,1.0,0.00201,0.333424,0.666463,trend,NAIVE-LAST,ok,0.7268292914206435,80.92424242424241,0.01,
m4_weekly,m4_weekly,W52,200,weekly,52,52,0.0,1.0,0.00201,0.333424,0.666463,trend,NAIVE-AVERAGE,ok,-1.4669129883004461,283.191297677063,0.0,
m4_weekly,m4_weekly,W52,200,weekly,52,52,0.0,1.0,0.00201,0.333424,0.666463,trend,NAIVE-SEASON,ok,-6.947516493664317,488.3848484848486,0.01,
m4_weekly,m4_weekly,W52,200,weekly,52,52,0.0,1.0,0.00201,0.333424,0.666463,trend,TSM1,ok,0.7213098523073282,82.22905024095743,5.5,
m4_weekly,m4_weekly,W52,200,weekly,52,52,0.0,1.0,0.00201,0.333424,0.666463,trend,TSM2,ok,0.7264840219834119,81.18562974947079,1.14,
m4_weekly,m4_weekly,W52,200,weekly,52,52,0.0,1.0,0.00201,0.333424,0.666463,trend,TSM4,ok,-2.1455766756002275,265.5128421889583,0.01,
m4_weekly,m4_weekly,W52,200,weekly,52,52,0.0,1.0,0.00201,0.333424,0.666463,trend,TSM5,ok,0.5114133604273874,110.82362420220022,0.02,
m4_weekly,m4_weekly,W64,200,weekly,52,52,0.0,1.0,0.01725,0.90242,0.918164,seasonal-trend,NAIVE-LAST,ok,-0.5829766731601468,921.830303030303,0.01,
m4_weekly,m4_weekly,W64,200,weekly,52,52,0.0,1.0,0.01725,0.90242,0.918164,seasonal-trend,NAIVE-AVERAGE,ok,-2.7329079703122345,1388.2073355563148,0.0,
m4_weekly,m4_weekly,W64,200,weekly,52,52,0.0,1.0,0.01725,0.90242,0.918164,seasonal-trend,NAIVE-SEASON,ok,-1.3149868446864168,1138.4,0.01,
m4_weekly,m4_weekly,W64,200,weekly,52,52,0.0,1.0,0.01725,0.90242,0.918164,seasonal-trend,TSM1,ok,-0.7218166778728696,788.0704120568919,4.8,
m4_weekly,m4_weekly,W64,200,weekly,52,52,0.0,1.0,0.01725,0.90242,0.918164,seasonal-trend,TSM2,ok,-0.6065327997481541,866.493222645127,1.47,
m4_weekly,m4_weekly,W64,200,weekly,52,52,0.0,1.0,0.01725,0.90242,0.918164,seasonal-trend,TSM4,ok,-0.7865624241374494,878.356546515334,0.01,
m4_weekly,m4_weekly,W64,200,weekly,52,52,0.0,1.0,0.01725,0.90242,0.918164,seasonal-trend,TSM5,ok,-0.18459819134559446,770.4689512151064,0.02,
m4_weekly,m4_weekly,W67,200,weekly,52,52,0.0,1.0,0.034922,0.616755,0.995103,seasonal-trend,NAIVE-LAST,ok,0.8330850590029474,76.6848484848485,0.01,
m4_weekly,m4_weekly,W67,200,weekly,52,52,0.0,1.0,0.034922,0.616755,0.995103,seasonal-trend,NAIVE-AVERAGE,ok,-25.30721600087141,1632.7406039200073,0.01,
m4_weekly,m4_weekly,W67,200,weekly,52,52,0.0,1.0,0.034922,0.616755,0.995103,seasonal-trend,NAIVE-SEASON,ok,-24.324880894280387,1465.0060606060608,0.0,
m4_weekly,m4_weekly,W67,200,weekly,52,52,0.0,1.0,0.034922,0.616755,0.995103,seasonal-trend,TSM1,ok,-6.753458815736541e+20,2275522416750.779,6.27,
m4_weekly,m4_weekly,W67,200,weekly,52,52,0.0,1.0,0.034922,0.616755,0.995103,seasonal-trend,TSM2,ok,0.836895763314981,73.81176187207106,0.95,
m4_weekly,m4_weekly,W67,200,weekly,52,52,0.0,1.0,0.034922,0.616755,0.995103,seasonal-trend,TSM4,ok,-6.65763486182531,810.0151287965316,0.01,
m4_weekly,m4_weekly,W67,200,weekly,52,52,0.0,1.0,0.034922,0.616755,0.995103,seasonal-trend,TSM5,ok,0.6915729124992669,136.87498430738802,0.02,
m4_daily,m4_daily,D1218,200,daily,7,7,0.0,1.0,0.004548,0.034022,0.99176,trend,NAIVE-LAST,ok,0.6677982098559736,60.69090909090909,0.01,
m4_daily,m4_daily,D1218,200,daily,7,7,0.0,1.0,0.004548,0.034022,0.99176,trend,NAIVE-AVERAGE,ok,-27.115288424337404,647.4078648936197,0.01,
m4_daily,m4_daily,D1218,200,daily,7,7,0.0,1.0,0.004548,0.034022,0.99176,trend,NAIVE-SEASON,ok,-0.6372507500098148,162.38121212121206,0.01,
m4_daily,m4_daily,D1218,200,daily,7,7,0.0,1.0,0.004548,0.034022,0.99176,trend,TSM1,ok,0.6677982098559736,60.69090909090909,5.42,
m4_daily,m4_daily,D1218,200,daily,7,7,0.0,1.0,0.004548,0.034022,0.99176,trend,TSM2,ok,0.6673703037745672,60.7665427453667,6.72,
m4_daily,m4_daily,D1218,200,daily,7,7,0.0,1.0,0.004548,0.034022,0.99176,trend,TSM4,ok,-10.63575702775605,486.4182583689899,0.01,
m4_daily,m4_daily,D1218,200,daily,7,7,0.0,1.0,0.004548,0.034022,0.99176,trend,TSM5,ok,0.45124321208760093,87.96131266136813,0.02,
m4_daily,m4_daily,D1283,200,daily,7,7,0.0,1.0,0.001805,0.034869,0.921872,trend,NAIVE-LAST,ok,0.7279603674658068,125.7557575757576,0.01,
m4_daily,m4_daily,D1283,200,daily,7,7,0.0,1.0,0.001805,0.034869,0.921872,trend,NAIVE-AVERAGE,ok,-0.3898353172378114,342.245256791305,0.01,
m4_daily,m4_daily,D1283,200,daily,7,7,0.0,1.0,0.001805,0.034869,0.921872,trend,NAIVE-SEASON,ok,-0.8848013014773113,383.02545454545464,0.01,
m4_daily,m4_daily,D1283,200,daily,7,7,0.0,1.0,0.001805,0.034869,0.921872,trend,TSM1,ok,0.7279603674658068,125.7557575757576,4.5,
m4_daily,m4_daily,D1283,200,daily,7,7,0.0,1.0,0.001805,0.034869,0.921872,trend,TSM2,ok,0.7254274921920271,128.8420720540999,6.98,
m4_daily,m4_daily,D1283,200,daily,7,7,0.0,1.0,0.001805,0.034869,0.921872,trend,TSM4,ok,-0.797712000791849,389.8438889984201,0.01,
m4_daily,m4_daily,D1283,200,daily,7,7,0.0,1.0,0.001805,0.034869,0.921872,trend,TSM5,ok,0.4879399714246184,200.90708682035225,0.03,
m4_daily,m4_daily,D1380,200,daily,7,7,0.0,1.0,0.004592,0.073193,0.987386,trend,NAIVE-LAST,ok,0.7823995864499745,69.21818181818193,0.01,
m4_daily,m4_daily,D1380,200,daily,7,7,0.0,1.0,0.004592,0.073193,0.987386,trend,NAIVE-AVERAGE,ok,-7.423409713165813,546.1692317301405,0.01,
m4_daily,m4_daily,D1380,200,daily,7,7,0.0,1.0,0.004592,0.073193,0.987386,trend,NAIVE-SEASON,ok,-0.733055741389624,237.0515151515152,0.01,
m4_daily,m4_daily,D1380,200,daily,7,7,0.0,1.0,0.004592,0.073193,0.987386,trend,TSM1,ok,0.7836120339772602,68.85677698610519,5.0,
m4_daily,m4_daily,D1380,200,daily,7,7,0.0,1.0,0.004592,0.073193,0.987386,trend,TSM2,ok,0.7393837684547266,74.0071657009368,8.04,
m4_daily,m4_daily,D1380,200,daily,7,7,0.0,1.0,0.004592,0.073193,0.987386,trend,TSM4,ok,-2.246994963150615,378.03630770275146,0.01,
m4_daily,m4_daily,D1380,200,daily,7,7,0.0,1.0,0.004592,0.073193,0.987386,trend,TSM5,ok,0.5205468463976336,112.15009020712844,0.02,
m4_daily,m4_daily,D1832,200,daily,7,7,0.0,1.0,0.023388,0.025262,0.990999,trend,NAIVE-LAST,ok,0.7471220439077013,52.84242424242424,0.0,
m4_daily,m4_daily,D1832,200,daily,7,7,0.0,1.0,0.023388,0.025262,0.990999,trend,NAIVE-AVERAGE,ok,-19.743277722209967,499.2972191902115,0.0,
m4_daily,m4_daily,D1832,200,daily,7,7,0.0,1.0,0.023388,0.025262,0.990999,trend,NAIVE-SEASON,ok,-0.8565537508884375,157.5878787878788,0.0,
m4_daily,m4_daily,D1832,200,daily,7,7,0.0,1.0,0.023388,0.025262,0.990999,trend,TSM1,ok,0.7439764201765012,53.36286146862638,6.16,
m4_daily,m4_daily,D1832,200,daily,7,7,0.0,1.0,0.023388,0.025262,0.990999,trend,TSM2,ok,0.740684270561184,53.67634746897534,4.04,
m4_daily,m4_daily,D1832,200,daily,7,7,0.0,1.0,0.023388,0.025262,0.990999,trend,TSM4,ok,-3.38065422320973,253.70730205490173,0.01,
m4_daily,m4_daily,D1832,200,daily,7,7,0.0,1.0,0.023388,0.025262,0.990999,trend,TSM5,ok,0.5001351428745892,79.4059338826088,0.02,
m4_daily,m4_daily,D1844,125,daily,7,7,0.0,1.0,0.000721,0.042863,0.961829,trend,NAIVE-LAST,ok,0.4335809831811731,17.97,0.01,
m4_daily,m4_daily,D1844,125,daily,7,7,0.0,1.0,0.000721,0.042863,0.961829,trend,NAIVE-AVERAGE,ok,-6.165997283807995,73.99060032078543,0.01,
m4_daily,m4_daily,D1844,125,daily,7,7,0.0,1.0,0.000721,0.042863,0.961829,trend,NAIVE-SEASON,ok,-2.1255393349438743,41.81,0.01,
m4_daily,m4_daily,D1844,125,daily,7,7,0.0,1.0,0.000721,0.042863,0.961829,trend,TSM1,ok,-6.420943872207878e+20,374213373770.64215,5.27,
m4_daily,m4_daily,D1844,125,daily,7,7,0.0,1.0,0.000721,0.042863,0.961829,trend,TSM2,ok,0.43482069289718106,17.967055392141653,4.35,
m4_daily,m4_daily,D1844,125,daily,7,7,0.0,1.0,0.000721,0.042863,0.961829,trend,TSM4,ok,-7.73817736318752,57.51145864781921,0.01,
m4_daily,m4_daily,D1844,125,daily,7,7,0.0,1.0,0.000721,0.042863,0.961829,trend,TSM5,ok,0.11015878260887262,22.938130410977905,0.02,
m4_daily,m4_daily,D2064,189,daily,7,7,0.0,1.0,0.00812,0.034855,0.967417,trend,NAIVE-LAST,ok,0.7116839454831704,24.758064516129036,0.01,
m4_daily,m4_daily,D2064,189,daily,7,7,0.0,1.0,0.00812,0.034855,0.967417,trend,NAIVE-AVERAGE,ok,-3.2281547050830737,104.24657587830943,0.01,
m4_daily,m4_daily,D2064,189,daily,7,7,0.0,1.0,0.00812,0.034855,0.967417,trend,NAIVE-SEASON,ok,-0.8444168352877016,66.59612903225806,0.01,
m4_daily,m4_daily,D2064,189,daily,7,7,0.0,1.0,0.00812,0.034855,0.967417,trend,TSM1,ok,0.7107931633081264,24.762025959730767,5.15,
m4_daily,m4_daily,D2064,189,daily,7,7,0.0,1.0,0.00812,0.034855,0.967417,trend,TSM2,ok,0.681954677751464,25.16173333292145,4.79,
m4_daily,m4_daily,D2064,189,daily,7,7,0.0,1.0,0.00812,0.034855,0.967417,trend,TSM4,ok,-2.19530133936155,90.56421653822615,0.01,
m4_daily,m4_daily,D2064,189,daily,7,7,0.0,1.0,0.00812,0.034855,0.967417,trend,TSM5,ok,0.4866344782608213,34.56245215876195,0.02,
m4_daily,m4_daily,D2286,200,daily,7,7,0.0,1.0,0.000581,0.037735,0.842475,trend,NAIVE-LAST,ok,0.43744511388641893,55.23636363636366,0.01,
m4_daily,m4_daily,D2286,200,daily,7,7,0.0,1.0,0.000581,0.037735,0.842475,trend,NAIVE-AVERAGE,ok,-1.2194244606137483,121.07850698322598,0.01,
m4_daily,m4_daily,D2286,200,daily,7,7,0.0,1.0,0.000581,0.037735,0.842475,trend,NAIVE-SEASON,ok,-0.42315028215412537,90.60666666666668,0.01,
m4_daily,m4_daily,D2286,200,daily,7,7,0.0,1.0,0.000581,0.037735,0.842475,trend,TSM1,ok,0.489037095435824,52.56098463292466,4.34,
m4_daily,m4_daily,D2286,200,daily,7,7,0.0,1.0,0.000581,0.037735,0.842475,trend,TSM2,ok,0.48980836038668507,52.50962429840448,7.06,
m4_daily,m4_daily,D2286,200,daily,7,7,0.0,1.0,0.000581,0.037735,0.842475,trend,TSM4,ok,-3.361948444634641,180.13897837605177,0.01,
m4_daily,m4_daily,D2286,200,daily,7,7,0.0,1.0,0.000581,0.037735,0.842475,trend,TSM5,ok,0.43612309406271743,56.388176140318855,0.02,
m4_daily,m4_daily,D2365,200,daily,7,7,0.0,1.0,0.001041,0.010828,0.976286,trend,NAIVE-LAST,ok,0.8246105080546557,79.95939393939389,0.01,
m4_daily,m4_daily,D2365,200,daily,7,7,0.0,1.0,0.001041,0.010828,0.976286,trend,NAIVE-AVERAGE,ok,-1.879888561540057,388.05399667279687,0.01,
m4_daily,m4_daily,D2365,200,daily,7,7,0.0,1.0,0.001041,0.010828,0.976286,trend,NAIVE-SEASON,ok,-0.237928943454285,227.2763636363636,0.01,
m4_daily,m4_daily,D2365,200,daily,7,7,0.0,1.0,0.001041,0.010828,0.976286,trend,TSM1,ok,0.8246105080546557,79.95939393939389,4.33,
m4_daily,m4_daily,D2365,200,daily,7,7,0.0,1.0,0.001041,0.010828,0.976286,trend,TSM2,ok,0.8242911625501378,79.9604814752463,6.72,
m4_daily,m4_daily,D2365,200,daily,7,7,0.0,1.0,0.001041,0.010828,0.976286,trend,TSM4,ok,-4.7277743306548015,510.23182022054016,0.02,
m4_daily,m4_daily,D2365,200,daily,7,7,0.0,1.0,0.001041,0.010828,0.976286,trend,TSM5,ok,0.6615721827329928,113.0451135134238,0.02,
m4_daily,m4_daily,D2424,200,daily,7,7,0.0,1.0,0.008333,0.081093,0.986166,trend,NAIVE-LAST,ok,0.6552377615568137,64.63757575757576,0.01,
m4_daily,m4_daily,D2424,200,daily,7,7,0.0,1.0,0.008333,0.081093,0.986166,trend,NAIVE-AVERAGE,ok,-8.681697079991153,478.55940218948933,0.01,
m4_daily,m4_daily,D2424,200,daily,7,7,0.0,1.0,0.008333,0.081093,0.986166,trend,NAIVE-SEASON,ok,-0.38959060112835403,158.2048484848485,0.0,
m4_daily,m4_daily,D2424,200,daily,7,7,0.0,1.0,0.008333,0.081093,0.986166,trend,TSM1,ok,0.646683760008405,65.5543851902148,4.75,
m4_daily,m4_daily,D2424,200,daily,7,7,0.0,1.0,0.008333,0.081093,0.986166,trend,TSM2,ok,0.6525689228507601,64.56482735023667,7.95,
m4_daily,m4_daily,D2424,200,daily,7,7,0.0,1.0,0.008333,0.081093,0.986166,trend,TSM4,ok,-3.7431085356109848,343.45633796086315,0.01,
m4_daily,m4_daily,D2424,200,daily,7,7,0.0,1.0,0.008333,0.081093,0.986166,trend,TSM5,ok,0.4747347016723868,88.39533316888635,0.02,
m4_daily,m4_daily,D2732,200,daily,7,7,0.0,1.0,0.004544,0.033368,0.984869,trend,NAIVE-LAST,ok,0.8116912347448897,7.481212121212119,0.01,
m4_daily,m4_daily,D2732,200,daily,7,7,0.0,1.0,0.004544,0.033368,0.984869,trend,NAIVE-AVERAGE,ok,-4.037814474374239,50.074064311162836,0.01,
m4_daily,m4_daily,D2732,200,daily,7,7,0.0,1.0,0.004544,0.033368,0.984869,trend,NAIVE-SEASON,ok,-0.5528995983436469,23.072727272727274,0.01,
m4_daily,m4_daily,D2732,200,daily,7,7,0.0,1.0,0.004544,0.033368,0.984869,trend,TSM1,ok,0.8103580805837529,7.600514522052711,6.25,
m4_daily,m4_daily,D2732,200,daily,7,7,0.0,1.0,0.004544,0.033368,0.984869,trend,TSM2,ok,0.8122112489886785,7.475789255172225,5.43,
m4_daily,m4_daily,D2732,200,daily,7,7,0.0,1.0,0.004544,0.033368,0.984869,trend,TSM4,ok,-2.3861113246548777,31.31712835636332,0.01,
m4_daily,m4_daily,D2732,200,daily,7,7,0.0,1.0,0.004544,0.033368,0.984869,trend,TSM5,ok,0.5605922739462094,11.5052114613808,0.02,
m4_daily,m4_daily,D2988,200,daily,7,7,0.0,1.0,0.084842,0.028547,0.988076,trend,NAIVE-LAST,ok,0.4605344341548328,16.68993939393939,0.01,
m4_daily,m4_daily,D2988,200,daily,7,7,0.0,1.0,0.084842,0.028547,0.988076,trend,NAIVE-AVERAGE,ok,-48.47295927071963,244.66178628557282,0.01,
m4_daily,m4_daily,D2988,200,daily,7,7,0.0,1.0,0.084842,0.028547,0.988076,trend,NAIVE-SEASON,ok,-2.3013012710899114,55.003212121212115,0.01,
m4_daily,m4_daily,D2988,200,daily,7,7,0.0,1.0,0.084842,0.028547,0.988076,trend,TSM1,ok,-0.2787839859097215,33.33215398437213,3.97,
m4_daily,m4_daily,D2988,200,daily,7,7,0.0,1.0,0.084842,0.028547,0.988076,trend,TSM2,ok,0.4603254760368844,16.604786299639503,4.32,
m4_daily,m4_daily,D2988,200,daily,7,7,0.0,1.0,0.084842,0.028547,0.988076,trend,TSM4,ok,-6.356178158595064,109.79460287875199,0.01,
m4_daily,m4_daily,D2988,200,daily,7,7,0.0,1.0,0.084842,0.028547,0.988076,trend,TSM5,ok,0.09695766539521197,28.73909239997091,0.02,
m4_daily,m4_daily,D2918,200,daily,7,7,0.0,1.0,0.000883,0.079331,0.964911,trend,NAIVE-LAST,ok,0.7369353529342954,66.68969696969698,0.01,
m4_daily,m4_daily,D2918,200,daily,7,7,0.0,1.0,0.000883,0.079331,0.964911,trend,NAIVE-AVERAGE,ok,-3.981008181295818,312.31882483260216,0.01,
m4_daily,m4_daily,D2918,200,daily,7,7,0.0,1.0,0.000883,0.079331,0.964911,trend,NAIVE-SEASON,ok,-0.1310174094881804,163.10848484848484,0.01,
m4_daily,m4_daily,D2918,200,daily,7,7,0.0,1.0,0.000883,0.079331,0.964911,trend,TSM1,ok,0.7332849986799783,68.02836198193998,4.56,
m4_daily,m4_daily,D2918,200,daily,7,7,0.0,1.0,0.000883,0.079331,0.964911,trend,TSM2,ok,0.7401378222067456,66.48627790450074,8.5,
m4_daily,m4_daily,D2918,200,daily,7,7,0.0,1.0,0.000883,0.079331,0.964911,trend,TSM4,ok,-2.279765600651932,282.4820701027012,0.02,
m4_daily,m4_daily,D2918,200,daily,7,7,0.0,1.0,0.000883,0.079331,0.964911,trend,TSM5,ok,0.6244683923650923,87.33224685509627,0.02,
m4_daily,m4_daily,D3243,200,daily,7,7,0.0,1.0,0.004555,0.033541,0.99012,trend,NAIVE-LAST,ok,0.7327865064412694,20.934380191090906,0.01,
m4_daily,m4_daily,D3243,200,daily,7,7,0.0,1.0,0.004555,0.033541,0.99012,trend,NAIVE-AVERAGE,ok,-19.701452051422173,249.18445682422634,0.01,
m4_daily,m4_daily,D3243,200,daily,7,7,0.0,1.0,0.004555,0.033541,0.99012,trend,NAIVE-SEASON,ok,-0.725054477327874,63.50306697933331,0.01,
m4_daily,m4_daily,D3243,200,daily,7,7,0.0,1.0,0.004555,0.033541,0.99012,trend,TSM1,ok,0.7327865064412694,20.934380191090906,6.87,
m4_daily,m4_daily,D3243,200,daily,7,7,0.0,1.0,0.004555,0.033541,0.99012,trend,TSM2,ok,0.7235472230786822,21.73392874332434,4.43,
m4_daily,m4_daily,D3243,200,daily,7,7,0.0,1.0,0.004555,0.033541,0.99012,trend,TSM4,ok,-10.25482657852636,169.32933558964402,0.01,
m4_daily,m4_daily,D3243,200,daily,7,7,0.0,1.0,0.004555,0.033541,0.99012,trend,TSM5,ok,0.4975682769809227,33.222469117055944,0.02,
m4_daily,m4_daily,D3636,200,daily,7,7,0.0,1.0,0.003923,0.010919,0.982266,trend,NAIVE-LAST,ok,0.8259815025601517,40.527272727272724,0.01,
m4_daily,m4_daily,D3636,200,daily,7,7,0.0,1.0,0.003923,0.010919,0.982266,trend,NAIVE-AVERAGE,ok,-3.734265694646459,263.5412888039459,0.01,
m4_daily,m4_daily,D3636,200,daily,7,7,0.0,1.0,0.003923,0.010919,0.982266,trend,NAIVE-SEASON,ok,-0.09664671755028134,116.93939393939395,0.01,
m4_daily,m4_daily,D3636,200,daily,7,7,0.0,1.0,0.003923,0.010919,0.982266,trend,TSM1,ok,0.8259815025601517,40.527272727272724,5.44,
m4_daily,m4_daily,D3636,200,daily,7,7,0.0,1.0,0.003923,0.010919,0.982266,trend,TSM2,ok,0.8256713183307592,40.35124096257311,4.44,
m4_daily,m4_daily,D3636,200,daily,7,7,0.0,1.0,0.003923,0.010919,0.982266,trend,TSM4,ok,-2.925708754504572,246.5993647710674,0.02,
m4_daily,m4_daily,D3636,200,daily,7,7,0.0,1.0,0.003923,0.010919,0.982266,trend,TSM5,ok,0.6773273446264159,59.458624371424165,0.02,
m4_daily,m4_daily,D3985,200,daily,7,7,0.0,1.0,0.001377,0.046443,0.957363,trend,NAIVE-LAST,ok,0.8169526119875202,35.8060606060606,0.01,
m4_daily,m4_daily,D3985,200,daily,7,7,0.0,1.0,0.001377,0.046443,0.957363,trend,NAIVE-AVERAGE,ok,-1.5823109566387055,149.93668655775667,0.01,
m4_daily,m4_daily,D3985,200,daily,7,7,0.0,1.0,0.001377,0.046443,0.957363,trend,NAIVE-SEASON,ok,-0.06591056177995266,90.16969696969696,0.01,
m4_daily,m4_daily,D3985,200,daily,7,7,0.0,1.0,0.001377,0.046443,0.957363,trend,TSM1,ok,0.8169526119875202,35.8060606060606,5.2,
m4_daily,m4_daily,D3985,200,daily,7,7,0.0,1.0,0.001377,0.046443,0.957363,trend,TSM2,ok,0.8168676822305574,35.836403197800166,4.63,
m4_daily,m4_daily,D3985,200,daily,7,7,0.0,1.0,0.001377,0.046443,0.957363,trend,TSM4,ok,-0.923828807685165,112.11882068777359,0.01,
m4_daily,m4_daily,D3985,200,daily,7,7,0.0,1.0,0.001377,0.046443,0.957363,trend,TSM5,ok,0.6944759709524074,45.49271684091269,0.02,
m4_daily,m4_daily,D4108,200,daily,7,7,0.0,1.0,0.002105,0.035011,0.977405,trend,NAIVE-LAST,ok,0.7417189479411475,50.67272727272727,0.01,
m4_daily,m4_daily,D4108,200,daily,7,7,0.0,1.0,0.002105,0.035011,0.977405,trend,NAIVE-AVERAGE,ok,-6.7418981680222645,306.41218259533804,0.01,
m4_daily,m4_daily,D4108,200,daily,7,7,0.0,1.0,0.002105,0.035011,0.977405,trend,NAIVE-SEASON,ok,-0.3712207416786579,131.5969696969697,0.01,
m4_daily,m4_daily,D4108,200,daily,7,7,0.0,1.0,0.002105,0.035011,0.977405,trend,TSM1,ok,0.6861188320978998,52.645585771373725,7.67,
m4_daily,m4_daily,D4108,200,daily,7,7,0.0,1.0,0.002105,0.035011,0.977405,trend,TSM2,ok,0.738991456080839,51.049559718312516,5.26,
m4_daily,m4_daily,D4108,200,daily,7,7,0.0,1.0,0.002105,0.035011,0.977405,trend,TSM4,ok,-6.587727999060663,259.92125054251557,0.02,
m4_daily,m4_daily,D4108,200,daily,7,7,0.0,1.0,0.002105,0.035011,0.977405,trend,TSM5,ok,0.56347951683836,74.50768880135028,0.02,
m4_daily,m4_daily,D653,200,daily,7,7,0.0,1.0,0.001186,0.020731,0.956153,trend,NAIVE-LAST,ok,0.5771586347327864,9.66266666666668,0.01,
m4_daily,m4_daily,D653,200,daily,7,7,0.0,1.0,0.001186,0.020731,0.956153,trend,NAIVE-AVERAGE,ok,-6.387080095947249,44.85185743950709,0.01,
m4_daily,m4_daily,D653,200,daily,7,7,0.0,1.0,0.001186,0.020731,0.956153,trend,NAIVE-SEASON,ok,-1.105242496002076,25.112303030303025,0.01,
m4_daily,m4_daily,D653,200,daily,7,7,0.0,1.0,0.001186,0.020731,0.956153,trend,TSM1,ok,0.5504819661392824,10.659664044042064,5.56,
m4_daily,m4_daily,D653,200,daily,7,7,0.0,1.0,0.001186,0.020731,0.956153,trend,TSM2,ok,0.5686674698453655,9.842673561225293,5.64,
m4_daily,m4_daily,D653,200,daily,7,7,0.0,1.0,0.001186,0.020731,0.956153,trend,TSM4,ok,-2.1271731828322635,30.350037283081512,0.01,
m4_daily,m4_daily,D653,200,daily,7,7,0.0,1.0,0.001186,0.020731,0.956153,trend,TSM5,ok,0.31939679192976084,13.032311319254381,0.02,
m4_daily,m4_daily,D709,200,daily,7,7,0.0,1.0,0.001161,0.049866,0.973501,trend,NAIVE-LAST,ok,0.7694372599032395,102.63757575757583,0.01,
m4_daily,m4_daily,D709,200,daily,7,7,0.0,1.0,0.001161,0.049866,0.973501,trend,NAIVE-AVERAGE,ok,-4.0175474405024225,528.6764665294609,0.01,
m4_daily,m4_daily,D709,200,daily,7,7,0.0,1.0,0.001161,0.049866,0.973501,trend,NAIVE-SEASON,ok,-0.49684315325462236,257.4678787878788,0.01,
m4_daily,m4_daily,D709,200,daily,7,7,0.0,1.0,0.001161,0.049866,0.973501,trend,TSM1,ok,0.7694372599032395,102.63757575757583,4.88,
m4_daily,m4_daily,D709,200,daily,7,7,0.0,1.0,0.001161,0.049866,0.973501,trend,TSM2,ok,0.7670281324350062,103.07784992003812,4.85,
m4_daily,m4_daily,D709,200,daily,7,7,0.0,1.0,0.001161,0.049866,0.973501,trend,TSM4,ok,-2.866308101075485,392.5115504068267,0.01,
m4_daily,m4_daily,D709,200,daily,7,7,0.0,1.0,0.001161,0.049866,0.973501,trend,TSM5,ok,0.5658012519733843,140.4182000360714,0.02,
m4_daily,m4_daily,D821,200,daily,7,7,0.0,1.0,0.008651,0.015401,0.990623,trend,NAIVE-LAST,ok,0.7948153324578868,119.26303030303032,0.01,
m4_daily,m4_daily,D821,200,daily,7,7,0.0,1.0,0.008651,0.015401,0.990623,trend,NAIVE-AVERAGE,ok,-13.44802057642666,1280.4836468085148,0.01,
m4_daily,m4_daily,D821,200,daily,7,7,0.0,1.0,0.008651,0.015401,0.990623,trend,NAIVE-SEASON,ok,-0.40550721051368444,368.2878787878787,0.0,
m4_daily,m4_daily,D821,200,daily,7,7,0.0,1.0,0.008651,0.015401,0.990623,trend,TSM1,ok,0.7943620821965898,118.76955879765623,5.65,
m4_daily,m4_daily,D821,200,daily,7,7,0.0,1.0,0.008651,0.015401,0.990623,trend,TSM2,ok,0.7936535840520857,119.11998510663798,5.29,
m4_daily,m4_daily,D821,200,daily,7,7,0.0,1.0,0.008651,0.015401,0.990623,trend,TSM4,ok,-4.139470599193478,828.7432999299529,0.02,
m4_daily,m4_daily,D821,200,daily,7,7,0.0,1.0,0.008651,0.015401,0.990623,trend,TSM5,ok,0.5962495190072784,178.35825548253908,0.03,
m4_daily,m4_daily,D834,200,daily,7,7,0.0,1.0,0.0012,0.034326,0.916519,trend,NAIVE-LAST,ok,0.6229452959339342,93.9812121212121,0.01,
m4_daily,m4_daily,D834,200,daily,7,7,0.0,1.0,0.0012,0.034326,0.916519,trend,NAIVE-AVERAGE,ok,-3.6172783231649683,351.76388095274933,0.01,
m4_daily,m4_daily,D834,200,daily,7,7,0.0,1.0,0.0012,0.034326,0.916519,trend,NAIVE-SEASON,ok,-0.8768355908698073,260.7230303030304,0.01,
m4_daily,m4_daily,D834,200,daily,7,7,0.0,1.0,0.0012,0.034326,0.916519,trend,TSM1,ok,0.6183635137388732,95.14979791960847,4.77,
m4_daily,m4_daily,D834,200,daily,7,7,0.0,1.0,0.0012,0.034326,0.916519,trend,TSM2,ok,0.6223838416325558,93.09874331079747,7.08,
m4_daily,m4_daily,D834,200,daily,7,7,0.0,1.0,0.0012,0.034326,0.916519,trend,TSM4,ok,-5.294151950716016,410.22724822467865,0.02,
m4_daily,m4_daily,D834,200,daily,7,7,0.0,1.0,0.0012,0.034326,0.916519,trend,TSM5,ok,0.4112407857358228,129.28171285986977,0.02,
m4_hourly,m4_hourly,H113,200,hourly,24,24,0.0,1.0,0.021523,0.981955,0.797408,seasonal-trend,NAIVE-LAST,ok,0.9103070905335038,713.4969696969698,0.01,
m4_hourly,m4_hourly,H113,200,hourly,24,24,0.0,1.0,0.021523,0.981955,0.797408,seasonal-trend,NAIVE-AVERAGE,ok,-0.17721596661517558,2705.9355109811013,0.01,
m4_hourly,m4_hourly,H113,200,hourly,24,24,0.0,1.0,0.021523,0.981955,0.797408,seasonal-trend,NAIVE-SEASON,ok,0.8648291468945921,786.0545454545454,0.01,
m4_hourly,m4_hourly,H113,200,hourly,24,24,0.0,1.0,0.021523,0.981955,0.797408,seasonal-trend,TSM1,ok,0.9763784287169861,329.8326084392699,6.41,
m4_hourly,m4_hourly,H113,200,hourly,24,24,0.0,1.0,0.021523,0.981955,0.797408,seasonal-trend,TSM2,ok,0.9818734333509731,273.38711244090774,21.16,
m4_hourly,m4_hourly,H113,200,hourly,24,24,0.0,1.0,0.021523,0.981955,0.797408,seasonal-trend,TSM4,ok,-0.19537143163182008,2729.60330938641,0.01,
m4_hourly,m4_hourly,H113,200,hourly,24,24,0.0,1.0,0.021523,0.981955,0.797408,seasonal-trend,TSM5,ok,0.44092056089702625,1849.9612734108875,0.02,
m4_hourly,m4_hourly,H147,200,hourly,24,24,0.0,1.0,1.043019,0.822949,0.462775,seasonal,NAIVE-LAST,ok,0.5673423338004133,396.5090909090909,0.0,
m4_hourly,m4_hourly,H147,200,hourly,24,24,0.0,1.0,1.043019,0.822949,0.462775,seasonal,NAIVE-AVERAGE,ok,-1.07339041168657,806.9677528184075,0.01,
m4_hourly,m4_hourly,H147,200,hourly,24,24,0.0,1.0,1.043019,0.822949,0.462775,seasonal,NAIVE-SEASON,ok,-1.456016681990255,293.1575757575757,0.01,
m4_hourly,m4_hourly,H147,200,hourly,24,24,0.0,1.0,1.043019,0.822949,0.462775,seasonal,TSM1,ok,0.6118353461146392,392.1768186296516,3.82,
m4_hourly,m4_hourly,H147,200,hourly,24,24,0.0,1.0,1.043019,0.822949,0.462775,seasonal,TSM2,ok,-0.5184380483206936,320.2069630769373,27.13,
m4_hourly,m4_hourly,H147,200,hourly,24,24,0.0,1.0,1.043019,0.822949,0.462775,seasonal,TSM4,ok,0.22151974302794755,537.219141172565,0.01,
m4_hourly,m4_hourly,H147,200,hourly,24,24,0.0,1.0,1.043019,0.822949,0.462775,seasonal,TSM5,ok,0.22077817803307057,560.8710180578552,0.02,
m4_hourly,m4_hourly,H153,200,hourly,24,24,0.0,1.0,0.461149,0.849794,0.346137,seasonal,NAIVE-LAST,ok,0.7601704408398865,111.46060606060605,0.01,
m4_hourly,m4_hourly,H153,200,hourly,24,24,0.0,1.0,0.461149,0.849794,0.346137,seasonal,NAIVE-AVERAGE,ok,-0.08373204402566467,290.7560948602105,0.01,
m4_hourly,m4_hourly,H153,200,hourly,24,24,0.0,1.0,0.461149,0.849794,0.346137,seasonal,NAIVE-SEASON,ok,0.6384192810694285,134.0060606060606,0.01,
m4_hourly,m4_hourly,H153,200,hourly,24,24,0.0,1.0,0.461149,0.849794,0.346137,seasonal,TSM1,ok,0.7474784037243734,121.66045620358068,6.35,
m4_hourly,m4_hourly,H153,200,hourly,24,24,0.0,1.0,0.461149,0.849794,0.346137,seasonal,TSM2,ok,0.8431901345912921,89.70876846207,22.41,
m4_hourly,m4_hourly,H153,200,hourly,24,24,0.0,1.0,0.461149,0.849794,0.346137,seasonal,TSM4,ok,0.306865458599552,209.28978616196574,0.01,
m4_hourly,m4_hourly,H153,200,hourly,24,24,0.0,1.0,0.461149,0.849794,0.346137,seasonal,TSM5,ok,0.35411574180130767,203.6696890570713,0.02,
m4_hourly,m4_hourly,H210,200,hourly,24,24,0.0,1.0,0.02542,0.999897,0.938614,seasonal-trend,NAIVE-LAST,ok,0.9170849510770462,0.8157575757575758,0.01,
m4_hourly,m4_hourly,H210,200,hourly,24,24,0.0,1.0,0.02542,0.999897,0.938614,seasonal-trend,NAIVE-AVERAGE,ok,-0.059228800167167826,3.1302387584478746,0.01,
m4_hourly,m4_hourly,H210,200,hourly,24,24,0.0,1.0,0.02542,0.999897,0.938614,seasonal-trend,NAIVE-SEASON,ok,0.999305103121444,0.06484848484848478,0.01,
m4_hourly,m4_hourly,H210,200,hourly,24,24,0.0,1.0,0.02542,0.999897,0.938614,seasonal-trend,TSM1,ok,0.9888653253986932,0.2431589278202409,6.18,
m4_hourly,m4_hourly,H210,200,hourly,24,24,0.0,1.0,0.02542,0.999897,0.938614,seasonal-trend,TSM2,ok,0.9954917181676681,0.09958610760537487,26.22,
m4_hourly,m4_hourly,H210,200,hourly,24,24,0.0,1.0,0.02542,0.999897,0.938614,seasonal-trend,TSM4,ok,-0.20199604540971322,3.1776429176242957,0.01,
m4_hourly,m4_hourly,H210,200,hourly,24,24,0.0,1.0,0.02542,0.999897,0.938614,seasonal-trend,TSM5,ok,0.47094350997019285,2.2482729431846398,0.02,
m4_hourly,m4_hourly,H242,200,hourly,24,24,0.0,1.0,0.027036,0.999353,0.429734,seasonal,NAIVE-LAST,ok,0.9206186857191149,0.5503030303030303,0.0,
m4_hourly,m4_hourly,H242,200,hourly,24,24,0.0,1.0,0.027036,0.999353,0.429734,seasonal,NAIVE-AVERAGE,ok,-0.05569001127935671,2.105582847943177,0.01,
m4_hourly,m4_hourly,H242,200,hourly,24,24,0.0,1.0,0.027036,0.999353,0.429734,seasonal,NAIVE-SEASON,ok,0.9991450739269851,0.04000000000000001,0.01,
m4_hourly,m4_hourly,H242,200,hourly,24,24,0.0,1.0,0.027036,0.999353,0.429734,seasonal,TSM1,ok,0.994309821362263,0.13598149493711004,7.17,
m4_hourly,m4_hourly,H242,200,hourly,24,24,0.0,1.0,0.027036,0.999353,0.429734,seasonal,TSM2,ok,0.9968708338993311,0.07926221897847976,27.2,
m4_hourly,m4_hourly,H242,200,hourly,24,24,0.0,1.0,0.027036,0.999353,0.429734,seasonal,TSM4,ok,-0.17210490179984383,2.097098003259597,0.01,
m4_hourly,m4_hourly,H242,200,hourly,24,24,0.0,1.0,0.027036,0.999353,0.429734,seasonal,TSM5,ok,0.4735427947178554,1.5023088211912135,0.02,
m4_hourly,m4_hourly,H268,200,hourly,24,24,0.0,1.0,0.044898,0.69109,0.0,seasonal,NAIVE-LAST,ok,0.9086633895030186,1.186060606060606,0.01,
m4_hourly,m4_hourly,H268,200,hourly,24,24,0.0,1.0,0.044898,0.69109,0.0,seasonal,NAIVE-AVERAGE,ok,-0.04939208378385627,4.3582066365916035,0.01,
m4_hourly,m4_hourly,H268,200,hourly,24,24,0.0,1.0,0.044898,0.69109,0.0,seasonal,NAIVE-SEASON,ok,0.9060184438317549,1.1636363636363636,0.01,
m4_hourly,m4_hourly,H268,200,hourly,24,24,0.0,1.0,0.044898,0.69109,0.0,seasonal,TSM1,ok,0.9838536494580188,0.40573353571349713,5.25,
m4_hourly,m4_hourly,H268,200,hourly,24,24,0.0,1.0,0.044898,0.69109,0.0,seasonal,TSM2,ok,0.9711040386046392,0.5777548092255549,26.8,
m4_hourly,m4_hourly,H268,200,hourly,24,24,0.0,1.0,0.044898,0.69109,0.0,seasonal,TSM4,ok,-0.025615765168825154,3.988998319569459,0.02,
m4_hourly,m4_hourly,H268,200,hourly,24,24,0.0,1.0,0.044898,0.69109,0.0,seasonal,TSM5,ok,0.4505613642506582,3.1777708944162293,0.02,
m4_hourly,m4_hourly,H271,200,hourly,24,24,0.0,1.0,0.01432,0.051893,0.0,level,NAIVE-LAST,ok,0.8561890971182692,0.7593939393939394,0.01,
m4_hourly,m4_hourly,H271,200,hourly,24,24,0.0,1.0,0.01432,0.051893,0.0,level,NAIVE-AVERAGE,ok,-0.061569857538464536,2.41185125672933,0.01,
m4_hourly,m4_hourly,H271,200,hourly,24,24,0.0,1.0,0.01432,0.051893,0.0,level,NAIVE-SEASON,ok,-0.6166168821168106,2.823030303030303,0.01,
m4_hourly,m4_hourly,H271,200,hourly,24,24,0.0,1.0,0.01432,0.051893,0.0,level,TSM1,ok,0.9563764700101363,0.3774636965990357,6.23,
m4_hourly,m4_hourly,H271,200,hourly,24,24,0.0,1.0,0.01432,0.051893,0.0,level,TSM2,ok,0.8690887549340032,0.7134501619183136,25.03,
m4_hourly,m4_hourly,H271,200,hourly,24,24,0.0,1.0,0.01432,0.051893,0.0,level,TSM4,ok,-0.13008749147796553,2.468857972465868,0.03,
m4_hourly,m4_hourly,H271,200,hourly,24,24,0.0,1.0,0.01432,0.051893,0.0,level,TSM5,ok,0.31190636783508674,1.9262016550457566,0.04,
m4_hourly,m4_hourly,H29,200,hourly,24,24,0.0,1.0,0.036614,0.979083,0.861428,seasonal-trend,NAIVE-LAST,ok,0.9255430874261495,215.0,0.01,
m4_hourly,m4_hourly,H29,200,hourly,24,24,0.0,1.0,0.036614,0.979083,0.861428,seasonal-trend,NAIVE-AVERAGE,ok,-0.19350951529690383,862.0734155183084,0.01,
m4_hourly,m4_hourly,H29,200,hourly,24,24,0.0,1.0,0.036614,0.979083,0.861428,seasonal-trend,NAIVE-SEASON,ok,0.8188169306921473,285.4848484848485,0.01,
m4_hourly,m4_hourly,H29,200,hourly,24,24,0.0,1.0,0.036614,0.979083,0.861428,seasonal-trend,TSM1,ok,0.9867060079832999,70.84451692465265,6.84,
m4_hourly,m4_hourly,H29,200,hourly,24,24,0.0,1.0,0.036614,0.979083,0.861428,seasonal-trend,TSM2,ok,0.9899562186528146,62.22141620280386,21.83,
m4_hourly,m4_hourly,H29,200,hourly,24,24,0.0,1.0,0.036614,0.979083,0.861428,seasonal-trend,TSM4,ok,-0.08284231780810443,787.3164097365825,0.01,
m4_hourly,m4_hourly,H29,200,hourly,24,24,0.0,1.0,0.036614,0.979083,0.861428,seasonal-trend,TSM5,ok,0.4959046001385552,574.5333800114352,0.02,
m4_hourly,m4_hourly,H292,200,hourly,24,24,0.0,1.0,0.031495,0.9998,0.982286,seasonal-trend,NAIVE-LAST,ok,0.9143287154916724,0.856969696969697,0.01,
m4_hourly,m4_hourly,H292,200,hourly,24,24,0.0,1.0,0.031495,0.9998,0.982286,seasonal-trend,NAIVE-AVERAGE,ok,-0.07762683459167871,3.184219902466137,0.01,
m4_hourly,m4_hourly,H292,200,hourly,24,24,0.0,1.0,0.031495,0.9998,0.982286,seasonal-trend,NAIVE-SEASON,ok,0.9972741927802741,0.16727272727272735,0.01,
m4_hourly,m4_hourly,H292,200,hourly,24,24,0.0,1.0,0.031495,0.9998,0.982286,seasonal-trend,TSM1,ok,0.9917895140863354,0.23102089761420647,5.46,
m4_hourly,m4_hourly,H292,200,hourly,24,24,0.0,1.0,0.031495,0.9998,0.982286,seasonal-trend,TSM2,ok,0.996162886469014,0.10239115237343106,25.08,
m4_hourly,m4_hourly,H292,200,hourly,24,24,0.0,1.0,0.031495,0.9998,0.982286,seasonal-trend,TSM4,ok,-0.10919343972596647,2.8331708651648415,0.01,
m4_hourly,m4_hourly,H292,200,hourly,24,24,0.0,1.0,0.031495,0.9998,0.982286,seasonal-trend,TSM5,ok,0.4623900045595771,2.328496529268663,0.02,
m4_hourly,m4_hourly,H313,200,hourly,24,24,0.0,1.0,0.059991,0.999915,0.727669,seasonal-trend,NAIVE-LAST,ok,0.9183456957637837,1.478787878787879,0.01,
m4_hourly,m4_hourly,H313,200,hourly,24,24,0.0,1.0,0.059991,0.999915,0.727669,seasonal-trend,NAIVE-AVERAGE,ok,-0.05285535875117575,5.321321638308656,0.01,
m4_hourly,m4_hourly,H313,200,hourly,24,24,0.0,1.0,0.059991,0.999915,0.727669,seasonal-trend,NAIVE-SEASON,ok,0.9998662898245655,0.0430303030303031,0.01,
m4_hourly,m4_hourly,H313,200,hourly,24,24,0.0,1.0,0.059991,0.999915,0.727669,seasonal-trend,TSM1,ok,0.9902524491703228,0.39059234255612096,5.66,
m4_hourly,m4_hourly,H313,200,hourly,24,24,0.0,1.0,0.059991,0.999915,0.727669,seasonal-trend,TSM2,ok,0.9964502651661082,0.15753256522248316,26.61,
m4_hourly,m4_hourly,H313,200,hourly,24,24,0.0,1.0,0.059991,0.999915,0.727669,seasonal-trend,TSM4,ok,0.08164635159143081,4.2847047628015655,0.01,
m4_hourly,m4_hourly,H313,200,hourly,24,24,0.0,1.0,0.059991,0.999915,0.727669,seasonal-trend,TSM5,ok,0.47243340561328184,3.8874151068697236,0.02,
m4_hourly,m4_hourly,H32,200,hourly,24,24,0.0,1.0,0.026723,0.989789,0.880356,seasonal-trend,NAIVE-LAST,ok,0.9290151368235653,3465.951515151515,0.01,
m4_hourly,m4_hourly,H32,200,hourly,24,24,0.0,1.0,0.026723,0.989789,0.880356,seasonal-trend,NAIVE-AVERAGE,ok,-0.10966612416902524,13939.810176742816,0.0,
m4_hourly,m4_hourly,H32,200,hourly,24,24,0.0,1.0,0.026723,0.989789,0.880356,seasonal-trend,NAIVE-SEASON,ok,0.8715506420528742,3946.933333333333,0.0,
m4_hourly,m4_hourly,H32,200,hourly,24,24,0.0,1.0,0.026723,0.989789,0.880356,seasonal-trend,TSM1,ok,0.9963754485383577,672.451364388818,7.78,
m4_hourly,m4_hourly,H32,200,hourly,24,24,0.0,1.0,0.026723,0.989789,0.880356,seasonal-trend,TSM2,ok,0.9972237934842715,534.3020216616819,21.22,
m4_hourly,m4_hourly,H32,200,hourly,24,24,0.0,1.0,0.026723,0.989789,0.880356,seasonal-trend,TSM4,ok,-0.13156221929833234,13774.54470591651,0.01,
m4_hourly,m4_hourly,H32,200,hourly,24,24,0.0,1.0,0.026723,0.989789,0.880356,seasonal-trend,TSM5,ok,0.500958586003349,9421.092361801231,0.02,
m4_hourly,m4_hourly,H326,200,hourly,24,24,0.0,1.0,0.039374,0.999783,0.439419,seasonal,NAIVE-LAST,ok,0.9137930060898111,0.8903030303030304,0.0,
m4_hourly,m4_hourly,H326,200,hourly,24,24,0.0,1.0,0.039374,0.999783,0.439419,seasonal,NAIVE-AVERAGE,ok,-0.053976283253736004,3.5611377566749667,0.01,
m4_hourly,m4_hourly,H326,200,hourly,24,24,0.0,1.0,0.039374,0.999783,0.439419,seasonal,NAIVE-SEASON,ok,0.9996952349641216,0.04121212121212133,0.01,
m4_hourly,m4_hourly,H326,200,hourly,24,24,0.0,1.0,0.039374,0.999783,0.439419,seasonal,TSM1,ok,0.9877206815508262,0.30660971005742055,4.62,
m4_hourly,m4_hourly,H326,200,hourly,24,24,0.0,1.0,0.039374,0.999783,0.439419,seasonal,TSM2,ok,0.9815282239503093,0.23199052575839607,26.39,
m4_hourly,m4_hourly,H326,200,hourly,24,24,0.0,1.0,0.039374,0.999783,0.439419,seasonal,TSM4,ok,-0.030147975472136747,3.286176130605847,0.01,
m4_hourly,m4_hourly,H326,200,hourly,24,24,0.0,1.0,0.039374,0.999783,0.439419,seasonal,TSM5,ok,0.46767860831895386,2.4701943375995876,0.03,
m4_hourly,m4_hourly,H354,200,hourly,24,24,0.0,1.0,0.49165,0.758743,0.250478,seasonal,NAIVE-LAST,ok,0.792852358736053,8.963636363636363,0.0,
m4_hourly,m4_hourly,H354,200,hourly,24,24,0.0,1.0,0.49165,0.758743,0.250478,seasonal,NAIVE-AVERAGE,ok,-0.2395146891620677,25.189009629106664,0.0,
m4_hourly,m4_hourly,H354,200,hourly,24,24,0.0,1.0,0.49165,0.758743,0.250478,seasonal,NAIVE-SEASON,ok,0.16240502705737497,13.830303030303028,0.0,
m4_hourly,m4_hourly,H354,200,hourly,24,24,0.0,1.0,0.49165,0.758743,0.250478,seasonal,TSM1,ok,0.8073799873636858,8.425394289950507,4.06,
m4_hourly,m4_hourly,H354,200,hourly,24,24,0.0,1.0,0.49165,0.758743,0.250478,seasonal,TSM2,ok,0.8062046068938921,8.470583979618407,22.9,
m4_hourly,m4_hourly,H354,200,hourly,24,24,0.0,1.0,0.49165,0.758743,0.250478,seasonal,TSM4,ok,0.3634473437972151,17.206967210606994,0.02,
m4_hourly,m4_hourly,H354,200,hourly,24,24,0.0,1.0,0.49165,0.758743,0.250478,seasonal,TSM5,ok,0.4473615516567554,16.84687881443164,0.02,
m4_hourly,m4_hourly,H360,200,hourly,24,24,0.0,1.0,0.375023,0.675496,0.573409,seasonal-trend,NAIVE-LAST,ok,0.7060096716970701,8.01818181818182,0.01,
m4_hourly,m4_hourly,H360,200,hourly,24,24,0.0,1.0,0.375023,0.675496,0.573409,seasonal-trend,NAIVE-AVERAGE,ok,-0.5716791645475559,21.468567656417978,0.01,
m4_hourly,m4_hourly,H360,200,hourly,24,24,0.0,1.0,0.375023,0.675496,0.573409,seasonal-trend,NAIVE-SEASON,ok,-0.18869796582421644,17.824242424242424,0.01,
m4_hourly,m4_hourly,H360,200,hourly,24,24,0.0,1.0,0.375023,0.675496,0.573409,seasonal-trend,TSM1,ok,0.6788103835605463,8.524106900214722,4.11,
m4_hourly,m4_hourly,H360,200,hourly,24,24,0.0,1.0,0.375023,0.675496,0.573409,seasonal-trend,TSM2,ok,0.6831052683142081,8.383801579562682,24.78,
m4_hourly,m4_hourly,H360,200,hourly,24,24,0.0,1.0,0.375023,0.675496,0.573409,seasonal-trend,TSM4,ok,0.3113246142387526,14.1211799995153,0.02,
m4_hourly,m4_hourly,H360,200,hourly,24,24,0.0,1.0,0.375023,0.675496,0.573409,seasonal-trend,TSM5,ok,0.3838744279268799,13.475541540584825,0.02,
m4_hourly,m4_hourly,H369,200,hourly,24,24,0.0,1.0,0.737527,0.711958,0.25042,seasonal,NAIVE-LAST,ok,0.7142010204610554,59.46666666666666,0.02,
m4_hourly,m4_hourly,H369,200,hourly,24,24,0.0,1.0,0.737527,0.711958,0.25042,seasonal,NAIVE-AVERAGE,ok,-0.024212740662273368,140.3954625063824,0.01,
m4_hourly,m4_hourly,H369,200,hourly,24,24,0.0,1.0,0.737527,0.711958,0.25042,seasonal,NAIVE-SEASON,ok,0.18302313372854231,87.5878787878788,0.01,
m4_hourly,m4_hourly,H369,200,hourly,24,24,0.0,1.0,0.737527,0.711958,0.25042,seasonal,TSM1,ok,0.8064134401839883,53.17596187661345,5.04,
m4_hourly,m4_hourly,H369,200,hourly,24,24,0.0,1.0,0.737527,0.711958,0.25042,seasonal,TSM2,ok,0.7771262382204943,47.874189128283554,18.83,
m4_hourly,m4_hourly,H369,200,hourly,24,24,0.0,1.0,0.737527,0.711958,0.25042,seasonal,TSM4,ok,0.28509534511255774,94.41399013884589,0.01,
m4_hourly,m4_hourly,H369,200,hourly,24,24,0.0,1.0,0.737527,0.711958,0.25042,seasonal,TSM5,ok,0.2848952997268318,104.68638343143667,0.02,
m4_hourly,m4_hourly,H384,200,hourly,24,24,0.0,1.0,0.392732,0.75385,0.358208,seasonal,NAIVE-LAST,ok,0.7222511293916618,10.442424242424241,0.0,
m4_hourly,m4_hourly,H384,200,hourly,24,24,0.0,1.0,0.392732,0.75385,0.358208,seasonal,NAIVE-AVERAGE,ok,-0.12456769745843829,24.716006843051396,0.0,
m4_hourly,m4_hourly,H384,200,hourly,24,24,0.0,1.0,0.392732,0.75385,0.358208,seasonal,NAIVE-SEASON,ok,0.17325327430183662,16.363636363636363,0.0,
m4_hourly,m4_hourly,H384,200,hourly,24,24,0.0,1.0,0.392732,0.75385,0.358208,seasonal,TSM1,ok,0.7148583187333402,10.571171362407545,3.61,
m4_hourly,m4_hourly,H384,200,hourly,24,24,0.0,1.0,0.392732,0.75385,0.358208,seasonal,TSM2,ok,0.6996663755041308,10.181799644814703,22.61,
m4_hourly,m4_hourly,H384,200,hourly,24,24,0.0,1.0,0.392732,0.75385,0.358208,seasonal,TSM4,ok,0.33783325482647114,17.163285544273396,0.01,
m4_hourly,m4_hourly,H384,200,hourly,24,24,0.0,1.0,0.392732,0.75385,0.358208,seasonal,TSM5,ok,0.4152882622017615,16.40778909283317,0.02,
m4_hourly,m4_hourly,H60,200,hourly,24,24,0.0,1.0,0.043435,0.911449,0.517884,seasonal-trend,NAIVE-LAST,ok,0.8800195646057889,49.6,0.01,
m4_hourly,m4_hourly,H60,200,hourly,24,24,0.0,1.0,0.043435,0.911449,0.517884,seasonal-trend,NAIVE-AVERAGE,ok,-0.09443378034291325,174.22523762869014,0.01,
m4_hourly,m4_hourly,H60,200,hourly,24,24,0.0,1.0,0.043435,0.911449,0.517884,seasonal-trend,NAIVE-SEASON,ok,0.7777328284160931,61.878787878787875,0.01,
m4_hourly,m4_hourly,H60,200,hourly,24,24,0.0,1.0,0.043435,0.911449,0.517884,seasonal-trend,TSM1,ok,0.9158457054803801,44.03220816047919,5.58,
m4_hourly,m4_hourly,H60,200,hourly,24,24,0.0,1.0,0.043435,0.911449,0.517884,seasonal-trend,TSM2,ok,0.9384376020830721,34.76509492590531,21.15,
m4_hourly,m4_hourly,H60,200,hourly,24,24,0.0,1.0,0.043435,0.911449,0.517884,seasonal-trend,TSM4,ok,-0.000755733016351856,149.9254561758875,0.01,
m4_hourly,m4_hourly,H60,200,hourly,24,24,0.0,1.0,0.043435,0.911449,0.517884,seasonal-trend,TSM5,ok,0.47508826392801334,115.86273355680983,0.02,
m4_hourly,m4_hourly,H65,200,hourly,24,24,0.0,1.0,0.022133,0.938243,0.557994,seasonal-trend,NAIVE-LAST,ok,0.8817823422599229,418.9636363636364,0.0,
m4_hourly,m4_hourly,H65,200,hourly,24,24,0.0,1.0,0.022133,0.938243,0.557994,seasonal-trend,NAIVE-AVERAGE,ok,-0.12087547534022311,1392.7001520076246,0.0,
m4_hourly,m4_hourly,H65,200,hourly,24,24,0.0,1.0,0.022133,0.938243,0.557994,seasonal-trend,NAIVE-SEASON,ok,0.8161509450957458,509.5939393939394,0.0,
m4_hourly,m4_hourly,H65,200,hourly,24,24,0.0,1.0,0.022133,0.938243,0.557994,seasonal-trend,TSM1,ok,0.9385859303702224,306.70615642465776,4.59,
m4_hourly,m4_hourly,H65,200,hourly,24,24,0.0,1.0,0.022133,0.938243,0.557994,seasonal-trend,TSM2,ok,0.9548752772859069,241.35903802319257,18.22,
m4_hourly,m4_hourly,H65,200,hourly,24,24,0.0,1.0,0.022133,0.938243,0.557994,seasonal-trend,TSM4,ok,-0.42143006391768345,1628.2756007651487,0.01,
m4_hourly,m4_hourly,H65,200,hourly,24,24,0.0,1.0,0.022133,0.938243,0.557994,seasonal-trend,TSM5,ok,0.4035079801351406,1051.1257630193581,0.02,
m4_hourly,m4_hourly,H89,200,hourly,24,24,0.0,1.0,0.026776,0.742107,0.579584,seasonal-trend,NAIVE-LAST,ok,0.8063244488680894,61.74545454545455,0.01,
m4_hourly,m4_hourly,H89,200,hourly,24,24,0.0,1.0,0.026776,0.742107,0.579584,seasonal-trend,NAIVE-AVERAGE,ok,-0.9665549235195108,223.6209984947161,0.01,
m4_hourly,m4_hourly,H89,200,hourly,24,24,0.0,1.0,0.026776,0.742107,0.579584,seasonal-trend,NAIVE-SEASON,ok,-1.1313474294440105,170.41212121212118,0.01,
m4_hourly,m4_hourly,H89,200,hourly,24,24,0.0,1.0,0.026776,0.742107,0.579584,seasonal-trend,TSM1,ok,0.46134373895743075,70.75976827220943,5.77,
m4_hourly,m4_hourly,H89,200,hourly,24,24,0.0,1.0,0.026776,0.742107,0.579584,seasonal-trend,TSM2,ok,0.7821716583614988,54.1193621100452,21.61,
m4_hourly,m4_hourly,H89,200,hourly,24,24,0.0,1.0,0.026776,0.742107,0.579584,seasonal-trend,TSM4,ok,-0.6563889819001746,195.16444186997222,0.03,
m4_hourly,m4_hourly,H89,200,hourly,24,24,0.0,1.0,0.026776,0.742107,0.579584,seasonal-trend,TSM5,ok,0.3196040307158851,129.67419174507046,0.04,
carparts,carparts,11526788,51,monthly,12,12,0.764706,4.25,0.5,0.226793,0.155544,lumpy,NAIVE-LAST,ok,-1.913756613756614,3.1,0.01,
carparts,carparts,11526788,51,monthly,12,12,0.764706,4.25,0.5,0.226793,0.155544,lumpy,NAIVE-AVERAGE,ok,0.027680021894305008,2.0556528515291332,0.01,
carparts,carparts,11526788,51,monthly,12,12,0.764706,4.25,0.5,0.226793,0.155544,lumpy,NAIVE-SEASON,ok,-0.593015873015873,2.3,0.01,
carparts,carparts,11526788,51,monthly,12,12,0.764706,4.25,0.5,0.226793,0.155544,lumpy,TSM1,ok,-0.4457975171747721,2.599617712323338,5.05,
carparts,carparts,11526788,51,monthly,12,12,0.764706,4.25,0.5,0.226793,0.155544,lumpy,TSM2,error,,,0.13,RuntimeError: exponential smoothing could not be fitted
carparts,carparts,11526788,51,monthly,12,12,0.764706,4.25,0.5,0.226793,0.155544,lumpy,TSM4,ok,0.01656469124692923,2.014278622349681,0.0,
carparts,carparts,11526788,51,monthly,12,12,0.764706,4.25,0.5,0.226793,0.155544,lumpy,TSM5,ok,-0.08761724430041258,2.1702383190954544,0.01,
m4_hourly,m4_hourly,H90,200,hourly,24,24,0.0,1.0,0.034972,0.906166,0.852009,seasonal-trend,NAIVE-LAST,ok,0.9151749255245731,554.569696969697,0.01,
m4_hourly,m4_hourly,H90,200,hourly,24,24,0.0,1.0,0.034972,0.906166,0.852009,seasonal-trend,NAIVE-AVERAGE,ok,-0.6284142153201783,2436.612681517339,0.01,
m4_hourly,m4_hourly,H90,200,hourly,24,24,0.0,1.0,0.034972,0.906166,0.852009,seasonal-trend,NAIVE-SEASON,ok,0.5149807574534815,1124.2848484848487,0.01,
m4_hourly,m4_hourly,H90,200,hourly,24,24,0.0,1.0,0.034972,0.906166,0.852009,seasonal-trend,TSM1,ok,0.972529990325582,286.3235189124886,5.47,
m4_hourly,m4_hourly,H90,200,hourly,24,24,0.0,1.0,0.034972,0.906166,0.852009,seasonal-trend,TSM2,ok,0.9743191614872642,261.06655394087613,19.51,
m4_hourly,m4_hourly,H90,200,hourly,24,24,0.0,1.0,0.034972,0.906166,0.852009,seasonal-trend,TSM4,ok,-0.10784213957897745,2214.133585777764,0.01,
m4_hourly,m4_hourly,H90,200,hourly,24,24,0.0,1.0,0.034972,0.906166,0.852009,seasonal-trend,TSM5,ok,0.5039192076854769,1473.416826662592,0.02,
carparts,carparts,16096870,51,monthly,12,12,0.921569,12.75,0.487603,0.293102,0.077943,intermittent,NAIVE-LAST,ok,-0.26428571428571423,0.45,0.01,
carparts,carparts,16096870,51,monthly,12,12,0.921569,12.75,0.487603,0.293102,0.077943,intermittent,NAIVE-AVERAGE,ok,-0.09028021477558892,0.5672078103828155,0.0,
carparts,carparts,16096870,51,monthly,12,12,0.921569,12.75,0.487603,0.293102,0.077943,intermittent,NAIVE-SEASON,ok,-2.1928571428571426,0.525,0.0,
carparts,carparts,16096870,51,monthly,12,12,0.921569,12.75,0.487603,0.293102,0.077943,intermittent,TSM1,ok,-0.10382078477959227,0.48978378783824345,4.7,
carparts,carparts,16096870,51,monthly,12,12,0.921569,12.75,0.487603,0.293102,0.077943,intermittent,TSM2,error,,,0.15,RuntimeError: exponential smoothing could not be fitted
carparts,carparts,16096870,51,monthly,12,12,0.921569,12.75,0.487603,0.293102,0.077943,intermittent,TSM4,ok,-0.04061042504822214,0.42908122613825855,0.01,
carparts,carparts,16096870,51,monthly,12,12,0.921569,12.75,0.487603,0.293102,0.077943,intermittent,TSM5,ok,-0.6706239643204825,0.4609065786756464,0.01,
carparts,carparts,21033031,51,monthly,12,12,0.823529,5.666667,0.115702,0.368998,0.113906,intermittent,NAIVE-LAST,ok,-0.7304147465437787,0.35,0.0,
carparts,carparts,21033031,51,monthly,12,12,0.823529,5.666667,0.115702,0.368998,0.113906,intermittent,NAIVE-AVERAGE,ok,-0.14501898298877364,0.4014448966539537,0.01,
carparts,carparts,21033031,51,monthly,12,12,0.823529,5.666667,0.115702,0.368998,0.113906,intermittent,NAIVE-SEASON,ok,-1.2564516129032257,0.3,0.01,
carparts,carparts,21033031,51,monthly,12,12,0.823529,5.666667,0.115702,0.368998,0.113906,intermittent,TSM1,ok,-2.1609396361838726,0.7491438635030583,4.56,
carparts,carparts,21033031,51,monthly,12,12,0.823529,5.666667,0.115702,0.368998,0.113906,intermittent,TSM2,ok,-0.14884129697439513,0.39436626592877577,5.71,
carparts,carparts,21033031,51,monthly,12,12,0.823529,5.666667,0.115702,0.368998,0.113906,intermittent,TSM4,ok,-0.269196948451661,0.42956565623191356,0.02,
carparts,carparts,21033031,51,monthly,12,12,0.823529,5.666667,0.115702,0.368998,0.113906,intermittent,TSM5,ok,-0.14073292248832217,0.387397545129233,0.02,
carparts,carparts,21034396,51,monthly,12,12,0.921569,12.75,0.12,0.278155,0.056535,intermittent,NAIVE-LAST,ok,0.6666666666666667,0.05,0.01,
carparts,carparts,21034396,51,monthly,12,12,0.921569,12.75,0.12,0.278155,0.056535,intermittent,NAIVE-AVERAGE,ok,-0.014593135518024302,0.1872762932020376,0.0,
carparts,carparts,21034396,51,monthly,12,12,0.921569,12.75,0.12,0.278155,0.056535,intermittent,NAIVE-SEASON,ok,-0.2,0.175,0.0,
carparts,carparts,21034396,51,monthly,12,12,0.921569,12.75,0.12,0.278155,0.056535,intermittent,TSM1,ok,-0.009048938346412471,0.2091992069173596,4.88,
carparts,carparts,21034396,51,monthly,12,12,0.921569,12.75,0.12,0.278155,0.056535,intermittent,TSM2,ok,-0.009063585985673273,0.2091413041275488,5.55,
carparts,carparts,21034396,51,monthly,12,12,0.921569,12.75,0.12,0.278155,0.056535,intermittent,TSM4,ok,-0.04312052203195198,0.26187676709723784,0.01,
carparts,carparts,21034396,51,monthly,12,12,0.921569,12.75,0.12,0.278155,0.056535,intermittent,TSM5,ok,-0.011988257525301683,0.1805362289807689,0.01,
carparts,carparts,21034595,51,monthly,12,12,0.588235,2.428571,0.230469,0.290299,0.085002,intermittent,NAIVE-LAST,ok,-0.7207901676867194,0.675,0.02,
carparts,carparts,21034595,51,monthly,12,12,0.588235,2.428571,0.230469,0.290299,0.085002,intermittent,NAIVE-AVERAGE,ok,-0.18671401453205969,0.7309753478830217,0.01,
carparts,carparts,21034595,51,monthly,12,12,0.588235,2.428571,0.230469,0.290299,0.085002,intermittent,NAIVE-SEASON,ok,-1.9065273423894111,0.775,0.01,
carparts,carparts,21034595,51,monthly,12,12,0.588235,2.428571,0.230469,0.290299,0.085002,intermittent,TSM1,ok,-0.1447332958561789,0.6978748968083893,4.38,
carparts,carparts,21034595,51,monthly,12,12,0.588235,2.428571,0.230469,0.290299,0.085002,intermittent,TSM2,ok,-1.1673526617521153,0.7682145766762751,5.46,
carparts,carparts,21034595,51,monthly,12,12,0.588235,2.428571,0.230469,0.290299,0.085002,intermittent,TSM4,ok,-0.34648838943270266,0.7643197910787005,0.01,
carparts,carparts,21034595,51,monthly,12,12,0.588235,2.428571,0.230469,0.290299,0.085002,intermittent,TSM5,ok,-0.12959231225878595,0.7265439133608843,0.02,
carparts,carparts,21046487,51,monthly,12,12,0.882353,8.5,0.555556,0.270073,0.0,lumpy,NAIVE-LAST,ok,-0.5999999999999999,0.325,0.01,
carparts,carparts,21046487,51,monthly,12,12,0.882353,8.5,0.555556,0.270073,0.0,lumpy,NAIVE-AVERAGE,ok,-0.0796675527165999,0.34451988788097127,0.01,
carparts,carparts,21046487,51,monthly,12,12,0.882353,8.5,0.555556,0.270073,0.0,lumpy,NAIVE-SEASON,ok,-4.0285714285714285,0.375,0.01,
carparts,carparts,21046487,51,monthly,12,12,0.882353,8.5,0.555556,0.270073,0.0,lumpy,TSM1,ok,-0.40122076478684343,0.6650919407163827,5.53,
carparts,carparts,21046487,51,monthly,12,12,0.882353,8.5,0.555556,0.270073,0.0,lumpy,TSM2,ok,-0.05908834026898955,0.3384669543730679,5.01,
carparts,carparts,21046487,51,monthly,12,12,0.882353,8.5,0.555556,0.270073,0.0,lumpy,TSM4,ok,-0.04864058219384391,0.34464351338826515,0.01,
carparts,carparts,21046487,51,monthly,12,12,0.882353,8.5,0.555556,0.270073,0.0,lumpy,TSM5,ok,-0.08445627979012808,0.32242106211432675,0.01,
carparts,carparts,21049103,51,monthly,12,12,0.862745,7.285714,0.12,0.248537,0.255929,intermittent,NAIVE-LAST,ok,-0.23116883116883108,0.35,0.0,
carparts,carparts,21049103,51,monthly,12,12,0.862745,7.285714,0.12,0.248537,0.255929,intermittent,NAIVE-AVERAGE,ok,-0.12270253056857823,0.37310471170777854,0.0,
carparts,carparts,21049103,51,monthly,12,12,0.862745,7.285714,0.12,0.248537,0.255929,intermittent,NAIVE-SEASON,ok,-1.1922077922077923,0.475,0.0,
carparts,carparts,21049103,51,monthly,12,12,0.862745,7.285714,0.12,0.248537,0.255929,intermittent,TSM1,ok,-0.6689019132175323,0.5302531335527015,4.4,
carparts,carparts,21049103,51,monthly,12,12,0.862745,7.285714,0.12,0.248537,0.255929,intermittent,TSM2,ok,-0.11890293903375934,0.3659640124543686,5.54,
carparts,carparts,21049103,51,monthly,12,12,0.862745,7.285714,0.12,0.248537,0.255929,intermittent,TSM4,ok,-0.09926630005925152,0.4006856529999063,0.01,
carparts,carparts,21049103,51,monthly,12,12,0.862745,7.285714,0.12,0.248537,0.255929,intermittent,TSM5,ok,-0.11020905300853379,0.37635711075782885,0.01,
carparts,carparts,21050773,51,monthly,12,12,0.45098,1.821429,0.3319,0.229443,0.599898,intermittent,NAIVE-LAST,ok,-1.5813937661630597,0.85,0.01,
carparts,carparts,21050773,51,monthly,12,12,0.45098,1.821429,0.3319,0.229443,0.599898,intermittent,NAIVE-AVERAGE,ok,-4.264378044976291,1.2834990712179863,0.01,
carparts,carparts,21050773,51,monthly,12,12,0.45098,1.821429,0.3319,0.229443,0.599898,intermittent,NAIVE-SEASON,ok,-8.142607867156663,1.2,0.0,
carparts,carparts,21050773,51,monthly,12,12,0.45098,1.821429,0.3319,0.229443,0.599898,intermittent,TSM1,ok,-23.221550745239096,1.6008513907677027,3.47,
carparts,carparts,21050773,51,monthly,12,12,0.45098,1.821429,0.3319,0.229443,0.599898,intermittent,TSM2,ok,-6.731979128810858,1.3570903306461521,5.17,
carparts,carparts,21050773,51,monthly,12,12,0.45098,1.821429,0.3319,0.229443,0.599898,intermittent,TSM4,ok,-0.44579509981338,0.7835559220529345,0.01,
carparts,carparts,21050773,51,monthly,12,12,0.45098,1.821429,0.3319,0.229443,0.599898,intermittent,TSM5,ok,-2.7035945236812897,0.9525613653458995,0.02,
carparts,carparts,21051274,51,monthly,12,12,0.470588,1.888889,0.298077,0.308668,0.054174,intermittent,NAIVE-LAST,ok,-2.0640695023193647,1.1,0.01,
carparts,carparts,21051274,51,monthly,12,12,0.470588,1.888889,0.298077,0.308668,0.054174,intermittent,NAIVE-AVERAGE,ok,-1.8501957352029905,1.0395581907025675,0.01,
carparts,carparts,21051274,51,monthly,12,12,0.470588,1.888889,0.298077,0.308668,0.054174,intermittent,NAIVE-SEASON,ok,-2.485821119862364,1.175,0.01,
carparts,carparts,21051274,51,monthly,12,12,0.470588,1.888889,0.298077,0.308668,0.054174,intermittent,TSM1,ok,-2.2855636933742605,1.1263102614281517,3.76,
carparts,carparts,21051274,51,monthly,12,12,0.470588,1.888889,0.298077,0.308668,0.054174,intermittent,TSM2,ok,-2.1045147078199107,1.0411435806656424,5.69,
carparts,carparts,21051274,51,monthly,12,12,0.470588,1.888889,0.298077,0.308668,0.054174,intermittent,TSM4,ok,-0.6368180191277323,0.946187148918679,0.01,
carparts,carparts,21051274,51,monthly,12,12,0.470588,1.888889,0.298077,0.308668,0.054174,intermittent,TSM5,ok,-1.3397338505902512,0.9936177614937651,0.02,
carparts,carparts,21051396,51,monthly,12,12,0.568627,2.318182,0.33382,0.238646,0.333852,intermittent,NAIVE-LAST,ok,-1.309840321490807,0.7,0.01,
carparts,carparts,21051396,51,monthly,12,12,0.568627,2.318182,0.33382,0.238646,0.333852,intermittent,NAIVE-AVERAGE,ok,-4.002405779937807,0.8964454910434576,0.02,
carparts,carparts,21051396,51,monthly,12,12,0.568627,2.318182,0.33382,0.238646,0.333852,intermittent,NAIVE-SEASON,ok,-7.941598207617625,0.875,0.01,
carparts,carparts,21051396,51,monthly,12,12,0.568627,2.318182,0.33382,0.238646,0.333852,intermittent,TSM1,ok,-7.5857330688051565,1.1719656614512126,3.89,
carparts,carparts,21051396,51,monthly,12,12,0.568627,2.318182,0.33382,0.238646,0.333852,intermittent,TSM2,ok,-4.478620729699722,0.784552362577735,5.77,
carparts,carparts,21051396,51,monthly,12,12,0.568627,2.318182,0.33382,0.238646,0.333852,intermittent,TSM4,ok,-2.137796496961019,0.7224104748467376,0.01,
carparts,carparts,21051396,51,monthly,12,12,0.568627,2.318182,0.33382,0.238646,0.333852,intermittent,TSM5,ok,-1.958030974797807,0.7121001036176852,0.01,
carparts,carparts,21055715,51,monthly,12,12,0.882353,8.5,0.0,0.732151,0.081715,intermittent,NAIVE-LAST,ok,-0.4476190476190475,0.2,0.01,
carparts,carparts,21055715,51,monthly,12,12,0.882353,8.5,0.0,0.732151,0.081715,intermittent,NAIVE-AVERAGE,ok,-0.09765052832128843,0.25192912763962616,0.01,
carparts,carparts,21055715,51,monthly,12,12,0.882353,8.5,0.0,0.732151,0.081715,intermittent,NAIVE-SEASON,ok,-0.15238095238095234,0.15,0.01,
carparts,carparts,21055715,51,monthly,12,12,0.882353,8.5,0.0,0.732151,0.081715,intermittent,TSM1,ok,-0.9338714200914122,0.2774215210981567,5.12,
carparts,carparts,21055715,51,monthly,12,12,0.882353,8.5,0.0,0.732151,0.081715,intermittent,TSM2,error,,,0.1,RuntimeError: exponential smoothing could not be fitted
carparts,carparts,21055715,51,monthly,12,12,0.882353,8.5,0.0,0.732151,0.081715,intermittent,TSM4,ok,-0.0862791127608468,0.21602581692021663,0.02,
carparts,carparts,21055715,51,monthly,12,12,0.882353,8.5,0.0,0.732151,0.081715,intermittent,TSM5,ok,-0.11264465085788156,0.239740744536115,0.02,
carparts,carparts,21053570,51,monthly,12,12,0.72549,3.642857,0.123457,0.262539,0.227787,intermittent,NAIVE-LAST,ok,-1.0737047898338221,0.625,0.01,
carparts,carparts,21053570,51,monthly,12,12,0.72549,3.642857,0.123457,0.262539,0.227787,intermittent,NAIVE-AVERAGE,ok,-0.1096046575667164,0.52365946672223,0.01,
carparts,carparts,21053570,51,monthly,12,12,0.72549,3.642857,0.123457,0.262539,0.227787,intermittent,NAIVE-SEASON,ok,-0.8161290322580644,0.6,0.01,
carparts,carparts,21053570,51,monthly,12,12,0.72549,3.642857,0.123457,0.262539,0.227787,intermittent,TSM1,ok,-1.416440244034289,0.8287003841951188,4.5,
carparts,carparts,21053570,51,monthly,12,12,0.72549,3.642857,0.123457,0.262539,0.227787,intermittent,TSM2,ok,-0.09395299456348201,0.517002188527513,5.41,
carparts,carparts,21053570,51,monthly,12,12,0.72549,3.642857,0.123457,0.262539,0.227787,intermittent,TSM4,ok,-0.1005842135620175,0.5402114018754341,0.01,
carparts,carparts,21053570,51,monthly,12,12,0.72549,3.642857,0.123457,0.262539,0.227787,intermittent,TSM5,ok,-0.1233556630475214,0.5326937120728544,0.01,
carparts,carparts,21056628,51,monthly,12,12,0.352941,1.545455,0.401855,0.393587,0.364459,intermittent,NAIVE-LAST,ok,-1.1980975709328434,1.0,0.01,
carparts,carparts,21056628,51,monthly,12,12,0.352941,1.545455,0.401855,0.393587,0.364459,intermittent,NAIVE-AVERAGE,ok,-1.4301704989869706,1.0808634407541835,0.01,
carparts,carparts,21056628,51,monthly,12,12,0.352941,1.545455,0.401855,0.393587,0.364459,intermittent,NAIVE-SEASON,ok,-2.6089027445304236,1.275,0.01,
carparts,carparts,21056628,51,monthly,12,12,0.352941,1.545455,0.401855,0.393587,0.364459,intermittent,TSM1,ok,-0.512470303084374,0.9108673841014513,3.38,
carparts,carparts,21056628,51,monthly,12,12,0.352941,1.545455,0.401855,0.393587,0.364459,intermittent,TSM2,ok,-1.8292665150910286,1.05844866129636,5.04,
carparts,carparts,21056628,51,monthly,12,12,0.352941,1.545455,0.401855,0.393587,0.364459,intermittent,TSM4,ok,-0.09974769822595497,0.7607605012897279,0.02,
carparts,carparts,21056628,51,monthly,12,12,0.352941,1.545455,0.401855,0.393587,0.364459,intermittent,TSM5,ok,-0.27369144284831404,0.825027642967199,0.02,
carparts,carparts,21056919,51,monthly,12,12,0.843137,6.375,0.12,0.392225,0.142336,intermittent,NAIVE-LAST,ok,-0.6188018433179725,0.4,0.01,
carparts,carparts,21056919,51,monthly,12,12,0.843137,6.375,0.12,0.392225,0.142336,intermittent,NAIVE-AVERAGE,ok,-0.04773705622455911,0.38023734218413313,0.01,
carparts,carparts,21056919,51,monthly,12,12,0.843137,6.375,0.12,0.392225,0.142336,intermittent,NAIVE-SEASON,ok,-0.1209216589861751,0.35,0.01,
carparts,carparts,21056919,51,monthly,12,12,0.843137,6.375,0.12,0.392225,0.142336,intermittent,TSM1,ok,-0.08035559126474205,0.4633671419046347,4.26,
carparts,carparts,21056919,51,monthly,12,12,0.843137,6.375,0.12,0.392225,0.142336,intermittent,TSM2,ok,-0.027106680532643777,0.37941994624940345,5.74,
carparts,carparts,21056919,51,monthly,12,12,0.843137,6.375,0.12,0.392225,0.142336,intermittent,TSM4,ok,-0.04336348240474859,0.45326780647343823,0.01,
carparts,carparts,21056919,51,monthly,12,12,0.843137,6.375,0.12,0.392225,0.142336,intermittent,TSM5,ok,-0.057308636684153445,0.3678725304947548,0.01,
carparts,carparts,21060700,51,monthly,12,12,0.372549,1.59375,0.470508,0.245765,0.0,intermittent,NAIVE-LAST,ok,-1.1056895625955145,0.9,0.01,
carparts,carparts,21060700,51,monthly,12,12,0.372549,1.59375,0.470508,0.245765,0.0,intermittent,NAIVE-AVERAGE,ok,-0.4583915310212448,0.8544457325486835,0.01,
carparts,carparts,21060700,51,monthly,12,12,0.372549,1.59375,0.470508,0.245765,0.0,intermittent,NAIVE-SEASON,ok,-2.5421977613481475,1.15,0.01,
carparts,carparts,21060700,51,monthly,12,12,0.372549,1.59375,0.470508,0.245765,0.0,intermittent,TSM1,ok,-0.401152689386192,0.7711023974852725,2.91,
carparts,carparts,21060700,51,monthly,12,12,0.372549,1.59375,0.470508,0.245765,0.0,intermittent,TSM2,ok,-1.7187017008958556,1.088985369464988,5.26,
carparts,carparts,21060700,51,monthly,12,12,0.372549,1.59375,0.470508,0.245765,0.0,intermittent,TSM4,ok,-0.23537420544717041,0.7348114541452019,0.01,
carparts,carparts,21060700,51,monthly,12,12,0.372549,1.59375,0.470508,0.245765,0.0,intermittent,TSM5,ok,-0.4477195537499002,0.8425552566038437,0.01,
carparts,carparts,21061853,51,monthly,12,12,0.588235,2.428571,0.627066,0.227101,0.315405,lumpy,NAIVE-LAST,ok,-0.6538364407615666,0.7,0.01,
carparts,carparts,21061853,51,monthly,12,12,0.588235,2.428571,0.627066,0.227101,0.315405,lumpy,NAIVE-AVERAGE,ok,-0.7111532177388126,0.9632919831082548,0.01,
carparts,carparts,21061853,51,monthly,12,12,0.588235,2.428571,0.627066,0.227101,0.315405,lumpy,NAIVE-SEASON,ok,-5.625617046463451,1.0,0.01,
carparts,carparts,21061853,51,monthly,12,12,0.588235,2.428571,0.627066,0.227101,0.315405,lumpy,TSM1,ok,-1.9076423914864553,1.1913374033809396,3.48,
carparts,carparts,21061853,51,monthly,12,12,0.588235,2.428571,0.627066,0.227101,0.315405,lumpy,TSM2,ok,-1.0307048778777528,1.0342215486390447,5.21,
carparts,carparts,21061853,51,monthly,12,12,0.588235,2.428571,0.627066,0.227101,0.315405,lumpy,TSM4,ok,-0.2688771340864178,0.8244485898094507,0.01,
carparts,carparts,21061853,51,monthly,12,12,0.588235,2.428571,0.627066,0.227101,0.315405,lumpy,TSM5,ok,-0.7238425453697003,0.8711843555698671,0.01,
carparts,carparts,21062875,51,monthly,12,12,0.921569,12.75,0.12,0.228525,0.060504,intermittent,NAIVE-LAST,ok,0.08571428571428577,0.15,0.01,
carparts,carparts,21062875,51,monthly,12,12,0.921569,12.75,0.12,0.228525,0.060504,intermittent,NAIVE-AVERAGE,ok,-0.022441635469390507,0.19510456350846073,0.01,
carparts,carparts,21062875,51,monthly,12,12,0.921569,12.75,0.12,0.228525,0.060504,intermittent,NAIVE-SEASON,ok,-0.11428571428571428,0.2,0.01,
carparts,carparts,21062875,51,monthly,12,12,0.921569,12.75,0.12,0.228525,0.060504,intermittent,TSM1,ok,-0.00978648554890742,0.1971814104720209,4.16,
carparts,carparts,21062875,51,monthly,12,12,0.921569,12.75,0.12,0.228525,0.060504,intermittent,TSM2,ok,-0.009820384830306006,0.19716726763737044,5.57,
carparts,carparts,21062875,51,monthly,12,12,0.921569,12.75,0.12,0.228525,0.060504,intermittent,TSM4,ok,0.00817756837704724,0.20383467243123402,0.01,
carparts,carparts,21062875,51,monthly,12,12,0.921569,12.75,0.12,0.228525,0.060504,intermittent,TSM5,ok,-0.02987637651912234,0.18164715456298589,0.01,
carparts,carparts,21312690,51,monthly,12,12,0.72549,3.642857,0.279778,0.225337,0.0461,intermittent,NAIVE-LAST,ok,-0.9546236559139786,0.725,0.01,
carparts,carparts,21312690,51,monthly,12,12,0.72549,3.642857,0.279778,0.225337,0.0461,intermittent,NAIVE-AVERAGE,ok,-0.1384052879276342,0.5566407733706805,0.01,
carparts,carparts,21312690,51,monthly,12,12,0.72549,3.642857,0.279778,0.225337,0.0461,intermittent,NAIVE-SEASON,ok,-1.557956989247312,0.625,0.01,
carparts,carparts,21312690,51,monthly,12,12,0.72549,3.642857,0.279778,0.225337,0.0461,intermittent,TSM1,ok,-0.1305624576090433,0.5270616720139859,4.56,
carparts,carparts,21312690,51,monthly,12,12,0.72549,3.642857,0.279778,0.225337,0.0461,intermittent,TSM2,error,,,0.13,RuntimeError: exponential smoothing could not be fitted
carparts,carparts,21312690,51,monthly,12,12,0.72549,3.642857,0.279778,0.225337,0.0461,intermittent,TSM4,ok,-0.14617369987434245,0.5529789929009642,0.01,
carparts,carparts,21312690,51,monthly,12,12,0.72549,3.642857,0.279778,0.225337,0.0461,intermittent,TSM5,ok,-0.110368058872883,0.5410132189263127,0.01,
carparts,carparts,21121231,51,monthly,12,12,0.784314,4.636364,0.122449,0.210146,0.0,intermittent,NAIVE-LAST,ok,-1.4086021505376345,1.8,0.01,
carparts,carparts,21121231,51,monthly,12,12,0.784314,4.636364,0.122449,0.210146,0.0,intermittent,NAIVE-AVERAGE,ok,-0.07666588948965525,1.386252682629831,0.01,
carparts,carparts,21121231,51,monthly,12,12,0.784314,4.636364,0.122449,0.210146,0.0,intermittent,NAIVE-SEASON,ok,-1.2838709677419355,1.5,0.01,
carparts,carparts,21121231,51,monthly,12,12,0.784314,4.636364,0.122449,0.210146,0.0,intermittent,TSM1,ok,-0.2931648765127372,1.4613468487933856,4.29,
carparts,carparts,21121231,51,monthly,12,12,0.784314,4.636364,0.122449,0.210146,0.0,intermittent,TSM2,ok,-0.20887710677161864,1.4893341632396173,5.39,
carparts,carparts,21121231,51,monthly,12,12,0.784314,4.636364,0.122449,0.210146,0.0,intermittent,TSM4,ok,0.015817572019021765,1.4071065524307051,0.01,
carparts,carparts,21121231,51,monthly,12,12,0.784314,4.636364,0.122449,0.210146,0.0,intermittent,TSM5,ok,-0.1021640523416012,1.399189743755009,0.01,
carparts,carparts,90606307,51,monthly,12,12,0.705882,3.4,0.553498,0.309535,0.211974,lumpy,NAIVE-LAST,ok,-1.5269841269841269,1.95,0.01,
carparts,carparts,90606307,51,monthly,12,12,0.705882,3.4,0.553498,0.309535,0.211974,lumpy,NAIVE-AVERAGE,ok,-0.3442440567035695,1.4627589847941846,0.0,
carparts,carparts,90606307,51,monthly,12,12,0.705882,3.4,0.553498,0.309535,0.211974,lumpy,NAIVE-SEASON,ok,-8.167112225006962,1.925,0.01,
carparts,carparts,90606307,51,monthly,12,12,0.705882,3.4,0.553498,0.309535,0.211974,lumpy,TSM1,ok,-1.1661485376472691,1.7335038495966777,4.96,
carparts,carparts,90606307,51,monthly,12,12,0.705882,3.4,0.553498,0.309535,0.211974,lumpy,TSM2,error,,,0.13,RuntimeError: exponential smoothing could not be fitted
carparts,carparts,90606307,51,monthly,12,12,0.705882,3.4,0.553498,0.309535,0.211974,lumpy,TSM4,ok,-0.5260567825463001,1.5017483019928684,0.02,
carparts,carparts,90606307,51,monthly,12,12,0.705882,3.4,0.553498,0.309535,0.211974,lumpy,TSM5,ok,-0.979802900963245,1.574972628437065,0.02,
pbs,pbs,Concessional|Co-payments|A|A02,200,monthly,12,12,0.0,1.0,0.16257,0.799161,0.883282,seasonal-trend,NAIVE-LAST,ok,0.4724660478198044,64162.53333333334,0.0,
pbs,pbs,Concessional|Co-payments|A|A02,200,monthly,12,12,0.0,1.0,0.16257,0.799161,0.883282,seasonal-trend,NAIVE-AVERAGE,ok,-1.5283486377304334,152636.2921224317,0.02,
pbs,pbs,Concessional|Co-payments|A|A02,200,monthly,12,12,0.0,1.0,0.16257,0.799161,0.883282,seasonal-trend,NAIVE-SEASON,ok,0.8233796460654494,36458.878787878784,0.01,
pbs,pbs,Concessional|Co-payments|A|A02,200,monthly,12,12,0.0,1.0,0.16257,0.799161,0.883282,seasonal-trend,TSM1,ok,0.46594039167043527,64587.70503924567,2.74,
pbs,pbs,Concessional|Co-payments|A|A02,200,monthly,12,12,0.0,1.0,0.16257,0.799161,0.883282,seasonal-trend,TSM2,ok,0.8978754655368132,28239.337764382653,7.83,
pbs,pbs,Concessional|Co-payments|A|A02,200,monthly,12,12,0.0,1.0,0.16257,0.799161,0.883282,seasonal-trend,TSM4,ok,-0.25551011791605255,109240.13309992668,0.01,
pbs,pbs,Concessional|Co-payments|A|A02,200,monthly,12,12,0.0,1.0,0.16257,0.799161,0.883282,seasonal-trend,TSM5,ok,0.03715485931799314,98665.33530447842,0.02,
pbs,pbs,Concessional|Co-payments|H|H04,200,monthly,12,12,0.0,1.0,0.232312,0.676427,0.930373,seasonal-trend,NAIVE-LAST,ok,0.3314710864744585,97.03030303030303,0.02,
pbs,pbs,Concessional|Co-payments|H|H04,200,monthly,12,12,0.0,1.0,0.232312,0.676427,0.930373,seasonal-trend,NAIVE-AVERAGE,ok,-3.349303906168241,300.08347205810475,0.01,
pbs,pbs,Concessional|Co-payments|H|H04,200,monthly,12,12,0.0,1.0,0.232312,0.676427,0.930373,seasonal-trend,NAIVE-SEASON,ok,0.15827411201987404,98.49696969696971,0.01,
pbs,pbs,Concessional|Co-payments|H|H04,200,monthly,12,12,0.0,1.0,0.232312,0.676427,0.930373,seasonal-trend,TSM1,ok,0.31120302825851953,96.17102351251613,5.48,
pbs,pbs,Concessional|Co-payments|H|H04,200,monthly,12,12,0.0,1.0,0.232312,0.676427,0.930373,seasonal-trend,TSM2,ok,0.4989988773576778,73.15811299472115,11.41,
pbs,pbs,Concessional|Co-payments|H|H04,200,monthly,12,12,0.0,1.0,0.232312,0.676427,0.930373,seasonal-trend,TSM4,ok,-0.34999922577552367,141.85994254862516,0.01,
pbs,pbs,Concessional|Co-payments|H|H04,200,monthly,12,12,0.0,1.0,0.232312,0.676427,0.930373,seasonal-trend,TSM5,ok,0.07847974656953716,119.3967906179209,0.02,
pbs,pbs,Concessional|Co-payments|V|V06,200,monthly,12,12,0.0,1.0,0.03845,0.380034,0.905453,trend,NAIVE-LAST,ok,-0.12410521019075486,179.44242424242424,0.0,
pbs,pbs,Concessional|Co-payments|V|V06,200,monthly,12,12,0.0,1.0,0.03845,0.380034,0.905453,trend,NAIVE-AVERAGE,ok,-2.0960667797402017,362.2740855826975,0.0,
pbs,pbs,Concessional|Co-payments|V|V06,200,monthly,12,12,0.0,1.0,0.03845,0.380034,0.905453,trend,NAIVE-SEASON,ok,-0.506439940474102,256.82424242424247,0.0,
pbs,pbs,Concessional|Co-payments|V|V06,200,monthly,12,12,0.0,1.0,0.03845,0.380034,0.905453,trend,TSM1,ok,0.19609987273911464,152.16354898888707,3.93,
pbs,pbs,Concessional|Co-payments|V|V06,200,monthly,12,12,0.0,1.0,0.03845,0.380034,0.905453,trend,TSM2,ok,-0.739898005481983,287.04405726128664,12.91,
pbs,pbs,Concessional|Co-payments|V|V06,200,monthly,12,12,0.0,1.0,0.03845,0.380034,0.905453,trend,TSM4,ok,-1.0766960997455919,262.8086085931748,0.01,
pbs,pbs,Concessional|Co-payments|V|V06,200,monthly,12,12,0.0,1.0,0.03845,0.380034,0.905453,trend,TSM5,ok,0.2738913753829294,158.53917464376633,0.02,
pbs,pbs,Concessional|Safety net|A|A06,200,monthly,12,12,0.0,1.0,0.846458,0.901921,0.65583,seasonal-trend,NAIVE-LAST,ok,0.34038573677586614,4988.060606060606,0.01,
pbs,pbs,Concessional|Safety net|A|A06,200,monthly,12,12,0.0,1.0,0.846458,0.901921,0.65583,seasonal-trend,NAIVE-AVERAGE,ok,-0.19123888244870754,9829.304450497428,0.01,
pbs,pbs,Concessional|Safety net|A|A06,200,monthly,12,12,0.0,1.0,0.846458,0.901921,0.65583,seasonal-trend,NAIVE-SEASON,ok,0.9722508272592613,1147.0242424242424,0.01,
pbs,pbs,Concessional|Safety net|A|A06,200,monthly,12,12,0.0,1.0,0.846458,0.901921,0.65583,seasonal-trend,TSM1,ok,0.4815978105744755,5461.861763123078,2.65,
pbs,pbs,Concessional|Safety net|A|A06,200,monthly,12,12,0.0,1.0,0.846458,0.901921,0.65583,seasonal-trend,TSM2,ok,0.9556575205863925,1294.5772987911585,6.09,
pbs,pbs,Concessional|Safety net|A|A06,200,monthly,12,12,0.0,1.0,0.846458,0.901921,0.65583,seasonal-trend,TSM4,ok,-0.037582096295677415,9679.636758402183,0.01,
pbs,pbs,Concessional|Safety net|A|A06,200,monthly,12,12,0.0,1.0,0.846458,0.901921,0.65583,seasonal-trend,TSM5,ok,-0.037379730502846244,9367.677204391632,0.02,
pbs,pbs,Concessional|Safety net|A|A10,200,monthly,12,12,0.0,1.0,1.283011,0.808343,0.602728,seasonal-trend,NAIVE-LAST,ok,0.3220902266895634,34880.854545454546,0.01,
pbs,pbs,Concessional|Safety net|A|A10,200,monthly,12,12,0.0,1.0,1.283011,0.808343,0.602728,seasonal-trend,NAIVE-AVERAGE,ok,-0.2213653196824855,67341.99241321154,0.01,
pbs,pbs,Concessional|Safety net|A|A10,200,monthly,12,12,0.0,1.0,1.283011,0.808343,0.602728,seasonal-trend,NAIVE-SEASON,ok,0.9593533582639342,9073.884848484848,0.01,
pbs,pbs,Concessional|Safety net|A|A10,200,monthly,12,12,0.0,1.0,1.283011,0.808343,0.602728,seasonal-trend,TSM1,ok,0.453153360593033,40351.99921577319,2.6,
pbs,pbs,Concessional|Safety net|A|A10,200,monthly,12,12,0.0,1.0,1.283011,0.808343,0.602728,seasonal-trend,TSM2,ok,0.9713737298553948,8160.580670893716,4.32,
pbs,pbs,Concessional|Safety net|A|A10,200,monthly,12,12,0.0,1.0,1.283011,0.808343,0.602728,seasonal-trend,TSM4,ok,-0.027158775354037278,67393.18854976274,0.01,
pbs,pbs,Concessional|Safety net|A|A10,200,monthly,12,12,0.0,1.0,1.283011,0.808343,0.602728,seasonal-trend,TSM5,ok,-0.03806106440135757,66315.88219197703,0.02,
pbs,pbs,Concessional|Safety net|A|A15,200,monthly,12,12,0.015,1.015228,1.476605,0.678836,0.594333,seasonal-trend,NAIVE-LAST,ok,0.38181985625611853,51.193939393939395,0.01,
pbs,pbs,Concessional|Safety net|A|A15,200,monthly,12,12,0.015,1.015228,1.476605,0.678836,0.594333,seasonal-trend,NAIVE-AVERAGE,ok,-4.266148928829715,161.11849411105567,0.01,
pbs,pbs,Concessional|Safety net|A|A15,200,monthly,12,12,0.015,1.015228,1.476605,0.678836,0.594333,seasonal-trend,NAIVE-SEASON,ok,0.8254102980232989,26.084848484848486,0.01,
pbs,pbs,Concessional|Safety net|A|A15,200,monthly,12,12,0.015,1.015228,1.476605,0.678836,0.594333,seasonal-trend,TSM1,ok,0.44943584697650013,56.33936552514466,5.65,
pbs,pbs,Concessional|Safety net|A|A15,200,monthly,12,12,0.015,1.015228,1.476605,0.678836,0.594333,seasonal-trend,TSM2,ok,0.8177124041187165,29.518242085281116,6.82,
pbs,pbs,Concessional|Safety net|A|A15,200,monthly,12,12,0.015,1.015228,1.476605,0.678836,0.594333,seasonal-trend,TSM4,ok,-0.016680382304572673,96.77383507336666,0.02,
pbs,pbs,Concessional|Safety net|A|A15,200,monthly,12,12,0.015,1.015228,1.476605,0.678836,0.594333,seasonal-trend,TSM5,ok,-0.03361078638879413,93.99413380889044,0.02,
pbs,pbs,Concessional|Safety net|D|D05,200,monthly,12,12,0.02,1.020408,2.076195,0.58821,0.56551,seasonal-trend,NAIVE-LAST,ok,0.33118412810775344,309.0969696969697,0.01,
pbs,pbs,Concessional|Safety net|D|D05,200,monthly,12,12,0.02,1.020408,2.076195,0.58821,0.56551,seasonal-trend,NAIVE-AVERAGE,ok,-0.34104738913257776,599.9646183908893,0.01,
pbs,pbs,Concessional|Safety net|D|D05,200,monthly,12,12,0.02,1.020408,2.076195,0.58821,0.56551,seasonal-trend,NAIVE-SEASON,ok,0.7487607147597328,101.77575757575758,0.01,
pbs,pbs,Concessional|Safety net|D|D05,200,monthly,12,12,0.02,1.020408,2.076195,0.58821,0.56551,seasonal-trend,TSM1,ok,0.2454511541913536,358.26206624470416,4.89,
pbs,pbs,Concessional|Safety net|D|D05,200,monthly,12,12,0.02,1.020408,2.076195,0.58821,0.56551,seasonal-trend,TSM2,ok,0.7813395239637245,135.95111080802903,7.13,
pbs,pbs,Concessional|Safety net|D|D05,200,monthly,12,12,0.02,1.020408,2.076195,0.58821,0.56551,seasonal-trend,TSM4,ok,-0.030233655359681522,590.3022792993445,0.01,
pbs,pbs,Concessional|Safety net|D|D05,200,monthly,12,12,0.02,1.020408,2.076195,0.58821,0.56551,seasonal-trend,TSM5,ok,-0.01342145744489176,584.1325026041153,0.02,
pbs,pbs,General|Co-payments|A|A14,200,monthly,12,12,0.025,1.025641,0.697597,0.160121,0.927539,trend,NAIVE-LAST,ok,0.1729719737480784,4.290909090909091,0.01,
pbs,pbs,General|Co-payments|A|A14,200,monthly,12,12,0.025,1.025641,0.697597,0.160121,0.927539,trend,NAIVE-AVERAGE,ok,-10.827378724427627,17.44284765826786,0.01,
pbs,pbs,General|Co-payments|A|A14,200,monthly,12,12,0.025,1.025641,0.697597,0.160121,0.927539,trend,NAIVE-SEASON,ok,-1.6271535778848023,9.284848484848485,0.01,
pbs,pbs,General|Co-payments|A|A14,200,monthly,12,12,0.025,1.025641,0.697597,0.160121,0.927539,trend,TSM1,ok,0.28640153475592883,4.015439099478619,3.23,
pbs,pbs,General|Co-payments|A|A14,200,monthly,12,12,0.025,1.025641,0.697597,0.160121,0.927539,trend,TSM2,ok,0.1718375993529851,4.361819696014667,11.47,
pbs,pbs,General|Co-payments|A|A14,200,monthly,12,12,0.025,1.025641,0.697597,0.160121,0.927539,trend,TSM4,ok,0.05333522921725777,4.908195626724522,0.02,
pbs,pbs,General|Co-payments|A|A14,200,monthly,12,12,0.025,1.025641,0.697597,0.160121,0.927539,trend,TSM5,ok,0.34538151691265817,4.145923917964966,0.06,
pbs,pbs,General|Co-payments|C|C07,200,monthly,12,12,0.0,1.0,0.660869,0.553641,0.937371,seasonal-trend,NAIVE-LAST,ok,0.6996823225729514,563.5272727272728,0.0,
pbs,pbs,General|Co-payments|C|C07,200,monthly,12,12,0.0,1.0,0.660869,0.553641,0.937371,seasonal-trend,NAIVE-AVERAGE,ok,-2.0036122959391127,2264.6727228826326,0.01,
pbs,pbs,General|Co-payments|C|C07,200,monthly,12,12,0.0,1.0,0.660869,0.553641,0.937371,seasonal-trend,NAIVE-SEASON,ok,0.08115995098648765,935.8,0.01,
pbs,pbs,General|Co-payments|C|C07,200,monthly,12,12,0.0,1.0,0.660869,0.553641,0.937371,seasonal-trend,TSM1,ok,0.6789766861229094,585.9317850831516,4.37,
pbs,pbs,General|Co-payments|C|C07,200,monthly,12,12,0.0,1.0,0.660869,0.553641,0.937371,seasonal-trend,TSM2,ok,0.7663904535774788,504.71255630745156,12.53,
pbs,pbs,General|Co-payments|C|C07,200,monthly,12,12,0.0,1.0,0.660869,0.553641,0.937371,seasonal-trend,TSM4,ok,0.15079213954343457,965.1906044023935,0.01,
pbs,pbs,General|Co-payments|C|C07,200,monthly,12,12,0.0,1.0,0.660869,0.553641,0.937371,seasonal-trend,TSM5,ok,0.43598602704290457,811.8962219273967,0.02,
pbs,pbs,General|Co-payments|C|C09,200,monthly,12,12,0.0,1.0,0.189793,0.606057,0.963101,seasonal-trend,NAIVE-LAST,ok,0.46787380153781005,20043.775757575757,0.0,
pbs,pbs,General|Co-payments|C|C09,200,monthly,12,12,0.0,1.0,0.189793,0.606057,0.963101,seasonal-trend,NAIVE-AVERAGE,ok,-5.393161835594751,93006.31713808553,0.01,
pbs,pbs,General|Co-payments|C|C09,200,monthly,12,12,0.0,1.0,0.189793,0.606057,0.963101,seasonal-trend,NAIVE-SEASON,ok,-0.17867111490009085,41439.92727272728,0.01,
pbs,pbs,General|Co-payments|C|C09,200,monthly,12,12,0.0,1.0,0.189793,0.606057,0.963101,seasonal-trend,TSM1,ok,0.48578747914889375,19324.935420555557,2.81,
pbs,pbs,General|Co-payments|C|C09,200,monthly,12,12,0.0,1.0,0.189793,0.606057,0.963101,seasonal-trend,TSM2,ok,0.7107412515194447,17652.16065364296,5.4,
pbs,pbs,General|Co-payments|C|C09,200,monthly,12,12,0.0,1.0,0.189793,0.606057,0.963101,seasonal-trend,TSM4,ok,-0.467367655618743,42087.49930647208,0.02,
pbs,pbs,General|Co-payments|C|C09,200,monthly,12,12,0.0,1.0,0.189793,0.606057,0.963101,seasonal-trend,TSM5,ok,0.3498244688950212,25914.107253091257,0.02,
pbs,pbs,General|Co-payments|D|D01,200,monthly,12,12,0.0,1.0,0.299954,0.057759,0.876784,trend,NAIVE-LAST,ok,0.4203615263934665,313.1151515151515,0.0,
pbs,pbs,General|Co-payments|D|D01,200,monthly,12,12,0.0,1.0,0.299954,0.057759,0.876784,trend,NAIVE-AVERAGE,ok,-6.286950573104559,1544.7206516623085,0.0,
pbs,pbs,General|Co-payments|D|D01,200,monthly,12,12,0.0,1.0,0.299954,0.057759,0.876784,trend,NAIVE-SEASON,ok,-1.7444949241762546,1317.8424242424242,0.01,
pbs,pbs,General|Co-payments|D|D01,200,monthly,12,12,0.0,1.0,0.299954,0.057759,0.876784,trend,TSM1,ok,0.40994956402731864,324.0229213866583,4.52,
pbs,pbs,General|Co-payments|D|D01,200,monthly,12,12,0.0,1.0,0.299954,0.057759,0.876784,trend,TSM2,ok,0.4052751715990661,333.93054998727456,5.75,
pbs,pbs,General|Co-payments|D|D01,200,monthly,12,12,0.0,1.0,0.299954,0.057759,0.876784,trend,TSM4,ok,-1.4772322245001934,801.2518242656112,0.01,
pbs,pbs,General|Co-payments|D|D01,200,monthly,12,12,0.0,1.0,0.299954,0.057759,0.876784,trend,TSM5,ok,0.24936309011031615,484.2753231896842,0.02,
pbs,pbs,General|Co-payments|H|H03,200,monthly,12,12,0.0,1.0,0.497409,0.092135,0.966719,trend,NAIVE-LAST,ok,0.3531771024627489,137.1090909090909,0.01,
pbs,pbs,General|Co-payments|H|H03,200,monthly,12,12,0.0,1.0,0.497409,0.092135,0.966719,trend,NAIVE-AVERAGE,ok,-28.25529076454881,940.6603515699337,0.01,
pbs,pbs,General|Co-payments|H|H03,200,monthly,12,12,0.0,1.0,0.497409,0.092135,0.966719,trend,NAIVE-SEASON,ok,-1.033425938352816,378.8909090909091,0.01,
pbs,pbs,General|Co-payments|H|H03,200,monthly,12,12,0.0,1.0,0.497409,0.092135,0.966719,trend,TSM1,ok,0.37191816565453384,139.55464340529832,6.09,
pbs,pbs,General|Co-payments|H|H03,200,monthly,12,12,0.0,1.0,0.497409,0.092135,0.966719,trend,TSM2,ok,0.39135854036914186,137.66118352125469,10.63,
pbs,pbs,General|Co-payments|H|H03,200,monthly,12,12,0.0,1.0,0.497409,0.092135,0.966719,trend,TSM4,ok,-1.4925031496851975,324.2568728181688,0.01,
pbs,pbs,General|Co-payments|H|H03,200,monthly,12,12,0.0,1.0,0.497409,0.092135,0.966719,trend,TSM5,ok,0.4715398376318875,149.11238593059366,0.02,
pbs,pbs,General|Co-payments|S|S03,200,monthly,12,12,0.745,3.921569,0.034888,0.059747,0.735085,intermittent,NAIVE-LAST,ok,-0.07155172413793087,0.07878787878787878,0.01,
pbs,pbs,General|Co-payments|S|S03,200,monthly,12,12,0.745,3.921569,0.034888,0.059747,0.735085,intermittent,NAIVE-AVERAGE,ok,-1.8768342270541534,0.43412379220836284,0.0,
pbs,pbs,General|Co-payments|S|S03,200,monthly,12,12,0.745,3.921569,0.034888,0.059747,0.735085,intermittent,NAIVE-SEASON,ok,-0.3663793103448274,0.14545454545454545,0.01,
pbs,pbs,General|Co-payments|S|S03,200,monthly,12,12,0.745,3.921569,0.034888,0.059747,0.735085,intermittent,TSM1,ok,-0.06495023489745377,0.12209800019511052,4.23,
pbs,pbs,General|Co-payments|S|S03,200,monthly,12,12,0.745,3.921569,0.034888,0.059747,0.735085,intermittent,TSM2,ok,-0.0635615486400368,0.12285016074165542,11.12,
pbs,pbs,General|Co-payments|S|S03,200,monthly,12,12,0.745,3.921569,0.034888,0.059747,0.735085,intermittent,TSM4,ok,-1.697049685189382,0.4567522289824679,0.01,
pbs,pbs,General|Co-payments|S|S03,200,monthly,12,12,0.745,3.921569,0.034888,0.059747,0.735085,intermittent,TSM5,ok,-0.0598199234793438,0.11349267745492315,0.02,
pbs,pbs,General|Safety net|A|A07,200,monthly,12,12,0.0,1.0,1.301307,0.888427,0.49726,seasonal,NAIVE-LAST,ok,0.18484243787301707,1328.3151515151517,0.01,
pbs,pbs,General|Safety net|A|A07,200,monthly,12,12,0.0,1.0,1.301307,0.888427,0.49726,seasonal,NAIVE-AVERAGE,ok,-0.12815107145494214,2505.0833438974746,0.01,
pbs,pbs,General|Safety net|A|A07,200,monthly,12,12,0.0,1.0,1.301307,0.888427,0.49726,seasonal,NAIVE-SEASON,ok,0.8924167940875997,459.4909090909091,0.0,
pbs,pbs,General|Safety net|A|A07,200,monthly,12,12,0.0,1.0,1.301307,0.888427,0.49726,seasonal,TSM1,ok,0.35182089898159746,1532.368740670206,3.35,
pbs,pbs,General|Safety net|A|A07,200,monthly,12,12,0.0,1.0,1.301307,0.888427,0.49726,seasonal,TSM2,ok,0.816771637250034,678.2540394994048,11.8,
pbs,pbs,General|Safety net|A|A07,200,monthly,12,12,0.0,1.0,1.301307,0.888427,0.49726,seasonal,TSM4,ok,-0.03874004803740087,2300.3829844347692,0.02,
pbs,pbs,General|Safety net|A|A07,200,monthly,12,12,0.0,1.0,1.301307,0.888427,0.49726,seasonal,TSM5,ok,-0.043296025184530594,2349.2454530875507,0.02,
pbs,pbs,General|Safety net|A|A10,200,monthly,12,12,0.0,1.0,1.375538,0.868007,0.535979,seasonal-trend,NAIVE-LAST,ok,0.20583702262209663,10321.660606060605,0.01,
pbs,pbs,General|Safety net|A|A10,200,monthly,12,12,0.0,1.0,1.375538,0.868007,0.535979,seasonal-trend,NAIVE-AVERAGE,ok,-0.10261618139325979,17151.150420771442,0.0,
pbs,pbs,General|Safety net|A|A10,200,monthly,12,12,0.0,1.0,1.375538,0.868007,0.535979,seasonal-trend,NAIVE-SEASON,ok,0.9057337096124444,2887.842424242424,0.01,
pbs,pbs,General|Safety net|A|A10,200,monthly,12,12,0.0,1.0,1.375538,0.868007,0.535979,seasonal-trend,TSM1,ok,0.3576693103155858,11906.276089042061,2.81,
pbs,pbs,General|Safety net|A|A10,200,monthly,12,12,0.0,1.0,1.375538,0.868007,0.535979,seasonal-trend,TSM2,ok,0.9386890182263927,3333.8153925185825,7.02,
pbs,pbs,General|Safety net|A|A10,200,monthly,12,12,0.0,1.0,1.375538,0.868007,0.535979,seasonal-trend,TSM4,ok,-0.03873867055134219,18144.958609789268,0.01,
pbs,pbs,General|Safety net|A|A10,200,monthly,12,12,0.0,1.0,1.375538,0.868007,0.535979,seasonal-trend,TSM5,ok,-0.05616273686020161,18040.00568289811,0.02,
pbs,pbs,General|Safety net|C|C07,200,monthly,12,12,0.0,1.0,1.466767,0.873869,0.422491,seasonal,NAIVE-LAST,ok,0.21300984742594622,7975.448484848484,0.01,
pbs,pbs,General|Safety net|C|C07,200,monthly,12,12,0.0,1.0,1.466767,0.873869,0.422491,seasonal,NAIVE-AVERAGE,ok,-0.11678420390272257,14843.868339817831,0.01,
pbs,pbs,General|Safety net|C|C07,200,monthly,12,12,0.0,1.0,1.466767,0.873869,0.422491,seasonal,NAIVE-SEASON,ok,0.8116156168553565,3023.484848484849,0.01,
pbs,pbs,General|Safety net|C|C07,200,monthly,12,12,0.0,1.0,1.466767,0.873869,0.422491,seasonal,TSM1,ok,0.3616288375243097,9466.002877028815,3.34,
pbs,pbs,General|Safety net|C|C07,200,monthly,12,12,0.0,1.0,1.466767,0.873869,0.422491,seasonal,TSM2,ok,0.7035388690126438,4640.770631896534,8.98,
pbs,pbs,General|Safety net|C|C07,200,monthly,12,12,0.0,1.0,1.466767,0.873869,0.422491,seasonal,TSM4,ok,-0.030983884313264154,13984.160410192166,0.02,
pbs,pbs,General|Safety net|C|C07,200,monthly,12,12,0.0,1.0,1.466767,0.873869,0.422491,seasonal,TSM5,ok,-0.051591574277887145,14223.878037045437,0.02,
pbs,pbs,General|Safety net|B|B05,200,monthly,12,12,0.0,1.0,0.750583,0.717441,0.660521,seasonal-trend,NAIVE-LAST,ok,0.43610508509577306,105.0121212121212,0.01,
pbs,pbs,General|Safety net|B|B05,200,monthly,12,12,0.0,1.0,0.750583,0.717441,0.660521,seasonal-trend,NAIVE-AVERAGE,ok,-1.67588618542544,253.5625406011252,0.0,
pbs,pbs,General|Safety net|B|B05,200,monthly,12,12,0.0,1.0,0.750583,0.717441,0.660521,seasonal-trend,NAIVE-SEASON,ok,0.6143220767172993,102.24242424242424,0.02,
pbs,pbs,General|Safety net|B|B05,200,monthly,12,12,0.0,1.0,0.750583,0.717441,0.660521,seasonal-trend,TSM1,ok,0.5345076562289002,103.9020961906352,5.68,
pbs,pbs,General|Safety net|B|B05,200,monthly,12,12,0.0,1.0,0.750583,0.717441,0.660521,seasonal-trend,TSM2,ok,0.48857696697620606,105.59040361062398,13.76,
pbs,pbs,General|Safety net|B|B05,200,monthly,12,12,0.0,1.0,0.750583,0.717441,0.660521,seasonal-trend,TSM4,ok,0.00824360510831077,176.17822254402208,0.02,
pbs,pbs,General|Safety net|B|B05,200,monthly,12,12,0.0,1.0,0.750583,0.717441,0.660521,seasonal-trend,TSM5,ok,0.012260462897643643,171.56288414795503,0.03,
pbs,pbs,General|Safety net|G|G02,200,monthly,12,12,0.095,1.104972,1.645843,0.690769,0.443339,seasonal,NAIVE-LAST,ok,0.21690186294136898,25.65454545454545,0.01,
pbs,pbs,General|Safety net|G|G02,200,monthly,12,12,0.095,1.104972,1.645843,0.690769,0.443339,seasonal,NAIVE-AVERAGE,ok,-0.19971693974883684,41.58538202460071,0.01,
pbs,pbs,General|Safety net|G|G02,200,monthly,12,12,0.095,1.104972,1.645843,0.690769,0.443339,seasonal,NAIVE-SEASON,ok,0.7146787705863059,10.0,0.01,
pbs,pbs,General|Safety net|G|G02,200,monthly,12,12,0.095,1.104972,1.645843,0.690769,0.443339,seasonal,TSM1,ok,0.345567910257798,29.058678575715714,5.09,
pbs,pbs,General|Safety net|G|G02,200,monthly,12,12,0.095,1.104972,1.645843,0.690769,0.443339,seasonal,TSM2,ok,0.5901984143964543,12.589521859696708,8.69,
pbs,pbs,General|Safety net|G|G02,200,monthly,12,12,0.095,1.104972,1.645843,0.690769,0.443339,seasonal,TSM4,ok,-0.0846204049455419,44.92924621554572,0.02,
pbs,pbs,General|Safety net|G|G02,200,monthly,12,12,0.095,1.104972,1.645843,0.690769,0.443339,seasonal,TSM5,ok,0.017581125149097064,42.9971349409191,0.02,
pbs,pbs,General|Safety net|J|J06,168,monthly,12,12,0.994048,168.0,0.0,0.075503,0.124646,intermittent,NAIVE-LAST,ok,1.0,0.0,0.01,
pbs,pbs,General|Safety net|J|J06,168,monthly,12,12,0.994048,168.0,0.0,0.075503,0.124646,intermittent,NAIVE-AVERAGE,ok,0.0,0.02581062497167233,0.01,
pbs,pbs,General|Safety net|J|J06,168,monthly,12,12,0.994048,168.0,0.0,0.075503,0.124646,intermittent,NAIVE-SEASON,ok,1.0,0.0,0.01,
pbs,pbs,General|Safety net|J|J06,168,monthly,12,12,0.994048,168.0,0.0,0.075503,0.124646,intermittent,TSM1,ok,0.0,0.03261904745976837,4.48,
pbs,pbs,General|Safety net|J|J06,168,monthly,12,12,0.994048,168.0,0.0,0.075503,0.124646,intermittent,TSM2,ok,0.0,0.032568670320860596,12.56,
pbs,pbs,General|Safety net|J|J06,168,monthly,12,12,0.994048,168.0,0.0,0.075503,0.124646,intermittent,TSM4,ok,0.0,0.24285714285714283,0.01,
pbs,pbs,General|Safety net|J|J06,168,monthly,12,12,0.994048,168.0,0.0,0.075503,0.124646,intermittent,TSM5,ok,0.0,0.00697333435149453,0.02,
pbs,pbs,General|Safety net|R|R05,200,monthly,12,12,0.0,1.0,1.013832,0.813777,0.632427,seasonal-trend,NAIVE-LAST,ok,0.47576455979540977,161.2848484848485,0.01,
pbs,pbs,General|Safety net|R|R05,200,monthly,12,12,0.0,1.0,1.013832,0.813777,0.632427,seasonal-trend,NAIVE-AVERAGE,ok,-0.6105762864875229,393.57897476838514,0.01,
pbs,pbs,General|Safety net|R|R05,200,monthly,12,12,0.0,1.0,1.013832,0.813777,0.632427,seasonal-trend,NAIVE-SEASON,ok,0.8521575661728166,103.84242424242424,0.01,
pbs,pbs,General|Safety net|R|R05,200,monthly,12,12,0.0,1.0,1.013832,0.813777,0.632427,seasonal-trend,TSM1,ok,0.387095886656763,195.86331762157357,5.59,
pbs,pbs,General|Safety net|R|R05,200,monthly,12,12,0.0,1.0,1.013832,0.813777,0.632427,seasonal-trend,TSM2,ok,0.7742285776539124,113.66605264852112,12.19,
pbs,pbs,General|Safety net|R|R05,200,monthly,12,12,0.0,1.0,1.013832,0.813777,0.632427,seasonal-trend,TSM4,ok,0.024153570372552613,333.0608843096222,0.02,
pbs,pbs,General|Safety net|R|R05,200,monthly,12,12,0.0,1.0,1.013832,0.813777,0.632427,seasonal-trend,TSM5,ok,0.011271435239973005,321.9865429219583,0.03,
aus_retail,aus_retail,A3349335T,200,monthly,12,12,0.0,1.0,0.052035,0.882279,0.992399,seasonal-trend,NAIVE-LAST,ok,-0.06788994652149113,117.42969696969695,0.01,
aus_retail,aus_retail,A3349335T,200,monthly,12,12,0.0,1.0,0.052035,0.882279,0.992399,seasonal-trend,NAIVE-AVERAGE,ok,-10.251581310879251,451.81623301609943,0.01,
aus_retail,aus_retail,A3349335T,200,monthly,12,12,0.0,1.0,0.052035,0.882279,0.992399,seasonal-trend,NAIVE-SEASON,ok,0.454750126302473,95.2509090909091,0.0,
aus_retail,aus_retail,A3349335T,200,monthly,12,12,0.0,1.0,0.052035,0.882279,0.992399,seasonal-trend,TSM1,ok,0.1758277186435913,93.78565698145464,6.07,
aus_retail,aus_retail,A3349335T,200,monthly,12,12,0.0,1.0,0.052035,0.882279,0.992399,seasonal-trend,TSM2,ok,0.9021538754253203,32.01832907917822,14.35,
aus_retail,aus_retail,A3349335T,200,monthly,12,12,0.0,1.0,0.052035,0.882279,0.992399,seasonal-trend,TSM4,ok,-1.4774311106316704,187.6660476389045,0.01,
aus_retail,aus_retail,A3349335T,200,monthly,12,12,0.0,1.0,0.052035,0.882279,0.992399,seasonal-trend,TSM5,ok,0.1736814848891996,90.91136797616146,0.03,
aus_retail,aus_retail,A3349401C,200,monthly,12,12,0.0,1.0,0.059561,0.862489,0.979404,seasonal-trend,NAIVE-LAST,ok,-0.318141088396684,23.498181818181816,0.02,
aus_retail,aus_retail,A3349401C,200,monthly,12,12,0.0,1.0,0.059561,0.862489,0.979404,seasonal-trend,NAIVE-AVERAGE,ok,-5.414961373376029,66.90467322254965,0.01,
aus_retail,aus_retail,A3349401C,200,monthly,12,12,0.0,1.0,0.059561,0.862489,0.979404,seasonal-trend,NAIVE-SEASON,ok,0.2504152328617589,21.104242424242425,0.01,
aus_retail,aus_retail,A3349401C,200,monthly,12,12,0.0,1.0,0.059561,0.862489,0.979404,seasonal-trend,TSM1,ok,0.042500854373532945,21.811130537761887,6.14,
aus_retail,aus_retail,A3349401C,200,monthly,12,12,0.0,1.0,0.059561,0.862489,0.979404,seasonal-trend,TSM2,ok,0.8115419572188209,10.18789800527474,11.81,
aus_retail,aus_retail,A3349401C,200,monthly,12,12,0.0,1.0,0.059561,0.862489,0.979404,seasonal-trend,TSM4,ok,-0.7289097720648445,31.691634291020694,0.01,
aus_retail,aus_retail,A3349401C,200,monthly,12,12,0.0,1.0,0.059561,0.862489,0.979404,seasonal-trend,TSM5,ok,0.05200126182020128,21.988248048530863,0.02,
aus_retail,aus_retail,A3349414R,200,monthly,12,12,0.0,1.0,0.148147,0.866592,0.948427,seasonal-trend,NAIVE-LAST,ok,-0.3369805500812881,21.74727272727273,0.01,
aus_retail,aus_retail,A3349414R,200,monthly,12,12,0.0,1.0,0.148147,0.866592,0.948427,seasonal-trend,NAIVE-AVERAGE,ok,-2.0237575669941323,46.14068895412907,0.01,
aus_retail,aus_retail,A3349414R,200,monthly,12,12,0.0,1.0,0.148147,0.866592,0.948427,seasonal-trend,NAIVE-SEASON,ok,0.7532440392109017,11.301818181818183,0.01,
aus_retail,aus_retail,A3349414R,200,monthly,12,12,0.0,1.0,0.148147,0.866592,0.948427,seasonal-trend,TSM1,ok,-0.006363625294339958,18.89019780995095,5.73,
aus_retail,aus_retail,A3349414R,200,monthly,12,12,0.0,1.0,0.148147,0.866592,0.948427,seasonal-trend,TSM2,ok,0.8195762177834194,8.427646346431132,11.47,
aus_retail,aus_retail,A3349414R,200,monthly,12,12,0.0,1.0,0.148147,0.866592,0.948427,seasonal-trend,TSM4,ok,-0.2510611332129676,19.675036664537245,0.01,
aus_retail,aus_retail,A3349414R,200,monthly,12,12,0.0,1.0,0.148147,0.866592,0.948427,seasonal-trend,TSM5,ok,-0.0945219441639438,20.413039249947452,0.02,
aus_retail,aus_retail,A3349415T,200,monthly,12,12,0.0,1.0,0.074306,0.951865,0.737723,seasonal-trend,NAIVE-LAST,ok,-0.5166353077126238,18.304242424242425,0.0,
aus_retail,aus_retail,A3349415T,200,monthly,12,12,0.0,1.0,0.074306,0.951865,0.737723,seasonal-trend,NAIVE-AVERAGE,ok,-0.1331355430404722,18.725778943188494,0.01,
aus_retail,aus_retail,A3349415T,200,monthly,12,12,0.0,1.0,0.074306,0.951865,0.737723,seasonal-trend,NAIVE-SEASON,ok,0.891010065449449,6.461212121212121,0.01,
aus_retail,aus_retail,A3349415T,200,monthly,12,12,0.0,1.0,0.074306,0.951865,0.737723,seasonal-trend,TSM1,ok,-0.02255012673014616,16.178362915570236,5.34,
aus_retail,aus_retail,A3349415T,200,monthly,12,12,0.0,1.0,0.074306,0.951865,0.737723,seasonal-trend,TSM2,ok,0.918182606659723,5.385033030020579,11.41,
aus_retail,aus_retail,A3349415T,200,monthly,12,12,0.0,1.0,0.074306,0.951865,0.737723,seasonal-trend,TSM4,ok,-0.0608294976422437,15.091212533937846,0.02,
aus_retail,aus_retail,A3349415T,200,monthly,12,12,0.0,1.0,0.074306,0.951865,0.737723,seasonal-trend,TSM5,ok,-0.06289075725181595,16.231245151668,0.02,
aus_retail,aus_retail,A3349434X,200,monthly,12,12,0.0,1.0,0.082879,0.978315,0.866723,seasonal-trend,NAIVE-LAST,ok,-0.6878090840890366,35.4969696969697,0.0,
aus_retail,aus_retail,A3349434X,200,monthly,12,12,0.0,1.0,0.082879,0.978315,0.866723,seasonal-trend,NAIVE-AVERAGE,ok,-0.1743502885809014,26.773103934242716,0.01,
aus_retail,aus_retail,A3349434X,200,monthly,12,12,0.0,1.0,0.082879,0.978315,0.866723,seasonal-trend,NAIVE-SEASON,ok,0.9584853344430986,7.321212121212119,0.01,
aus_retail,aus_retail,A3349434X,200,monthly,12,12,0.0,1.0,0.082879,0.978315,0.866723,seasonal-trend,TSM1,ok,-0.03294092216260647,27.683367105584104,4.65,
aus_retail,aus_retail,A3349434X,200,monthly,12,12,0.0,1.0,0.082879,0.978315,0.866723,seasonal-trend,TSM2,ok,0.9583606330552327,7.2153410824665825,11.77,
aus_retail,aus_retail,A3349434X,200,monthly,12,12,0.0,1.0,0.082879,0.978315,0.866723,seasonal-trend,TSM4,ok,-0.08983107265808776,26.642313858530002,0.01,
aus_retail,aus_retail,A3349434X,200,monthly,12,12,0.0,1.0,0.082879,0.978315,0.866723,seasonal-trend,TSM5,ok,-0.06715377424430113,28.137343821985347,0.02,
aus_retail,aus_retail,A3349442X,200,monthly,12,12,0.0,1.0,0.060665,0.582346,0.851007,seasonal-trend,NAIVE-LAST,ok,0.018998124236888226,1.4848484848484849,0.01,
aus_retail,aus_retail,A3349442X,200,monthly,12,12,0.0,1.0,0.060665,0.582346,0.851007,seasonal-trend,NAIVE-AVERAGE,ok,-1.3476159363268305,2.6345356479100674,0.01,
aus_retail,aus_retail,A3349442X,200,monthly,12,12,0.0,1.0,0.060665,0.582346,0.851007,seasonal-trend,NAIVE-SEASON,ok,-0.3337554681218643,1.9890909090909088,0.01,
aus_retail,aus_retail,A3349442X,200,monthly,12,12,0.0,1.0,0.060665,0.582346,0.851007,seasonal-trend,TSM1,ok,0.21873682689665497,1.408144547627884,4.04,
aus_retail,aus_retail,A3349442X,200,monthly,12,12,0.0,1.0,0.060665,0.582346,0.851007,seasonal-trend,TSM2,ok,0.5295175157390528,1.0559349795071915,11.43,
aus_retail,aus_retail,A3349442X,200,monthly,12,12,0.0,1.0,0.060665,0.582346,0.851007,seasonal-trend,TSM4,ok,0.01758847587585053,1.5896768057200563,0.02,
aus_retail,aus_retail,A3349442X,200,monthly,12,12,0.0,1.0,0.060665,0.582346,0.851007,seasonal-trend,TSM5,ok,0.20875752747515303,1.434475797409731,0.02,
aus_retail,aus_retail,A3349443A,200,monthly,12,12,0.0,1.0,0.098006,0.6929,0.964417,seasonal-trend,NAIVE-LAST,ok,0.20946715985335995,1.5139393939393937,0.01,
aus_retail,aus_retail,A3349443A,200,monthly,12,12,0.0,1.0,0.098006,0.6929,0.964417,seasonal-trend,NAIVE-AVERAGE,ok,-6.37903656441229,5.662361367029363,0.01,
aus_retail,aus_retail,A3349443A,200,monthly,12,12,0.0,1.0,0.098006,0.6929,0.964417,seasonal-trend,NAIVE-SEASON,ok,-0.09407454554637788,2.0127272727272727,0.01,
aus_retail,aus_retail,A3349443A,200,monthly,12,12,0.0,1.0,0.098006,0.6929,0.964417,seasonal-trend,TSM1,ok,0.29325000308036187,1.4563865338896695,3.82,
aus_retail,aus_retail,A3349443A,200,monthly,12,12,0.0,1.0,0.098006,0.6929,0.964417,seasonal-trend,TSM2,ok,0.6406925553331482,1.0735603763656492,11.04,
aus_retail,aus_retail,A3349443A,200,monthly,12,12,0.0,1.0,0.098006,0.6929,0.964417,seasonal-trend,TSM4,ok,-0.6522312539409001,2.353574416097676,0.01,
aus_retail,aus_retail,A3349443A,200,monthly,12,12,0.0,1.0,0.098006,0.6929,0.964417,seasonal-trend,TSM5,ok,0.17438282178933157,1.5961560539516637,0.02,
aus_retail,aus_retail,A3349468W,200,monthly,12,12,0.0,1.0,0.064038,0.759183,0.9671,seasonal-trend,NAIVE-LAST,ok,0.12691409075814974,22.504848484848488,0.01,
aus_retail,aus_retail,A3349468W,200,monthly,12,12,0.0,1.0,0.064038,0.759183,0.9671,seasonal-trend,NAIVE-AVERAGE,ok,-5.238231645787717,70.26553189906073,0.0,
aus_retail,aus_retail,A3349468W,200,monthly,12,12,0.0,1.0,0.064038,0.759183,0.9671,seasonal-trend,NAIVE-SEASON,ok,0.17855058799015583,20.475757575757576,0.0,
aus_retail,aus_retail,A3349468W,200,monthly,12,12,0.0,1.0,0.064038,0.759183,0.9671,seasonal-trend,TSM1,ok,0.22057569034152066,20.7997798200102,5.75,
aus_retail,aus_retail,A3349468W,200,monthly,12,12,0.0,1.0,0.064038,0.759183,0.9671,seasonal-trend,TSM2,ok,0.7188587326844995,11.689709340418455,10.72,
aus_retail,aus_retail,A3349468W,200,monthly,12,12,0.0,1.0,0.064038,0.759183,0.9671,seasonal-trend,TSM4,ok,-0.8906182571883662,32.78596331579683,0.01,
aus_retail,aus_retail,A3349468W,200,monthly,12,12,0.0,1.0,0.064038,0.759183,0.9671,seasonal-trend,TSM5,ok,0.0305132697061145,22.973960903348626,0.02,
aus_retail,aus_retail,A3349483V,200,monthly,12,12,0.0,1.0,0.107342,0.868343,0.949649,seasonal-trend,NAIVE-LAST,ok,-0.5006627052121251,43.014545454545456,0.01,
aus_retail,aus_retail,A3349483V,200,monthly,12,12,0.0,1.0,0.107342,0.868343,0.949649,seasonal-trend,NAIVE-AVERAGE,ok,-2.2035636195018697,82.11113316346653,0.01,
aus_retail,aus_retail,A3349483V,200,monthly,12,12,0.0,1.0,0.107342,0.868343,0.949649,seasonal-trend,NAIVE-SEASON,ok,0.6528934537066634,23.987878787878792,0.01,
aus_retail,aus_retail,A3349483V,200,monthly,12,12,0.0,1.0,0.107342,0.868343,0.949649,seasonal-trend,TSM1,ok,0.004063179872709677,33.62447049990286,5.28,
aus_retail,aus_retail,A3349483V,200,monthly,12,12,0.0,1.0,0.107342,0.868343,0.949649,seasonal-trend,TSM2,ok,0.8789221349942193,13.922879528764161,10.79,
aus_retail,aus_retail,A3349483V,200,monthly,12,12,0.0,1.0,0.107342,0.868343,0.949649,seasonal-trend,TSM4,ok,-0.29747638870985293,40.200843582163195,0.01,
aus_retail,aus_retail,A3349483V,200,monthly,12,12,0.0,1.0,0.107342,0.868343,0.949649,seasonal-trend,TSM5,ok,-0.10851863104794926,37.528708795899476,0.03,
aus_retail,aus_retail,A3349562T,200,monthly,12,12,0.0,1.0,0.081715,0.978282,0.8714,seasonal-trend,NAIVE-LAST,ok,-0.5903369514785937,61.73636363636363,0.01,
aus_retail,aus_retail,A3349562T,200,monthly,12,12,0.0,1.0,0.081715,0.978282,0.8714,seasonal-trend,NAIVE-AVERAGE,ok,-0.18475523312365452,46.60854183673191,0.01,
aus_retail,aus_retail,A3349562T,200,monthly,12,12,0.0,1.0,0.081715,0.978282,0.8714,seasonal-trend,NAIVE-SEASON,ok,0.9604991617543914,12.403030303030306,0.0,
aus_retail,aus_retail,A3349562T,200,monthly,12,12,0.0,1.0,0.081715,0.978282,0.8714,seasonal-trend,TSM1,ok,0.018558154856254207,46.99176067402433,4.47,
aus_retail,aus_retail,A3349562T,200,monthly,12,12,0.0,1.0,0.081715,0.978282,0.8714,seasonal-trend,TSM2,ok,0.9508753312209759,12.958181336248666,12.14,
aus_retail,aus_retail,A3349562T,200,monthly,12,12,0.0,1.0,0.081715,0.978282,0.8714,seasonal-trend,TSM4,ok,-0.09239267855308735,46.07202362184866,0.01,
aus_retail,aus_retail,A3349562T,200,monthly,12,12,0.0,1.0,0.081715,0.978282,0.8714,seasonal-trend,TSM5,ok,-0.06710667209071008,48.80080128857863,0.02,
aus_retail,aus_retail,A3349563V,200,monthly,12,12,0.0,1.0,0.111416,0.913441,0.969644,seasonal-trend,NAIVE-LAST,ok,-0.11512650165066377,37.60242424242424,0.01,
aus_retail,aus_retail,A3349563V,200,monthly,12,12,0.0,1.0,0.111416,0.913441,0.969644,seasonal-trend,NAIVE-AVERAGE,ok,-1.899675153659743,80.31056472822642,0.0,
aus_retail,aus_retail,A3349563V,200,monthly,12,12,0.0,1.0,0.111416,0.913441,0.969644,seasonal-trend,NAIVE-SEASON,ok,0.47725109380721087,34.54606060606061,0.01,
aus_retail,aus_retail,A3349563V,200,monthly,12,12,0.0,1.0,0.111416,0.913441,0.969644,seasonal-trend,TSM1,ok,0.1358776556580989,37.14952884270218,5.19,
aus_retail,aus_retail,A3349563V,200,monthly,12,12,0.0,1.0,0.111416,0.913441,0.969644,seasonal-trend,TSM2,ok,0.9005933712954304,14.341791926341255,11.5,
aus_retail,aus_retail,A3349563V,200,monthly,12,12,0.0,1.0,0.111416,0.913441,0.969644,seasonal-trend,TSM4,ok,-0.19567569142658142,43.25335810525449,0.02,
aus_retail,aus_retail,A3349563V,200,monthly,12,12,0.0,1.0,0.111416,0.913441,0.969644,seasonal-trend,TSM5,ok,0.08933302085100972,38.403309999273105,0.03,
aus_retail,aus_retail,A3349564W,200,monthly,12,12,0.0,1.0,0.05806,0.921722,0.904709,seasonal-trend,NAIVE-LAST,ok,-0.47672072944057453,55.866666666666674,0.01,
aus_retail,aus_retail,A3349564W,200,monthly,12,12,0.0,1.0,0.05806,0.921722,0.904709,seasonal-trend,NAIVE-AVERAGE,ok,-0.6604182425305337,65.04058198723621,0.01,
aus_retail,aus_retail,A3349564W,200,monthly,12,12,0.0,1.0,0.05806,0.921722,0.904709,seasonal-trend,NAIVE-SEASON,ok,0.7926459186361104,26.52363636363636,0.01,
aus_retail,aus_retail,A3349564W,200,monthly,12,12,0.0,1.0,0.05806,0.921722,0.904709,seasonal-trend,TSM1,ok,-0.062231535218916445,45.48682092025908,4.31,
aus_retail,aus_retail,A3349564W,200,monthly,12,12,0.0,1.0,0.05806,0.921722,0.904709,seasonal-trend,TSM2,ok,0.7437113361909278,23.139124249752488,9.51,
aus_retail,aus_retail,A3349564W,200,monthly,12,12,0.0,1.0,0.05806,0.921722,0.904709,seasonal-trend,TSM4,ok,-0.185217978254907,46.754501066881836,0.01,
aus_retail,aus_retail,A3349564W,200,monthly,12,12,0.0,1.0,0.05806,0.921722,0.904709,seasonal-trend,TSM5,ok,-0.09432301313263611,46.64872483347625,0.02,
aus_retail,aus_retail,A3349605F,200,monthly,12,12,0.0,1.0,0.078369,0.184482,0.904836,trend,NAIVE-LAST,ok,0.6170150260118125,0.9236363636363636,0.01,
aus_retail,aus_retail,A3349605F,200,monthly,12,12,0.0,1.0,0.078369,0.184482,0.904836,trend,NAIVE-AVERAGE,ok,-0.8731686682916836,2.604375722971552,0.01,
aus_retail,aus_retail,A3349605F,200,monthly,12,12,0.0,1.0,0.078369,0.184482,0.904836,trend,NAIVE-SEASON,ok,-1.0116541003651907,2.5903030303030308,0.01,
aus_retail,aus_retail,A3349605F,200,monthly,12,12,0.0,1.0,0.078369,0.184482,0.904836,trend,TSM1,ok,0.5583727753472847,1.0422150975840618,4.16,
aus_retail,aus_retail,A3349605F,200,monthly,12,12,0.0,1.0,0.078369,0.184482,0.904836,trend,TSM2,ok,0.6954079262615837,0.8079315206436892,12.27,
aus_retail,aus_retail,A3349605F,200,monthly,12,12,0.0,1.0,0.078369,0.184482,0.904836,trend,TSM4,ok,-0.002149950799582001,1.7100055257806885,0.02,
aus_retail,aus_retail,A3349605F,200,monthly,12,12,0.0,1.0,0.078369,0.184482,0.904836,trend,TSM5,ok,0.4166143491057731,1.2427585490975366,0.02,
aus_retail,aus_retail,A3349639C,200,monthly,12,12,0.0,1.0,0.082016,0.832922,0.8958,seasonal-trend,NAIVE-LAST,ok,-0.30694108616214855,9.893333333333334,0.01,
aus_retail,aus_retail,A3349639C,200,monthly,12,12,0.0,1.0,0.082016,0.832922,0.8958,seasonal-trend,NAIVE-AVERAGE,ok,-2.29458049834838,16.303348864780695,0.01,
aus_retail,aus_retail,A3349639C,200,monthly,12,12,0.0,1.0,0.082016,0.832922,0.8958,seasonal-trend,NAIVE-SEASON,ok,0.1189477902050711,9.676363636363636,0.01,
aus_retail,aus_retail,A3349639C,200,monthly,12,12,0.0,1.0,0.082016,0.832922,0.8958,seasonal-trend,TSM1,ok,-0.13988058472196763,10.422014786540453,4.73,
aus_retail,aus_retail,A3349639C,200,monthly,12,12,0.0,1.0,0.082016,0.832922,0.8958,seasonal-trend,TSM2,ok,0.7114827461058258,5.017629236194621,10.37,
aus_retail,aus_retail,A3349639C,200,monthly,12,12,0.0,1.0,0.082016,0.832922,0.8958,seasonal-trend,TSM4,ok,-0.25733154819054066,10.481265476042104,0.01,
aus_retail,aus_retail,A3349639C,200,monthly,12,12,0.0,1.0,0.082016,0.832922,0.8958,seasonal-trend,TSM5,ok,-0.03932785855306735,9.738522589945799,0.02,
aus_retail,aus_retail,A3349765T,200,monthly,12,12,0.0,1.0,0.030884,0.914185,0.950535,seasonal-trend,NAIVE-LAST,ok,-0.25460069060983287,7.3127272727272725,0.01,
aus_retail,aus_retail,A3349765T,200,monthly,12,12,0.0,1.0,0.030884,0.914185,0.950535,seasonal-trend,NAIVE-AVERAGE,ok,-1.6005870781311873,12.887992323138665,0.01,
aus_retail,aus_retail,A3349765T,200,monthly,12,12,0.0,1.0,0.030884,0.914185,0.950535,seasonal-trend,NAIVE-SEASON,ok,0.3661817858258067,6.530909090909091,0.01,
aus_retail,aus_retail,A3349765T,200,monthly,12,12,0.0,1.0,0.030884,0.914185,0.950535,seasonal-trend,TSM1,ok,0.039948602215857276,6.843238932049355,5.73,
aus_retail,aus_retail,A3349765T,200,monthly,12,12,0.0,1.0,0.030884,0.914185,0.950535,seasonal-trend,TSM2,ok,0.8702468292475565,2.748684622956732,11.72,
aus_retail,aus_retail,A3349765T,200,monthly,12,12,0.0,1.0,0.030884,0.914185,0.950535,seasonal-trend,TSM4,ok,-0.4618760481003051,8.701660355030327,0.01,
aus_retail,aus_retail,A3349765T,200,monthly,12,12,0.0,1.0,0.030884,0.914185,0.950535,seasonal-trend,TSM5,ok,0.005786565541025901,7.11458894888019,0.03,
aus_retail,aus_retail,A3349773T,200,monthly,12,12,0.0,1.0,0.112678,0.782323,0.939096,seasonal-trend,NAIVE-LAST,ok,-0.7807393555105742,1.4933333333333334,0.01,
aus_retail,aus_retail,A3349773T,200,monthly,12,12,0.0,1.0,0.112678,0.782323,0.939096,seasonal-trend,NAIVE-AVERAGE,ok,-3.1006923933743784,2.4297319216172157,0.0,
aus_retail,aus_retail,A3349773T,200,monthly,12,12,0.0,1.0,0.112678,0.782323,0.939096,seasonal-trend,NAIVE-SEASON,ok,0.1563500570051958,1.0278787878787878,0.01,
aus_retail,aus_retail,A3349773T,200,monthly,12,12,0.0,1.0,0.112678,0.782323,0.939096,seasonal-trend,TSM1,ok,-0.08186797247563793,1.2058142997421988,4.08,
aus_retail,aus_retail,A3349773T,200,monthly,12,12,0.0,1.0,0.112678,0.782323,0.939096,seasonal-trend,TSM2,ok,0.6865232282862415,0.6210630967616839,10.91,
aus_retail,aus_retail,A3349773T,200,monthly,12,12,0.0,1.0,0.112678,0.782323,0.939096,seasonal-trend,TSM4,ok,-0.3465299674249528,1.3323179831416663,0.01,
aus_retail,aus_retail,A3349773T,200,monthly,12,12,0.0,1.0,0.112678,0.782323,0.939096,seasonal-trend,TSM5,ok,-0.1559283616202514,1.2508701297574392,0.02,
aus_retail,aus_retail,A3349797K,200,monthly,12,12,0.0,1.0,0.035084,0.939112,0.967734,seasonal-trend,NAIVE-LAST,ok,-0.147218281636995,63.04424242424243,0.01,
aus_retail,aus_retail,A3349797K,200,monthly,12,12,0.0,1.0,0.035084,0.939112,0.967734,seasonal-trend,NAIVE-AVERAGE,ok,-1.6896121635157102,114.80551599409462,0.01,
aus_retail,aus_retail,A3349797K,200,monthly,12,12,0.0,1.0,0.035084,0.939112,0.967734,seasonal-trend,NAIVE-SEASON,ok,0.7377242488075006,38.44424242424242,0.01,
aus_retail,aus_retail,A3349797K,200,monthly,12,12,0.0,1.0,0.035084,0.939112,0.967734,seasonal-trend,TSM1,ok,0.03307528739905039,59.68926010819048,5.25,
aus_retail,aus_retail,A3349797K,200,monthly,12,12,0.0,1.0,0.035084,0.939112,0.967734,seasonal-trend,TSM2,ok,0.8876932282779176,21.603670536803552,11.98,
aus_retail,aus_retail,A3349797K,200,monthly,12,12,0.0,1.0,0.035084,0.939112,0.967734,seasonal-trend,TSM4,ok,-0.4339314538915836,77.38451373689072,0.01,
aus_retail,aus_retail,A3349797K,200,monthly,12,12,0.0,1.0,0.035084,0.939112,0.967734,seasonal-trend,TSM5,ok,-0.006161232399795669,63.34660249798294,0.02,
aus_retail,aus_retail,A3349905J,200,monthly,12,12,0.0,1.0,0.065151,0.873587,0.881634,seasonal-trend,NAIVE-LAST,ok,-0.41185531681077486,13.567878787878788,0.01,
aus_retail,aus_retail,A3349905J,200,monthly,12,12,0.0,1.0,0.065151,0.873587,0.881634,seasonal-trend,NAIVE-AVERAGE,ok,-0.8051185958706434,17.395612290041015,0.01,
aus_retail,aus_retail,A3349905J,200,monthly,12,12,0.0,1.0,0.065151,0.873587,0.881634,seasonal-trend,NAIVE-SEASON,ok,0.671689607113237,7.955151515151515,0.01,
aus_retail,aus_retail,A3349905J,200,monthly,12,12,0.0,1.0,0.065151,0.873587,0.881634,seasonal-trend,TSM1,ok,0.056348986008731484,11.070633067293558,5.78,
aus_retail,aus_retail,A3349905J,200,monthly,12,12,0.0,1.0,0.065151,0.873587,0.881634,seasonal-trend,TSM2,ok,0.8607283520538498,4.910442454454907,11.81,
aus_retail,aus_retail,A3349905J,200,monthly,12,12,0.0,1.0,0.065151,0.873587,0.881634,seasonal-trend,TSM4,ok,-0.16388217801760346,12.14268133706606,0.02,
aus_retail,aus_retail,A3349905J,200,monthly,12,12,0.0,1.0,0.065151,0.873587,0.881634,seasonal-trend,TSM5,ok,-0.03191252360536219,11.891837375865853,0.03,
aus_retail,aus_retail,A3349909T,200,monthly,12,12,0.0,1.0,0.046622,0.904502,0.958256,seasonal-trend,NAIVE-LAST,ok,0.42035238518223916,11.743030303030302,0.01,
aus_retail,aus_retail,A3349909T,200,monthly,12,12,0.0,1.0,0.046622,0.904502,0.958256,seasonal-trend,NAIVE-AVERAGE,ok,-1.6912739954597527,27.310208523929084,0.01,
aus_retail,aus_retail,A3349909T,200,monthly,12,12,0.0,1.0,0.046622,0.904502,0.958256,seasonal-trend,NAIVE-SEASON,ok,0.39880649012567526,13.343030303030304,0.01,
aus_retail,aus_retail,A3349909T,200,monthly,12,12,0.0,1.0,0.046622,0.904502,0.958256,seasonal-trend,TSM1,ok,0.4594467462543375,11.363955627713112,4.23,
aus_retail,aus_retail,A3349909T,200,monthly,12,12,0.0,1.0,0.046622,0.904502,0.958256,seasonal-trend,TSM2,ok,0.883604351984047,5.499238635907537,11.44,
aus_retail,aus_retail,A3349909T,200,monthly,12,12,0.0,1.0,0.046622,0.904502,0.958256,seasonal-trend,TSM4,ok,-0.27541491776794186,17.55683633043099,0.01,
aus_retail,aus_retail,A3349909T,200,monthly,12,12,0.0,1.0,0.046622,0.904502,0.958256,seasonal-trend,TSM5,ok,0.1548599076469623,15.526968989176567,0.02,
aus_retail,aus_retail,A3349925T,200,monthly,12,12,0.0,1.0,0.060154,0.867722,0.987728,seasonal-trend,NAIVE-LAST,ok,0.3052158798349433,5.000606060606061,0.01,
aus_retail,aus_retail,A3349925T,200,monthly,12,12,0.0,1.0,0.060154,0.867722,0.987728,seasonal-trend,NAIVE-AVERAGE,ok,-9.873220269662733,22.026799564537246,0.01,
aus_retail,aus_retail,A3349925T,200,monthly,12,12,0.0,1.0,0.060154,0.867722,0.987728,seasonal-trend,NAIVE-SEASON,ok,0.2782249475399551,5.01090909090909,0.01,
aus_retail,aus_retail,A3349925T,200,monthly,12,12,0.0,1.0,0.060154,0.867722,0.987728,seasonal-trend,TSM1,ok,0.31118946625074595,4.962699497968034,4.39,
aus_retail,aus_retail,A3349925T,200,monthly,12,12,0.0,1.0,0.060154,0.867722,0.987728,seasonal-trend,TSM2,ok,0.8012803977291142,2.6423004134067183,11.28,
aus_retail,aus_retail,A3349925T,200,monthly,12,12,0.0,1.0,0.060154,0.867722,0.987728,seasonal-trend,TSM4,ok,-1.2312027254511553,9.3762293755085,0.02,
aus_retail,aus_retail,A3349925T,200,monthly,12,12,0.0,1.0,0.060154,0.867722,0.987728,seasonal-trend,TSM5,ok,0.11458203706004158,5.5280651741077715,0.02,
aus_livestock,aus_livestock,"Bulls, bullocks and steers|South Australia",200,monthly,12,12,0.0,1.0,0.056131,0.428678,0.583876,trend,NAIVE-LAST,ok,-0.24868324213146603,2796.3636363636365,0.01,
aus_livestock,aus_livestock,"Bulls, bullocks and steers|South Australia",200,monthly,12,12,0.0,1.0,0.056131,0.428678,0.583876,trend,NAIVE-AVERAGE,ok,-0.8662985941568622,3432.209699663924,0.01,
aus_livestock,aus_livestock,"Bulls, bullocks and steers|South Australia",200,monthly,12,12,0.0,1.0,0.056131,0.428678,0.583876,trend,NAIVE-SEASON,ok,-0.25550850963980176,2973.939393939394,0.0,
aus_livestock,aus_livestock,"Bulls, bullocks and steers|South Australia",200,monthly,12,12,0.0,1.0,0.056131,0.428678,0.583876,trend,TSM1,ok,0.009532845854638271,2537.3597445052483,3.0,
aus_livestock,aus_livestock,"Bulls, bullocks and steers|South Australia",200,monthly,12,12,0.0,1.0,0.056131,0.428678,0.583876,trend,TSM2,ok,0.19396862270817675,2365.3611792671895,8.11,
aus_livestock,aus_livestock,"Bulls, bullocks and steers|South Australia",200,monthly,12,12,0.0,1.0,0.056131,0.428678,0.583876,trend,TSM4,ok,-0.15244328678836544,2775.960402311335,0.01,
aus_livestock,aus_livestock,"Bulls, bullocks and steers|South Australia",200,monthly,12,12,0.0,1.0,0.056131,0.428678,0.583876,trend,TSM5,ok,-0.018328558920957704,2537.358292732642,0.02,
aus_livestock,aus_livestock,"Bulls, bullocks and steers|Tasmania",200,monthly,12,12,0.0,1.0,0.056454,0.450414,0.693535,trend,NAIVE-LAST,ok,0.11700302191820362,858.1818181818182,0.01,
aus_livestock,aus_livestock,"Bulls, bullocks and steers|Tasmania",200,monthly,12,12,0.0,1.0,0.056454,0.450414,0.693535,trend,NAIVE-AVERAGE,ok,-0.6093424825679019,1270.5654272531654,0.01,
aus_livestock,aus_livestock,"Bulls, bullocks and steers|Tasmania",200,monthly,12,12,0.0,1.0,0.056454,0.450414,0.693535,trend,NAIVE-SEASON,ok,-0.752448600129987,1310.909090909091,0.01,
aus_livestock,aus_livestock,"Bulls, bullocks and steers|Tasmania",200,monthly,12,12,0.0,1.0,0.056454,0.450414,0.693535,trend,TSM1,ok,0.05922419560994918,932.6378318802414,4.28,
aus_livestock,aus_livestock,"Bulls, bullocks and steers|Tasmania",200,monthly,12,12,0.0,1.0,0.056454,0.450414,0.693535,trend,TSM2,ok,0.19162284570500024,868.2557858178192,11.94,
aus_livestock,aus_livestock,"Bulls, bullocks and steers|Tasmania",200,monthly,12,12,0.0,1.0,0.056454,0.450414,0.693535,trend,TSM4,ok,-0.03740157994575564,970.1451932144944,0.02,
aus_livestock,aus_livestock,"Bulls, bullocks and steers|Tasmania",200,monthly,12,12,0.0,1.0,0.056454,0.450414,0.693535,trend,TSM5,ok,0.14436710290047475,888.6559077940146,0.02,
aus_livestock,aus_livestock,Calves|Queensland,200,monthly,12,12,0.0,1.0,0.152458,0.306924,0.854914,trend,NAIVE-LAST,ok,0.18652606115169515,970.3030303030304,0.01,
aus_livestock,aus_livestock,Calves|Queensland,200,monthly,12,12,0.0,1.0,0.152458,0.306924,0.854914,trend,NAIVE-AVERAGE,ok,-2.281103478104005,2244.6483508053675,0.01,
aus_livestock,aus_livestock,Calves|Queensland,200,monthly,12,12,0.0,1.0,0.152458,0.306924,0.854914,trend,NAIVE-SEASON,ok,-0.5761482049342732,1726.6666666666667,0.02,
aus_livestock,aus_livestock,Calves|Queensland,200,monthly,12,12,0.0,1.0,0.152458,0.306924,0.854914,trend,TSM1,ok,0.2429322365665619,931.4141269328662,4.07,
aus_livestock,aus_livestock,Calves|Queensland,200,monthly,12,12,0.0,1.0,0.152458,0.306924,0.854914,trend,TSM2,ok,-0.1069860825579031,1585.5054982425288,12.54,
aus_livestock,aus_livestock,Calves|Queensland,200,monthly,12,12,0.0,1.0,0.152458,0.306924,0.854914,trend,TSM4,ok,0.16497176513140044,1160.4685211248345,0.01,
aus_livestock,aus_livestock,Calves|Queensland,200,monthly,12,12,0.0,1.0,0.152458,0.306924,0.854914,trend,TSM5,ok,0.29924677105821823,931.5704869903888,0.02,
aus_livestock,aus_livestock,Calves|Victoria,200,monthly,12,12,0.0,1.0,0.729637,0.831053,0.438829,seasonal,NAIVE-LAST,ok,0.3795052977171061,13507.272727272726,0.01,
aus_livestock,aus_livestock,Calves|Victoria,200,monthly,12,12,0.0,1.0,0.729637,0.831053,0.438829,seasonal,NAIVE-AVERAGE,ok,-0.5993246403354922,22667.52024301811,0.01,
aus_livestock,aus_livestock,Calves|Victoria,200,monthly,12,12,0.0,1.0,0.729637,0.831053,0.438829,seasonal,NAIVE-SEASON,ok,0.8575846004520754,5728.484848484848,0.01,
aus_livestock,aus_livestock,Calves|Victoria,200,monthly,12,12,0.0,1.0,0.729637,0.831053,0.438829,seasonal,TSM1,ok,0.5601353728572277,10982.394200967774,2.58,
aus_livestock,aus_livestock,Calves|Victoria,200,monthly,12,12,0.0,1.0,0.729637,0.831053,0.438829,seasonal,TSM2,ok,0.8870136942076081,5830.51717612705,3.79,
aus_livestock,aus_livestock,Calves|Victoria,200,monthly,12,12,0.0,1.0,0.729637,0.831053,0.438829,seasonal,TSM4,ok,-0.08297675147832755,20389.96309078447,0.01,
aus_livestock,aus_livestock,Calves|Victoria,200,monthly,12,12,0.0,1.0,0.729637,0.831053,0.438829,seasonal,TSM5,ok,-0.09477251534883187,20303.024362952532,0.01,
aus_livestock,aus_livestock,Calves|South Australia,200,monthly,12,12,0.09,1.098901,0.482021,0.650205,0.804986,seasonal-trend,NAIVE-LAST,ok,0.06132923276421185,98.18181818181817,0.0,
aus_livestock,aus_livestock,Calves|South Australia,200,monthly,12,12,0.09,1.098901,0.482021,0.650205,0.804986,seasonal-trend,NAIVE-AVERAGE,ok,-3.517852630506691,221.66064827515942,0.0,
aus_livestock,aus_livestock,Calves|South Australia,200,monthly,12,12,0.09,1.098901,0.482021,0.650205,0.804986,seasonal-trend,NAIVE-SEASON,ok,-0.020773844916188035,89.09090909090908,0.0,
aus_livestock,aus_livestock,Calves|South Australia,200,monthly,12,12,0.09,1.098901,0.482021,0.650205,0.804986,seasonal-trend,TSM1,ok,0.13285598775978444,99.3659813993136,5.51,
aus_livestock,aus_livestock,Calves|South Australia,200,monthly,12,12,0.09,1.098901,0.482021,0.650205,0.804986,seasonal-trend,TSM2,ok,-1.397559902929452,146.70445608941353,12.12,
aus_livestock,aus_livestock,Calves|South Australia,200,monthly,12,12,0.09,1.098901,0.482021,0.650205,0.804986,seasonal-trend,TSM4,ok,-0.04787033251951724,106.43552300792346,0.01,
aus_livestock,aus_livestock,Calves|South Australia,200,monthly,12,12,0.09,1.098901,0.482021,0.650205,0.804986,seasonal-trend,TSM5,ok,-0.019997202870707186,107.92636761843555,0.02,
aus_livestock,aus_livestock,Cattle (excl. calves)|Queensland,200,monthly,12,12,0.0,1.0,0.033118,0.866346,0.579803,seasonal-trend,NAIVE-LAST,ok,-0.08529076338090887,41973.93939393939,0.0,
aus_livestock,aus_livestock,Cattle (excl. calves)|Queensland,200,monthly,12,12,0.0,1.0,0.033118,0.866346,0.579803,seasonal-trend,NAIVE-AVERAGE,ok,-0.14096023421228762,44026.5122848944,0.01,
aus_livestock,aus_livestock,Cattle (excl. calves)|Queensland,200,monthly,12,12,0.0,1.0,0.033118,0.866346,0.579803,seasonal-trend,NAIVE-SEASON,ok,0.48870453873335773,28550.30303030303,0.01,
aus_livestock,aus_livestock,Cattle (excl. calves)|Queensland,200,monthly,12,12,0.0,1.0,0.033118,0.866346,0.579803,seasonal-trend,TSM1,ok,0.026243981776742344,39597.260047538046,3.16,
aus_livestock,aus_livestock,Cattle (excl. calves)|Queensland,200,monthly,12,12,0.0,1.0,0.033118,0.866346,0.579803,seasonal-trend,TSM2,ok,0.7358327325597476,21308.707611974427,5.29,
aus_livestock,aus_livestock,Cattle (excl. calves)|Queensland,200,monthly,12,12,0.0,1.0,0.033118,0.866346,0.579803,seasonal-trend,TSM4,ok,-0.19590997186505316,48736.53412761175,0.01,
aus_livestock,aus_livestock,Cattle (excl. calves)|Queensland,200,monthly,12,12,0.0,1.0,0.033118,0.866346,0.579803,seasonal-trend,TSM5,ok,-0.09844374075159293,43936.73026878974,0.02,
aus_livestock,aus_livestock,Cattle (excl. calves)|Victoria,200,monthly,12,12,0.0,1.0,0.021684,0.465319,0.802839,trend,NAIVE-LAST,ok,-0.005200135785618154,11656.969696969698,0.01,
aus_livestock,aus_livestock,Cattle (excl. calves)|Victoria,200,monthly,12,12,0.0,1.0,0.021684,0.465319,0.802839,trend,NAIVE-AVERAGE,ok,-0.7799097955995524,15731.557668282412,0.0,
aus_livestock,aus_livestock,Cattle (excl. calves)|Victoria,200,monthly,12,12,0.0,1.0,0.021684,0.465319,0.802839,trend,NAIVE-SEASON,ok,-0.8915467156965633,17710.909090909096,0.01,
aus_livestock,aus_livestock,Cattle (excl. calves)|Victoria,200,monthly,12,12,0.0,1.0,0.021684,0.465319,0.802839,trend,TSM1,ok,0.1773964241740717,10411.040920730828,3.05,
aus_livestock,aus_livestock,Cattle (excl. calves)|Victoria,200,monthly,12,12,0.0,1.0,0.021684,0.465319,0.802839,trend,TSM2,ok,0.4030081106075995,8549.8593667822,5.5,
aus_livestock,aus_livestock,Cattle (excl. calves)|Victoria,200,monthly,12,12,0.0,1.0,0.021684,0.465319,0.802839,trend,TSM4,ok,-0.4118010252063849,14078.2938802299,0.01,
aus_livestock,aus_livestock,Cattle (excl. calves)|Victoria,200,monthly,12,12,0.0,1.0,0.021684,0.465319,0.802839,trend,TSM5,ok,0.1646066742236959,10830.367257049587,0.02,
aus_livestock,aus_livestock,Cattle (excl. calves)|Northern Territory,200,monthly,12,12,0.69,3.225806,0.012214,0.106036,0.968977,intermittent,NAIVE-LAST,ok,0.9531481481481482,6.666666666666667,0.0,
aus_livestock,aus_livestock,Cattle (excl. calves)|Northern Territory,200,monthly,12,12,0.69,3.225806,0.012214,0.106036,0.968977,intermittent,NAIVE-AVERAGE,ok,-0.028849760683626345,201.04834283209934,0.0,
aus_livestock,aus_livestock,Cattle (excl. calves)|Northern Territory,200,monthly,12,12,0.69,3.225806,0.012214,0.106036,0.968977,intermittent,NAIVE-SEASON,ok,0.582037037037037,35.757575757575765,0.0,
aus_livestock,aus_livestock,Cattle (excl. calves)|Northern Territory,200,monthly,12,12,0.69,3.225806,0.012214,0.106036,0.968977,intermittent,TSM1,ok,0.5713463315525108,23.05346000148172,5.03,
aus_livestock,aus_livestock,Cattle (excl. calves)|Northern Territory,200,monthly,12,12,0.69,3.225806,0.012214,0.106036,0.968977,intermittent,TSM2,ok,-0.04893744708277983,23.635400534566024,12.54,
aus_livestock,aus_livestock,Cattle (excl. calves)|Northern Territory,200,monthly,12,12,0.69,3.225806,0.012214,0.106036,0.968977,intermittent,TSM4,ok,0.00026654390933209535,296.8726382977485,0.01,
aus_livestock,aus_livestock,Cattle (excl. calves)|Northern Territory,200,monthly,12,12,0.69,3.225806,0.012214,0.106036,0.968977,intermittent,TSM5,ok,0.014628283108930318,22.002708886379864,0.02,
aus_livestock,aus_livestock,Cows and heifers|Queensland,200,monthly,12,12,0.0,1.0,0.060837,0.846469,0.757718,seasonal-trend,NAIVE-LAST,ok,0.25575362109223887,18058.78787878788,0.0,
aus_livestock,aus_livestock,Cows and heifers|Queensland,200,monthly,12,12,0.0,1.0,0.060837,0.846469,0.757718,seasonal-trend,NAIVE-AVERAGE,ok,-0.17164455166658305,23753.344612264395,0.01,
aus_livestock,aus_livestock,Cows and heifers|Queensland,200,monthly,12,12,0.0,1.0,0.060837,0.846469,0.757718,seasonal-trend,NAIVE-SEASON,ok,0.3034635160101699,18113.333333333332,0.01,
aus_livestock,aus_livestock,Cows and heifers|Queensland,200,monthly,12,12,0.0,1.0,0.060837,0.846469,0.757718,seasonal-trend,TSM1,ok,0.25531256822253157,18269.13868470418,3.02,
aus_livestock,aus_livestock,Cows and heifers|Queensland,200,monthly,12,12,0.0,1.0,0.060837,0.846469,0.757718,seasonal-trend,TSM2,ok,0.7407900722135312,11297.211294864184,5.86,
aus_livestock,aus_livestock,Cows and heifers|Queensland,200,monthly,12,12,0.0,1.0,0.060837,0.846469,0.757718,seasonal-trend,TSM4,ok,-0.1701778721647625,24176.865057869778,0.01,
aus_livestock,aus_livestock,Cows and heifers|Queensland,200,monthly,12,12,0.0,1.0,0.060837,0.846469,0.757718,seasonal-trend,TSM5,ok,0.03877195189720424,21621.485961461403,0.02,
aus_livestock,aus_livestock,Cows and heifers|New South Wales,200,monthly,12,12,0.0,1.0,0.033184,0.505225,0.682097,seasonal-trend,NAIVE-LAST,ok,-0.04715710803618647,8443.030303030304,0.0,
aus_livestock,aus_livestock,Cows and heifers|New South Wales,200,monthly,12,12,0.0,1.0,0.033184,0.505225,0.682097,seasonal-trend,NAIVE-AVERAGE,ok,-0.6244207993106767,10311.365507584931,0.01,
aus_livestock,aus_livestock,Cows and heifers|New South Wales,200,monthly,12,12,0.0,1.0,0.033184,0.505225,0.682097,seasonal-trend,NAIVE-SEASON,ok,-0.5743153101555911,10175.757575757576,0.01,
aus_livestock,aus_livestock,Cows and heifers|New South Wales,200,monthly,12,12,0.0,1.0,0.033184,0.505225,0.682097,seasonal-trend,TSM1,ok,0.1036153498573937,7833.376833553933,3.04,
aus_livestock,aus_livestock,Cows and heifers|New South Wales,200,monthly,12,12,0.0,1.0,0.033184,0.505225,0.682097,seasonal-trend,TSM2,ok,0.2969781576252575,6884.716697915559,7.41,
aus_livestock,aus_livestock,Cows and heifers|New South Wales,200,monthly,12,12,0.0,1.0,0.033184,0.505225,0.682097,seasonal-trend,TSM4,ok,-0.35450322941068046,9528.981187475509,0.02,
aus_livestock,aus_livestock,Cows and heifers|New South Wales,200,monthly,12,12,0.0,1.0,0.033184,0.505225,0.682097,seasonal-trend,TSM5,ok,0.10125537774054512,7826.6773153165705,0.03,
aus_livestock,aus_livestock,Lambs|New South Wales,200,monthly,12,12,0.0,1.0,0.015798,0.278591,0.50519,trend,NAIVE-LAST,ok,-0.43145725887046177,38956.969696969696,0.0,
aus_livestock,aus_livestock,Lambs|New South Wales,200,monthly,12,12,0.0,1.0,0.015798,0.278591,0.50519,trend,NAIVE-AVERAGE,ok,-0.6345808762624491,40384.97185794645,0.0,
aus_livestock,aus_livestock,Lambs|New South Wales,200,monthly,12,12,0.0,1.0,0.015798,0.278591,0.50519,trend,NAIVE-SEASON,ok,-0.15822804966928655,34873.93939393939,0.01,
aus_livestock,aus_livestock,Lambs|New South Wales,200,monthly,12,12,0.0,1.0,0.015798,0.278591,0.50519,trend,TSM1,ok,-0.08799252539987643,33161.877106036074,3.3,
aus_livestock,aus_livestock,Lambs|New South Wales,200,monthly,12,12,0.0,1.0,0.015798,0.278591,0.50519,trend,TSM2,ok,0.0034359593234291053,31292.604446794365,4.47,
aus_livestock,aus_livestock,Lambs|New South Wales,200,monthly,12,12,0.0,1.0,0.015798,0.278591,0.50519,trend,TSM4,ok,-0.310949390976602,35482.20473960746,0.02,
aus_livestock,aus_livestock,Lambs|New South Wales,200,monthly,12,12,0.0,1.0,0.015798,0.278591,0.50519,trend,TSM5,ok,-0.07443309041582565,31739.292220285755,0.03,
aus_livestock,aus_livestock,Cows and heifers|Victoria,200,monthly,12,12,0.0,1.0,0.029806,0.369935,0.764116,trend,NAIVE-LAST,ok,0.048327609079820234,8041.818181818182,0.01,
aus_livestock,aus_livestock,Cows and heifers|Victoria,200,monthly,12,12,0.0,1.0,0.029806,0.369935,0.764116,trend,NAIVE-AVERAGE,ok,-0.7589220616274771,11536.745726866127,0.01,
aus_livestock,aus_livestock,Cows and heifers|Victoria,200,monthly,12,12,0.0,1.0,0.029806,0.369935,0.764116,trend,NAIVE-SEASON,ok,-1.0240565343832013,13329.090909090908,0.01,
aus_livestock,aus_livestock,Cows and heifers|Victoria,200,monthly,12,12,0.0,1.0,0.029806,0.369935,0.764116,trend,TSM1,ok,0.2228721831308266,7309.174073232277,3.25,
aus_livestock,aus_livestock,Cows and heifers|Victoria,200,monthly,12,12,0.0,1.0,0.029806,0.369935,0.764116,trend,TSM2,ok,0.23977930985108903,7303.922929166258,6.16,
aus_livestock,aus_livestock,Cows and heifers|Victoria,200,monthly,12,12,0.0,1.0,0.029806,0.369935,0.764116,trend,TSM4,ok,-0.24949699701985645,9972.541025551602,0.02,
aus_livestock,aus_livestock,Cows and heifers|Victoria,200,monthly,12,12,0.0,1.0,0.029806,0.369935,0.764116,trend,TSM5,ok,0.23262818287906803,7470.555596468975,0.02,
aus_livestock,aus_livestock,Lambs|Victoria,200,monthly,12,12,0.0,1.0,0.037713,0.378552,0.865103,trend,NAIVE-LAST,ok,-0.02972575107656832,62801.81818181819,0.01,
aus_livestock,aus_livestock,Lambs|Victoria,200,monthly,12,12,0.0,1.0,0.037713,0.378552,0.865103,trend,NAIVE-AVERAGE,ok,-2.6528874180756956,130525.21544769173,0.01,
aus_livestock,aus_livestock,Lambs|Victoria,200,monthly,12,12,0.0,1.0,0.037713,0.378552,0.865103,trend,NAIVE-SEASON,ok,-0.3130051615620956,79146.66666666667,0.01,
aus_livestock,aus_livestock,Lambs|Victoria,200,monthly,12,12,0.0,1.0,0.037713,0.378552,0.865103,trend,TSM1,ok,0.1291926087512286,58673.93609953149,2.86,
aus_livestock,aus_livestock,Lambs|Victoria,200,monthly,12,12,0.0,1.0,0.037713,0.378552,0.865103,trend,TSM2,ok,0.37870642265953236,52378.654802220975,5.31,
aus_livestock,aus_livestock,Lambs|Victoria,200,monthly,12,12,0.0,1.0,0.037713,0.378552,0.865103,trend,TSM4,ok,-0.4384650166706582,82509.58690015294,0.01,
aus_livestock,aus_livestock,Lambs|Victoria,200,monthly,12,12,0.0,1.0,0.037713,0.378552,0.865103,trend,TSM5,ok,-0.04904560960383344,67858.25697069408,0.02,
aus_livestock,aus_livestock,Pigs|New South Wales,200,monthly,12,12,0.0,1.0,0.112591,0.33314,0.943147,trend,NAIVE-LAST,ok,-0.9140058147431095,10095.151515151516,0.0,
aus_livestock,aus_livestock,Pigs|New South Wales,200,monthly,12,12,0.0,1.0,0.112591,0.33314,0.943147,trend,NAIVE-AVERAGE,ok,-18.104454669886245,32607.42347572586,0.01,
aus_livestock,aus_livestock,Pigs|New South Wales,200,monthly,12,12,0.0,1.0,0.112591,0.33314,0.943147,trend,NAIVE-SEASON,ok,-0.8408784080017477,9853.333333333334,0.01,
aus_livestock,aus_livestock,Pigs|New South Wales,200,monthly,12,12,0.0,1.0,0.112591,0.33314,0.943147,trend,TSM1,ok,-0.28096052105449604,8525.413101030686,3.07,
aus_livestock,aus_livestock,Pigs|New South Wales,200,monthly,12,12,0.0,1.0,0.112591,0.33314,0.943147,trend,TSM2,ok,-1.3805214731606905,11505.368743941697,6.52,
aus_livestock,aus_livestock,Pigs|New South Wales,200,monthly,12,12,0.0,1.0,0.112591,0.33314,0.943147,trend,TSM4,ok,-0.25367557463887913,8491.786926605895,0.01,
aus_livestock,aus_livestock,Pigs|New South Wales,200,monthly,12,12,0.0,1.0,0.112591,0.33314,0.943147,trend,TSM5,ok,-0.07247242274964869,8140.9456251845595,0.02,
aus_livestock,aus_livestock,Pigs|Victoria,200,monthly,12,12,0.0,1.0,0.034652,0.493915,0.910243,trend,NAIVE-LAST,ok,-0.5853881205551457,6745.454545454546,0.01,
aus_livestock,aus_livestock,Pigs|Victoria,200,monthly,12,12,0.0,1.0,0.034652,0.493915,0.910243,trend,NAIVE-AVERAGE,ok,-4.093445858171998,13686.359871114833,0.01,
aus_livestock,aus_livestock,Pigs|Victoria,200,monthly,12,12,0.0,1.0,0.034652,0.493915,0.910243,trend,NAIVE-SEASON,ok,-0.5248391282369619,6940.0,0.01,
aus_livestock,aus_livestock,Pigs|Victoria,200,monthly,12,12,0.0,1.0,0.034652,0.493915,0.910243,trend,TSM1,ok,-0.13343864572261385,5739.4734157770745,2.94,
aus_livestock,aus_livestock,Pigs|Victoria,200,monthly,12,12,0.0,1.0,0.034652,0.493915,0.910243,trend,TSM2,ok,0.24193962459044824,4901.618787346413,5.04,
aus_livestock,aus_livestock,Pigs|Victoria,200,monthly,12,12,0.0,1.0,0.034652,0.493915,0.910243,trend,TSM4,ok,-0.7272738437269106,7374.60951752422,0.01,
aus_livestock,aus_livestock,Pigs|Victoria,200,monthly,12,12,0.0,1.0,0.034652,0.493915,0.910243,trend,TSM5,ok,0.013913128523096807,5478.62708613329,0.02,
aus_livestock,aus_livestock,Pigs|Queensland,200,monthly,12,12,0.0,1.0,0.009804,0.509431,0.746386,seasonal-trend,NAIVE-LAST,ok,-0.422648735311415,6374.545454545454,0.01,
aus_livestock,aus_livestock,Pigs|Queensland,200,monthly,12,12,0.0,1.0,0.009804,0.509431,0.746386,seasonal-trend,NAIVE-AVERAGE,ok,-1.3405656597587796,8431.012178998702,0.01,
aus_livestock,aus_livestock,Pigs|Queensland,200,monthly,12,12,0.0,1.0,0.009804,0.509431,0.746386,seasonal-trend,NAIVE-SEASON,ok,-0.2005141272024007,6141.818181818182,0.0,
aus_livestock,aus_livestock,Pigs|Queensland,200,monthly,12,12,0.0,1.0,0.009804,0.509431,0.746386,seasonal-trend,TSM1,ok,-0.14948233674985006,5555.503124948633,3.25,
aus_livestock,aus_livestock,Pigs|Queensland,200,monthly,12,12,0.0,1.0,0.009804,0.509431,0.746386,seasonal-trend,TSM2,ok,0.04810415201262284,5200.724139848245,7.78,
aus_livestock,aus_livestock,Pigs|Queensland,200,monthly,12,12,0.0,1.0,0.009804,0.509431,0.746386,seasonal-trend,TSM4,ok,-0.2814597768498833,6244.108915152156,0.01,
aus_livestock,aus_livestock,Pigs|Queensland,200,monthly,12,12,0.0,1.0,0.009804,0.509431,0.746386,seasonal-trend,TSM5,ok,-0.1703517112888577,5880.702124401174,0.02,
aus_livestock,aus_livestock,Sheep|New South Wales,200,monthly,12,12,0.0,1.0,0.232505,0.442706,0.877529,trend,NAIVE-LAST,ok,0.4846402161293297,32593.333333333332,0.01,
aus_livestock,aus_livestock,Sheep|New South Wales,200,monthly,12,12,0.0,1.0,0.232505,0.442706,0.877529,trend,NAIVE-AVERAGE,ok,-2.3597691567924315,85323.43439944836,0.0,
aus_livestock,aus_livestock,Sheep|New South Wales,200,monthly,12,12,0.0,1.0,0.232505,0.442706,0.877529,trend,NAIVE-SEASON,ok,-0.46346276509708567,56696.96969696969,0.0,
aus_livestock,aus_livestock,Sheep|New South Wales,200,monthly,12,12,0.0,1.0,0.232505,0.442706,0.877529,trend,TSM1,ok,0.5067734799212649,31937.522212464006,2.49,
aus_livestock,aus_livestock,Sheep|New South Wales,200,monthly,12,12,0.0,1.0,0.232505,0.442706,0.877529,trend,TSM2,ok,0.5119924532682574,31606.54166163695,6.73,
aus_livestock,aus_livestock,Sheep|New South Wales,200,monthly,12,12,0.0,1.0,0.232505,0.442706,0.877529,trend,TSM4,ok,0.27085799144171474,41101.234805664724,0.01,
aus_livestock,aus_livestock,Sheep|New South Wales,200,monthly,12,12,0.0,1.0,0.232505,0.442706,0.877529,trend,TSM5,ok,0.459514554506476,35457.657002991335,0.02,
aus_livestock,aus_livestock,Sheep|Tasmania,200,monthly,12,12,0.0,1.0,0.393532,0.657269,0.768098,seasonal-trend,NAIVE-LAST,ok,0.5259098478738957,4303.030303030303,0.01,
aus_livestock,aus_livestock,Sheep|Tasmania,200,monthly,12,12,0.0,1.0,0.393532,0.657269,0.768098,seasonal-trend,NAIVE-AVERAGE,ok,-2.243763854716221,10997.673140953864,0.0,
aus_livestock,aus_livestock,Sheep|Tasmania,200,monthly,12,12,0.0,1.0,0.393532,0.657269,0.768098,seasonal-trend,NAIVE-SEASON,ok,-0.364679795912331,6627.878787878789,0.0,
aus_livestock,aus_livestock,Sheep|Tasmania,200,monthly,12,12,0.0,1.0,0.393532,0.657269,0.768098,seasonal-trend,TSM1,ok,0.5157536852112292,4323.576930546024,2.87,
aus_livestock,aus_livestock,Sheep|Tasmania,200,monthly,12,12,0.0,1.0,0.393532,0.657269,0.768098,seasonal-trend,TSM2,ok,0.530586927156379,4273.266353997825,8.8,
aus_livestock,aus_livestock,Sheep|Tasmania,200,monthly,12,12,0.0,1.0,0.393532,0.657269,0.768098,seasonal-trend,TSM4,ok,0.05082617290826288,6618.966744233428,0.02,
aus_livestock,aus_livestock,Sheep|Tasmania,200,monthly,12,12,0.0,1.0,0.393532,0.657269,0.768098,seasonal-trend,TSM5,ok,0.010335277688961808,6638.847657127555,0.03,
aus_livestock,aus_livestock,Sheep|Victoria,200,monthly,12,12,0.0,1.0,0.083003,0.666628,0.735983,seasonal-trend,NAIVE-LAST,ok,0.43107969422849113,39386.66666666667,0.0,
aus_livestock,aus_livestock,Sheep|Victoria,200,monthly,12,12,0.0,1.0,0.083003,0.666628,0.735983,seasonal-trend,NAIVE-AVERAGE,ok,-0.748975650531307,66306.41723161354,0.0,
aus_livestock,aus_livestock,Sheep|Victoria,200,monthly,12,12,0.0,1.0,0.083003,0.666628,0.735983,seasonal-trend,NAIVE-SEASON,ok,-0.05171649673787913,55331.51515151515,0.0,
aus_livestock,aus_livestock,Sheep|Victoria,200,monthly,12,12,0.0,1.0,0.083003,0.666628,0.735983,seasonal-trend,TSM1,ok,0.43107969422849113,39386.66666666667,3.22,
aus_livestock,aus_livestock,Sheep|Victoria,200,monthly,12,12,0.0,1.0,0.083003,0.666628,0.735983,seasonal-trend,TSM2,ok,0.590823921475678,33366.069880220806,6.96,
aus_livestock,aus_livestock,Sheep|Victoria,200,monthly,12,12,0.0,1.0,0.083003,0.666628,0.735983,seasonal-trend,TSM4,ok,-0.11767749903092506,55475.50691502636,0.01,
aus_livestock,aus_livestock,Sheep|Victoria,200,monthly,12,12,0.0,1.0,0.083003,0.666628,0.735983,seasonal-trend,TSM5,ok,0.22917344869125972,45921.91312122705,0.02,
aus_livestock,aus_livestock,Sheep|Western Australia,200,monthly,12,12,0.0,1.0,0.213041,0.720844,0.796085,seasonal-trend,NAIVE-LAST,ok,0.24408886892172096,32945.454545454544,0.01,
aus_livestock,aus_livestock,Sheep|Western Australia,200,monthly,12,12,0.0,1.0,0.213041,0.720844,0.796085,seasonal-trend,NAIVE-AVERAGE,ok,-0.8058062449819108,53367.70805921175,0.01,
aus_livestock,aus_livestock,Sheep|Western Australia,200,monthly,12,12,0.0,1.0,0.213041,0.720844,0.796085,seasonal-trend,NAIVE-SEASON,ok,0.22862026744741354,36637.57575757576,0.01,
aus_livestock,aus_livestock,Sheep|Western Australia,200,monthly,12,12,0.0,1.0,0.213041,0.720844,0.796085,seasonal-trend,TSM1,ok,0.29209258761488566,33038.98579258773,2.88,
aus_livestock,aus_livestock,Sheep|Western Australia,200,monthly,12,12,0.0,1.0,0.213041,0.720844,0.796085,seasonal-trend,TSM2,ok,0.710218303266395,22416.260390003157,4.46,
aus_livestock,aus_livestock,Sheep|Western Australia,200,monthly,12,12,0.0,1.0,0.213041,0.720844,0.796085,seasonal-trend,TSM4,ok,-0.014232792899962621,40553.98133448475,0.01,
aus_livestock,aus_livestock,Sheep|Western Australia,200,monthly,12,12,0.0,1.0,0.213041,0.720844,0.796085,seasonal-trend,TSM5,ok,0.09465425697152988,38688.54633895395,0.01,
m5_items,m5,FOODS_1_061|WI_1,200,daily,7,7,0.41,1.694915,0.375576,0.086177,0.087322,intermittent,NAIVE-LAST,ok,-1.059857076531049,1.206060606060606,0.01,
m5_items,m5,FOODS_1_061|WI_1,200,daily,7,7,0.41,1.694915,0.375576,0.086177,0.087322,intermittent,NAIVE-AVERAGE,ok,-0.04358391464015474,0.8778403968190472,0.01,
m5_items,m5,FOODS_1_061|WI_1,200,daily,7,7,0.41,1.694915,0.375576,0.086177,0.087322,intermittent,NAIVE-SEASON,ok,-1.2834323933311875,1.2666666666666664,0.01,
m5_items,m5,FOODS_1_061|WI_1,200,daily,7,7,0.41,1.694915,0.375576,0.086177,0.087322,intermittent,TSM1,ok,-0.046383742064417664,0.8712057276275609,3.4,
m5_items,m5,FOODS_1_061|WI_1,200,daily,7,7,0.41,1.694915,0.375576,0.086177,0.087322,intermittent,TSM2,ok,-0.04633097638955266,0.8712835663938693,4.74,
m5_items,m5,FOODS_1_061|WI_1,200,daily,7,7,0.41,1.694915,0.375576,0.086177,0.087322,intermittent,TSM4,ok,-0.07384833565633708,0.9137741381297275,0.01,
m5_items,m5,FOODS_1_061|WI_1,200,daily,7,7,0.41,1.694915,0.375576,0.086177,0.087322,intermittent,TSM5,ok,-0.04578380799210038,0.9282535600469316,0.02,
m5_items,m5,FOODS_1_107|CA_1,200,daily,7,7,0.96,25.0,0.088757,0.015734,0.396821,intermittent,NAIVE-LAST,ok,0.7927536231884058,0.05454545454545454,0.0,
m5_items,m5,FOODS_1_107|CA_1,200,daily,7,7,0.96,25.0,0.088757,0.015734,0.396821,intermittent,NAIVE-AVERAGE,ok,-0.028415898270895835,0.0977666188519902,0.0,
m5_items,m5,FOODS_1_107|CA_1,200,daily,7,7,0.96,25.0,0.088757,0.015734,0.396821,intermittent,NAIVE-SEASON,ok,0.553623188405797,0.09696969696969697,0.0,
m5_items,m5,FOODS_1_107|CA_1,200,daily,7,7,0.96,25.0,0.088757,0.015734,0.396821,intermittent,TSM1,ok,-0.013383601583956971,0.08760718322578878,2.99,
m5_items,m5,FOODS_1_107|CA_1,200,daily,7,7,0.96,25.0,0.088757,0.015734,0.396821,intermittent,TSM2,ok,-0.014092534590512074,0.12972638495656713,5.65,
m5_items,m5,FOODS_1_107|CA_1,200,daily,7,7,0.96,25.0,0.088757,0.015734,0.396821,intermittent,TSM4,ok,-0.015375885737460581,0.40356669825327807,0.0,
m5_items,m5,FOODS_1_107|CA_1,200,daily,7,7,0.96,25.0,0.088757,0.015734,0.396821,intermittent,TSM5,ok,-0.012673827059095944,0.07995772104216586,0.01,
m5_items,m5,FOODS_1_123|CA_1,200,daily,7,7,0.475,1.904762,0.332205,0.02983,0.2047,intermittent,NAIVE-LAST,ok,-1.087455868049053,0.9515151515151515,0.01,
m5_items,m5,FOODS_1_123|CA_1,200,daily,7,7,0.475,1.904762,0.332205,0.02983,0.2047,intermittent,NAIVE-AVERAGE,ok,-0.26874855112016743,0.8227558717430314,0.01,
m5_items,m5,FOODS_1_123|CA_1,200,daily,7,7,0.475,1.904762,0.332205,0.02983,0.2047,intermittent,NAIVE-SEASON,ok,-0.9431782035062423,0.9575757575757576,0.01,
m5_items,m5,FOODS_1_123|CA_1,200,daily,7,7,0.475,1.904762,0.332205,0.02983,0.2047,intermittent,TSM1,ok,-0.3422996749420973,0.8414952280151446,3.56,
m5_items,m5,FOODS_1_123|CA_1,200,daily,7,7,0.475,1.904762,0.332205,0.02983,0.2047,intermittent,TSM2,ok,-0.3890013937865192,0.842413869943136,4.88,
m5_items,m5,FOODS_1_123|CA_1,200,daily,7,7,0.475,1.904762,0.332205,0.02983,0.2047,intermittent,TSM4,ok,-0.15124694248692686,0.8001860205791786,0.01,
m5_items,m5,FOODS_1_123|CA_1,200,daily,7,7,0.475,1.904762,0.332205,0.02983,0.2047,intermittent,TSM5,ok,-0.10773997471348022,0.7894510318273333,0.02,
m5_items,m5,FOODS_2_264|CA_1,200,daily,7,7,0.365,1.574803,0.378023,0.042811,0.166897,intermittent,NAIVE-LAST,ok,-0.8199917979398142,1.2121212121212122,0.0,
m5_items,m5,FOODS_2_264|CA_1,200,daily,7,7,0.365,1.574803,0.378023,0.042811,0.166897,intermittent,NAIVE-AVERAGE,ok,-0.02750768591388484,1.0120252201447109,0.0,
m5_items,m5,FOODS_2_264|CA_1,200,daily,7,7,0.365,1.574803,0.378023,0.042811,0.166897,intermittent,NAIVE-SEASON,ok,-0.8585831915989537,1.3272727272727274,0.0,
m5_items,m5,FOODS_2_264|CA_1,200,daily,7,7,0.365,1.574803,0.378023,0.042811,0.166897,intermittent,TSM1,ok,-0.4609371514964785,1.1313527881193177,3.37,
m5_items,m5,FOODS_2_264|CA_1,200,daily,7,7,0.365,1.574803,0.378023,0.042811,0.166897,intermittent,TSM2,ok,-0.15778690764911207,1.0499295078303508,4.26,
m5_items,m5,FOODS_2_264|CA_1,200,daily,7,7,0.365,1.574803,0.378023,0.042811,0.166897,intermittent,TSM4,ok,-0.03640955111623438,1.0212049846678581,0.01,
m5_items,m5,FOODS_2_264|CA_1,200,daily,7,7,0.365,1.574803,0.378023,0.042811,0.166897,intermittent,TSM5,ok,-0.02574256674248292,1.0223409617490256,0.01,
m5_items,m5,FOODS_2_370|TX_3,200,daily,7,7,0.41,1.694915,0.324355,0.08144,0.316354,intermittent,NAIVE-LAST,ok,-1.0054662189857364,1.1272727272727274,0.0,
m5_items,m5,FOODS_2_370|TX_3,200,daily,7,7,0.41,1.694915,0.324355,0.08144,0.316354,intermittent,NAIVE-AVERAGE,ok,-0.12654401993328715,0.8558858318168566,0.01,
m5_items,m5,FOODS_2_370|TX_3,200,daily,7,7,0.41,1.694915,0.324355,0.08144,0.316354,intermittent,NAIVE-SEASON,ok,-0.9053266533936017,1.103030303030303,0.01,
m5_items,m5,FOODS_2_370|TX_3,200,daily,7,7,0.41,1.694915,0.324355,0.08144,0.316354,intermittent,TSM1,ok,-0.16051071500909617,0.9305973564040831,2.59,
m5_items,m5,FOODS_2_370|TX_3,200,daily,7,7,0.41,1.694915,0.324355,0.08144,0.316354,intermittent,TSM2,ok,-0.14816707151091568,0.9292176906725789,5.11,
m5_items,m5,FOODS_2_370|TX_3,200,daily,7,7,0.41,1.694915,0.324355,0.08144,0.316354,intermittent,TSM4,ok,-0.0380463171507371,0.8681438440536364,0.01,
m5_items,m5,FOODS_2_370|TX_3,200,daily,7,7,0.41,1.694915,0.324355,0.08144,0.316354,intermittent,TSM5,ok,-0.09556155944961746,0.9013875644888566,0.01,
m5_items,m5,FOODS_3_083|TX_1,200,daily,7,7,0.325,1.481481,0.559304,0.10273,0.105319,lumpy,NAIVE-LAST,ok,-1.0371749554531078,1.6242424242424243,0.0,
m5_items,m5,FOODS_3_083|TX_1,200,daily,7,7,0.325,1.481481,0.559304,0.10273,0.105319,lumpy,NAIVE-AVERAGE,ok,-0.050292160237250805,1.2309263536347526,0.0,
m5_items,m5,FOODS_3_083|TX_1,200,daily,7,7,0.325,1.481481,0.559304,0.10273,0.105319,lumpy,NAIVE-SEASON,ok,-0.7043674956988628,1.509090909090909,0.0,
m5_items,m5,FOODS_3_083|TX_1,200,daily,7,7,0.325,1.481481,0.559304,0.10273,0.105319,lumpy,TSM1,ok,-0.41556205326789186,1.4231462236072026,3.65,
m5_items,m5,FOODS_3_083|TX_1,200,daily,7,7,0.325,1.481481,0.559304,0.10273,0.105319,lumpy,TSM2,ok,-0.10777940716932395,1.3186219640778751,4.76,
m5_items,m5,FOODS_3_083|TX_1,200,daily,7,7,0.325,1.481481,0.559304,0.10273,0.105319,lumpy,TSM4,ok,-0.05119662631908639,1.2464752055229693,0.01,
m5_items,m5,FOODS_3_083|TX_1,200,daily,7,7,0.325,1.481481,0.559304,0.10273,0.105319,lumpy,TSM5,ok,-0.04590214972481177,1.2420233840633752,0.01,
m5_items,m5,FOODS_3_085|TX_1,200,daily,7,7,0.43,1.754386,0.580415,0.107949,0.125714,lumpy,NAIVE-LAST,ok,-1.2849226173960697,1.2181818181818183,0.01,
m5_items,m5,FOODS_3_085|TX_1,200,daily,7,7,0.43,1.754386,0.580415,0.107949,0.125714,lumpy,NAIVE-AVERAGE,ok,-0.07084327787769507,0.8422624439768349,0.01,
m5_items,m5,FOODS_3_085|TX_1,200,daily,7,7,0.43,1.754386,0.580415,0.107949,0.125714,lumpy,NAIVE-SEASON,ok,-1.0681198569605743,1.103030303030303,0.0,
m5_items,m5,FOODS_3_085|TX_1,200,daily,7,7,0.43,1.754386,0.580415,0.107949,0.125714,lumpy,TSM1,ok,-0.07752598880119943,0.8452170186492719,2.74,
m5_items,m5,FOODS_3_085|TX_1,200,daily,7,7,0.43,1.754386,0.580415,0.107949,0.125714,lumpy,TSM2,ok,-0.14322194696496887,0.8766594227351865,4.94,
m5_items,m5,FOODS_3_085|TX_1,200,daily,7,7,0.43,1.754386,0.580415,0.107949,0.125714,lumpy,TSM4,ok,-0.08112626164682371,0.8729851276140963,0.01,
m5_items,m5,FOODS_3_085|TX_1,200,daily,7,7,0.43,1.754386,0.580415,0.107949,0.125714,lumpy,TSM5,ok,-0.09262972785598075,0.878037397986947,0.01,
m5_items,m5,FOODS_3_095|CA_1,200,daily,7,7,0.585,2.409639,0.46988,0.083997,0.494331,intermittent,NAIVE-LAST,ok,-0.990525096836669,0.6909090909090909,0.0,
m5_items,m5,FOODS_3_095|CA_1,200,daily,7,7,0.585,2.409639,0.46988,0.083997,0.494331,intermittent,NAIVE-AVERAGE,ok,-1.0857900820186506,1.0075497068570032,0.0,
m5_items,m5,FOODS_3_095|CA_1,200,daily,7,7,0.585,2.409639,0.46988,0.083997,0.494331,intermittent,NAIVE-SEASON,ok,-1.1753698353776632,0.8181818181818181,0.0,
m5_items,m5,FOODS_3_095|CA_1,200,daily,7,7,0.585,2.409639,0.46988,0.083997,0.494331,intermittent,TSM1,ok,-0.4968438755543625,0.901117865931368,2.72,
m5_items,m5,FOODS_3_095|CA_1,200,daily,7,7,0.585,2.409639,0.46988,0.083997,0.494331,intermittent,TSM2,ok,-0.7488982744139394,0.875668632362969,4.69,
m5_items,m5,FOODS_3_095|CA_1,200,daily,7,7,0.585,2.409639,0.46988,0.083997,0.494331,intermittent,TSM4,ok,-0.07939331547585389,0.7340466640986538,0.01,
m5_items,m5,FOODS_3_095|CA_1,200,daily,7,7,0.585,2.409639,0.46988,0.083997,0.494331,intermittent,TSM5,ok,-0.23215971605289304,0.7802506301393384,0.03,
m5_items,m5,FOODS_3_245|CA_2,200,daily,7,7,0.035,1.036269,0.414519,0.279378,0.159491,level,NAIVE-LAST,ok,-0.7403077575438456,3.0969696969696967,0.0,
m5_items,m5,FOODS_3_245|CA_2,200,daily,7,7,0.035,1.036269,0.414519,0.279378,0.159491,level,NAIVE-AVERAGE,ok,-0.053430987612641354,2.5657944190783946,0.0,
m5_items,m5,FOODS_3_245|CA_2,200,daily,7,7,0.035,1.036269,0.414519,0.279378,0.159491,level,NAIVE-SEASON,ok,-0.471951346078901,2.8484848484848486,0.0,
m5_items,m5,FOODS_3_245|CA_2,200,daily,7,7,0.035,1.036269,0.414519,0.279378,0.159491,level,TSM1,ok,-0.07025938328705957,2.5225450919857613,3.04,
m5_items,m5,FOODS_3_245|CA_2,200,daily,7,7,0.035,1.036269,0.414519,0.279378,0.159491,level,TSM2,ok,0.09156457337831662,2.252432168751253,5.09,
m5_items,m5,FOODS_3_245|CA_2,200,daily,7,7,0.035,1.036269,0.414519,0.279378,0.159491,level,TSM4,ok,-0.06398031950308133,2.5871205308252656,0.01,
m5_items,m5,FOODS_3_245|CA_2,200,daily,7,7,0.035,1.036269,0.414519,0.279378,0.159491,level,TSM5,ok,-0.04912830902163292,2.582064031490431,0.02,
m5_items,m5,FOODS_3_445|TX_1,200,daily,7,7,0.84,6.25,0.098612,0.038897,0.219551,intermittent,NAIVE-LAST,ok,-1.1095019435898381,0.2909090909090909,0.01,
m5_items,m5,FOODS_3_445|TX_1,200,daily,7,7,0.84,6.25,0.098612,0.038897,0.219551,intermittent,NAIVE-AVERAGE,ok,-0.10071317070765473,0.307582492890107,0.0,
m5_items,m5,FOODS_3_445|TX_1,200,daily,7,7,0.84,6.25,0.098612,0.038897,0.219551,intermittent,NAIVE-SEASON,ok,-0.9794619664339272,0.2787878787878788,0.01,
m5_items,m5,FOODS_3_445|TX_1,200,daily,7,7,0.84,6.25,0.098612,0.038897,0.219551,intermittent,TSM1,ok,-0.1381478614089379,0.3204211276077314,3.99,
m5_items,m5,FOODS_3_445|TX_1,200,daily,7,7,0.84,6.25,0.098612,0.038897,0.219551,intermittent,TSM2,ok,-0.20679882605500693,0.33299456119651466,5.76,
m5_items,m5,FOODS_3_445|TX_1,200,daily,7,7,0.84,6.25,0.098612,0.038897,0.219551,intermittent,TSM4,ok,-0.03243714158524393,0.2704187811693895,0.01,
m5_items,m5,FOODS_3_445|TX_1,200,daily,7,7,0.84,6.25,0.098612,0.038897,0.219551,intermittent,TSM5,ok,-0.03504641226131548,0.26603032701816115,0.01,
m5_items,m5,FOODS_3_524|CA_4,200,daily,7,7,0.645,2.816901,0.575773,0.033705,0.380521,lumpy,NAIVE-LAST,ok,-0.6785508748387358,1.9393939393939394,0.01,
m5_items,m5,FOODS_3_524|CA_4,200,daily,7,7,0.645,2.816901,0.575773,0.033705,0.380521,lumpy,NAIVE-AVERAGE,ok,-0.33500312339792904,1.8733263819217647,0.01,
m5_items,m5,FOODS_3_524|CA_4,200,daily,7,7,0.645,2.816901,0.575773,0.033705,0.380521,lumpy,NAIVE-SEASON,ok,-0.8081208012025355,1.9393939393939394,0.0,
m5_items,m5,FOODS_3_524|CA_4,200,daily,7,7,0.645,2.816901,0.575773,0.033705,0.380521,lumpy,TSM1,ok,-0.28619262394253825,1.557576457225601,2.95,
m5_items,m5,FOODS_3_524|CA_4,200,daily,7,7,0.645,2.816901,0.575773,0.033705,0.380521,lumpy,TSM2,error,,,0.28,RuntimeError: exponential smoothing could not be fitted
m5_items,m5,FOODS_3_524|CA_4,200,daily,7,7,0.645,2.816901,0.575773,0.033705,0.380521,lumpy,TSM4,ok,-0.28914658359352685,1.9449903620587974,0.01,
m5_items,m5,FOODS_3_524|CA_4,200,daily,7,7,0.645,2.816901,0.575773,0.033705,0.380521,lumpy,TSM5,ok,-0.1450898312045974,1.4292477047616314,0.01,
m5_items,m5,HOBBIES_1_308|TX_1,200,daily,7,7,0.715,3.508772,0.163265,0.019969,0.307287,intermittent,NAIVE-LAST,ok,-0.6594912358629172,0.6545454545454545,0.0,
m5_items,m5,HOBBIES_1_308|TX_1,200,daily,7,7,0.715,3.508772,0.163265,0.019969,0.307287,intermittent,NAIVE-AVERAGE,ok,-0.014415307330790706,0.5162108401855171,0.0,
m5_items,m5,HOBBIES_1_308|TX_1,200,daily,7,7,0.715,3.508772,0.163265,0.019969,0.307287,intermittent,NAIVE-SEASON,ok,-0.5799736087981566,0.6545454545454545,0.0,
m5_items,m5,HOBBIES_1_308|TX_1,200,daily,7,7,0.715,3.508772,0.163265,0.019969,0.307287,intermittent,TSM1,ok,0.028342378783804724,0.521580651390771,3.72,
m5_items,m5,HOBBIES_1_308|TX_1,200,daily,7,7,0.715,3.508772,0.163265,0.019969,0.307287,intermittent,TSM2,error,,,0.31,RuntimeError: exponential smoothing could not be fitted
m5_items,m5,HOBBIES_1_308|TX_1,200,daily,7,7,0.715,3.508772,0.163265,0.019969,0.307287,intermittent,TSM4,ok,0.09184619122147186,0.5213002668847677,0.0,
m5_items,m5,HOBBIES_1_308|TX_1,200,daily,7,7,0.715,3.508772,0.163265,0.019969,0.307287,intermittent,TSM5,ok,0.0964186270059014,0.5341759630492944,0.01,
m5_items,m5,HOBBIES_1_315|WI_2,200,daily,7,7,0.94,16.666667,0.0,0.049874,0.146822,intermittent,NAIVE-LAST,ok,-0.5921857619577308,0.08484848484848485,0.0,
m5_items,m5,HOBBIES_1_315|WI_2,200,daily,7,7,0.94,16.666667,0.0,0.049874,0.146822,intermittent,NAIVE-AVERAGE,ok,-0.05150080751795851,0.12282035501692481,0.0,
m5_items,m5,HOBBIES_1_315|WI_2,200,daily,7,7,0.94,16.666667,0.0,0.049874,0.146822,intermittent,NAIVE-SEASON,ok,-1.0615823136818687,0.10303030303030303,0.0,
m5_items,m5,HOBBIES_1_315|WI_2,200,daily,7,7,0.94,16.666667,0.0,0.049874,0.146822,intermittent,TSM1,ok,-0.06126462166977613,0.12886916501472992,3.37,
m5_items,m5,HOBBIES_1_315|WI_2,200,daily,7,7,0.94,16.666667,0.0,0.049874,0.146822,intermittent,TSM2,ok,-0.08066998882280321,0.12171225621915216,6.15,
m5_items,m5,HOBBIES_1_315|WI_2,200,daily,7,7,0.94,16.666667,0.0,0.049874,0.146822,intermittent,TSM4,ok,-0.03311242907134308,0.11441123826888969,0.02,
m5_items,m5,HOBBIES_1_315|WI_2,200,daily,7,7,0.94,16.666667,0.0,0.049874,0.146822,intermittent,TSM5,ok,-0.06381259670825216,0.10171680926804154,0.02,
m5_items,m5,HOBBIES_2_129|CA_2,200,daily,7,7,0.715,3.508772,1.76573,0.041116,0.142382,lumpy,NAIVE-LAST,ok,-1.0130459943760584,1.393939393939394,0.0,
m5_items,m5,HOBBIES_2_129|CA_2,200,daily,7,7,0.715,3.508772,1.76573,0.041116,0.142382,lumpy,NAIVE-AVERAGE,ok,-3.0120182636080317,1.0800161769640622,0.0,
m5_items,m5,HOBBIES_2_129|CA_2,200,daily,7,7,0.715,3.508772,1.76573,0.041116,0.142382,lumpy,NAIVE-SEASON,ok,-1.4204508602210382,1.3757575757575755,0.01,
m5_items,m5,HOBBIES_2_129|CA_2,200,daily,7,7,0.715,3.508772,1.76573,0.041116,0.142382,lumpy,TSM1,ok,-0.10525739329962698,1.0761968985272072,2.56,
m5_items,m5,HOBBIES_2_129|CA_2,200,daily,7,7,0.715,3.508772,1.76573,0.041116,0.142382,lumpy,TSM2,ok,-26.811067295856922,1.5649585691868044,6.47,
m5_items,m5,HOBBIES_2_129|CA_2,200,daily,7,7,0.715,3.508772,1.76573,0.041116,0.142382,lumpy,TSM4,ok,-13.554607725543192,1.2950103672215802,0.02,
m5_items,m5,HOBBIES_2_129|CA_2,200,daily,7,7,0.715,3.508772,1.76573,0.041116,0.142382,lumpy,TSM5,ok,-0.31293310754573966,1.0819936937540653,0.02,
m5_items,m5,HOUSEHOLD_1_127|WI_1,200,daily,7,7,0.69,3.225806,0.157333,0.09399,0.215367,intermittent,NAIVE-LAST,ok,-0.7274897284454644,0.5212121212121212,0.01,
m5_items,m5,HOUSEHOLD_1_127|WI_1,200,daily,7,7,0.69,3.225806,0.157333,0.09399,0.215367,intermittent,NAIVE-AVERAGE,ok,-0.022242048082607678,0.5240977537127053,0.01,
m5_items,m5,HOUSEHOLD_1_127|WI_1,200,daily,7,7,0.69,3.225806,0.157333,0.09399,0.215367,intermittent,NAIVE-SEASON,ok,-0.7729814865345656,0.5393939393939393,0.01,
m5_items,m5,HOUSEHOLD_1_127|WI_1,200,daily,7,7,0.69,3.225806,0.157333,0.09399,0.215367,intermittent,TSM1,ok,-0.02082142618433458,0.5146819284711105,4.39,
m5_items,m5,HOUSEHOLD_1_127|WI_1,200,daily,7,7,0.69,3.225806,0.157333,0.09399,0.215367,intermittent,TSM2,ok,0.011461267562222831,0.5097825512102375,5.68,
m5_items,m5,HOUSEHOLD_1_127|WI_1,200,daily,7,7,0.69,3.225806,0.157333,0.09399,0.215367,intermittent,TSM4,ok,-0.025850893080202386,0.5323259767817168,0.01,
m5_items,m5,HOUSEHOLD_1_127|WI_1,200,daily,7,7,0.69,3.225806,0.157333,0.09399,0.215367,intermittent,TSM5,ok,-0.04880899610998903,0.5370236444932819,0.02,
m5_items,m5,HOUSEHOLD_1_315|CA_4,200,daily,7,7,0.825,5.714286,0.150794,0.031443,0.13504,intermittent,NAIVE-LAST,ok,-1.133145830035231,0.35757575757575755,0.01,
m5_items,m5,HOUSEHOLD_1_315|CA_4,200,daily,7,7,0.825,5.714286,0.150794,0.031443,0.13504,intermittent,NAIVE-AVERAGE,ok,-0.036589304943625264,0.32841147606092497,0.01,
m5_items,m5,HOUSEHOLD_1_315|CA_4,200,daily,7,7,0.825,5.714286,0.150794,0.031443,0.13504,intermittent,NAIVE-SEASON,ok,-0.7688003583164873,0.296969696969697,0.01,
m5_items,m5,HOUSEHOLD_1_315|CA_4,200,daily,7,7,0.825,5.714286,0.150794,0.031443,0.13504,intermittent,TSM1,ok,-0.03564731683517364,0.333085175567098,4.14,
m5_items,m5,HOUSEHOLD_1_315|CA_4,200,daily,7,7,0.825,5.714286,0.150794,0.031443,0.13504,intermittent,TSM2,ok,-0.035632957916027275,0.33306952728011646,6.51,
m5_items,m5,HOUSEHOLD_1_315|CA_4,200,daily,7,7,0.825,5.714286,0.150794,0.031443,0.13504,intermittent,TSM4,ok,-0.06647803312670005,0.34167201362454347,0.01,
m5_items,m5,HOUSEHOLD_1_315|CA_4,200,daily,7,7,0.825,5.714286,0.150794,0.031443,0.13504,intermittent,TSM5,ok,-0.058124161441221386,0.3380303655966624,0.02,
m5_items,m5,HOUSEHOLD_2_083|TX_3,200,daily,7,7,0.96,25.0,0.0,0.04601,0.112922,intermittent,NAIVE-LAST,ok,-0.16100574712643673,0.08484848484848485,0.01,
m5_items,m5,HOUSEHOLD_2_083|TX_3,200,daily,7,7,0.96,25.0,0.0,0.04601,0.112922,intermittent,NAIVE-AVERAGE,ok,0.163137779787488,0.0637112802337709,0.01,
m5_items,m5,HOUSEHOLD_2_083|TX_3,200,daily,7,7,0.96,25.0,0.0,0.04601,0.112922,intermittent,NAIVE-SEASON,ok,-0.2507758620689655,0.09090909090909091,0.01,
m5_items,m5,HOUSEHOLD_2_083|TX_3,200,daily,7,7,0.96,25.0,0.0,0.04601,0.112922,intermittent,TSM1,ok,-0.06366096301477704,0.07053343903056578,5.46,
m5_items,m5,HOUSEHOLD_2_083|TX_3,200,daily,7,7,0.96,25.0,0.0,0.04601,0.112922,intermittent,TSM2,error,,,0.37,RuntimeError: exponential smoothing could not be fitted
m5_items,m5,HOUSEHOLD_2_083|TX_3,200,daily,7,7,0.96,25.0,0.0,0.04601,0.112922,intermittent,TSM4,ok,0.1574105097721686,0.06057604721401895,0.0,
m5_items,m5,HOUSEHOLD_2_083|TX_3,200,daily,7,7,0.96,25.0,0.0,0.04601,0.112922,intermittent,TSM5,ok,0.16925054406217394,0.07413647457487904,0.01,
m5_items,m5,HOUSEHOLD_2_065|CA_3,200,daily,7,7,0.905,10.526316,0.0,0.059236,0.261999,intermittent,NAIVE-LAST,ok,-0.9750082396077946,0.1393939393939394,0.01,
m5_items,m5,HOUSEHOLD_2_065|CA_3,200,daily,7,7,0.905,10.526316,0.0,0.059236,0.261999,intermittent,NAIVE-AVERAGE,ok,-0.13792314769625072,0.1837695418314833,0.01,
m5_items,m5,HOUSEHOLD_2_065|CA_3,200,daily,7,7,0.905,10.526316,0.0,0.059236,0.261999,intermittent,NAIVE-SEASON,ok,-1.0564897210892759,0.15151515151515152,0.01,
m5_items,m5,HOUSEHOLD_2_065|CA_3,200,daily,7,7,0.905,10.526316,0.0,0.059236,0.261999,intermittent,TSM1,ok,-0.15752389931436495,0.17403718146929187,3.33,
m5_items,m5,HOUSEHOLD_2_065|CA_3,200,daily,7,7,0.905,10.526316,0.0,0.059236,0.261999,intermittent,TSM2,ok,-0.2363178060446788,0.1654736150379831,6.49,
m5_items,m5,HOUSEHOLD_2_065|CA_3,200,daily,7,7,0.905,10.526316,0.0,0.059236,0.261999,intermittent,TSM4,ok,-0.20977205215488612,0.17625596609467914,0.0,
m5_items,m5,HOUSEHOLD_2_065|CA_3,200,daily,7,7,0.905,10.526316,0.0,0.059236,0.261999,intermittent,TSM5,ok,-0.07212155262781854,0.15236372670173995,0.01,
m5_items,m5,HOUSEHOLD_2_390|CA_3,200,daily,7,7,0.63,2.702703,0.214875,0.084069,0.186023,intermittent,NAIVE-LAST,ok,-0.7817397045298147,0.6484848484848486,0.0,
m5_items,m5,HOUSEHOLD_2_390|CA_3,200,daily,7,7,0.63,2.702703,0.214875,0.084069,0.186023,intermittent,NAIVE-AVERAGE,ok,-0.11033829083261604,0.6457513771372908,0.0,
m5_items,m5,HOUSEHOLD_2_390|CA_3,200,daily,7,7,0.63,2.702703,0.214875,0.084069,0.186023,intermittent,NAIVE-SEASON,ok,-0.9864411954595139,0.6909090909090909,0.0,
m5_items,m5,HOUSEHOLD_2_390|CA_3,200,daily,7,7,0.63,2.702703,0.214875,0.084069,0.186023,intermittent,TSM1,ok,-0.33426941527460124,0.6641809439416984,2.8,
m5_items,m5,HOUSEHOLD_2_390|CA_3,200,daily,7,7,0.63,2.702703,0.214875,0.084069,0.186023,intermittent,TSM2,ok,-0.8482847916644607,0.7491783602646068,4.91,
m5_items,m5,HOUSEHOLD_2_390|CA_3,200,daily,7,7,0.63,2.702703,0.214875,0.084069,0.186023,intermittent,TSM4,ok,-0.1705912641671521,0.6580330491897677,0.0,
m5_items,m5,HOUSEHOLD_2_390|CA_3,200,daily,7,7,0.63,2.702703,0.214875,0.084069,0.186023,intermittent,TSM5,ok,-0.09351855112149617,0.6328391181949042,0.01,
m5_items,m5,HOUSEHOLD_2_158|CA_3,200,daily,7,7,0.83,5.882353,0.083102,0.038821,0.279966,intermittent,NAIVE-LAST,ok,-0.5336772381457889,0.26666666666666666,0.0,
m5_items,m5,HOUSEHOLD_2_158|CA_3,200,daily,7,7,0.83,5.882353,0.083102,0.038821,0.279966,intermittent,NAIVE-AVERAGE,ok,-0.38208197491039986,0.3418548349659779,0.0,
m5_items,m5,HOUSEHOLD_2_158|CA_3,200,daily,7,7,0.83,5.882353,0.083102,0.038821,0.279966,intermittent,NAIVE-SEASON,ok,-0.5125973106864825,0.22424242424242427,0.0,
m5_items,m5,HOUSEHOLD_2_158|CA_3,200,daily,7,7,0.83,5.882353,0.083102,0.038821,0.279966,intermittent,TSM1,ok,-0.5543517993667691,0.3504714008371499,3.34,
m5_items,m5,HOUSEHOLD_2_158|CA_3,200,daily,7,7,0.83,5.882353,0.083102,0.038821,0.279966,intermittent,TSM2,ok,-0.5346634269179601,0.29188494951032906,4.93,
m5_items,m5,HOUSEHOLD_2_158|CA_3,200,daily,7,7,0.83,5.882353,0.083102,0.038821,0.279966,intermittent,TSM4,ok,-0.37275140171655524,0.30372735382914984,0.01,
m5_items,m5,HOUSEHOLD_2_158|CA_3,200,daily,7,7,0.83,5.882353,0.083102,0.038821,0.279966,intermittent,TSM5,ok,-0.12426947170925699,0.26456437742584776,0.01,
m5_store_departments,m5,CA_1|FOODS_2,200,daily,7,7,0.005,1.005025,0.056578,0.715529,0.528215,seasonal-trend,NAIVE-LAST,ok,-0.0029949000605767884,96.86666666666667,0.0,
m5_store_departments,m5,CA_1|FOODS_2,200,daily,7,7,0.005,1.005025,0.056578,0.715529,0.528215,seasonal-trend,NAIVE-AVERAGE,ok,-0.032209333031350075,98.29294993345316,0.0,
m5_store_departments,m5,CA_1|FOODS_2,200,daily,7,7,0.005,1.005025,0.056578,0.715529,0.528215,seasonal-trend,NAIVE-SEASON,ok,0.13219649707143805,89.7151515151515,0.0,
m5_store_departments,m5,CA_1|FOODS_2,200,daily,7,7,0.005,1.005025,0.056578,0.715529,0.528215,seasonal-trend,TSM1,ok,0.3154355327079599,80.83553751937849,2.1,
m5_store_departments,m5,CA_1|FOODS_2,200,daily,7,7,0.005,1.005025,0.056578,0.715529,0.528215,seasonal-trend,TSM2,ok,0.5347040711951653,64.96120239023875,2.88,
m5_store_departments,m5,CA_1|FOODS_2,200,daily,7,7,0.005,1.005025,0.056578,0.715529,0.528215,seasonal-trend,TSM4,ok,-0.054642960932473714,98.13231691225492,0.01,
m5_store_departments,m5,CA_1|FOODS_2,200,daily,7,7,0.005,1.005025,0.056578,0.715529,0.528215,seasonal-trend,TSM5,ok,-0.08201344425116193,100.21304087872882,0.01,
m5_store_departments,m5,CA_1|FOODS_1,200,daily,7,7,0.005,1.005025,0.077368,0.39164,0.46711,level,NAIVE-LAST,ok,-0.14495743567767655,66.4,0.01,
m5_store_departments,m5,CA_1|FOODS_1,200,daily,7,7,0.005,1.005025,0.077368,0.39164,0.46711,level,NAIVE-AVERAGE,ok,-0.12850961288299953,71.26484656350863,0.0,
m5_store_departments,m5,CA_1|FOODS_1,200,daily,7,7,0.005,1.005025,0.077368,0.39164,0.46711,level,NAIVE-SEASON,ok,-0.08472709694736569,70.44242424242424,0.0,
m5_store_departments,m5,CA_1|FOODS_1,200,daily,7,7,0.005,1.005025,0.077368,0.39164,0.46711,level,TSM1,ok,0.06244392066162365,65.8833602849339,2.0,
m5_store_departments,m5,CA_1|FOODS_1,200,daily,7,7,0.005,1.005025,0.077368,0.39164,0.46711,level,TSM2,ok,0.23868025041923727,55.91151935169836,3.74,
m5_store_departments,m5,CA_1|FOODS_1,200,daily,7,7,0.005,1.005025,0.077368,0.39164,0.46711,level,TSM4,ok,-0.17613204027851231,72.94654456932683,0.01,
m5_store_departments,m5,CA_1|FOODS_1,200,daily,7,7,0.005,1.005025,0.077368,0.39164,0.46711,level,TSM5,ok,-0.14945640457008885,75.95345300295837,0.01,
m5_store_departments,m5,CA_1|HOBBIES_1,200,daily,7,7,0.005,1.005025,0.041476,0.387632,0.251241,level,NAIVE-LAST,ok,-0.7438401790771515,106.14545454545456,0.0,
m5_store_departments,m5,CA_1|HOBBIES_1,200,daily,7,7,0.005,1.005025,0.041476,0.387632,0.251241,level,NAIVE-AVERAGE,ok,-0.037687494384715595,85.14775644533418,0.0,
m5_store_departments,m5,CA_1|HOBBIES_1,200,daily,7,7,0.005,1.005025,0.041476,0.387632,0.251241,level,NAIVE-SEASON,ok,-0.2857491162497118,90.76969696969697,0.0,
m5_store_departments,m5,CA_1|HOBBIES_1,200,daily,7,7,0.005,1.005025,0.041476,0.387632,0.251241,level,TSM1,ok,-0.035280492431103386,84.60079439116724,2.17,
m5_store_departments,m5,CA_1|HOBBIES_1,200,daily,7,7,0.005,1.005025,0.041476,0.387632,0.251241,level,TSM2,ok,0.23301849224390425,71.84587106510375,3.05,
m5_store_departments,m5,CA_1|HOBBIES_1,200,daily,7,7,0.005,1.005025,0.041476,0.387632,0.251241,level,TSM4,ok,-0.05912098832653019,84.55839513025663,0.01,
m5_store_departments,m5,CA_1|HOBBIES_1,200,daily,7,7,0.005,1.005025,0.041476,0.387632,0.251241,level,TSM5,ok,-0.05255911880029211,85.00849708470416,0.01,
m5_store_departments,m5,CA_1|HOUSEHOLD_1,200,daily,7,7,0.005,1.005025,0.059267,0.817809,0.286229,seasonal,NAIVE-LAST,ok,-0.12170326462960893,155.13939393939395,0.0,
m5_store_departments,m5,CA_1|HOUSEHOLD_1,200,daily,7,7,0.005,1.005025,0.059267,0.817809,0.286229,seasonal,NAIVE-AVERAGE,ok,-0.018028563066337665,159.85688076581232,0.0,
m5_store_departments,m5,CA_1|HOUSEHOLD_1,200,daily,7,7,0.005,1.005025,0.059267,0.817809,0.286229,seasonal,NAIVE-SEASON,ok,0.5809582638133284,86.5939393939394,0.0,
m5_store_departments,m5,CA_1|HOUSEHOLD_1,200,daily,7,7,0.005,1.005025,0.059267,0.817809,0.286229,seasonal,TSM1,ok,0.3747064716864589,120.0473624721423,2.38,
m5_store_departments,m5,CA_1|HOUSEHOLD_1,200,daily,7,7,0.005,1.005025,0.059267,0.817809,0.286229,seasonal,TSM2,ok,0.7577461723601724,66.83663107967014,3.61,
m5_store_departments,m5,CA_1|HOUSEHOLD_1,200,daily,7,7,0.005,1.005025,0.059267,0.817809,0.286229,seasonal,TSM4,ok,-0.05879766725327218,160.32142175983066,0.01,
m5_store_departments,m5,CA_1|HOUSEHOLD_1,200,daily,7,7,0.005,1.005025,0.059267,0.817809,0.286229,seasonal,TSM5,ok,-0.04966853693944504,164.57456182760345,0.01,
m5_store_departments,m5,CA_2|HOUSEHOLD_1,200,daily,7,7,0.005,1.005025,0.092736,0.8004,0.316451,seasonal,NAIVE-LAST,ok,-0.19433436115464006,185.6969696969697,0.0,
m5_store_departments,m5,CA_2|HOUSEHOLD_1,200,daily,7,7,0.005,1.005025,0.092736,0.8004,0.316451,seasonal,NAIVE-AVERAGE,ok,-0.03581750826495193,193.92890588410933,0.0,
m5_store_departments,m5,CA_2|HOUSEHOLD_1,200,daily,7,7,0.005,1.005025,0.092736,0.8004,0.316451,seasonal,NAIVE-SEASON,ok,0.4692132834010631,106.26666666666668,0.0,
m5_store_departments,m5,CA_2|HOUSEHOLD_1,200,daily,7,7,0.005,1.005025,0.092736,0.8004,0.316451,seasonal,TSM1,ok,0.3125959125988655,159.81767699941685,2.15,
m5_store_departments,m5,CA_2|HOUSEHOLD_1,200,daily,7,7,0.005,1.005025,0.092736,0.8004,0.316451,seasonal,TSM2,ok,0.665442925810065,91.28788462264333,2.98,
m5_store_departments,m5,CA_2|HOUSEHOLD_1,200,daily,7,7,0.005,1.005025,0.092736,0.8004,0.316451,seasonal,TSM4,ok,-0.069725738208128,197.34776595100368,0.01,
m5_store_departments,m5,CA_2|HOUSEHOLD_1,200,daily,7,7,0.005,1.005025,0.092736,0.8004,0.316451,seasonal,TSM5,ok,-0.045470194258535025,202.0130220957803,0.01,
m5_store_departments,m5,CA_3|HOBBIES_1,200,daily,7,7,0.005,1.005025,0.039603,0.462025,0.152816,level,NAIVE-LAST,ok,-0.7107850944133102,109.04242424242423,0.0,
m5_store_departments,m5,CA_3|HOBBIES_1,200,daily,7,7,0.005,1.005025,0.039603,0.462025,0.152816,level,NAIVE-AVERAGE,ok,-0.026153085886812776,86.174297725336,0.0,
m5_store_departments,m5,CA_3|HOBBIES_1,200,daily,7,7,0.005,1.005025,0.039603,0.462025,0.152816,level,NAIVE-SEASON,ok,-0.09833449291166219,85.63636363636363,0.0,
m5_store_departments,m5,CA_3|HOBBIES_1,200,daily,7,7,0.005,1.005025,0.039603,0.462025,0.152816,level,TSM1,ok,-0.004427537052122799,85.73569891795482,2.33,
m5_store_departments,m5,CA_3|HOBBIES_1,200,daily,7,7,0.005,1.005025,0.039603,0.462025,0.152816,level,TSM2,ok,0.3281649220597326,69.33074704545726,3.23,
m5_store_departments,m5,CA_3|HOBBIES_1,200,daily,7,7,0.005,1.005025,0.039603,0.462025,0.152816,level,TSM4,ok,-0.06204093133405233,85.26898456143024,0.01,
m5_store_departments,m5,CA_3|HOBBIES_1,200,daily,7,7,0.005,1.005025,0.039603,0.462025,0.152816,level,TSM5,ok,-0.05212041026006102,86.3725158359409,0.01,
m5_store_departments,m5,CA_3|HOBBIES_2,200,daily,7,7,0.005,1.005025,0.122474,0.137436,0.676699,trend,NAIVE-LAST,ok,-0.4156863057039126,14.042424242424243,0.0,
m5_store_departments,m5,CA_3|HOBBIES_2,200,daily,7,7,0.005,1.005025,0.122474,0.137436,0.676699,trend,NAIVE-AVERAGE,ok,-0.42589729424622114,15.607884530041286,0.0,
m5_store_departments,m5,CA_3|HOBBIES_2,200,daily,7,7,0.005,1.005025,0.122474,0.137436,0.676699,trend,NAIVE-SEASON,ok,-0.7588861786546014,15.951515151515153,0.0,
m5_store_departments,m5,CA_3|HOBBIES_2,200,daily,7,7,0.005,1.005025,0.122474,0.137436,0.676699,trend,TSM1,ok,-0.035455546137555374,12.422983686464628,2.07,
m5_store_departments,m5,CA_3|HOBBIES_2,200,daily,7,7,0.005,1.005025,0.122474,0.137436,0.676699,trend,TSM2,ok,-0.14244514354405505,12.814914021221256,2.87,
m5_store_departments,m5,CA_3|HOBBIES_2,200,daily,7,7,0.005,1.005025,0.122474,0.137436,0.676699,trend,TSM4,ok,-0.16615263740239097,12.729221209980253,0.01,
m5_store_departments,m5,CA_3|HOBBIES_2,200,daily,7,7,0.005,1.005025,0.122474,0.137436,0.676699,trend,TSM5,ok,0.028478498786046025,12.10408188867579,0.01,
m5_store_departments,m5,CA_3|HOUSEHOLD_2,200,daily,7,7,0.005,1.005025,0.055453,0.668661,0.580026,seasonal-trend,NAIVE-LAST,ok,-0.060698347365719864,51.06060606060606,0.0,
m5_store_departments,m5,CA_3|HOUSEHOLD_2,200,daily,7,7,0.005,1.005025,0.055453,0.668661,0.580026,seasonal-trend,NAIVE-AVERAGE,ok,-0.34410861087080813,58.03698494101211,0.0,
m5_store_departments,m5,CA_3|HOUSEHOLD_2,200,daily,7,7,0.005,1.005025,0.055453,0.668661,0.580026,seasonal-trend,NAIVE-SEASON,ok,0.3650726155686378,39.04848484848485,0.0,
m5_store_departments,m5,CA_3|HOUSEHOLD_2,200,daily,7,7,0.005,1.005025,0.055453,0.668661,0.580026,seasonal-trend,TSM1,ok,0.2734127857543859,42.66913046436318,2.74,
m5_store_departments,m5,CA_3|HOUSEHOLD_2,200,daily,7,7,0.005,1.005025,0.055453,0.668661,0.580026,seasonal-trend,TSM2,ok,0.3946078720902,34.91711093847938,4.07,
m5_store_departments,m5,CA_3|HOUSEHOLD_2,200,daily,7,7,0.005,1.005025,0.055453,0.668661,0.580026,seasonal-trend,TSM4,ok,-0.1247168822551847,52.646958945119536,0.01,
m5_store_departments,m5,CA_3|HOUSEHOLD_2,200,daily,7,7,0.005,1.005025,0.055453,0.668661,0.580026,seasonal-trend,TSM5,ok,-0.05841965610320417,52.20648453109764,0.01,
m5_store_departments,m5,CA_4|FOODS_3,200,daily,7,7,0.005,1.005025,0.033917,0.486714,0.647795,trend,NAIVE-LAST,ok,-0.19116604061070577,134.5090909090909,0.0,
m5_store_departments,m5,CA_4|FOODS_3,200,daily,7,7,0.005,1.005025,0.033917,0.486714,0.647795,trend,NAIVE-AVERAGE,ok,-0.8804560886450998,164.22130984866703,0.0,
m5_store_departments,m5,CA_4|FOODS_3,200,daily,7,7,0.005,1.005025,0.033917,0.486714,0.647795,trend,NAIVE-SEASON,ok,0.14717250864014408,112.95151515151515,0.0,
m5_store_departments,m5,CA_4|FOODS_3,200,daily,7,7,0.005,1.005025,0.033917,0.486714,0.647795,trend,TSM1,ok,0.07682217185030678,115.64535179279282,2.2,
m5_store_departments,m5,CA_4|FOODS_3,200,daily,7,7,0.005,1.005025,0.033917,0.486714,0.647795,trend,TSM2,ok,0.3042604307821609,103.38981144074137,3.91,
m5_store_departments,m5,CA_4|FOODS_3,200,daily,7,7,0.005,1.005025,0.033917,0.486714,0.647795,trend,TSM4,ok,-0.24798803127690466,129.5592048219752,0.01,
m5_store_departments,m5,CA_4|FOODS_3,200,daily,7,7,0.005,1.005025,0.033917,0.486714,0.647795,trend,TSM5,ok,-0.08972919623917104,129.80174036589656,0.01,
m5_store_departments,m5,TX_1|FOODS_3,200,daily,7,7,0.0,1.0,0.048113,0.559966,0.589678,seasonal-trend,NAIVE-LAST,ok,-0.28639311475536533,215.0969696969697,0.01,
m5_store_departments,m5,TX_1|FOODS_3,200,daily,7,7,0.0,1.0,0.048113,0.559966,0.589678,seasonal-trend,NAIVE-AVERAGE,ok,-0.47167217957518004,238.06812188511987,0.0,
m5_store_departments,m5,TX_1|FOODS_3,200,daily,7,7,0.0,1.0,0.048113,0.559966,0.589678,seasonal-trend,NAIVE-SEASON,ok,0.11415542938472964,191.7090909090909,0.0,
m5_store_departments,m5,TX_1|FOODS_3,200,daily,7,7,0.0,1.0,0.048113,0.559966,0.589678,seasonal-trend,TSM1,ok,-0.05779418083544905,206.0235214489112,2.13,
m5_store_departments,m5,TX_1|FOODS_3,200,daily,7,7,0.0,1.0,0.048113,0.559966,0.589678,seasonal-trend,TSM2,ok,0.40911949471330467,158.3499430453191,4.19,
m5_store_departments,m5,TX_1|FOODS_3,200,daily,7,7,0.0,1.0,0.048113,0.559966,0.589678,seasonal-trend,TSM4,ok,-0.15665729804866704,212.92244910464865,0.01,
m5_store_departments,m5,TX_1|FOODS_3,200,daily,7,7,0.0,1.0,0.048113,0.559966,0.589678,seasonal-trend,TSM5,ok,-0.05046681969318767,214.95156207776807,0.02,
m5_store_departments,m5,TX_1|HOUSEHOLD_2,200,daily,7,7,0.005,1.005025,0.056497,0.53484,0.571247,seasonal-trend,NAIVE-LAST,ok,-0.423974416296404,35.515151515151516,0.0,
m5_store_departments,m5,TX_1|HOUSEHOLD_2,200,daily,7,7,0.005,1.005025,0.056497,0.53484,0.571247,seasonal-trend,NAIVE-AVERAGE,ok,-0.5446965853088686,34.606649216203905,0.0,
m5_store_departments,m5,TX_1|HOUSEHOLD_2,200,daily,7,7,0.005,1.005025,0.056497,0.53484,0.571247,seasonal-trend,NAIVE-SEASON,ok,0.15172733202848224,25.6,0.0,
m5_store_departments,m5,TX_1|HOUSEHOLD_2,200,daily,7,7,0.005,1.005025,0.056497,0.53484,0.571247,seasonal-trend,TSM1,ok,-0.031396998068453905,29.670024149810303,3.45,
m5_store_departments,m5,TX_1|HOUSEHOLD_2,200,daily,7,7,0.005,1.005025,0.056497,0.53484,0.571247,seasonal-trend,TSM2,ok,0.2341417205328042,24.772293297541417,7.11,
m5_store_departments,m5,TX_1|HOUSEHOLD_2,200,daily,7,7,0.005,1.005025,0.056497,0.53484,0.571247,seasonal-trend,TSM4,ok,-0.16717000029250068,31.196582504003622,0.01,
m5_store_departments,m5,TX_1|HOUSEHOLD_2,200,daily,7,7,0.005,1.005025,0.056497,0.53484,0.571247,seasonal-trend,TSM5,ok,-0.08671465432740928,31.247555310444294,0.02,
m5_store_departments,m5,TX_3|FOODS_1,200,daily,7,7,0.0,1.0,0.047837,0.112551,0.362706,level,NAIVE-LAST,ok,-0.33336349763760353,52.3939393939394,0.01,
m5_store_departments,m5,TX_3|FOODS_1,200,daily,7,7,0.0,1.0,0.047837,0.112551,0.362706,level,NAIVE-AVERAGE,ok,-0.17680612492560988,49.94291724905774,0.0,
m5_store_departments,m5,TX_3|FOODS_1,200,daily,7,7,0.0,1.0,0.047837,0.112551,0.362706,level,NAIVE-SEASON,ok,-1.159535529474778,65.37575757575758,0.01,
m5_store_departments,m5,TX_3|FOODS_1,200,daily,7,7,0.0,1.0,0.047837,0.112551,0.362706,level,TSM1,ok,-0.027404781277807634,46.52973582470394,3.71,
m5_store_departments,m5,TX_3|FOODS_1,200,daily,7,7,0.0,1.0,0.047837,0.112551,0.362706,level,TSM2,ok,-0.1369878333690251,49.33070054956692,6.51,
m5_store_departments,m5,TX_3|FOODS_1,200,daily,7,7,0.0,1.0,0.047837,0.112551,0.362706,level,TSM4,ok,-0.15689821404093846,47.8029059647562,0.02,
m5_store_departments,m5,TX_3|FOODS_1,200,daily,7,7,0.0,1.0,0.047837,0.112551,0.362706,level,TSM5,ok,-0.15286592790795056,48.707335031080255,0.03,
m5_store_departments,m5,TX_3|FOODS_2,200,daily,7,7,0.005,1.005025,0.038174,0.29662,0.518106,trend,NAIVE-LAST,ok,-0.2588537339451663,84.53333333333333,0.0,
m5_store_departments,m5,TX_3|FOODS_2,200,daily,7,7,0.005,1.005025,0.038174,0.29662,0.518106,trend,NAIVE-AVERAGE,ok,-0.04082507421920458,79.89972575564886,0.01,
m5_store_departments,m5,TX_3|FOODS_2,200,daily,7,7,0.005,1.005025,0.038174,0.29662,0.518106,trend,NAIVE-SEASON,ok,-0.7342060676386601,101.02424242424243,0.01,
m5_store_departments,m5,TX_3|FOODS_2,200,daily,7,7,0.005,1.005025,0.038174,0.29662,0.518106,trend,TSM1,ok,0.13118836427891084,71.96910983896102,4.07,
m5_store_departments,m5,TX_3|FOODS_2,200,daily,7,7,0.005,1.005025,0.038174,0.29662,0.518106,trend,TSM2,ok,0.21307844552809513,65.19456161853897,7.46,
m5_store_departments,m5,TX_3|FOODS_2,200,daily,7,7,0.005,1.005025,0.038174,0.29662,0.518106,trend,TSM4,ok,-0.06315957175115479,80.79416720571233,0.01,
m5_store_departments,m5,TX_3|FOODS_2,200,daily,7,7,0.005,1.005025,0.038174,0.29662,0.518106,trend,TSM5,ok,0.07467789760070231,72.88743897047993,0.02,
m5_store_departments,m5,TX_3|HOBBIES_1,200,daily,7,7,0.005,1.005025,0.032759,0.418636,0.21276,level,NAIVE-LAST,ok,-0.5918773261543739,62.46666666666666,0.01,
m5_store_departments,m5,TX_3|HOBBIES_1,200,daily,7,7,0.005,1.005025,0.032759,0.418636,0.21276,level,NAIVE-AVERAGE,ok,-0.0525285999864241,50.76990268997085,0.01,
m5_store_departments,m5,TX_3|HOBBIES_1,200,daily,7,7,0.005,1.005025,0.032759,0.418636,0.21276,level,NAIVE-SEASON,ok,-0.12081719438817459,54.71515151515151,0.01,
m5_store_departments,m5,TX_3|HOBBIES_1,200,daily,7,7,0.005,1.005025,0.032759,0.418636,0.21276,level,TSM1,ok,-0.05349435422728386,51.466320178509385,3.48,
m5_store_departments,m5,TX_3|HOBBIES_1,200,daily,7,7,0.005,1.005025,0.032759,0.418636,0.21276,level,TSM2,ok,0.2586845895931825,42.97696468982152,7.4,
m5_store_departments,m5,TX_3|HOBBIES_1,200,daily,7,7,0.005,1.005025,0.032759,0.418636,0.21276,level,TSM4,ok,-0.08354867466001292,52.28305610517432,0.01,
m5_store_departments,m5,TX_3|HOBBIES_1,200,daily,7,7,0.005,1.005025,0.032759,0.418636,0.21276,level,TSM5,ok,-0.055923145310183206,51.64637639887881,0.02,
m5_store_departments,m5,TX_3|HOBBIES_2,200,daily,7,7,0.005,1.005025,0.123021,0.049107,0.496748,level,NAIVE-LAST,ok,-0.5994090047456598,14.290909090909091,0.01,
m5_store_departments,m5,TX_3|HOBBIES_2,200,daily,7,7,0.005,1.005025,0.123021,0.049107,0.496748,level,NAIVE-AVERAGE,ok,-0.36682093540192795,14.77582394841329,0.01,
m5_store_departments,m5,TX_3|HOBBIES_2,200,daily,7,7,0.005,1.005025,0.123021,0.049107,0.496748,level,NAIVE-SEASON,ok,-0.8169526548182716,16.90909090909091,0.01,
m5_store_departments,m5,TX_3|HOBBIES_2,200,daily,7,7,0.005,1.005025,0.123021,0.049107,0.496748,level,TSM1,ok,-0.28663789480546653,14.753629838918101,4.6,
m5_store_departments,m5,TX_3|HOBBIES_2,200,daily,7,7,0.005,1.005025,0.123021,0.049107,0.496748,level,TSM2,ok,-0.4169039104622332,15.646420928268682,6.91,
m5_store_departments,m5,TX_3|HOBBIES_2,200,daily,7,7,0.005,1.005025,0.123021,0.049107,0.496748,level,TSM4,ok,-0.220254349744239,13.803027247403984,0.01,
m5_store_departments,m5,TX_3|HOBBIES_2,200,daily,7,7,0.005,1.005025,0.123021,0.049107,0.496748,level,TSM5,ok,-0.1491167673848456,13.725253043020794,0.02,
m5_store_departments,m5,WI_1|FOODS_1,200,daily,7,7,0.005,1.005025,0.083505,0.480895,0.493573,level,NAIVE-LAST,ok,-0.05105559103094084,65.95151515151515,0.01,
m5_store_departments,m5,WI_1|FOODS_1,200,daily,7,7,0.005,1.005025,0.083505,0.480895,0.493573,level,NAIVE-AVERAGE,ok,-0.14031156196210484,68.95642569545738,0.01,
m5_store_departments,m5,WI_1|FOODS_1,200,daily,7,7,0.005,1.005025,0.083505,0.480895,0.493573,level,NAIVE-SEASON,ok,-0.2957085213139316,76.13333333333334,0.0,
m5_store_departments,m5,WI_1|FOODS_1,200,daily,7,7,0.005,1.005025,0.083505,0.480895,0.493573,level,TSM1,ok,0.217917445780983,55.37364331512782,4.86,
m5_store_departments,m5,WI_1|FOODS_1,200,daily,7,7,0.005,1.005025,0.083505,0.480895,0.493573,level,TSM2,ok,0.3738030640460587,46.94986494652349,6.16,
m5_store_departments,m5,WI_1|FOODS_1,200,daily,7,7,0.005,1.005025,0.083505,0.480895,0.493573,level,TSM4,ok,-0.15124760695213724,65.58190608419824,0.02,
m5_store_departments,m5,WI_1|FOODS_1,200,daily,7,7,0.005,1.005025,0.083505,0.480895,0.493573,level,TSM5,ok,-0.10444129594910453,65.11779030183202,0.02,
m5_store_departments,m5,WI_1|HOUSEHOLD_1,200,daily,7,7,0.005,1.005025,0.076416,0.715391,0.227691,seasonal,NAIVE-LAST,ok,-0.20681480115326978,142.85454545454542,0.01,
m5_store_departments,m5,WI_1|HOUSEHOLD_1,200,daily,7,7,0.005,1.005025,0.076416,0.715391,0.227691,seasonal,NAIVE-AVERAGE,ok,-0.016022082215062385,139.2428323781377,0.01,
m5_store_departments,m5,WI_1|HOUSEHOLD_1,200,daily,7,7,0.005,1.005025,0.076416,0.715391,0.227691,seasonal,NAIVE-SEASON,ok,0.3724560636678201,94.78787878787878,0.01,
m5_store_departments,m5,WI_1|HOUSEHOLD_1,200,daily,7,7,0.005,1.005025,0.076416,0.715391,0.227691,seasonal,TSM1,ok,0.30362318332128335,112.00458296083806,4.67,
m5_store_departments,m5,WI_1|HOUSEHOLD_1,200,daily,7,7,0.005,1.005025,0.076416,0.715391,0.227691,seasonal,TSM2,ok,0.6372847283424443,73.91453604380435,5.56,
m5_store_departments,m5,WI_1|HOUSEHOLD_1,200,daily,7,7,0.005,1.005025,0.076416,0.715391,0.227691,seasonal,TSM4,ok,-0.05614761149941172,141.13528811194416,0.01,
m5_store_departments,m5,WI_1|HOUSEHOLD_1,200,daily,7,7,0.005,1.005025,0.076416,0.715391,0.227691,seasonal,TSM5,ok,-0.045793457167599486,142.88680907120096,0.02,
m5_store_departments,m5,WI_2|FOODS_2,200,daily,7,7,0.005,1.005025,0.108939,0.153508,0.759014,trend,NAIVE-LAST,ok,0.26119884667625215,217.15757575757576,0.02,
m5_store_departments,m5,WI_2|FOODS_2,200,daily,7,7,0.005,1.005025,0.108939,0.153508,0.759014,trend,NAIVE-AVERAGE,ok,-0.12840376313943916,284.68379633616803,0.01,
m5_store_departments,m5,WI_2|FOODS_2,200,daily,7,7,0.005,1.005025,0.108939,0.153508,0.759014,trend,NAIVE-SEASON,ok,-0.8549847497925154,380.3090909090909,0.0,
m5_store_departments,m5,WI_2|FOODS_2,200,daily,7,7,0.005,1.005025,0.108939,0.153508,0.759014,trend,TSM1,ok,0.4940772750880106,189.6145395044635,4.59,
m5_store_departments,m5,WI_2|FOODS_2,200,daily,7,7,0.005,1.005025,0.108939,0.153508,0.759014,trend,TSM2,ok,0.40499097855958033,207.65127035840177,8.91,
m5_store_departments,m5,WI_2|FOODS_2,200,daily,7,7,0.005,1.005025,0.108939,0.153508,0.759014,trend,TSM4,ok,0.11015384285098917,244.35424319034246,0.01,
m5_store_departments,m5,WI_2|FOODS_2,200,daily,7,7,0.005,1.005025,0.108939,0.153508,0.759014,trend,TSM5,ok,0.3216097719200148,220.90305402413568,0.02,
m5_store_departments,m5,WI_2|HOBBIES_1,200,daily,7,7,0.005,1.005025,0.042762,0.152034,0.370359,level,NAIVE-LAST,ok,-0.6663151471876709,49.24242424242425,0.01,
m5_store_departments,m5,WI_2|HOBBIES_1,200,daily,7,7,0.005,1.005025,0.042762,0.152034,0.370359,level,NAIVE-AVERAGE,ok,-0.23684156524953964,39.577776274514925,0.01,
m5_store_departments,m5,WI_2|HOBBIES_1,200,daily,7,7,0.005,1.005025,0.042762,0.152034,0.370359,level,NAIVE-SEASON,ok,-0.67059099808679,47.13333333333334,0.0,
m5_store_departments,m5,WI_2|HOBBIES_1,200,daily,7,7,0.005,1.005025,0.042762,0.152034,0.370359,level,TSM1,ok,-0.05654467011165969,37.683101359583944,4.16,
m5_store_departments,m5,WI_2|HOBBIES_1,200,daily,7,7,0.005,1.005025,0.042762,0.152034,0.370359,level,TSM2,ok,-0.053264319060827625,37.737795157248385,7.35,
m5_store_departments,m5,WI_2|HOBBIES_1,200,daily,7,7,0.005,1.005025,0.042762,0.152034,0.370359,level,TSM4,ok,-0.09189842666713158,37.159673274568675,0.01,
m5_store_departments,m5,WI_2|HOBBIES_1,200,daily,7,7,0.005,1.005025,0.042762,0.152034,0.370359,level,TSM5,ok,-0.050042717421891106,37.58672176448361,0.02,
m5_store_departments,m5,WI_2|HOBBIES_2,200,daily,7,7,0.005,1.005025,0.170355,0.044516,0.458477,level,NAIVE-LAST,ok,-0.5071632885809358,10.684848484848484,0.01,
m5_store_departments,m5,WI_2|HOBBIES_2,200,daily,7,7,0.005,1.005025,0.170355,0.044516,0.458477,level,NAIVE-AVERAGE,ok,-0.10159691587978195,10.258534483808429,0.01,
m5_store_departments,m5,WI_2|HOBBIES_2,200,daily,7,7,0.005,1.005025,0.170355,0.044516,0.458477,level,NAIVE-SEASON,ok,-0.8159508725767768,12.824242424242424,0.01,
m5_store_departments,m5,WI_2|HOBBIES_2,200,daily,7,7,0.005,1.005025,0.170355,0.044516,0.458477,level,TSM1,ok,-0.05754053977341293,9.996390081231025,4.5,
m5_store_departments,m5,WI_2|HOBBIES_2,200,daily,7,7,0.005,1.005025,0.170355,0.044516,0.458477,level,TSM2,ok,-0.09717125100163862,10.37531724478217,3.89,
m5_store_departments,m5,WI_2|HOBBIES_2,200,daily,7,7,0.005,1.005025,0.170355,0.044516,0.458477,level,TSM4,ok,-0.09405465207143551,9.714128367049316,0.01,
m5_store_departments,m5,WI_2|HOBBIES_2,200,daily,7,7,0.005,1.005025,0.170355,0.044516,0.458477,level,TSM5,ok,-0.05283340776737504,10.003995716379238,0.01,
