dataset,unit,series,n,step,period,season,zero_share,adi,cv2,seasonal_strength,trend_strength,cell,method,status,r2,mae,seconds,detail
nycflights,nycflights,EWR-LGA,200,daily,7,7,0.995,200.0,0.0,0.035777,0.142914,intermittent,NAIVE-LAST,ok,0.5875000000000001,0.012121212121212121,0.0,
nycflights,nycflights,EWR-LGA,200,daily,7,7,0.995,200.0,0.0,0.035777,0.142914,intermittent,NAIVE-AVERAGE,ok,-0.008047217649991455,0.015432049342261247,0.0,
nycflights,nycflights,EWR-LGA,200,daily,7,7,0.995,200.0,0.0,0.035777,0.142914,intermittent,NAIVE-SEASON,ok,0.5875000000000001,0.012121212121212121,0.0,
nycflights,nycflights,EWR-LGA,200,daily,7,7,0.995,200.0,0.0,0.035777,0.142914,intermittent,TSM1,ok,-0.2124999999999999,0.019732728687559035,3.29,
nycflights,nycflights,EWR-LGA,200,daily,7,7,0.995,200.0,0.0,0.035777,0.142914,intermittent,TSM2,error,,,0.27,RuntimeError: exponential smoothing could not be fitted
nycflights,nycflights,EWR-LGA,200,daily,7,7,0.995,200.0,0.0,0.035777,0.142914,intermittent,TSM4,ok,-0.008900978992022602,0.02531007751937985,0.01,
nycflights,nycflights,EWR-LGA,200,daily,7,7,0.995,200.0,0.0,0.035777,0.142914,intermittent,TSM5,ok,-0.0062622038524903,0.008009639255944476,0.01,
nycflights,nycflights,EWR-CAE,200,daily,7,7,0.72,3.571429,0.016928,0.960081,0.14825,intermittent,NAIVE-LAST,ok,-1.7590481786133956,0.5696969696969696,0.0,
nycflights,nycflights,EWR-CAE,200,daily,7,7,0.72,3.571429,0.016928,0.960081,0.14825,intermittent,NAIVE-AVERAGE,ok,-0.011686860592712955,0.41364715290076326,0.0,
nycflights,nycflights,EWR-CAE,200,daily,7,7,0.72,3.571429,0.016928,0.960081,0.14825,intermittent,NAIVE-SEASON,ok,0.9025525525525525,0.024242424242424242,0.0,
nycflights,nycflights,EWR-CAE,200,daily,7,7,0.72,3.571429,0.016928,0.960081,0.14825,intermittent,TSM1,ok,0.053158451698575096,0.29815601748332626,4.04,
nycflights,nycflights,EWR-CAE,200,daily,7,7,0.72,3.571429,0.016928,0.960081,0.14825,intermittent,TSM2,ok,0.9523552134109613,0.018575414028318523,2.43,
nycflights,nycflights,EWR-CAE,200,daily,7,7,0.72,3.571429,0.016928,0.960081,0.14825,intermittent,TSM4,ok,-0.010247787634944893,0.3981001377156188,0.0,
nycflights,nycflights,EWR-CAE,200,daily,7,7,0.72,3.571429,0.016928,0.960081,0.14825,intermittent,TSM5,ok,-0.05062635233967132,0.4205379476693917,0.01,
nycflights,nycflights,EWR-SBN,200,daily,7,7,0.98,50.0,0.0,0.147518,0.142229,intermittent,NAIVE-LAST,ok,0.14750000000000005,0.048484848484848485,0.0,
nycflights,nycflights,EWR-SBN,200,daily,7,7,0.98,50.0,0.0,0.147518,0.142229,intermittent,NAIVE-AVERAGE,ok,0.18201077641585836,0.03963140018513935,0.0,
nycflights,nycflights,EWR-SBN,200,daily,7,7,0.98,50.0,0.0,0.147518,0.142229,intermittent,NAIVE-SEASON,ok,0.16750000000000007,0.03636363636363636,0.0,
nycflights,nycflights,EWR-SBN,200,daily,7,7,0.98,50.0,0.0,0.147518,0.142229,intermittent,TSM1,ok,-0.041036250858665246,0.05621751645867949,3.21,
nycflights,nycflights,EWR-SBN,200,daily,7,7,0.98,50.0,0.0,0.147518,0.142229,intermittent,TSM2,error,,,0.25,RuntimeError: exponential smoothing could not be fitted
nycflights,nycflights,EWR-SBN,200,daily,7,7,0.98,50.0,0.0,0.147518,0.142229,intermittent,TSM4,ok,0.18151356830340365,0.03356704421127675,0.0,
nycflights,nycflights,EWR-SBN,200,daily,7,7,0.98,50.0,0.0,0.147518,0.142229,intermittent,TSM5,ok,0.1701128976530108,0.040060530511244294,0.01,
nycflights,nycflights,EWR-SYR,200,daily,7,7,0.81,5.263158,0.0,0.094929,0.661807,intermittent,NAIVE-LAST,ok,-0.1522857142857143,0.15757575757575756,0.0,
nycflights,nycflights,EWR-SYR,200,daily,7,7,0.81,5.263158,0.0,0.094929,0.661807,intermittent,NAIVE-AVERAGE,ok,-0.2882862747403217,0.23042884338827246,0.0,
nycflights,nycflights,EWR-SYR,200,daily,7,7,0.81,5.263158,0.0,0.094929,0.661807,intermittent,NAIVE-SEASON,ok,0.21071428571428563,0.11515151515151516,0.0,
nycflights,nycflights,EWR-SYR,200,daily,7,7,0.81,5.263158,0.0,0.094929,0.661807,intermittent,TSM1,ok,-0.06131568079787897,0.1809022221216414,2.91,
nycflights,nycflights,EWR-SYR,200,daily,7,7,0.81,5.263158,0.0,0.094929,0.661807,intermittent,TSM2,error,,,0.25,RuntimeError: exponential smoothing could not be fitted
nycflights,nycflights,EWR-SYR,200,daily,7,7,0.81,5.263158,0.0,0.094929,0.661807,intermittent,TSM4,ok,0.09398659944803564,0.16888737334596443,0.0,
nycflights,nycflights,EWR-SYR,200,daily,7,7,0.81,5.263158,0.0,0.094929,0.661807,intermittent,TSM5,ok,0.1992979972441437,0.15597488384539457,0.01,
nycflights,nycflights,JFK-MVY,200,daily,7,7,0.47,1.886792,0.171235,0.393176,0.880724,intermittent,NAIVE-LAST,ok,-0.18091087874467018,0.3333333333333333,0.0,
nycflights,nycflights,JFK-MVY,200,daily,7,7,0.47,1.886792,0.171235,0.393176,0.880724,intermittent,NAIVE-AVERAGE,ok,-1.2815187400926824,0.9514447905072227,0.0,
nycflights,nycflights,JFK-MVY,200,daily,7,7,0.47,1.886792,0.171235,0.393176,0.880724,intermittent,NAIVE-SEASON,ok,0.7271121351766514,0.10303030303030303,0.0,
nycflights,nycflights,JFK-MVY,200,daily,7,7,0.47,1.886792,0.171235,0.393176,0.880724,intermittent,TSM1,ok,-0.07224832358976892,0.3167028376438456,1.87,
nycflights,nycflights,JFK-MVY,200,daily,7,7,0.47,1.886792,0.171235,0.393176,0.880724,intermittent,TSM2,ok,-0.5896414645869242,0.5858895081510447,3.56,
nycflights,nycflights,JFK-MVY,200,daily,7,7,0.47,1.886792,0.171235,0.393176,0.880724,intermittent,TSM4,ok,-0.06456259338514858,0.5372313861964652,0.01,
nycflights,nycflights,JFK-MVY,200,daily,7,7,0.47,1.886792,0.171235,0.393176,0.880724,intermittent,TSM5,ok,-0.01016819593018572,0.30062457487488486,0.01,
nycflights,nycflights,JFK-SDF,200,daily,7,7,0.795,4.878049,0.0,0.145781,0.788926,intermittent,NAIVE-LAST,ok,0.3077655677655677,0.09090909090909091,0.0,
nycflights,nycflights,JFK-SDF,200,daily,7,7,0.795,4.878049,0.0,0.145781,0.788926,intermittent,NAIVE-AVERAGE,ok,-0.16769282412503758,0.3648290273332463,0.0,
nycflights,nycflights,JFK-SDF,200,daily,7,7,0.795,4.878049,0.0,0.145781,0.788926,intermittent,NAIVE-SEASON,ok,0.5074725274725275,0.05454545454545454,0.0,
nycflights,nycflights,JFK-SDF,200,daily,7,7,0.795,4.878049,0.0,0.145781,0.788926,intermittent,TSM1,ok,-0.12437678497819515,0.10478693961020094,2.23,
nycflights,nycflights,JFK-SDF,200,daily,7,7,0.795,4.878049,0.0,0.145781,0.788926,intermittent,TSM2,ok,-0.17732275615528495,0.18721090810034585,3.66,
nycflights,nycflights,JFK-SDF,200,daily,7,7,0.795,4.878049,0.0,0.145781,0.788926,intermittent,TSM4,ok,-0.07372043394485864,0.44586820269737154,0.0,
nycflights,nycflights,JFK-SDF,200,daily,7,7,0.795,4.878049,0.0,0.145781,0.788926,intermittent,TSM5,ok,-0.06496223775076722,0.10144174280282572,0.01,
nycflights,nycflights,LGA-CHO,200,daily,7,7,0.895,9.52381,0.0,0.111209,0.811467,intermittent,NAIVE-LAST,ok,0.7066666666666667,0.06060606060606061,0.0,
nycflights,nycflights,LGA-CHO,200,daily,7,7,0.895,9.52381,0.0,0.111209,0.811467,intermittent,NAIVE-AVERAGE,ok,0.08133003834131905,0.19555744308284737,0.0,
nycflights,nycflights,LGA-CHO,200,daily,7,7,0.895,9.52381,0.0,0.111209,0.811467,intermittent,NAIVE-SEASON,ok,0.6088888888888888,0.07272727272727272,0.0,
nycflights,nycflights,LGA-CHO,200,daily,7,7,0.895,9.52381,0.0,0.111209,0.811467,intermittent,TSM1,ok,0.5278008043777139,0.06521444967576591,3.33,
nycflights,nycflights,LGA-CHO,200,daily,7,7,0.895,9.52381,0.0,0.111209,0.811467,intermittent,TSM2,error,,,0.27,RuntimeError: exponential smoothing could not be fitted
nycflights,nycflights,LGA-CHO,200,daily,7,7,0.895,9.52381,0.0,0.111209,0.811467,intermittent,TSM4,ok,-0.26681389688473983,0.2451020177277457,0.0,
nycflights,nycflights,LGA-CHO,200,daily,7,7,0.895,9.52381,0.0,0.111209,0.811467,intermittent,TSM5,ok,0.19734353231466753,0.11232749941178807,0.01,
nycflights,nycflights,LGA-AVL,200,daily,7,7,0.995,200.0,0.0,0.035777,0.142914,intermittent,NAIVE-LAST,ok,1.0,0.0,0.0,
nycflights,nycflights,LGA-AVL,200,daily,7,7,0.995,200.0,0.0,0.035777,0.142914,intermittent,NAIVE-AVERAGE,ok,0.0,0.010635278531369767,0.0,
nycflights,nycflights,LGA-AVL,200,daily,7,7,0.995,200.0,0.0,0.035777,0.142914,intermittent,NAIVE-SEASON,ok,0.8,0.006060606060606061,0.0,
nycflights,nycflights,LGA-AVL,200,daily,7,7,0.995,200.0,0.0,0.035777,0.142914,intermittent,TSM1,ok,0.0,0.013325802277061557,2.83,
nycflights,nycflights,LGA-AVL,200,daily,7,7,0.995,200.0,0.0,0.035777,0.142914,intermittent,TSM2,ok,0.0,0.013299495188086615,4.5,
nycflights,nycflights,LGA-AVL,200,daily,7,7,0.995,200.0,0.0,0.035777,0.142914,intermittent,TSM4,ok,0.0,0.029310344827586203,0.0,
nycflights,nycflights,LGA-AVL,200,daily,7,7,0.995,200.0,0.0,0.035777,0.142914,intermittent,TSM5,ok,0.0,0.004974334001238709,0.01,
nycflights,nycflights,LGA-EYW,200,daily,7,7,0.95,20.0,0.0,0.0397,0.777524,intermittent,NAIVE-LAST,ok,0.9139130434782607,0.01818181818181818,0.0,
nycflights,nycflights,LGA-EYW,200,daily,7,7,0.95,20.0,0.0,0.0397,0.777524,intermittent,NAIVE-AVERAGE,ok,0.725985719610723,0.0593414002017978,0.0,
nycflights,nycflights,LGA-EYW,200,daily,7,7,0.95,20.0,0.0,0.0397,0.777524,intermittent,NAIVE-SEASON,ok,0.8278260869565217,0.03636363636363636,0.0,
nycflights,nycflights,LGA-EYW,200,daily,7,7,0.95,20.0,0.0,0.0397,0.777524,intermittent,TSM1,ok,0.9139130434782607,0.01818181818181818,8.77,
nycflights,nycflights,LGA-EYW,200,daily,7,7,0.95,20.0,0.0,0.0397,0.777524,intermittent,TSM2,error,,,0.52,RuntimeError: exponential smoothing could not be fitted
nycflights,nycflights,LGA-EYW,200,daily,7,7,0.95,20.0,0.0,0.0397,0.777524,intermittent,TSM4,ok,0.7163095611400805,0.06029617431300828,0.01,
nycflights,nycflights,LGA-EYW,200,daily,7,7,0.95,20.0,0.0,0.0397,0.777524,intermittent,TSM5,ok,0.741259322511058,0.057689846894854194,0.02,
nycflights,nycflights,LGA-CVG,200,daily,7,7,0.52,2.083333,0.186357,0.057423,0.533647,intermittent,NAIVE-LAST,ok,-0.30312294001318396,0.40606060606060607,0.0,
nycflights,nycflights,LGA-CVG,200,daily,7,7,0.52,2.083333,0.186357,0.057423,0.533647,intermittent,NAIVE-AVERAGE,ok,-0.40950471035826075,0.5838050794927194,0.0,
nycflights,nycflights,LGA-CVG,200,daily,7,7,0.52,2.083333,0.186357,0.057423,0.533647,intermittent,NAIVE-SEASON,ok,-0.2579542957591739,0.4,0.01,
nycflights,nycflights,LGA-CVG,200,daily,7,7,0.52,2.083333,0.186357,0.057423,0.533647,intermittent,TSM1,ok,-0.09138327596723014,0.4334330510514325,2.87,
nycflights,nycflights,LGA-CVG,200,daily,7,7,0.52,2.083333,0.186357,0.057423,0.533647,intermittent,TSM2,ok,-0.15656922093094053,0.465666119537934,7.18,
nycflights,nycflights,LGA-CVG,200,daily,7,7,0.52,2.083333,0.186357,0.057423,0.533647,intermittent,TSM4,ok,-0.11765509467771076,0.49923549179317755,0.01,
nycflights,nycflights,LGA-CVG,200,daily,7,7,0.52,2.083333,0.186357,0.057423,0.533647,intermittent,TSM5,ok,-0.10748808603540505,0.41057205161683363,0.02,
nycflights,nycflights,LGA-IND,200,daily,7,7,0.615,2.597403,0.119031,0.157557,0.68647,intermittent,NAIVE-LAST,ok,-0.2147300525561394,0.2787878787878788,0.01,
nycflights,nycflights,LGA-IND,200,daily,7,7,0.615,2.597403,0.119031,0.157557,0.68647,intermittent,NAIVE-AVERAGE,ok,-0.632032108918253,0.4674568058081543,0.01,
nycflights,nycflights,LGA-IND,200,daily,7,7,0.615,2.597403,0.119031,0.157557,0.68647,intermittent,NAIVE-SEASON,ok,0.3774180248093292,0.19393939393939394,0.01,
nycflights,nycflights,LGA-IND,200,daily,7,7,0.615,2.597403,0.119031,0.157557,0.68647,intermittent,TSM1,ok,0.1616675598303707,0.2890392420212634,4.53,
nycflights,nycflights,LGA-IND,200,daily,7,7,0.615,2.597403,0.119031,0.157557,0.68647,intermittent,TSM2,error,,,0.27,RuntimeError: exponential smoothing could not be fitted
nycflights,nycflights,LGA-IND,200,daily,7,7,0.615,2.597403,0.119031,0.157557,0.68647,intermittent,TSM4,ok,-0.029846967328896266,0.37509572822521753,0.01,
nycflights,nycflights,LGA-IND,200,daily,7,7,0.615,2.597403,0.119031,0.157557,0.68647,intermittent,TSM5,ok,0.0788909906567056,0.3126020350364819,0.01,
nycflights,nycflights,LGA-JAX,200,daily,7,7,0.55,2.222222,0.120605,0.304706,0.736373,intermittent,NAIVE-LAST,ok,-0.17095604333545927,0.46060606060606063,0.0,
nycflights,nycflights,LGA-JAX,200,daily,7,7,0.55,2.222222,0.120605,0.304706,0.736373,intermittent,NAIVE-AVERAGE,ok,-0.35186348980534177,0.6377507435149183,0.0,
nycflights,nycflights,LGA-JAX,200,daily,7,7,0.55,2.222222,0.120605,0.304706,0.736373,intermittent,NAIVE-SEASON,ok,0.4444381873484874,0.24848484848484848,0.0,
nycflights,nycflights,LGA-JAX,200,daily,7,7,0.55,2.222222,0.120605,0.304706,0.736373,intermittent,TSM1,ok,0.35798032507089045,0.3966417799415022,2.54,
nycflights,nycflights,LGA-JAX,200,daily,7,7,0.55,2.222222,0.120605,0.304706,0.736373,intermittent,TSM2,error,,,0.25,RuntimeError: exponential smoothing could not be fitted
nycflights,nycflights,LGA-JAX,200,daily,7,7,0.55,2.222222,0.120605,0.304706,0.736373,intermittent,TSM4,ok,0.043592562800410795,0.5196376342527723,0.0,
nycflights,nycflights,LGA-JAX,200,daily,7,7,0.55,2.222222,0.120605,0.304706,0.736373,intermittent,TSM5,ok,0.11880489441666539,0.4869867678299654,0.01,
nycflights,nycflights,LGA-GSP,200,daily,7,7,0.505,2.020202,0.043454,0.309052,0.736636,intermittent,NAIVE-LAST,ok,-0.5009027531608176,0.2606060606060606,0.01,
nycflights,nycflights,LGA-GSP,200,daily,7,7,0.505,2.020202,0.043454,0.309052,0.736636,intermittent,NAIVE-AVERAGE,ok,-1.2162586110940141,0.470171976601106,0.0,
nycflights,nycflights,LGA-GSP,200,daily,7,7,0.505,2.020202,0.043454,0.309052,0.736636,intermittent,NAIVE-SEASON,ok,0.38129445822994207,0.1272727272727273,0.01,
nycflights,nycflights,LGA-GSP,200,daily,7,7,0.505,2.020202,0.043454,0.309052,0.736636,intermittent,TSM1,ok,-0.22068323838588705,0.27042901791754964,4.45,
nycflights,nycflights,LGA-GSP,200,daily,7,7,0.505,2.020202,0.043454,0.309052,0.736636,intermittent,TSM2,ok,-0.1300377469889619,0.2532821002232572,3.69,
nycflights,nycflights,LGA-GSP,200,daily,7,7,0.505,2.020202,0.043454,0.309052,0.736636,intermittent,TSM4,ok,-0.17874632050804157,0.3085624290167857,0.01,
nycflights,nycflights,LGA-GSP,200,daily,7,7,0.505,2.020202,0.043454,0.309052,0.736636,intermittent,TSM5,ok,-0.0935105227496404,0.24997666089487888,0.02,
nycflights,nycflights,LGA-LEX,200,daily,7,7,0.995,200.0,0.0,0.03688,0.142718,intermittent,NAIVE-LAST,ok,0.5875000000000001,0.012121212121212121,0.0,
nycflights,nycflights,LGA-LEX,200,daily,7,7,0.995,200.0,0.0,0.03688,0.142718,intermittent,NAIVE-AVERAGE,ok,0.593719508251304,0.007303852748795794,0.0,
nycflights,nycflights,LGA-LEX,200,daily,7,7,0.995,200.0,0.0,0.03688,0.142718,intermittent,NAIVE-SEASON,ok,0.59375,0.012121212121212121,0.0,
nycflights,nycflights,LGA-LEX,200,daily,7,7,0.995,200.0,0.0,0.03688,0.142718,intermittent,TSM1,ok,0.38750000000000007,0.013318816911332224,3.49,
nycflights,nycflights,LGA-LEX,200,daily,7,7,0.995,200.0,0.0,0.03688,0.142718,intermittent,TSM2,error,,,0.28,RuntimeError: exponential smoothing could not be fitted
nycflights,nycflights,LGA-LEX,200,daily,7,7,0.995,200.0,0.0,0.03688,0.142718,intermittent,TSM4,ok,0.593720481929128,0.007248559211749396,0.0,
nycflights,nycflights,LGA-LEX,200,daily,7,7,0.995,200.0,0.0,0.03688,0.142718,intermittent,TSM5,ok,0.5937455500297407,0.010144904831028694,0.01,
nycflights,nycflights,LGA-MHT,200,daily,7,7,0.66,2.941176,0.05625,0.297258,0.690491,intermittent,NAIVE-LAST,ok,0.3994107826253896,0.2303030303030303,0.0,
nycflights,nycflights,LGA-MHT,200,daily,7,7,0.66,2.941176,0.05625,0.297258,0.690491,intermittent,NAIVE-AVERAGE,ok,-0.273377059370672,0.8611504514291276,0.01,
nycflights,nycflights,LGA-MHT,200,daily,7,7,0.66,2.941176,0.05625,0.297258,0.690491,intermittent,NAIVE-SEASON,ok,0.6847199554790177,0.12727272727272726,0.0,
nycflights,nycflights,LGA-MHT,200,daily,7,7,0.66,2.941176,0.05625,0.297258,0.690491,intermittent,TSM1,ok,-0.28903747738969815,0.4440726747868955,1.56,
nycflights,nycflights,LGA-MHT,200,daily,7,7,0.66,2.941176,0.05625,0.297258,0.690491,intermittent,TSM2,ok,0.06637550234362255,0.46208904876380863,3.64,
nycflights,nycflights,LGA-MHT,200,daily,7,7,0.66,2.941176,0.05625,0.297258,0.690491,intermittent,TSM4,ok,-0.5888573262730059,0.9265394282957139,0.01,
nycflights,nycflights,LGA-MHT,200,daily,7,7,0.66,2.941176,0.05625,0.297258,0.690491,intermittent,TSM5,ok,-0.02150975218006068,0.39436469234436133,0.01,
nycflights,nycflights,LGA-MYR,200,daily,7,7,0.985,66.666667,0.0,0.031655,0.293226,intermittent,NAIVE-LAST,ok,1.0,0.0,0.0,
nycflights,nycflights,LGA-MYR,200,daily,7,7,0.985,66.666667,0.0,0.031655,0.293226,intermittent,NAIVE-AVERAGE,ok,0.0,0.031905835594109304,0.0,
nycflights,nycflights,LGA-MYR,200,daily,7,7,0.985,66.666667,0.0,0.031655,0.293226,intermittent,NAIVE-SEASON,ok,1.0,0.0,0.0,
nycflights,nycflights,LGA-MYR,200,daily,7,7,0.985,66.666667,0.0,0.031655,0.293226,intermittent,TSM1,ok,0.0,0.026613835457042684,2.84,
nycflights,nycflights,LGA-MYR,200,daily,7,7,0.985,66.666667,0.0,0.031655,0.293226,intermittent,TSM2,ok,0.0,0.01942289231247205,3.86,
nycflights,nycflights,LGA-MYR,200,daily,7,7,0.985,66.666667,0.0,0.031655,0.293226,intermittent,TSM4,ok,0.0,0.194954128440367,0.0,
nycflights,nycflights,LGA-MYR,200,daily,7,7,0.985,66.666667,0.0,0.031655,0.293226,intermittent,TSM5,ok,0.0,0.007820234402540868,0.01,
nycflights,nycflights,LGA-PWM,200,daily,7,7,0.57,2.325581,0.01123,0.077321,0.840093,intermittent,NAIVE-LAST,ok,-0.10257071587716744,0.09696969696969697,0.0,
nycflights,nycflights,LGA-PWM,200,daily,7,7,0.57,2.325581,0.01123,0.077321,0.840093,intermittent,NAIVE-AVERAGE,ok,-3.1334429017360406,0.4660440281127494,0.0,
nycflights,nycflights,LGA-PWM,200,daily,7,7,0.57,2.325581,0.01123,0.077321,0.840093,intermittent,NAIVE-SEASON,ok,0.03753329942846077,0.11515151515151516,0.0,
nycflights,nycflights,LGA-PWM,200,daily,7,7,0.57,2.325581,0.01123,0.077321,0.840093,intermittent,TSM1,ok,-0.11216218630643775,0.17165616519025573,2.48,
nycflights,nycflights,LGA-PWM,200,daily,7,7,0.57,2.325581,0.01123,0.077321,0.840093,intermittent,TSM2,ok,0.08437532997424455,0.10322598640788101,3.55,
nycflights,nycflights,LGA-PWM,200,daily,7,7,0.57,2.325581,0.01123,0.077321,0.840093,intermittent,TSM4,ok,-0.6603485672905425,0.2819491255692561,0.01,
nycflights,nycflights,LGA-PWM,200,daily,7,7,0.57,2.325581,0.01123,0.077321,0.840093,intermittent,TSM5,ok,0.09534731292780421,0.10659944717317091,0.01,
nycflights,nycflights,LGA-SAV,200,daily,7,7,0.71,3.448276,0.016375,0.132662,0.645122,intermittent,NAIVE-LAST,ok,-0.1644628346911466,0.1818181818181818,0.0,
nycflights,nycflights,LGA-SAV,200,daily,7,7,0.71,3.448276,0.016375,0.132662,0.645122,intermittent,NAIVE-AVERAGE,ok,-0.5731242816392741,0.4123200161785287,0.0,
nycflights,nycflights,LGA-SAV,200,daily,7,7,0.71,3.448276,0.016375,0.132662,0.645122,intermittent,NAIVE-SEASON,ok,-0.23836949739893667,0.1818181818181818,0.0,
nycflights,nycflights,LGA-SAV,200,daily,7,7,0.71,3.448276,0.016375,0.132662,0.645122,intermittent,TSM1,ok,0.02390229645521602,0.21494074021468235,2.41,
nycflights,nycflights,LGA-SAV,200,daily,7,7,0.71,3.448276,0.016375,0.132662,0.645122,intermittent,TSM2,error,,,0.25,RuntimeError: exponential smoothing could not be fitted
nycflights,nycflights,LGA-SAV,200,daily,7,7,0.71,3.448276,0.016375,0.132662,0.645122,intermittent,TSM4,ok,-1.0711258127415217,0.437287583734817,0.01,
nycflights,nycflights,LGA-SAV,200,daily,7,7,0.71,3.448276,0.016375,0.132662,0.645122,intermittent,TSM5,ok,-0.0031674978770988684,0.24499464004804677,0.01,
nycflights,nycflights,LGA-SBN,200,daily,7,7,0.97,33.333333,0.0,0.214664,0.143279,intermittent,NAIVE-LAST,ok,-0.2774193548387098,0.07272727272727272,0.01,
nycflights,nycflights,LGA-SBN,200,daily,7,7,0.97,33.333333,0.0,0.214664,0.143279,intermittent,NAIVE-AVERAGE,ok,0.17862430381344643,0.05534994807663154,0.01,
nycflights,nycflights,LGA-SBN,200,daily,7,7,0.97,33.333333,0.0,0.214664,0.143279,intermittent,NAIVE-SEASON,ok,-0.1580645161290323,0.060606060606060594,0.0,
nycflights,nycflights,LGA-SBN,200,daily,7,7,0.97,33.333333,0.0,0.214664,0.143279,intermittent,TSM1,ok,-0.03497815843418537,0.06439731999840333,2.98,
nycflights,nycflights,LGA-SBN,200,daily,7,7,0.97,33.333333,0.0,0.214664,0.143279,intermittent,TSM2,error,,,0.26,RuntimeError: exponential smoothing could not be fitted
nycflights,nycflights,LGA-SBN,200,daily,7,7,0.97,33.333333,0.0,0.214664,0.143279,intermittent,TSM4,ok,0.17675792174602897,0.05158643125183392,0.0,
nycflights,nycflights,LGA-SBN,200,daily,7,7,0.97,33.333333,0.0,0.214664,0.143279,intermittent,TSM5,ok,0.16815373807930495,0.0646344074354893,0.01,
syphilis,syphilis,a10,200,weekly,52,52,0.395,1.652893,0.31856,0.479443,0.082563,intermittent,NAIVE-LAST,ok,-0.8196527901796685,2.242424242424242,0.0,
syphilis,syphilis,a10,200,weekly,52,52,0.395,1.652893,0.31856,0.479443,0.082563,intermittent,NAIVE-AVERAGE,ok,-0.04526899746210082,1.875947039468515,0.0,
syphilis,syphilis,a10,200,weekly,52,52,0.395,1.652893,0.31856,0.479443,0.082563,intermittent,NAIVE-SEASON,ok,-0.836621869622558,2.254545454545455,0.0,
syphilis,syphilis,a10,200,weekly,52,52,0.395,1.652893,0.31856,0.479443,0.082563,intermittent,TSM1,ok,-0.08133968200410387,1.9318551693023387,2.04,
syphilis,syphilis,a10,200,weekly,52,52,0.395,1.652893,0.31856,0.479443,0.082563,intermittent,TSM2,ok,-0.08318605866170707,1.926180608982698,0.55,
syphilis,syphilis,a10,200,weekly,52,52,0.395,1.652893,0.31856,0.479443,0.082563,intermittent,TSM4,ok,-0.09971228661511052,1.9197840625310902,0.01,
syphilis,syphilis,a10,200,weekly,52,52,0.395,1.652893,0.31856,0.479443,0.082563,intermittent,TSM5,ok,-0.06378821865895049,1.9138354504892834,0.01,
nycflights,nycflights,LGA-TVC,200,daily,7,7,0.82,5.555556,0.34626,0.375637,0.342775,intermittent,NAIVE-LAST,ok,0.5474437864883538,0.30303030303030304,0.0,
nycflights,nycflights,LGA-TVC,200,daily,7,7,0.82,5.555556,0.34626,0.375637,0.342775,intermittent,NAIVE-AVERAGE,ok,-0.09469999637761788,0.734677710522983,0.0,
nycflights,nycflights,LGA-TVC,200,daily,7,7,0.82,5.555556,0.34626,0.375637,0.342775,intermittent,NAIVE-SEASON,ok,0.8984219873777539,0.05454545454545454,0.0,
nycflights,nycflights,LGA-TVC,200,daily,7,7,0.82,5.555556,0.34626,0.375637,0.342775,intermittent,TSM1,ok,-17.01174170312592,1.373566452901994,1.82,
nycflights,nycflights,LGA-TVC,200,daily,7,7,0.82,5.555556,0.34626,0.375637,0.342775,intermittent,TSM2,ok,0.0048415813066452484,0.6519918383010859,3.47,
nycflights,nycflights,LGA-TVC,200,daily,7,7,0.82,5.555556,0.34626,0.375637,0.342775,intermittent,TSM4,ok,-0.13049730774657226,0.9194659924796561,0.0,
nycflights,nycflights,LGA-TVC,200,daily,7,7,0.82,5.555556,0.34626,0.375637,0.342775,intermittent,TSM5,ok,-0.03069883302727905,0.4133934043317691,0.01,
syphilis,syphilis,a16,200,weekly,52,52,0.57,2.325581,0.380765,0.420302,0.227268,intermittent,NAIVE-LAST,ok,-0.3879647434144287,0.9818181818181818,0.0,
syphilis,syphilis,a16,200,weekly,52,52,0.57,2.325581,0.380765,0.420302,0.227268,intermittent,NAIVE-AVERAGE,ok,-0.2301931125952557,1.082575519141169,0.0,
syphilis,syphilis,a16,200,weekly,52,52,0.57,2.325581,0.380765,0.420302,0.227268,intermittent,NAIVE-SEASON,ok,-1.3847607870988898,1.309090909090909,0.0,
syphilis,syphilis,a16,200,weekly,52,52,0.57,2.325581,0.380765,0.420302,0.227268,intermittent,TSM1,ok,-0.17247154314175664,0.8458432245681784,1.72,
syphilis,syphilis,a16,200,weekly,52,52,0.57,2.325581,0.380765,0.420302,0.227268,intermittent,TSM2,ok,-0.8044168999728681,1.2275671818667475,0.6,
syphilis,syphilis,a16,200,weekly,52,52,0.57,2.325581,0.380765,0.420302,0.227268,intermittent,TSM4,ok,-0.18471745439904996,0.9880760190632472,0.0,
syphilis,syphilis,a16,200,weekly,52,52,0.57,2.325581,0.380765,0.420302,0.227268,intermittent,TSM5,ok,-0.06978152153853663,0.8312913341942748,0.01,
syphilis,syphilis,a19,200,weekly,52,52,0.73,3.703704,0.356075,0.368327,0.01937,intermittent,NAIVE-LAST,ok,-0.9991819230738036,0.48484848484848486,0.0,
syphilis,syphilis,a19,200,weekly,52,52,0.73,3.703704,0.356075,0.368327,0.01937,intermittent,NAIVE-AVERAGE,ok,-0.6426631424793297,0.6467539045486829,0.0,
syphilis,syphilis,a19,200,weekly,52,52,0.73,3.703704,0.356075,0.368327,0.01937,intermittent,NAIVE-SEASON,ok,-6.058166167154688,0.7090909090909091,0.0,
syphilis,syphilis,a19,200,weekly,52,52,0.73,3.703704,0.356075,0.368327,0.01937,intermittent,TSM1,ok,-0.18204366676382744,0.5501632297034634,1.74,
syphilis,syphilis,a19,200,weekly,52,52,0.73,3.703704,0.356075,0.368327,0.01937,intermittent,TSM2,ok,-0.38813381269039077,0.5821156417724788,0.63,
syphilis,syphilis,a19,200,weekly,52,52,0.73,3.703704,0.356075,0.368327,0.01937,intermittent,TSM4,ok,-0.1585128589018853,0.5402438400601925,0.0,
syphilis,syphilis,a19,200,weekly,52,52,0.73,3.703704,0.356075,0.368327,0.01937,intermittent,TSM5,ok,-0.11036877897462269,0.48808603412768214,0.01,
syphilis,syphilis,a22,200,weekly,52,52,0.775,4.444444,0.217482,0.410867,0.130705,intermittent,NAIVE-LAST,ok,-0.738563640729519,0.44848484848484843,0.0,
syphilis,syphilis,a22,200,weekly,52,52,0.775,4.444444,0.217482,0.410867,0.130705,intermittent,NAIVE-AVERAGE,ok,-0.6637375702897932,0.5169207471540466,0.0,
syphilis,syphilis,a22,200,weekly,52,52,0.775,4.444444,0.217482,0.410867,0.130705,intermittent,NAIVE-SEASON,ok,-4.198579394317862,0.5333333333333334,0.0,
syphilis,syphilis,a22,200,weekly,52,52,0.775,4.444444,0.217482,0.410867,0.130705,intermittent,TSM1,ok,-0.6108637148429645,0.5147510899103955,3.24,
syphilis,syphilis,a22,200,weekly,52,52,0.775,4.444444,0.217482,0.410867,0.130705,intermittent,TSM2,ok,-0.12553148969085015,0.5038361325786629,1.3,
syphilis,syphilis,a22,200,weekly,52,52,0.775,4.444444,0.217482,0.410867,0.130705,intermittent,TSM4,ok,-0.548077005299145,0.5464089577032657,0.01,
syphilis,syphilis,a22,200,weekly,52,52,0.775,4.444444,0.217482,0.410867,0.130705,intermittent,TSM5,ok,-0.07000584526837006,0.4533477277841452,0.02,
syphilis,syphilis,a23,200,weekly,52,52,0.97,33.333333,0.111111,0.329293,0.06301,intermittent,NAIVE-LAST,ok,0.31811224489795925,0.06060606060606061,0.0,
syphilis,syphilis,a23,200,weekly,52,52,0.97,33.333333,0.111111,0.329293,0.06301,intermittent,NAIVE-AVERAGE,ok,-0.020371764487239118,0.07146524498495391,0.0,
syphilis,syphilis,a23,200,weekly,52,52,0.97,33.333333,0.111111,0.329293,0.06301,intermittent,NAIVE-SEASON,ok,-0.4557397959183672,0.06060606060606061,0.0,
syphilis,syphilis,a23,200,weekly,52,52,0.97,33.333333,0.111111,0.329293,0.06301,intermittent,TSM1,ok,-0.019894968775906862,0.07251869560240654,5.8,
syphilis,syphilis,a23,200,weekly,52,52,0.97,33.333333,0.111111,0.329293,0.06301,intermittent,TSM2,ok,-0.01987272068655299,0.07253976296061942,1.55,
syphilis,syphilis,a23,200,weekly,52,52,0.97,33.333333,0.111111,0.329293,0.06301,intermittent,TSM4,ok,-0.014056867346282286,0.08299527030177135,0.01,
syphilis,syphilis,a23,200,weekly,52,52,0.97,33.333333,0.111111,0.329293,0.06301,intermittent,TSM5,ok,-0.042771766306383616,0.08207053386274824,0.02,
syphilis,syphilis,a25,200,weekly,52,52,0.935,15.384615,0.097778,0.39316,0.00536,intermittent,NAIVE-LAST,ok,-0.9395759095273657,0.14545454545454545,0.01,
syphilis,syphilis,a25,200,weekly,52,52,0.935,15.384615,0.097778,0.39316,0.00536,intermittent,NAIVE-AVERAGE,ok,-0.041434442523049377,0.13587940567295537,0.01,
syphilis,syphilis,a25,200,weekly,52,52,0.935,15.384615,0.097778,0.39316,0.00536,intermittent,NAIVE-SEASON,ok,-1.6271649062911195,0.15151515151515152,0.01,
syphilis,syphilis,a25,200,weekly,52,52,0.935,15.384615,0.097778,0.39316,0.00536,intermittent,TSM1,ok,-0.04297957990445474,0.13287550102155626,6.01,
syphilis,syphilis,a25,200,weekly,52,52,0.935,15.384615,0.097778,0.39316,0.00536,intermittent,TSM2,ok,-0.04294161592902368,0.13288779397422584,1.74,
syphilis,syphilis,a25,200,weekly,52,52,0.935,15.384615,0.097778,0.39316,0.00536,intermittent,TSM4,ok,-0.0469379553430239,0.15030780685019712,0.01,
syphilis,syphilis,a25,200,weekly,52,52,0.935,15.384615,0.097778,0.39316,0.00536,intermittent,TSM5,ok,-0.0641154669188182,0.14014686845879093,0.02,
syphilis,syphilis,a26,200,weekly,52,52,0.995,200.0,0.0,0.333899,0.020463,intermittent,NAIVE-LAST,ok,0.5875000000000001,0.012121212121212121,0.01,
syphilis,syphilis,a26,200,weekly,52,52,0.995,200.0,0.0,0.333899,0.020463,intermittent,NAIVE-AVERAGE,ok,0.3935396280422635,0.00926893291949762,0.01,
syphilis,syphilis,a26,200,weekly,52,52,0.995,200.0,0.0,0.333899,0.020463,intermittent,NAIVE-SEASON,ok,0.59375,0.012121212121212121,0.01,
syphilis,syphilis,a26,200,weekly,52,52,0.995,200.0,0.0,0.333899,0.020463,intermittent,TSM1,ok,0.18750000000000008,0.014811354220102713,7.5,
syphilis,syphilis,a26,200,weekly,52,52,0.995,200.0,0.0,0.333899,0.020463,intermittent,TSM2,error,,,0.14,RuntimeError: exponential smoothing could not be fitted
syphilis,syphilis,a26,200,weekly,52,52,0.995,200.0,0.0,0.333899,0.020463,intermittent,TSM4,ok,0.3935247010557312,0.009743194658448895,0.01,
syphilis,syphilis,a26,200,weekly,52,52,0.995,200.0,0.0,0.333899,0.020463,intermittent,TSM5,ok,0.3937393399354917,0.008808241695998604,0.02,
syphilis,syphilis,a27,200,weekly,52,52,0.975,40.0,0.0,0.318887,0.024492,intermittent,NAIVE-LAST,ok,0.17500000000000018,0.024242424242424242,0.01,
syphilis,syphilis,a27,200,weekly,52,52,0.975,40.0,0.0,0.318887,0.024492,intermittent,NAIVE-AVERAGE,ok,-0.005364971048399392,0.051479698847170595,0.01,
syphilis,syphilis,a27,200,weekly,52,52,0.975,40.0,0.0,0.318887,0.024492,intermittent,NAIVE-SEASON,ok,-0.018749999999999867,0.04242424242424243,0.0,
syphilis,syphilis,a27,200,weekly,52,52,0.975,40.0,0.0,0.318887,0.024492,intermittent,TSM1,ok,-0.001887719722971548,0.05844429375587719,5.47,
syphilis,syphilis,a27,200,weekly,52,52,0.975,40.0,0.0,0.318887,0.024492,intermittent,TSM2,ok,-0.001926011641720482,0.05838211358851188,1.45,
syphilis,syphilis,a27,200,weekly,52,52,0.975,40.0,0.0,0.318887,0.024492,intermittent,TSM4,ok,-0.014471380185655835,0.06652901311488282,0.01,
syphilis,syphilis,a27,200,weekly,52,52,0.975,40.0,0.0,0.318887,0.024492,intermittent,TSM5,ok,-0.017969652893371844,0.033734844526819914,0.02,
syphilis,syphilis,a29,200,weekly,52,52,0.795,4.878049,0.29455,0.312491,0.055892,intermittent,NAIVE-LAST,ok,-1.1493429391360381,0.6121212121212121,0.01,
syphilis,syphilis,a29,200,weekly,52,52,0.795,4.878049,0.29455,0.312491,0.055892,intermittent,NAIVE-AVERAGE,ok,-0.07591237542478146,0.5546527298674333,0.01,
syphilis,syphilis,a29,200,weekly,52,52,0.795,4.878049,0.29455,0.312491,0.055892,intermittent,NAIVE-SEASON,ok,-2.0328298878108195,0.6727272727272727,0.01,
syphilis,syphilis,a29,200,weekly,52,52,0.795,4.878049,0.29455,0.312491,0.055892,intermittent,TSM1,ok,-0.08363397226916018,0.5638072491300326,4.5,
syphilis,syphilis,a29,200,weekly,52,52,0.795,4.878049,0.29455,0.312491,0.055892,intermittent,TSM2,ok,-0.08346226626894344,0.5636876560612138,1.41,
syphilis,syphilis,a29,200,weekly,52,52,0.795,4.878049,0.29455,0.312491,0.055892,intermittent,TSM4,ok,-0.09017724941213463,0.5598490115690153,0.01,
syphilis,syphilis,a29,200,weekly,52,52,0.795,4.878049,0.29455,0.312491,0.055892,intermittent,TSM5,ok,-0.08068534040300719,0.5418318219661619,0.02,
syphilis,syphilis,a3,200,weekly,52,52,0.65,2.857143,0.310939,0.341745,0.033677,intermittent,NAIVE-LAST,ok,-0.8929371780576109,0.8181818181818183,0.0,
syphilis,syphilis,a3,200,weekly,52,52,0.65,2.857143,0.310939,0.341745,0.033677,intermittent,NAIVE-AVERAGE,ok,-0.04190111833225596,0.7503529355287657,0.0,
syphilis,syphilis,a3,200,weekly,52,52,0.65,2.857143,0.310939,0.341745,0.033677,intermittent,NAIVE-SEASON,ok,-1.4659993998291572,0.8969696969696969,0.01,
syphilis,syphilis,a3,200,weekly,52,52,0.65,2.857143,0.310939,0.341745,0.033677,intermittent,TSM1,ok,-0.10826698821748879,0.7540081553990274,4.67,
syphilis,syphilis,a3,200,weekly,52,52,0.65,2.857143,0.310939,0.341745,0.033677,intermittent,TSM2,ok,-0.04376588658030518,0.7464224427320613,1.4,
syphilis,syphilis,a3,200,weekly,52,52,0.65,2.857143,0.310939,0.341745,0.033677,intermittent,TSM4,ok,-0.0705952318604941,0.7446295576791352,0.01,
syphilis,syphilis,a3,200,weekly,52,52,0.65,2.857143,0.310939,0.341745,0.033677,intermittent,TSM5,ok,-0.05896277685569449,0.7531962603714153,0.01,
syphilis,syphilis,a33,200,weekly,52,52,0.285,1.398601,0.277118,0.395343,0.053191,intermittent,NAIVE-LAST,ok,-0.8851772683602022,2.9696969696969697,0.01,
syphilis,syphilis,a33,200,weekly,52,52,0.285,1.398601,0.277118,0.395343,0.053191,intermittent,NAIVE-AVERAGE,ok,-0.15191603819166458,2.5177902948460726,0.0,
syphilis,syphilis,a33,200,weekly,52,52,0.285,1.398601,0.277118,0.395343,0.053191,intermittent,NAIVE-SEASON,ok,-1.036612898629625,3.1272727272727274,0.0,
syphilis,syphilis,a33,200,weekly,52,52,0.285,1.398601,0.277118,0.395343,0.053191,intermittent,TSM1,ok,-0.13417901292060366,2.485989037054787,4.42,
syphilis,syphilis,a33,200,weekly,52,52,0.285,1.398601,0.277118,0.395343,0.053191,intermittent,TSM2,ok,-0.13549280113218418,2.475760160601345,1.2,
syphilis,syphilis,a33,200,weekly,52,52,0.285,1.398601,0.277118,0.395343,0.053191,intermittent,TSM4,ok,-0.11113242286731544,2.4992003764271002,0.01,
syphilis,syphilis,a33,200,weekly,52,52,0.285,1.398601,0.277118,0.395343,0.053191,intermittent,TSM5,ok,-0.10750735123830615,2.4357604721535653,0.02,
syphilis,syphilis,a36,200,weekly,52,52,0.27,1.369863,0.425423,0.346849,0.017383,intermittent,NAIVE-LAST,ok,-1.266115206617844,5.624242424242424,0.0,
syphilis,syphilis,a36,200,weekly,52,52,0.27,1.369863,0.425423,0.346849,0.017383,intermittent,NAIVE-AVERAGE,ok,-0.03244340605420972,4.0377261249026,0.0,
syphilis,syphilis,a36,200,weekly,52,52,0.27,1.369863,0.425423,0.346849,0.017383,intermittent,NAIVE-SEASON,ok,-1.0303365557682156,5.278787878787879,0.0,
syphilis,syphilis,a36,200,weekly,52,52,0.27,1.369863,0.425423,0.346849,0.017383,intermittent,TSM1,ok,-0.09085828590191518,4.108175080223241,4.26,
syphilis,syphilis,a36,200,weekly,52,52,0.27,1.369863,0.425423,0.346849,0.017383,intermittent,TSM2,ok,-0.02857620924897364,4.024486988983334,1.34,
syphilis,syphilis,a36,200,weekly,52,52,0.27,1.369863,0.425423,0.346849,0.017383,intermittent,TSM4,ok,-0.03846078828290937,4.089651305318433,0.01,
syphilis,syphilis,a36,200,weekly,52,52,0.27,1.369863,0.425423,0.346849,0.017383,intermittent,TSM5,ok,-0.052351313046582956,4.124672838668022,0.02,
syphilis,syphilis,a46,200,weekly,52,52,0.685,3.174603,0.269786,0.298568,0.082788,intermittent,NAIVE-LAST,ok,-1.1717626763566584,0.7454545454545455,0.01,
syphilis,syphilis,a46,200,weekly,52,52,0.685,3.174603,0.269786,0.298568,0.082788,intermittent,NAIVE-AVERAGE,ok,-0.20801744291214047,0.6828015586955303,0.01,
syphilis,syphilis,a46,200,weekly,52,52,0.685,3.174603,0.269786,0.298568,0.082788,intermittent,NAIVE-SEASON,ok,-1.8584869475683117,0.7757575757575758,0.02,
syphilis,syphilis,a46,200,weekly,52,52,0.685,3.174603,0.269786,0.298568,0.082788,intermittent,TSM1,ok,-0.3346020241056686,0.6885868682855932,3.95,
syphilis,syphilis,a46,200,weekly,52,52,0.685,3.174603,0.269786,0.298568,0.082788,intermittent,TSM2,ok,-0.17203671559864503,0.6463787242491099,1.26,
syphilis,syphilis,a46,200,weekly,52,52,0.685,3.174603,0.269786,0.298568,0.082788,intermittent,TSM4,ok,-0.10831059426878639,0.6351045761254868,0.01,
syphilis,syphilis,a46,200,weekly,52,52,0.685,3.174603,0.269786,0.298568,0.082788,intermittent,TSM5,ok,-0.056481253879276404,0.6253056101177197,0.02,
syphilis,syphilis,a47,200,weekly,52,52,0.6,2.5,0.161581,0.360028,0.069698,intermittent,NAIVE-LAST,ok,-0.7169351878241409,7.496969696969697,0.01,
syphilis,syphilis,a47,200,weekly,52,52,0.6,2.5,0.161581,0.360028,0.069698,intermittent,NAIVE-AVERAGE,ok,-0.3067033233381142,8.772657256343072,0.0,
syphilis,syphilis,a47,200,weekly,52,52,0.6,2.5,0.161581,0.360028,0.069698,intermittent,NAIVE-SEASON,ok,-1.6443452603384554,9.103030303030303,0.01,
syphilis,syphilis,a47,200,weekly,52,52,0.6,2.5,0.161581,0.360028,0.069698,intermittent,TSM1,ok,-0.3693548699902101,8.778303205342686,4.52,
syphilis,syphilis,a47,200,weekly,52,52,0.6,2.5,0.161581,0.360028,0.069698,intermittent,TSM2,ok,-0.41632249070513494,8.680961621991344,1.37,
syphilis,syphilis,a47,200,weekly,52,52,0.6,2.5,0.161581,0.360028,0.069698,intermittent,TSM4,ok,-0.2871215710931589,8.539868809001899,0.01,
syphilis,syphilis,a47,200,weekly,52,52,0.6,2.5,0.161581,0.360028,0.069698,intermittent,TSM5,ok,-0.13470718555439146,7.938077451301355,0.02,
syphilis,syphilis,a51,200,weekly,52,52,0.95,20.0,0.111111,0.311443,0.045151,intermittent,NAIVE-LAST,ok,-0.585388349514563,0.12121212121212122,0.01,
syphilis,syphilis,a51,200,weekly,52,52,0.95,20.0,0.111111,0.311443,0.045151,intermittent,NAIVE-AVERAGE,ok,-0.020758002712657576,0.11762590178020345,0.0,
syphilis,syphilis,a51,200,weekly,52,52,0.95,20.0,0.111111,0.311443,0.045151,intermittent,NAIVE-SEASON,ok,-0.5345843446601941,0.12727272727272726,0.01,
syphilis,syphilis,a51,200,weekly,52,52,0.95,20.0,0.111111,0.311443,0.045151,intermittent,TSM1,ok,-0.03740033286531341,0.11522749882664991,5.59,
syphilis,syphilis,a51,200,weekly,52,52,0.95,20.0,0.111111,0.311443,0.045151,intermittent,TSM2,ok,-0.016943071038966685,0.11402437245825991,1.63,
syphilis,syphilis,a51,200,weekly,52,52,0.95,20.0,0.111111,0.311443,0.045151,intermittent,TSM4,ok,-0.1037850376328664,0.16188213043236335,0.01,
syphilis,syphilis,a51,200,weekly,52,52,0.95,20.0,0.111111,0.311443,0.045151,intermittent,TSM5,ok,-0.03665126080707539,0.11542078844718837,0.02,
syphilis,syphilis,a56,200,weekly,52,52,0.99,100.0,0.0,0.415237,0.038628,intermittent,NAIVE-LAST,ok,0.5741935483870968,0.024242424242424242,0.0,
syphilis,syphilis,a56,200,weekly,52,52,0.99,100.0,0.0,0.415237,0.038628,intermittent,NAIVE-AVERAGE,ok,0.3885184996198745,0.018185951307520078,0.01,
syphilis,syphilis,a56,200,weekly,52,52,0.99,100.0,0.0,0.415237,0.038628,intermittent,NAIVE-SEASON,ok,0.5870967741935484,0.024242424242424242,0.01,
syphilis,syphilis,a56,200,weekly,52,52,0.99,100.0,0.0,0.415237,0.038628,intermittent,TSM1,ok,0.1741935483870968,0.029622708414305133,6.89,
syphilis,syphilis,a56,200,weekly,52,52,0.99,100.0,0.0,0.415237,0.038628,intermittent,TSM2,error,,,0.13,RuntimeError: exponential smoothing could not be fitted
syphilis,syphilis,a56,200,weekly,52,52,0.99,100.0,0.0,0.415237,0.038628,intermittent,TSM4,ok,0.3887314059654015,0.016321287482779646,0.01,
syphilis,syphilis,a56,200,weekly,52,52,0.99,100.0,0.0,0.415237,0.038628,intermittent,TSM5,ok,0.3874723376280863,0.018526423999071083,0.02,
syphilis,syphilis,a58,200,weekly,52,52,0.995,200.0,0.0,0.332613,0.028904,intermittent,NAIVE-LAST,ok,1.0,0.0,0.01,
syphilis,syphilis,a58,200,weekly,52,52,0.995,200.0,0.0,0.332613,0.028904,intermittent,NAIVE-AVERAGE,ok,0.0,0.010635278531369767,0.01,
syphilis,syphilis,a58,200,weekly,52,52,0.995,200.0,0.0,0.332613,0.028904,intermittent,NAIVE-SEASON,ok,0.8,0.006060606060606061,0.0,
syphilis,syphilis,a58,200,weekly,52,52,0.995,200.0,0.0,0.332613,0.028904,intermittent,TSM1,ok,0.0,0.013325802277061557,6.32,
syphilis,syphilis,a58,200,weekly,52,52,0.995,200.0,0.0,0.332613,0.028904,intermittent,TSM2,ok,0.0,0.01329934437669721,1.59,
syphilis,syphilis,a58,200,weekly,52,52,0.995,200.0,0.0,0.332613,0.028904,intermittent,TSM4,ok,0.0,0.0265625,0.01,
syphilis,syphilis,a58,200,weekly,52,52,0.995,200.0,0.0,0.332613,0.028904,intermittent,TSM5,ok,0.0,0.005715287340385765,0.02,
syphilis,syphilis,a60,200,weekly,52,52,0.975,40.0,0.0,0.457205,0.041812,intermittent,NAIVE-LAST,ok,-0.037903225806451425,0.03636363636363636,0.0,
syphilis,syphilis,a60,200,weekly,52,52,0.975,40.0,0.0,0.457205,0.041812,intermittent,NAIVE-AVERAGE,ok,-0.01076051942330385,0.054816191383434056,0.01,
syphilis,syphilis,a60,200,weekly,52,52,0.975,40.0,0.0,0.457205,0.041812,intermittent,NAIVE-SEASON,ok,0.0747983870967743,0.04242424242424243,0.01,
syphilis,syphilis,a60,200,weekly,52,52,0.975,40.0,0.0,0.457205,0.041812,intermittent,TSM1,ok,-0.08702180711974092,0.07076265855249012,7.99,
syphilis,syphilis,a60,200,weekly,52,52,0.975,40.0,0.0,0.457205,0.041812,intermittent,TSM2,ok,-0.0034340727508462175,0.05380450329955222,2.18,
syphilis,syphilis,a60,200,weekly,52,52,0.975,40.0,0.0,0.457205,0.041812,intermittent,TSM4,ok,-0.0074847472126599035,0.05827047713009409,0.01,
syphilis,syphilis,a60,200,weekly,52,52,0.975,40.0,0.0,0.457205,0.041812,intermittent,TSM5,ok,-0.025679374113588737,0.05199123433321151,0.02,
syphilis,syphilis,a61,200,weekly,52,52,0.705,3.389831,0.310434,0.388824,0.147481,intermittent,NAIVE-LAST,ok,-1.0163007249828602,0.696969696969697,0.0,
syphilis,syphilis,a61,200,weekly,52,52,0.705,3.389831,0.310434,0.388824,0.147481,intermittent,NAIVE-AVERAGE,ok,-0.160107519034795,0.6251856450043792,0.01,
syphilis,syphilis,a61,200,weekly,52,52,0.705,3.389831,0.310434,0.388824,0.147481,intermittent,NAIVE-SEASON,ok,-3.2500557644402073,0.7272727272727273,0.01,
syphilis,syphilis,a61,200,weekly,52,52,0.705,3.389831,0.310434,0.388824,0.147481,intermittent,TSM1,ok,-0.35372888648853285,0.6865127511279459,6.41,
syphilis,syphilis,a61,200,weekly,52,52,0.705,3.389831,0.310434,0.388824,0.147481,intermittent,TSM2,ok,-0.12981614738439845,0.640450906831653,1.63,
syphilis,syphilis,a61,200,weekly,52,52,0.705,3.389831,0.310434,0.388824,0.147481,intermittent,TSM4,ok,-0.38561375555955607,0.6878115124625245,0.01,
syphilis,syphilis,a61,200,weekly,52,52,0.705,3.389831,0.310434,0.388824,0.147481,intermittent,TSM5,ok,-0.051403264822375005,0.6128211551834528,0.01,
syphilis,syphilis,a7,200,weekly,52,52,0.81,5.263158,0.465565,0.326825,0.065059,intermittent,NAIVE-LAST,ok,-0.9949754765444221,0.5151515151515151,0.0,
syphilis,syphilis,a7,200,weekly,52,52,0.81,5.263158,0.465565,0.326825,0.065059,intermittent,NAIVE-AVERAGE,ok,-0.1521804188389285,0.4829215445701142,0.0,
syphilis,syphilis,a7,200,weekly,52,52,0.81,5.263158,0.465565,0.326825,0.065059,intermittent,NAIVE-SEASON,ok,-3.167849446086702,0.5272727272727271,0.0,
syphilis,syphilis,a7,200,weekly,52,52,0.81,5.263158,0.465565,0.326825,0.065059,intermittent,TSM1,ok,-0.25981967190656663,0.49037293703585527,5.6,
syphilis,syphilis,a7,200,weekly,52,52,0.81,5.263158,0.465565,0.326825,0.065059,intermittent,TSM2,ok,-0.23900360536631093,0.48639733964073734,1.67,
syphilis,syphilis,a7,200,weekly,52,52,0.81,5.263158,0.465565,0.326825,0.065059,intermittent,TSM4,ok,-0.12869986790721027,0.4825397190613173,0.01,
syphilis,syphilis,a7,200,weekly,52,52,0.81,5.263158,0.465565,0.326825,0.065059,intermittent,TSM5,ok,-0.18718548733020368,0.4716082316081187,0.02,
babynames,babynames,Alantae|M,68,yearly,1,,0.970588,34.0,0.0,0.0,0.3125,intermittent,NAIVE-LAST,ok,0.4333333333333333,0.36363636363636365,0.01,
babynames,babynames,Alantae|M,68,yearly,1,,0.970588,34.0,0.0,0.0,0.3125,intermittent,NAIVE-AVERAGE,ok,0.5596147517893272,0.22293780326595583,0.01,
babynames,babynames,Alantae|M,68,yearly,1,,0.970588,34.0,0.0,0.0,0.3125,intermittent,TSM1,ok,0.033333333333333305,0.3078169218487847,6.09,
babynames,babynames,Alantae|M,68,yearly,1,,0.970588,34.0,0.0,0.0,0.3125,intermittent,TSM2,error,,,0.12,RuntimeError: exponential smoothing could not be fitted
babynames,babynames,Alantae|M,68,yearly,1,,0.970588,34.0,0.0,0.0,0.3125,intermittent,TSM4,ok,0.5599968972222221,0.2110579937304075,0.01,
babynames,babynames,Alantae|M,68,yearly,1,,0.970588,34.0,0.0,0.0,0.3125,intermittent,TSM5,ok,0.5560007644351328,0.27512662239576074,0.01,
babynames,babynames,Augustis|M,68,yearly,1,,0.985294,68.0,0.0,0.0,0.323077,intermittent,NAIVE-LAST,ok,0.5599999999999999,0.18181818181818182,0.01,
babynames,babynames,Augustis|M,68,yearly,1,,0.985294,68.0,0.0,0.0,0.323077,intermittent,NAIVE-AVERAGE,ok,0.5797816738498616,0.11204004837731607,0.0,
babynames,babynames,Augustis|M,68,yearly,1,,0.985294,68.0,0.0,0.0,0.323077,intermittent,TSM1,ok,-0.040000000000000036,0.1993639710809743,6.56,
babynames,babynames,Augustis|M,68,yearly,1,,0.985294,68.0,0.0,0.0,0.323077,intermittent,TSM2,error,,,0.12,RuntimeError: exponential smoothing could not be fitted
babynames,babynames,Augustis|M,68,yearly,1,,0.985294,68.0,0.0,0.0,0.323077,intermittent,TSM4,ok,0.5797848379629629,0.11157407407407408,0.01,
babynames,babynames,Augustis|M,68,yearly,1,,0.985294,68.0,0.0,0.0,0.323077,intermittent,TSM5,ok,0.5799962641164063,0.12590555094386463,0.01,
babynames,babynames,Callah|F,68,yearly,1,,0.985294,68.0,0.0,0.0,0.323077,intermittent,NAIVE-LAST,ok,0.56,0.18181818181818182,0.0,
babynames,babynames,Callah|F,68,yearly,1,,0.985294,68.0,0.0,0.0,0.323077,intermittent,NAIVE-AVERAGE,ok,0.5798571196660482,0.11035654669381441,0.01,
babynames,babynames,Callah|F,68,yearly,1,,0.985294,68.0,0.0,0.0,0.323077,intermittent,TSM1,ok,-0.039999999999999945,0.1993639710809743,6.11,
babynames,babynames,Callah|F,68,yearly,1,,0.985294,68.0,0.0,0.0,0.323077,intermittent,TSM2,error,,,0.13,RuntimeError: exponential smoothing could not be fitted
babynames,babynames,Callah|F,68,yearly,1,,0.985294,68.0,0.0,0.0,0.323077,intermittent,TSM4,ok,0.5798617272727273,0.10958677685950416,0.01,
babynames,babynames,Callah|F,68,yearly,1,,0.985294,68.0,0.0,0.0,0.323077,intermittent,TSM5,ok,0.5799973840625,0.12746933692895782,0.02,
babynames,babynames,Eloina|F,68,yearly,1,,0.794118,4.857143,0.00463,0.0,0.412364,intermittent,NAIVE-LAST,ok,-1.1573766937669376,1.5272727272727271,0.01,
babynames,babynames,Eloina|F,68,yearly,1,,0.794118,4.857143,0.00463,0.0,0.412364,intermittent,NAIVE-AVERAGE,ok,-0.18484782628537513,1.786615552178846,0.01,
babynames,babynames,Eloina|F,68,yearly,1,,0.794118,4.857143,0.00463,0.0,0.412364,intermittent,TSM1,ok,-0.5024507355551305,2.0299488506002126,3.1,
babynames,babynames,Eloina|F,68,yearly,1,,0.794118,4.857143,0.00463,0.0,0.412364,intermittent,TSM2,ok,-0.19473547127066163,1.8047788575091637,0.91,
babynames,babynames,Eloina|F,68,yearly,1,,0.794118,4.857143,0.00463,0.0,0.412364,intermittent,TSM4,ok,-0.14185717833422373,1.6726554305090278,0.01,
babynames,babynames,Eloina|F,68,yearly,1,,0.794118,4.857143,0.00463,0.0,0.412364,intermittent,TSM5,ok,-0.1648184871636514,1.757612317549452,0.01,
babynames,babynames,Jacianna|F,68,yearly,1,,0.955882,22.666667,0.055556,0.0,0.247701,intermittent,NAIVE-LAST,ok,0.4606451612903225,0.6545454545454545,0.0,
babynames,babynames,Jacianna|F,68,yearly,1,,0.955882,22.666667,0.055556,0.0,0.247701,intermittent,NAIVE-AVERAGE,ok,0.7374878921499037,0.33824761035024675,0.0,
babynames,babynames,Jacianna|F,68,yearly,1,,0.955882,22.666667,0.055556,0.0,0.247701,intermittent,TSM1,ok,0.06064516129032249,0.654547384368721,6.63,
babynames,babynames,Jacianna|F,68,yearly,1,,0.955882,22.666667,0.055556,0.0,0.247701,intermittent,TSM2,error,,,0.11,RuntimeError: exponential smoothing could not be fitted
babynames,babynames,Jacianna|F,68,yearly,1,,0.955882,22.666667,0.055556,0.0,0.247701,intermittent,TSM4,ok,0.7354027653082562,0.33498173453603414,0.01,
babynames,babynames,Jacianna|F,68,yearly,1,,0.955882,22.666667,0.055556,0.0,0.247701,intermittent,TSM5,ok,0.7318875556940135,0.3301712925465094,0.01,
babynames,babynames,Jamaira|F,68,yearly,1,,0.779412,4.533333,0.08986,0.0,0.64969,intermittent,NAIVE-LAST,ok,-0.012123445521563348,1.7454545454545454,0.01,
babynames,babynames,Jamaira|F,68,yearly,1,,0.779412,4.533333,0.08986,0.0,0.64969,intermittent,NAIVE-AVERAGE,ok,-0.033580255730424516,1.8542566055482066,0.01,
babynames,babynames,Jamaira|F,68,yearly,1,,0.779412,4.533333,0.08986,0.0,0.64969,intermittent,TSM1,ok,-0.23673194490342014,1.8846002812417972,4.27,
babynames,babynames,Jamaira|F,68,yearly,1,,0.779412,4.533333,0.08986,0.0,0.64969,intermittent,TSM2,error,,,0.1,RuntimeError: exponential smoothing could not be fitted
babynames,babynames,Jamaira|F,68,yearly,1,,0.779412,4.533333,0.08986,0.0,0.64969,intermittent,TSM4,ok,-0.12279102769299541,2.0930691804211525,0.01,
babynames,babynames,Jamaira|F,68,yearly,1,,0.779412,4.533333,0.08986,0.0,0.64969,intermittent,TSM5,ok,0.10639935871936328,1.9546529811468993,0.01,
babynames,babynames,Jamieson|F,68,yearly,1,,0.823529,5.666667,0.061144,0.0,0.315615,intermittent,NAIVE-LAST,ok,-1.0336103634326765,2.4,0.01,
babynames,babynames,Jamieson|F,68,yearly,1,,0.823529,5.666667,0.061144,0.0,0.315615,intermittent,NAIVE-AVERAGE,ok,0.032435172991708505,1.6205278890586552,0.01,
babynames,babynames,Jamieson|F,68,yearly,1,,0.823529,5.666667,0.061144,0.0,0.315615,intermittent,TSM1,ok,-0.5467583676216918,2.013238912259708,4.22,
babynames,babynames,Jamieson|F,68,yearly,1,,0.823529,5.666667,0.061144,0.0,0.315615,intermittent,TSM2,error,,,0.1,RuntimeError: exponential smoothing could not be fitted
babynames,babynames,Jamieson|F,68,yearly,1,,0.823529,5.666667,0.061144,0.0,0.315615,intermittent,TSM4,ok,0.0235841396238897,1.657746748731877,0.01,
babynames,babynames,Jamieson|F,68,yearly,1,,0.823529,5.666667,0.061144,0.0,0.315615,intermittent,TSM5,ok,-0.09601893655935116,1.8727036109407305,0.01,
babynames,babynames,Jaydalynn|F,68,yearly,1,,0.808824,5.230769,0.155399,0.0,0.870793,intermittent,NAIVE-LAST,ok,0.5092501943778267,1.4181818181818182,0.01,
babynames,babynames,Jaydalynn|F,68,yearly,1,,0.808824,5.230769,0.155399,0.0,0.870793,intermittent,NAIVE-AVERAGE,ok,-0.0671966532298951,2.1570255997051504,0.01,
babynames,babynames,Jaydalynn|F,68,yearly,1,,0.808824,5.230769,0.155399,0.0,0.870793,intermittent,TSM1,ok,0.16119513485861017,1.2822552095638438,5.86,
babynames,babynames,Jaydalynn|F,68,yearly,1,,0.808824,5.230769,0.155399,0.0,0.870793,intermittent,TSM2,error,,,0.11,RuntimeError: exponential smoothing could not be fitted
babynames,babynames,Jaydalynn|F,68,yearly,1,,0.808824,5.230769,0.155399,0.0,0.870793,intermittent,TSM4,ok,-0.1950142510681724,2.3027225950412453,0.02,
babynames,babynames,Jaydalynn|F,68,yearly,1,,0.808824,5.230769,0.155399,0.0,0.870793,intermittent,TSM5,ok,0.4447028565641637,1.3647298343564394,0.01,
babynames,babynames,Joee|M,68,yearly,1,,0.985294,68.0,0.0,0.0,0.323077,intermittent,NAIVE-LAST,ok,0.5599999999999999,0.18181818181818182,0.01,
babynames,babynames,Joee|M,68,yearly,1,,0.985294,68.0,0.0,0.0,0.323077,intermittent,NAIVE-AVERAGE,ok,0.7796229187975598,0.10086199949313546,0.0,
babynames,babynames,Joee|M,68,yearly,1,,0.985294,68.0,0.0,0.0,0.323077,intermittent,TSM1,ok,0.15999999999999998,0.18182011164144818,6.83,
babynames,babynames,Joee|M,68,yearly,1,,0.985294,68.0,0.0,0.0,0.323077,intermittent,TSM2,error,,,0.11,RuntimeError: exponential smoothing could not be fitted
babynames,babynames,Joee|M,68,yearly,1,,0.985294,68.0,0.0,0.0,0.323077,intermittent,TSM4,ok,0.7796065674549852,0.10108047690014905,0.01,
babynames,babynames,Joee|M,68,yearly,1,,0.985294,68.0,0.0,0.0,0.323077,intermittent,TSM5,ok,0.7799927749035517,0.09228028501775568,0.01,
babynames,babynames,Junae|F,68,yearly,1,,0.941176,17.0,0.0,0.0,0.467742,intermittent,NAIVE-LAST,ok,0.19333333333333336,0.5454545454545454,0.01,
babynames,babynames,Junae|F,68,yearly,1,,0.941176,17.0,0.0,0.0,0.467742,intermittent,NAIVE-AVERAGE,ok,0.5278185946071153,0.43869038847929726,0.01,
babynames,babynames,Junae|F,68,yearly,1,,0.941176,17.0,0.0,0.0,0.467742,intermittent,TSM1,ok,-0.003562771982846069,0.5179581175175377,5.86,
babynames,babynames,Junae|F,68,yearly,1,,0.941176,17.0,0.0,0.0,0.467742,intermittent,TSM2,error,,,0.11,RuntimeError: exponential smoothing could not be fitted
babynames,babynames,Junae|F,68,yearly,1,,0.941176,17.0,0.0,0.0,0.467742,intermittent,TSM4,ok,0.520840977666054,0.3927603901022735,0.01,
babynames,babynames,Junae|F,68,yearly,1,,0.941176,17.0,0.0,0.0,0.467742,intermittent,TSM5,ok,0.4709498250254417,0.4709317692592146,0.01,
babynames,babynames,Kallin|F,68,yearly,1,,0.941176,17.0,0.027778,0.0,0.514941,intermittent,NAIVE-LAST,ok,-0.1361194029850748,0.6909090909090908,0.01,
babynames,babynames,Kallin|F,68,yearly,1,,0.941176,17.0,0.027778,0.0,0.514941,intermittent,NAIVE-AVERAGE,ok,0.33814417149940584,0.5529498001997257,0.01,
babynames,babynames,Kallin|F,68,yearly,1,,0.941176,17.0,0.027778,0.0,0.514941,intermittent,TSM1,ok,-0.3268010821730557,0.642328079647493,5.51,
babynames,babynames,Kallin|F,68,yearly,1,,0.941176,17.0,0.027778,0.0,0.514941,intermittent,TSM2,error,,,0.13,RuntimeError: exponential smoothing could not be fitted
babynames,babynames,Kallin|F,68,yearly,1,,0.941176,17.0,0.027778,0.0,0.514941,intermittent,TSM4,ok,0.33234214815231744,0.5006058238995292,0.01,
babynames,babynames,Kallin|F,68,yearly,1,,0.941176,17.0,0.027778,0.0,0.514941,intermittent,TSM5,ok,0.3467130735185035,0.6113515415110896,0.01,
babynames,babynames,Kellin|F,68,yearly,1,,0.779412,4.533333,0.024492,0.0,0.578382,intermittent,NAIVE-LAST,ok,-0.3746731777791482,1.9636363636363636,0.0,
babynames,babynames,Kellin|F,68,yearly,1,,0.779412,4.533333,0.024492,0.0,0.578382,intermittent,NAIVE-AVERAGE,ok,-0.030705676649834056,1.703459193756989,0.01,
babynames,babynames,Kellin|F,68,yearly,1,,0.779412,4.533333,0.024492,0.0,0.578382,intermittent,TSM1,ok,-0.32527666432105007,2.0097688509388214,4.61,
babynames,babynames,Kellin|F,68,yearly,1,,0.779412,4.533333,0.024492,0.0,0.578382,intermittent,TSM2,error,,,0.12,RuntimeError: exponential smoothing could not be fitted
babynames,babynames,Kellin|F,68,yearly,1,,0.779412,4.533333,0.024492,0.0,0.578382,intermittent,TSM4,ok,-0.02304703579895686,1.7304824281385194,0.01,
babynames,babynames,Kellin|F,68,yearly,1,,0.779412,4.533333,0.024492,0.0,0.578382,intermittent,TSM5,ok,0.015356273337919423,1.8815798219106035,0.01,
babynames,babynames,Kiesha|F,68,yearly,1,,0.323529,1.478261,0.451861,0.0,0.976592,intermittent,NAIVE-LAST,ok,0.28903840815019527,9.309090909090909,0.01,
babynames,babynames,Kiesha|F,68,yearly,1,,0.323529,1.478261,0.451861,0.0,0.976592,intermittent,NAIVE-AVERAGE,ok,-22.490296284687304,39.86388687542443,0.01,
babynames,babynames,Kiesha|F,68,yearly,1,,0.323529,1.478261,0.451861,0.0,0.976592,intermittent,TSM1,ok,-0.05000532073446371,13.726842119852739,4.04,
babynames,babynames,Kiesha|F,68,yearly,1,,0.323529,1.478261,0.451861,0.0,0.976592,intermittent,TSM2,error,,,0.12,RuntimeError: exponential smoothing could not be fitted
babynames,babynames,Kiesha|F,68,yearly,1,,0.323529,1.478261,0.451861,0.0,0.976592,intermittent,TSM4,ok,-1.865066287888748,20.16349830964574,0.01,
babynames,babynames,Kiesha|F,68,yearly,1,,0.323529,1.478261,0.451861,0.0,0.976592,intermittent,TSM5,ok,-0.9316713338950864,18.02068026019344,0.01,
babynames,babynames,Natisha|F,68,yearly,1,,0.470588,1.888889,0.462745,0.0,0.976329,intermittent,NAIVE-LAST,ok,0.04766372951959719,8.072727272727272,0.01,
babynames,babynames,Natisha|F,68,yearly,1,,0.470588,1.888889,0.462745,0.0,0.976329,intermittent,NAIVE-AVERAGE,ok,-90.59133346371894,33.33313181664748,0.01,
babynames,babynames,Natisha|F,68,yearly,1,,0.470588,1.888889,0.462745,0.0,0.976329,intermittent,TSM1,ok,-0.3399360229286053,10.939195297895578,4.19,
babynames,babynames,Natisha|F,68,yearly,1,,0.470588,1.888889,0.462745,0.0,0.976329,intermittent,TSM2,error,,,0.13,RuntimeError: exponential smoothing could not be fitted
babynames,babynames,Natisha|F,68,yearly,1,,0.470588,1.888889,0.462745,0.0,0.976329,intermittent,TSM4,ok,-5.340395484587708,18.109338032195275,0.01,
babynames,babynames,Natisha|F,68,yearly,1,,0.470588,1.888889,0.462745,0.0,0.976329,intermittent,TSM5,ok,-2.1287016154997316,17.862448463897103,0.01,
babynames,babynames,Rethea|F,68,yearly,1,,0.985294,68.0,0.0,0.0,0.323077,intermittent,NAIVE-LAST,ok,1.0,0.0,0.01,
babynames,babynames,Rethea|F,68,yearly,1,,0.985294,68.0,0.0,0.0,0.323077,intermittent,NAIVE-AVERAGE,ok,0.0,0.18394273409078724,0.01,
babynames,babynames,Rethea|F,68,yearly,1,,0.985294,68.0,0.0,0.0,0.323077,intermittent,TSM1,ok,0.0,0.20026429593472256,4.71,
babynames,babynames,Rethea|F,68,yearly,1,,0.985294,68.0,0.0,0.0,0.323077,intermittent,TSM2,ok,0.0,0.22361167354096997,1.01,
babynames,babynames,Rethea|F,68,yearly,1,,0.985294,68.0,0.0,0.0,0.323077,intermittent,TSM4,ok,0.0,1.2750000000000001,0.01,
babynames,babynames,Rethea|F,68,yearly,1,,0.985294,68.0,0.0,0.0,0.323077,intermittent,TSM5,ok,0.0,0.12054035672261379,0.01,
babynames,babynames,Oaklin|M,68,yearly,1,,0.970588,34.0,0.111111,0.0,0.0,intermittent,NAIVE-LAST,ok,0.7130434782608696,0.43636363636363634,0.0,
babynames,babynames,Oaklin|M,68,yearly,1,,0.970588,34.0,0.111111,0.0,0.0,intermittent,NAIVE-AVERAGE,ok,0.7637032205695218,0.32729739731096585,0.0,
babynames,babynames,Oaklin|M,68,yearly,1,,0.970588,34.0,0.111111,0.0,0.0,intermittent,TSM1,ok,0.31304347826086953,0.4363655661869027,6.85,
babynames,babynames,Oaklin|M,68,yearly,1,,0.970588,34.0,0.111111,0.0,0.0,intermittent,TSM2,error,,,0.1,RuntimeError: exponential smoothing could not be fitted
babynames,babynames,Oaklin|M,68,yearly,1,,0.970588,34.0,0.111111,0.0,0.0,intermittent,TSM4,ok,0.7636747776679842,0.32727272727272727,0.0,
babynames,babynames,Oaklin|M,68,yearly,1,,0.970588,34.0,0.111111,0.0,0.0,intermittent,TSM5,ok,0.761323344361413,0.32728636363636365,0.01,
babynames,babynames,Terek|M,68,yearly,1,,0.529412,2.125,0.160347,0.0,0.801487,intermittent,NAIVE-LAST,ok,-0.7734114560284553,2.9454545454545453,0.01,
babynames,babynames,Terek|M,68,yearly,1,,0.529412,2.125,0.160347,0.0,0.801487,intermittent,NAIVE-AVERAGE,ok,-1.3323904116130572,3.8224145191128676,0.01,
babynames,babynames,Terek|M,68,yearly,1,,0.529412,2.125,0.160347,0.0,0.801487,intermittent,TSM1,ok,-0.5252359879993614,3.050297900246564,3.72,
babynames,babynames,Terek|M,68,yearly,1,,0.529412,2.125,0.160347,0.0,0.801487,intermittent,TSM2,error,,,0.13,RuntimeError: exponential smoothing could not be fitted
babynames,babynames,Terek|M,68,yearly,1,,0.529412,2.125,0.160347,0.0,0.801487,intermittent,TSM4,ok,-0.6293817849396737,3.050556771840425,0.01,
babynames,babynames,Terek|M,68,yearly,1,,0.529412,2.125,0.160347,0.0,0.801487,intermittent,TSM5,ok,-0.36860854915061325,2.8085893298327442,0.01,
babynames,babynames,Tyrun|M,68,yearly,1,,0.970588,34.0,0.0,0.0,0.3125,intermittent,NAIVE-LAST,ok,0.12000000000000002,0.36363636363636365,0.01,
babynames,babynames,Tyrun|M,68,yearly,1,,0.970588,34.0,0.0,0.0,0.3125,intermittent,NAIVE-AVERAGE,ok,0.36589924629162496,0.24893957915234535,0.0,
babynames,babynames,Tyrun|M,68,yearly,1,,0.970588,34.0,0.0,0.0,0.3125,intermittent,TSM1,ok,-0.2515784503041156,0.32560348213937884,5.1,
babynames,babynames,Tyrun|M,68,yearly,1,,0.970588,34.0,0.0,0.0,0.3125,intermittent,TSM2,error,,,0.1,RuntimeError: exponential smoothing could not be fitted
babynames,babynames,Tyrun|M,68,yearly,1,,0.970588,34.0,0.0,0.0,0.3125,intermittent,TSM4,ok,0.36737819307678926,0.24217081401707136,0.01,
babynames,babynames,Tyrun|M,68,yearly,1,,0.970588,34.0,0.0,0.0,0.3125,intermittent,TSM5,ok,0.3666767371655818,0.2690053749692263,0.01,
babynames,babynames,Yamilette|F,68,yearly,1,,0.514706,2.060606,0.293586,0.0,0.948963,intermittent,NAIVE-LAST,ok,-0.17731698578906566,3.581818181818182,0.01,
babynames,babynames,Yamilette|F,68,yearly,1,,0.514706,2.060606,0.293586,0.0,0.948963,intermittent,NAIVE-AVERAGE,ok,-2.5632991562772434,7.837481184022731,0.01,
babynames,babynames,Yamilette|F,68,yearly,1,,0.514706,2.060606,0.293586,0.0,0.948963,intermittent,TSM1,ok,-0.20541322242425597,3.5435205543736332,4.2,
babynames,babynames,Yamilette|F,68,yearly,1,,0.514706,2.060606,0.293586,0.0,0.948963,intermittent,TSM2,error,,,0.11,RuntimeError: exponential smoothing could not be fitted
babynames,babynames,Yamilette|F,68,yearly,1,,0.514706,2.060606,0.293586,0.0,0.948963,intermittent,TSM4,ok,-0.7051070023915897,4.6880836020458165,0.01,
babynames,babynames,Yamilette|F,68,yearly,1,,0.514706,2.060606,0.293586,0.0,0.948963,intermittent,TSM5,ok,-0.7397192638953627,4.9460414874650125,0.01,
babynames,babynames,Yanay|F,68,yearly,1,,0.970588,34.0,0.0,0.0,0.211966,intermittent,NAIVE-LAST,ok,0.6333333333333333,0.2727272727272727,0.01,
babynames,babynames,Yanay|F,68,yearly,1,,0.970588,34.0,0.0,0.0,0.211966,intermittent,NAIVE-AVERAGE,ok,0.7589605399253074,0.19057253771113639,0.0,
babynames,babynames,Yanay|F,68,yearly,1,,0.970588,34.0,0.0,0.0,0.211966,intermittent,TSM1,ok,0.2333333333333333,0.27272920255053906,6.88,
babynames,babynames,Yanay|F,68,yearly,1,,0.970588,34.0,0.0,0.0,0.211966,intermittent,TSM2,error,,,0.15,RuntimeError: exponential smoothing could not be fitted
babynames,babynames,Yanay|F,68,yearly,1,,0.970588,34.0,0.0,0.0,0.211966,intermittent,TSM4,ok,0.7592695833333333,0.1906818181818182,0.01,
babynames,babynames,Yanay|F,68,yearly,1,,0.970588,34.0,0.0,0.0,0.211966,intermittent,TSM5,ok,0.7559779307645325,0.18303066290500708,0.01,
nyc_bikes,nyc_bikes,26301,200,daily,7,7,0.39,1.639344,0.395747,0.076968,0.322115,intermittent,NAIVE-LAST,ok,-0.5027767520621662,1.5272727272727271,0.01,
nyc_bikes,nyc_bikes,26301,200,daily,7,7,0.39,1.639344,0.395747,0.076968,0.322115,intermittent,NAIVE-AVERAGE,ok,-1.5913860110517923,1.907116564337065,0.01,
nyc_bikes,nyc_bikes,26301,200,daily,7,7,0.39,1.639344,0.395747,0.076968,0.322115,intermittent,NAIVE-SEASON,ok,-1.508931640940024,2.0545454545454547,0.01,
nyc_bikes,nyc_bikes,26301,200,daily,7,7,0.39,1.639344,0.395747,0.076968,0.322115,intermittent,TSM1,ok,-1.2890053322616695,1.7186474508683993,4.36,
nyc_bikes,nyc_bikes,26301,200,daily,7,7,0.39,1.639344,0.395747,0.076968,0.322115,intermittent,TSM2,ok,-1.906937293856189,1.739448711720997,7.18,
nyc_bikes,nyc_bikes,26301,200,daily,7,7,0.39,1.639344,0.395747,0.076968,0.322115,intermittent,TSM4,ok,-0.7847535622028812,1.7026848024034973,0.01,
nyc_bikes,nyc_bikes,26301,200,daily,7,7,0.39,1.639344,0.395747,0.076968,0.322115,intermittent,TSM5,ok,-0.514326625596479,1.6012160497137953,0.02,
nyc_bikes,nyc_bikes,26307,200,daily,7,7,0.585,2.409639,0.479226,0.06034,0.599781,intermittent,NAIVE-LAST,ok,0.1831220650862624,0.7757575757575756,0.01,
nyc_bikes,nyc_bikes,26307,200,daily,7,7,0.585,2.409639,0.479226,0.06034,0.599781,intermittent,NAIVE-AVERAGE,ok,-0.09044995894636129,1.5621506984254416,0.0,
nyc_bikes,nyc_bikes,26307,200,daily,7,7,0.585,2.409639,0.479226,0.06034,0.599781,intermittent,NAIVE-SEASON,ok,-0.37275476941209046,1.1575757575757577,0.0,
nyc_bikes,nyc_bikes,26307,200,daily,7,7,0.585,2.409639,0.479226,0.06034,0.599781,intermittent,TSM1,ok,-0.0038549382328213477,0.9226925761021496,2.98,
nyc_bikes,nyc_bikes,26307,200,daily,7,7,0.585,2.409639,0.479226,0.06034,0.599781,intermittent,TSM2,ok,-0.0046175668479012,0.7712357281457092,6.23,
nyc_bikes,nyc_bikes,26307,200,daily,7,7,0.585,2.409639,0.479226,0.06034,0.599781,intermittent,TSM4,ok,-0.049244211407810635,1.2643364612829127,0.01,
nyc_bikes,nyc_bikes,26307,200,daily,7,7,0.585,2.409639,0.479226,0.06034,0.599781,intermittent,TSM5,ok,0.0351214770030819,0.7867277747075014,0.02,
nyc_bikes,nyc_bikes,29477,200,daily,7,7,0.3,1.428571,0.330651,0.051566,0.337055,intermittent,NAIVE-LAST,ok,-0.5610125148522789,1.6606060606060606,0.01,
nyc_bikes,nyc_bikes,29477,200,daily,7,7,0.3,1.428571,0.330651,0.051566,0.337055,intermittent,NAIVE-AVERAGE,ok,-0.1623932557972357,1.6476357556388455,0.0,
nyc_bikes,nyc_bikes,29477,200,daily,7,7,0.3,1.428571,0.330651,0.051566,0.337055,intermittent,NAIVE-SEASON,ok,-1.3247518828692761,2.254545454545455,0.0,
nyc_bikes,nyc_bikes,29477,200,daily,7,7,0.3,1.428571,0.330651,0.051566,0.337055,intermittent,TSM1,ok,-0.12284743380182173,1.6112095419097314,4.11,
nyc_bikes,nyc_bikes,29477,200,daily,7,7,0.3,1.428571,0.330651,0.051566,0.337055,intermittent,TSM2,ok,-0.14974507606526205,1.577556534820388,6.28,
nyc_bikes,nyc_bikes,29477,200,daily,7,7,0.3,1.428571,0.330651,0.051566,0.337055,intermittent,TSM4,ok,-0.19878066325726795,1.6858580367186806,0.02,
nyc_bikes,nyc_bikes,29477,200,daily,7,7,0.3,1.428571,0.330651,0.051566,0.337055,intermittent,TSM5,ok,-0.006915139529136849,1.4707947599225843,0.04,
nyc_bikes,nyc_bikes,29506,200,daily,7,7,0.33,1.492537,0.380831,0.012562,0.409032,intermittent,NAIVE-LAST,ok,-0.32162069081721495,1.406060606060606,0.0,
nyc_bikes,nyc_bikes,29506,200,daily,7,7,0.33,1.492537,0.380831,0.012562,0.409032,intermittent,NAIVE-AVERAGE,ok,-0.2673886987788829,1.5733655173946397,0.01,
nyc_bikes,nyc_bikes,29506,200,daily,7,7,0.33,1.492537,0.380831,0.012562,0.409032,intermittent,NAIVE-SEASON,ok,-1.2958997744647531,1.9393939393939394,0.01,
nyc_bikes,nyc_bikes,29506,200,daily,7,7,0.33,1.492537,0.380831,0.012562,0.409032,intermittent,TSM1,ok,-0.046005511639059374,1.4491566164220169,4.1,
nyc_bikes,nyc_bikes,29506,200,daily,7,7,0.33,1.492537,0.380831,0.012562,0.409032,intermittent,TSM2,ok,-0.3311602151087768,1.577011699412068,6.98,
nyc_bikes,nyc_bikes,29506,200,daily,7,7,0.33,1.492537,0.380831,0.012562,0.409032,intermittent,TSM4,ok,-0.38147593467253577,1.6183214758419464,0.01,
nyc_bikes,nyc_bikes,29506,200,daily,7,7,0.33,1.492537,0.380831,0.012562,0.409032,intermittent,TSM5,ok,-0.24706254735572108,1.5366175095597951,0.02,
nyc_bikes,nyc_bikes,33074,200,daily,7,7,0.825,5.714286,0.466272,0.017401,0.655945,intermittent,NAIVE-LAST,ok,0.576185033825395,0.5696969696969697,0.01,
nyc_bikes,nyc_bikes,33074,200,daily,7,7,0.825,5.714286,0.466272,0.017401,0.655945,intermittent,NAIVE-AVERAGE,ok,-0.11022460478503082,1.3138621212046036,0.0,
nyc_bikes,nyc_bikes,33074,200,daily,7,7,0.825,5.714286,0.466272,0.017401,0.655945,intermittent,NAIVE-SEASON,ok,0.27260550763562924,0.8606060606060606,0.01,
nyc_bikes,nyc_bikes,33074,200,daily,7,7,0.825,5.714286,0.466272,0.017401,0.655945,intermittent,TSM1,ok,0.051931716537437354,0.5528453792588539,3.37,
nyc_bikes,nyc_bikes,33074,200,daily,7,7,0.825,5.714286,0.466272,0.017401,0.655945,intermittent,TSM2,error,,,0.52,RuntimeError: exponential smoothing could not be fitted
nyc_bikes,nyc_bikes,33074,200,daily,7,7,0.825,5.714286,0.466272,0.017401,0.655945,intermittent,TSM4,ok,-0.19751940147831445,1.6841330449382952,0.01,
nyc_bikes,nyc_bikes,33074,200,daily,7,7,0.825,5.714286,0.466272,0.017401,0.655945,intermittent,TSM5,ok,-0.03818690602718402,0.6277887945546112,0.02,
nyc_bikes,nyc_bikes,29522,200,daily,7,7,0.365,1.574803,0.392742,0.032545,0.476207,intermittent,NAIVE-LAST,ok,-0.33272930359266795,1.4303030303030302,0.01,
nyc_bikes,nyc_bikes,29522,200,daily,7,7,0.365,1.574803,0.392742,0.032545,0.476207,intermittent,NAIVE-AVERAGE,ok,-0.3276829726011838,1.8176593386009583,0.01,
nyc_bikes,nyc_bikes,29522,200,daily,7,7,0.365,1.574803,0.392742,0.032545,0.476207,intermittent,NAIVE-SEASON,ok,-0.5335453023413794,1.5878787878787881,0.0,
nyc_bikes,nyc_bikes,29522,200,daily,7,7,0.365,1.574803,0.392742,0.032545,0.476207,intermittent,TSM1,ok,0.012447040396865528,1.4154477492473652,4.18,
nyc_bikes,nyc_bikes,29522,200,daily,7,7,0.365,1.574803,0.392742,0.032545,0.476207,intermittent,TSM2,ok,-0.3012407470845718,1.587519785012999,6.3,
nyc_bikes,nyc_bikes,29522,200,daily,7,7,0.365,1.574803,0.392742,0.032545,0.476207,intermittent,TSM4,ok,-0.06309306425529626,1.5398180085511535,0.01,
nyc_bikes,nyc_bikes,29522,200,daily,7,7,0.365,1.574803,0.392742,0.032545,0.476207,intermittent,TSM5,ok,0.10305361560572024,1.3284016186476144,0.02,
nyc_bikes,nyc_bikes,33557,200,daily,7,7,0.415,1.709402,0.279071,0.026444,0.455505,intermittent,NAIVE-LAST,ok,-0.1848959988610006,1.5272727272727271,0.01,
nyc_bikes,nyc_bikes,33557,200,daily,7,7,0.415,1.709402,0.279071,0.026444,0.455505,intermittent,NAIVE-AVERAGE,ok,-0.2137078848773112,2.1121269996199326,0.01,
nyc_bikes,nyc_bikes,33557,200,daily,7,7,0.415,1.709402,0.279071,0.026444,0.455505,intermittent,NAIVE-SEASON,ok,-0.5418322658894392,1.8484848484848484,0.01,
nyc_bikes,nyc_bikes,33557,200,daily,7,7,0.415,1.709402,0.279071,0.026444,0.455505,intermittent,TSM1,ok,-0.11369173291109409,1.5282573803437796,4.08,
nyc_bikes,nyc_bikes,33557,200,daily,7,7,0.415,1.709402,0.279071,0.026444,0.455505,intermittent,TSM2,ok,-0.25577203118212244,1.6276588509905554,6.53,
nyc_bikes,nyc_bikes,33557,200,daily,7,7,0.415,1.709402,0.279071,0.026444,0.455505,intermittent,TSM4,ok,-0.3287356353981305,2.3726466331663243,0.01,
nyc_bikes,nyc_bikes,33557,200,daily,7,7,0.415,1.709402,0.279071,0.026444,0.455505,intermittent,TSM5,ok,0.025374210685183106,1.3099154847685845,0.02,
nyc_bikes,nyc_bikes,33571,200,daily,7,7,0.51,2.040816,0.285351,0.066365,0.639041,intermittent,NAIVE-LAST,ok,-0.0010504792472808334,1.3333333333333333,0.01,
nyc_bikes,nyc_bikes,33571,200,daily,7,7,0.51,2.040816,0.285351,0.066365,0.639041,intermittent,NAIVE-AVERAGE,ok,-0.33528964532364586,2.346388987432516,0.01,
nyc_bikes,nyc_bikes,33571,200,daily,7,7,0.51,2.040816,0.285351,0.066365,0.639041,intermittent,NAIVE-SEASON,ok,-0.4544195423973691,1.8060606060606061,0.01,
nyc_bikes,nyc_bikes,33571,200,daily,7,7,0.51,2.040816,0.285351,0.066365,0.639041,intermittent,TSM1,ok,0.07522350059439471,1.2302650878167323,2.93,
nyc_bikes,nyc_bikes,33571,200,daily,7,7,0.51,2.040816,0.285351,0.066365,0.639041,intermittent,TSM2,ok,-0.2653058131122042,1.4845257312392666,6.59,
nyc_bikes,nyc_bikes,33571,200,daily,7,7,0.51,2.040816,0.285351,0.066365,0.639041,intermittent,TSM4,ok,-0.25768124899788625,2.322149780502758,0.01,
nyc_bikes,nyc_bikes,33571,200,daily,7,7,0.51,2.040816,0.285351,0.066365,0.639041,intermittent,TSM5,ok,0.12727939830010793,1.1659706962024263,0.02,
police_deaths,police_deaths,AK,200,monthly,12,12,0.955,22.222222,0.125,0.037854,0.092787,intermittent,NAIVE-LAST,ok,-0.3639112903225804,0.09696969696969697,0.0,
police_deaths,police_deaths,AK,200,monthly,12,12,0.955,22.222222,0.125,0.037854,0.092787,intermittent,NAIVE-AVERAGE,ok,-0.01610313040557605,0.11219270870116327,0.01,
police_deaths,police_deaths,AK,200,monthly,12,12,0.955,22.222222,0.125,0.037854,0.092787,intermittent,NAIVE-SEASON,ok,-0.4703629032258062,0.10303030303030303,0.01,
police_deaths,police_deaths,AK,200,monthly,12,12,0.955,22.222222,0.125,0.037854,0.092787,intermittent,TSM1,ok,-0.020001664755891647,0.11686969337706851,7.15,
police_deaths,police_deaths,AK,200,monthly,12,12,0.955,22.222222,0.125,0.037854,0.092787,intermittent,TSM2,ok,-0.034829700925339234,0.11852418078098315,14.83,
police_deaths,police_deaths,AK,200,monthly,12,12,0.955,22.222222,0.125,0.037854,0.092787,intermittent,TSM4,ok,-0.007896480810622108,0.12188445149127422,0.01,
police_deaths,police_deaths,AK,200,monthly,12,12,0.955,22.222222,0.125,0.037854,0.092787,intermittent,TSM5,ok,-0.03483857223336626,0.09462310075969071,0.02,
police_deaths,police_deaths,CA,200,monthly,12,12,0.36,1.5625,0.315306,0.029984,0.140824,intermittent,NAIVE-LAST,ok,-1.0015070792070886,1.1151515151515152,0.01,
police_deaths,police_deaths,CA,200,monthly,12,12,0.36,1.5625,0.315306,0.029984,0.140824,intermittent,NAIVE-AVERAGE,ok,-0.09614053896159169,0.8706570692804213,0.01,
police_deaths,police_deaths,CA,200,monthly,12,12,0.36,1.5625,0.315306,0.029984,0.140824,intermittent,NAIVE-SEASON,ok,-1.2432373533230352,1.2,0.0,
police_deaths,police_deaths,CA,200,monthly,12,12,0.36,1.5625,0.315306,0.029984,0.140824,intermittent,TSM1,ok,-1.7987246028274881,1.3036222836999383,7.02,
police_deaths,police_deaths,CA,200,monthly,12,12,0.36,1.5625,0.315306,0.029984,0.140824,intermittent,TSM2,ok,-0.11980641012496238,0.8798315641456881,12.7,
police_deaths,police_deaths,CA,200,monthly,12,12,0.36,1.5625,0.315306,0.029984,0.140824,intermittent,TSM4,ok,-0.09130492556606104,0.8661683452062322,0.01,
police_deaths,police_deaths,CA,200,monthly,12,12,0.36,1.5625,0.315306,0.029984,0.140824,intermittent,TSM5,ok,-0.06799622777333103,0.8567486625729849,0.02,
police_deaths,police_deaths,IA,200,monthly,12,12,0.935,15.384615,0.0,0.029588,0.081877,intermittent,NAIVE-LAST,ok,-1.1755414746543775,0.15757575757575756,0.01,
police_deaths,police_deaths,IA,200,monthly,12,12,0.935,15.384615,0.0,0.029588,0.081877,intermittent,NAIVE-AVERAGE,ok,-0.03828373969469223,0.11204386315001776,0.01,
police_deaths,police_deaths,IA,200,monthly,12,12,0.935,15.384615,0.0,0.029588,0.081877,intermittent,NAIVE-SEASON,ok,-0.9416858678955453,0.1393939393939394,0.01,
police_deaths,police_deaths,IA,200,monthly,12,12,0.935,15.384615,0.0,0.029588,0.081877,intermittent,TSM1,ok,-0.2524332194486804,0.11851902642396288,6.02,
police_deaths,police_deaths,IA,200,monthly,12,12,0.935,15.384615,0.0,0.029588,0.081877,intermittent,TSM2,error,,,0.8,RuntimeError: exponential smoothing could not be fitted
police_deaths,police_deaths,IA,200,monthly,12,12,0.935,15.384615,0.0,0.029588,0.081877,intermittent,TSM4,ok,-0.040875505003747835,0.10768461547289229,0.01,
police_deaths,police_deaths,IA,200,monthly,12,12,0.935,15.384615,0.0,0.029588,0.081877,intermittent,TSM5,ok,-0.05716352242639857,0.13183726935620313,0.02,
police_deaths,police_deaths,DC,200,monthly,12,12,0.955,22.222222,0.0,0.049563,0.076413,intermittent,NAIVE-LAST,ok,-0.4930756395995549,0.08484848484848485,0.0,
police_deaths,police_deaths,DC,200,monthly,12,12,0.955,22.222222,0.0,0.049563,0.076413,intermittent,NAIVE-AVERAGE,ok,-0.022256082971961133,0.0936507477295,0.0,
police_deaths,police_deaths,DC,200,monthly,12,12,0.955,22.222222,0.0,0.049563,0.076413,intermittent,NAIVE-SEASON,ok,-0.7426307007786428,0.09090909090909091,0.01,
police_deaths,police_deaths,DC,200,monthly,12,12,0.955,22.222222,0.0,0.049563,0.076413,intermittent,TSM1,ok,-0.08256110338115041,0.10379780796768942,5.93,
police_deaths,police_deaths,DC,200,monthly,12,12,0.955,22.222222,0.0,0.049563,0.076413,intermittent,TSM2,ok,-0.0201645272467867,0.0928601128619273,12.9,
police_deaths,police_deaths,DC,200,monthly,12,12,0.955,22.222222,0.0,0.049563,0.076413,intermittent,TSM4,ok,-0.016865663604677738,0.09106081593780274,0.01,
police_deaths,police_deaths,DC,200,monthly,12,12,0.955,22.222222,0.0,0.049563,0.076413,intermittent,TSM5,ok,-0.03402094296052334,0.09291839787528847,0.02,
police_deaths,police_deaths,IN,200,monthly,12,12,0.755,4.081633,0.196495,0.071148,0.04446,intermittent,NAIVE-LAST,ok,-0.7758573265675984,0.3878787878787879,0.0,
police_deaths,police_deaths,IN,200,monthly,12,12,0.755,4.081633,0.196495,0.071148,0.04446,intermittent,NAIVE-AVERAGE,ok,-0.0425455793427096,0.458742459533277,0.0,
police_deaths,police_deaths,IN,200,monthly,12,12,0.755,4.081633,0.196495,0.071148,0.04446,intermittent,NAIVE-SEASON,ok,-1.2522547858706665,0.48484848484848486,0.0,
police_deaths,police_deaths,IN,200,monthly,12,12,0.755,4.081633,0.196495,0.071148,0.04446,intermittent,TSM1,ok,-0.2113885968964159,0.5045277294365232,5.66,
police_deaths,police_deaths,IN,200,monthly,12,12,0.755,4.081633,0.196495,0.071148,0.04446,intermittent,TSM2,ok,-0.04131337078587194,0.4678943723298703,12.23,
police_deaths,police_deaths,IN,200,monthly,12,12,0.755,4.081633,0.196495,0.071148,0.04446,intermittent,TSM4,ok,-0.05837038702845301,0.4481954620553947,0.01,
police_deaths,police_deaths,IN,200,monthly,12,12,0.755,4.081633,0.196495,0.071148,0.04446,intermittent,TSM5,ok,-0.052190980902132186,0.4405694878799794,0.02,
police_deaths,police_deaths,LA,200,monthly,12,12,0.62,2.631579,0.16976,0.100358,0.065638,intermittent,NAIVE-LAST,ok,-0.9045658834048738,0.5878787878787879,0.0,
police_deaths,police_deaths,LA,200,monthly,12,12,0.62,2.631579,0.16976,0.100358,0.065638,intermittent,NAIVE-AVERAGE,ok,-0.024913735560167273,0.5815742984455463,0.0,
police_deaths,police_deaths,LA,200,monthly,12,12,0.62,2.631579,0.16976,0.100358,0.065638,intermittent,NAIVE-SEASON,ok,-0.8371215242947503,0.5818181818181818,0.0,
police_deaths,police_deaths,LA,200,monthly,12,12,0.62,2.631579,0.16976,0.100358,0.065638,intermittent,TSM1,ok,-0.01897991591556756,0.5809050935524732,5.01,
police_deaths,police_deaths,LA,200,monthly,12,12,0.62,2.631579,0.16976,0.100358,0.065638,intermittent,TSM2,ok,-0.6445924691522642,0.6882632789170082,12.27,
police_deaths,police_deaths,LA,200,monthly,12,12,0.62,2.631579,0.16976,0.100358,0.065638,intermittent,TSM4,ok,-0.05422627592763405,0.5764888337227798,0.01,
police_deaths,police_deaths,LA,200,monthly,12,12,0.62,2.631579,0.16976,0.100358,0.065638,intermittent,TSM5,ok,-0.06012553335596582,0.5823688412745248,0.02,
police_deaths,police_deaths,NH,200,monthly,12,12,0.98,50.0,0.0,0.079229,0.053466,intermittent,NAIVE-LAST,ok,-0.25080645161290305,0.048484848484848485,0.0,
police_deaths,police_deaths,NH,200,monthly,12,12,0.98,50.0,0.0,0.079229,0.053466,intermittent,NAIVE-AVERAGE,ok,0.18448137177948515,0.035134043598028006,0.01,
police_deaths,police_deaths,NH,200,monthly,12,12,0.98,50.0,0.0,0.079229,0.053466,intermittent,NAIVE-SEASON,ok,-0.23790322580645137,0.048484848484848485,0.01,
police_deaths,police_deaths,NH,200,monthly,12,12,0.98,50.0,0.0,0.079229,0.053466,intermittent,TSM1,ok,-0.028452192335830562,0.046503261449550894,6.88,
police_deaths,police_deaths,NH,200,monthly,12,12,0.98,50.0,0.0,0.079229,0.053466,intermittent,TSM2,error,,,0.8,RuntimeError: exponential smoothing could not be fitted
police_deaths,police_deaths,NH,200,monthly,12,12,0.98,50.0,0.0,0.079229,0.053466,intermittent,TSM4,ok,0.1843727966605801,0.031479326131676436,0.01,
police_deaths,police_deaths,NH,200,monthly,12,12,0.98,50.0,0.0,0.079229,0.053466,intermittent,TSM5,ok,0.16957314655431324,0.04179769297688572,0.02,
police_deaths,police_deaths,MI,200,monthly,12,12,0.77,4.347826,0.146814,0.093011,0.056012,intermittent,NAIVE-LAST,ok,-1.2166963384863068,0.47272727272727266,0.01,
police_deaths,police_deaths,MI,200,monthly,12,12,0.77,4.347826,0.146814,0.093011,0.056012,intermittent,NAIVE-AVERAGE,ok,-0.06590035412685373,0.45890448845352994,0.0,
police_deaths,police_deaths,MI,200,monthly,12,12,0.77,4.347826,0.146814,0.093011,0.056012,intermittent,NAIVE-SEASON,ok,-0.9775637297740041,0.4424242424242424,0.01,
police_deaths,police_deaths,MI,200,monthly,12,12,0.77,4.347826,0.146814,0.093011,0.056012,intermittent,TSM1,ok,-0.07322429281285273,0.46485131683457137,5.21,
police_deaths,police_deaths,MI,200,monthly,12,12,0.77,4.347826,0.146814,0.093011,0.056012,intermittent,TSM2,ok,-0.0730886565323949,0.4647805350129103,13.34,
police_deaths,police_deaths,MI,200,monthly,12,12,0.77,4.347826,0.146814,0.093011,0.056012,intermittent,TSM4,ok,-0.02152195810497335,0.40843699891894963,0.02,
police_deaths,police_deaths,MI,200,monthly,12,12,0.77,4.347826,0.146814,0.093011,0.056012,intermittent,TSM5,ok,-0.056973445573862455,0.42723030579750143,0.03,
police_deaths,police_deaths,OH,200,monthly,12,12,0.735,3.773585,0.119376,0.059855,0.073216,intermittent,NAIVE-LAST,ok,-0.9544398217597095,0.48484848484848486,0.01,
police_deaths,police_deaths,OH,200,monthly,12,12,0.735,3.773585,0.119376,0.059855,0.073216,intermittent,NAIVE-AVERAGE,ok,-0.03532340238001228,0.4933342814622582,0.02,
police_deaths,police_deaths,OH,200,monthly,12,12,0.735,3.773585,0.119376,0.059855,0.073216,intermittent,NAIVE-SEASON,ok,-0.9822143363288264,0.49696969696969695,0.01,
police_deaths,police_deaths,OH,200,monthly,12,12,0.735,3.773585,0.119376,0.059855,0.073216,intermittent,TSM1,ok,-0.05738155547810475,0.4880303020716427,4.53,
police_deaths,police_deaths,OH,200,monthly,12,12,0.735,3.773585,0.119376,0.059855,0.073216,intermittent,TSM2,ok,-0.03160414607129418,0.4938886703455193,12.08,
police_deaths,police_deaths,OH,200,monthly,12,12,0.735,3.773585,0.119376,0.059855,0.073216,intermittent,TSM4,ok,-0.07767182066767275,0.5006538526422606,0.01,
police_deaths,police_deaths,OH,200,monthly,12,12,0.735,3.773585,0.119376,0.059855,0.073216,intermittent,TSM5,ok,-0.045097356846998206,0.49024593736790634,0.02,
police_deaths,police_deaths,NV,200,monthly,12,12,0.935,15.384615,0.117188,0.02169,0.096931,intermittent,NAIVE-LAST,ok,-1.03333970783037,0.1696969696969697,0.01,
police_deaths,police_deaths,NV,200,monthly,12,12,0.935,15.384615,0.117188,0.02169,0.096931,intermittent,NAIVE-AVERAGE,ok,-0.03085956404059096,0.13944915726509763,0.01,
police_deaths,police_deaths,NV,200,monthly,12,12,0.935,15.384615,0.117188,0.02169,0.096931,intermittent,NAIVE-SEASON,ok,-1.454806234724528,0.18181818181818182,0.0,
police_deaths,police_deaths,NV,200,monthly,12,12,0.935,15.384615,0.117188,0.02169,0.096931,intermittent,TSM1,ok,-0.11918674751156692,0.155478390853284,6.55,
police_deaths,police_deaths,NV,200,monthly,12,12,0.935,15.384615,0.117188,0.02169,0.096931,intermittent,TSM2,ok,-0.050191136969742,0.1548865414732556,12.28,
police_deaths,police_deaths,NV,200,monthly,12,12,0.935,15.384615,0.117188,0.02169,0.096931,intermittent,TSM4,ok,-0.02696462932200667,0.14320611934758806,0.01,
police_deaths,police_deaths,NV,200,monthly,12,12,0.935,15.384615,0.117188,0.02169,0.096931,intermittent,TSM5,ok,-0.052669103392103934,0.15595434078620474,0.02,
police_deaths,police_deaths,PA,200,monthly,12,12,0.715,3.508772,0.186633,0.06289,0.08486,intermittent,NAIVE-LAST,ok,-1.2556767337807608,0.606060606060606,0.01,
police_deaths,police_deaths,PA,200,monthly,12,12,0.715,3.508772,0.186633,0.06289,0.08486,intermittent,NAIVE-AVERAGE,ok,-0.029159678243866206,0.5319370555863248,0.01,
police_deaths,police_deaths,PA,200,monthly,12,12,0.715,3.508772,0.186633,0.06289,0.08486,intermittent,NAIVE-SEASON,ok,-1.23277288404176,0.6121212121212121,0.01,
police_deaths,police_deaths,PA,200,monthly,12,12,0.715,3.508772,0.186633,0.06289,0.08486,intermittent,TSM1,ok,-0.027790974866720174,0.5247189609028613,5.39,
police_deaths,police_deaths,PA,200,monthly,12,12,0.715,3.508772,0.186633,0.06289,0.08486,intermittent,TSM2,ok,-0.02780445234548874,0.5247773190713485,12.49,
police_deaths,police_deaths,PA,200,monthly,12,12,0.715,3.508772,0.186633,0.06289,0.08486,intermittent,TSM4,ok,-0.03845861838654219,0.5327797521416824,0.01,
police_deaths,police_deaths,PA,200,monthly,12,12,0.715,3.508772,0.186633,0.06289,0.08486,intermittent,TSM5,ok,-0.04775836747412025,0.5387072338908706,0.02,
police_deaths,police_deaths,RI,200,monthly,12,12,0.98,50.0,0.0,0.077583,0.076521,intermittent,NAIVE-LAST,ok,0.17500000000000018,0.024242424242424242,0.01,
police_deaths,police_deaths,RI,200,monthly,12,12,0.98,50.0,0.0,0.077583,0.076521,intermittent,NAIVE-AVERAGE,ok,-0.004440457428220945,0.04054467710089986,0.0,
police_deaths,police_deaths,RI,200,monthly,12,12,0.98,50.0,0.0,0.077583,0.076521,intermittent,NAIVE-SEASON,ok,-0.018749999999999867,0.030303030303030304,0.01,
police_deaths,police_deaths,RI,200,monthly,12,12,0.98,50.0,0.0,0.077583,0.076521,intermittent,TSM1,ok,-0.00043179608697689885,0.06068089605698902,8.57,
police_deaths,police_deaths,RI,200,monthly,12,12,0.98,50.0,0.0,0.077583,0.076521,intermittent,TSM2,ok,-0.00047113614679621384,0.04398053357379332,12.41,
police_deaths,police_deaths,RI,200,monthly,12,12,0.98,50.0,0.0,0.077583,0.076521,intermittent,TSM4,ok,0.009282481099270035,0.05132572928771241,0.01,
police_deaths,police_deaths,RI,200,monthly,12,12,0.98,50.0,0.0,0.077583,0.076521,intermittent,TSM5,ok,-0.019002089868905968,0.03131156856790317,0.02,
police_deaths,police_deaths,RR,200,monthly,12,12,0.995,200.0,0.0,0.062864,0.087165,intermittent,NAIVE-LAST,ok,0.5875000000000001,0.012121212121212121,0.01,
police_deaths,police_deaths,RR,200,monthly,12,12,0.995,200.0,0.0,0.062864,0.087165,intermittent,NAIVE-AVERAGE,ok,0.3933940283933601,0.009751888308454432,0.0,
police_deaths,police_deaths,RR,200,monthly,12,12,0.995,200.0,0.0,0.062864,0.087165,intermittent,NAIVE-SEASON,ok,0.5875000000000001,0.012121212121212121,0.0,
police_deaths,police_deaths,RR,200,monthly,12,12,0.995,200.0,0.0,0.062864,0.087165,intermittent,TSM1,ok,0.18750000000000008,0.0148113542247654,6.94,
police_deaths,police_deaths,RR,200,monthly,12,12,0.995,200.0,0.0,0.062864,0.087165,intermittent,TSM2,error,,,0.9,RuntimeError: exponential smoothing could not be fitted
police_deaths,police_deaths,RR,200,monthly,12,12,0.995,200.0,0.0,0.062864,0.087165,intermittent,TSM4,ok,0.3933374370712694,0.010535168195718654,0.01,
police_deaths,police_deaths,RR,200,monthly,12,12,0.995,200.0,0.0,0.062864,0.087165,intermittent,TSM5,ok,0.3937377961475097,0.007904671624209898,0.01,
police_deaths,police_deaths,US,200,monthly,12,12,0.475,1.904762,0.350758,0.140681,0.122319,intermittent,NAIVE-LAST,ok,-0.7961150747722939,0.9333333333333333,0.0,
police_deaths,police_deaths,US,200,monthly,12,12,0.475,1.904762,0.350758,0.140681,0.122319,intermittent,NAIVE-AVERAGE,ok,-0.0328628182100974,0.7892819576172588,0.01,
police_deaths,police_deaths,US,200,monthly,12,12,0.475,1.904762,0.350758,0.140681,0.122319,intermittent,NAIVE-SEASON,ok,-0.8128980435165412,0.9212121212121213,0.01,
police_deaths,police_deaths,US,200,monthly,12,12,0.475,1.904762,0.350758,0.140681,0.122319,intermittent,TSM1,ok,-0.06509216822953764,0.8067438962216065,4.5,
police_deaths,police_deaths,US,200,monthly,12,12,0.475,1.904762,0.350758,0.140681,0.122319,intermittent,TSM2,ok,-0.07838702697994022,0.8010064615209556,12.14,
police_deaths,police_deaths,US,200,monthly,12,12,0.475,1.904762,0.350758,0.140681,0.122319,intermittent,TSM4,ok,-0.08793269419238929,0.800500357562745,0.02,
police_deaths,police_deaths,US,200,monthly,12,12,0.475,1.904762,0.350758,0.140681,0.122319,intermittent,TSM5,ok,-0.04083532919526926,0.7846262158785653,0.03,
police_deaths,police_deaths,VA,200,monthly,12,12,0.725,3.636364,0.245435,0.060401,0.115605,intermittent,NAIVE-LAST,ok,-1.1924823749061386,0.6545454545454545,0.0,
police_deaths,police_deaths,VA,200,monthly,12,12,0.725,3.636364,0.245435,0.060401,0.115605,intermittent,NAIVE-AVERAGE,ok,-0.08453248090482113,0.5638210430127467,0.0,
police_deaths,police_deaths,VA,200,monthly,12,12,0.725,3.636364,0.245435,0.060401,0.115605,intermittent,NAIVE-SEASON,ok,-1.1850020042970606,0.6363636363636364,0.0,
police_deaths,police_deaths,VA,200,monthly,12,12,0.725,3.636364,0.245435,0.060401,0.115605,intermittent,TSM1,ok,-0.10070485892110356,0.5503926519781588,4.56,
police_deaths,police_deaths,VA,200,monthly,12,12,0.725,3.636364,0.245435,0.060401,0.115605,intermittent,TSM2,ok,-0.10047330437936304,0.5504562092267988,11.88,
police_deaths,police_deaths,VA,200,monthly,12,12,0.725,3.636364,0.245435,0.060401,0.115605,intermittent,TSM4,ok,-0.13173276059197397,0.5902264123887128,0.03,
police_deaths,police_deaths,VA,200,monthly,12,12,0.725,3.636364,0.245435,0.060401,0.115605,intermittent,TSM5,ok,-0.08995939454022098,0.5694826172184225,0.03,
police_deaths,police_deaths,VI,200,monthly,12,12,0.98,50.0,0.0,0.046338,0.066513,intermittent,NAIVE-LAST,ok,-0.6499999999999997,0.048484848484848485,0.01,
police_deaths,police_deaths,VI,200,monthly,12,12,0.98,50.0,0.0,0.046338,0.066513,intermittent,NAIVE-AVERAGE,ok,-0.014025221279601086,0.04081426356025249,0.01,
police_deaths,police_deaths,VI,200,monthly,12,12,0.98,50.0,0.0,0.046338,0.066513,intermittent,NAIVE-SEASON,ok,-0.6437499999999996,0.048484848484848485,0.01,
police_deaths,police_deaths,VI,200,monthly,12,12,0.98,50.0,0.0,0.046338,0.066513,intermittent,TSM1,ok,-0.2153326920836502,0.04578298636576768,8.05,
police_deaths,police_deaths,VI,200,monthly,12,12,0.98,50.0,0.0,0.046338,0.066513,intermittent,TSM2,error,,,0.73,RuntimeError: exponential smoothing could not be fitted
police_deaths,police_deaths,VI,200,monthly,12,12,0.98,50.0,0.0,0.046338,0.066513,intermittent,TSM4,ok,-0.01111855372288666,0.03774262258452108,0.01,
police_deaths,police_deaths,VI,200,monthly,12,12,0.98,50.0,0.0,0.046338,0.066513,intermittent,TSM5,ok,-0.029361185509171373,0.0451071855244228,0.02,
police_deaths,police_deaths,VT,200,monthly,12,12,0.98,50.0,0.0,0.056781,0.151989,intermittent,NAIVE-LAST,ok,-0.2508064516129031,0.048484848484848485,0.02,
police_deaths,police_deaths,VT,200,monthly,12,12,0.98,50.0,0.0,0.056781,0.151989,intermittent,NAIVE-AVERAGE,ok,-0.014924142942453455,0.043543514908346945,0.01,
police_deaths,police_deaths,VT,200,monthly,12,12,0.98,50.0,0.0,0.056781,0.151989,intermittent,NAIVE-SEASON,ok,-0.044556451612903156,0.04242424242424243,0.0,
police_deaths,police_deaths,VT,200,monthly,12,12,0.98,50.0,0.0,0.056781,0.151989,intermittent,TSM1,ok,-0.22759324165002764,0.05381904127164559,5.98,
police_deaths,police_deaths,VT,200,monthly,12,12,0.98,50.0,0.0,0.056781,0.151989,intermittent,TSM2,error,,,0.75,RuntimeError: exponential smoothing could not be fitted
police_deaths,police_deaths,VT,200,monthly,12,12,0.98,50.0,0.0,0.056781,0.151989,intermittent,TSM4,ok,-0.010833118559229504,0.041930197755909934,0.01,
police_deaths,police_deaths,VT,200,monthly,12,12,0.98,50.0,0.0,0.056781,0.151989,intermittent,TSM5,ok,-0.02989035284296886,0.03719917498929679,0.02,
police_deaths,police_deaths,WA,200,monthly,12,12,0.795,4.878049,0.194568,0.061013,0.163637,intermittent,NAIVE-LAST,ok,-0.8680378370033542,0.34545454545454546,0.01,
police_deaths,police_deaths,WA,200,monthly,12,12,0.795,4.878049,0.194568,0.061013,0.163637,intermittent,NAIVE-AVERAGE,ok,-0.04542818793627634,0.3629322257966148,0.01,
police_deaths,police_deaths,WA,200,monthly,12,12,0.795,4.878049,0.194568,0.061013,0.163637,intermittent,NAIVE-SEASON,ok,-1.831397791561131,0.36363636363636365,0.01,
police_deaths,police_deaths,WA,200,monthly,12,12,0.795,4.878049,0.194568,0.061013,0.163637,intermittent,TSM1,ok,-0.5654322930592176,0.45777137623711595,6.15,
police_deaths,police_deaths,WA,200,monthly,12,12,0.795,4.878049,0.194568,0.061013,0.163637,intermittent,TSM2,ok,-0.044365441051547314,0.3649186636947908,11.21,
police_deaths,police_deaths,WA,200,monthly,12,12,0.795,4.878049,0.194568,0.061013,0.163637,intermittent,TSM4,ok,-0.07225758553876468,0.3727590914960516,0.01,
police_deaths,police_deaths,WA,200,monthly,12,12,0.795,4.878049,0.194568,0.061013,0.163637,intermittent,TSM5,ok,-0.06638786447306821,0.3558822346371187,0.01,
police_deaths,police_deaths,WI,200,monthly,12,12,0.885,8.695652,0.0672,0.037271,0.03481,intermittent,NAIVE-LAST,ok,-1.2172350230414748,0.24242424242424243,0.01,
police_deaths,police_deaths,WI,200,monthly,12,12,0.885,8.695652,0.0672,0.037271,0.03481,intermittent,NAIVE-AVERAGE,ok,-0.03152599629699737,0.22819612233597306,0.01,
police_deaths,police_deaths,WI,200,monthly,12,12,0.885,8.695652,0.0672,0.037271,0.03481,intermittent,NAIVE-SEASON,ok,-1.0225806451612904,0.2121212121212121,0.01,
police_deaths,police_deaths,WI,200,monthly,12,12,0.885,8.695652,0.0672,0.037271,0.03481,intermittent,TSM1,ok,-0.605461378686894,0.33878548286807,6.58,
police_deaths,police_deaths,WI,200,monthly,12,12,0.885,8.695652,0.0672,0.037271,0.03481,intermittent,TSM2,ok,-0.030762328512632255,0.22839000462157477,10.98,
police_deaths,police_deaths,WI,200,monthly,12,12,0.885,8.695652,0.0672,0.037271,0.03481,intermittent,TSM4,ok,-0.02276683408444269,0.20649659155068142,0.01,
police_deaths,police_deaths,WI,200,monthly,12,12,0.885,8.695652,0.0672,0.037271,0.03481,intermittent,TSM5,ok,-0.12155547916736494,0.23986974907628297,0.02,
us_diseases,us_diseases,Smallpox|Delaware,25,yearly,1,,0.88,8.333333,0.08,0.0,0.662474,intermittent,NAIVE-LAST,ok,1.0,0.0,0.01,
us_diseases,us_diseases,Smallpox|Delaware,25,yearly,1,,0.88,8.333333,0.08,0.0,0.662474,intermittent,NAIVE-AVERAGE,ok,0.0,0.28031145814284525,0.0,
us_diseases,us_diseases,Smallpox|Delaware,25,yearly,1,,0.88,8.333333,0.08,0.0,0.662474,intermittent,TSM1,ok,0.6666666666666666,1.4056263924307364e-81,2.04,
us_diseases,us_diseases,Smallpox|Delaware,25,yearly,1,,0.88,8.333333,0.08,0.0,0.662474,intermittent,TSM2,ok,0.0,1.6365100315180774e-05,0.45,
us_diseases,us_diseases,Smallpox|Delaware,25,yearly,1,,0.88,8.333333,0.08,0.0,0.662474,intermittent,TSM4,ok,0.0,0.578,0.01,
us_diseases,us_diseases,Smallpox|Delaware,25,yearly,1,,0.88,8.333333,0.08,0.0,0.662474,intermittent,TSM5,ok,0.0,0.23761969432298236,0.01,
us_diseases,us_diseases,Smallpox|Nevada,25,yearly,1,,0.6,2.5,0.280992,0.0,0.68808,intermittent,NAIVE-LAST,ok,-1.8749357986646122,1.5,0.01,
us_diseases,us_diseases,Smallpox|Nevada,25,yearly,1,,0.6,2.5,0.280992,0.0,0.68808,intermittent,NAIVE-AVERAGE,ok,-2.5752867867743605,1.5237525221527948,0.0,
us_diseases,us_diseases,Smallpox|Nevada,25,yearly,1,,0.6,2.5,0.280992,0.0,0.68808,intermittent,TSM1,ok,-3.12643603005187,1.7752502231451393,2.65,
us_diseases,us_diseases,Smallpox|Nevada,25,yearly,1,,0.6,2.5,0.280992,0.0,0.68808,intermittent,TSM2,error,,,0.11,RuntimeError: exponential smoothing could not be fitted
us_diseases,us_diseases,Smallpox|Nevada,25,yearly,1,,0.6,2.5,0.280992,0.0,0.68808,intermittent,TSM4,ok,-2.776613463486459,1.5826687191271553,0.0,
us_diseases,us_diseases,Smallpox|Nevada,25,yearly,1,,0.6,2.5,0.280992,0.0,0.68808,intermittent,TSM5,ok,-2.847128284609495,1.5161452230146863,0.01,
police_deaths,police_deaths,WY,200,monthly,12,12,0.97,33.333333,0.0,0.106603,0.110798,intermittent,NAIVE-LAST,ok,-0.2783064516129031,0.07272727272727272,0.01,
police_deaths,police_deaths,WY,200,monthly,12,12,0.97,33.333333,0.0,0.106603,0.110798,intermittent,NAIVE-AVERAGE,ok,0.17451360297357849,0.04742993996260737,0.01,
police_deaths,police_deaths,WY,200,monthly,12,12,0.97,33.333333,0.0,0.106603,0.110798,intermittent,NAIVE-SEASON,ok,0.06104838709677427,0.04242424242424243,0.01,
police_deaths,police_deaths,WY,200,monthly,12,12,0.97,33.333333,0.0,0.106603,0.110798,intermittent,TSM1,ok,-0.040292702971381635,0.05818898090379733,6.98,
police_deaths,police_deaths,WY,200,monthly,12,12,0.97,33.333333,0.0,0.106603,0.110798,intermittent,TSM2,error,,,0.85,RuntimeError: exponential smoothing could not be fitted
police_deaths,police_deaths,WY,200,monthly,12,12,0.97,33.333333,0.0,0.106603,0.110798,intermittent,TSM4,ok,0.17190671407758656,0.04364475766078453,0.01,
police_deaths,police_deaths,WY,200,monthly,12,12,0.97,33.333333,0.0,0.106603,0.110798,intermittent,TSM5,ok,0.16762038692557496,0.056699306495199366,0.02,
movielens,movielens,1346,200,monthly,12,12,0.985,66.666667,0.0,0.062587,0.075416,intermittent,NAIVE-LAST,ok,0.5875000000000001,0.012121212121212121,0.01,
movielens,movielens,1346,200,monthly,12,12,0.985,66.666667,0.0,0.062587,0.075416,intermittent,NAIVE-AVERAGE,ok,-0.0065090448521172295,0.03506320187550163,0.01,
movielens,movielens,1346,200,monthly,12,12,0.985,66.666667,0.0,0.062587,0.075416,intermittent,NAIVE-SEASON,ok,0.3812500000000001,0.01818181818181818,0.01,
movielens,movielens,1346,200,monthly,12,12,0.985,66.666667,0.0,0.062587,0.075416,intermittent,TSM1,ok,-0.004903061224489758,0.07139805574523207,6.0,
movielens,movielens,1346,200,monthly,12,12,0.985,66.666667,0.0,0.062587,0.075416,intermittent,TSM2,ok,-0.28121943905901486,0.042973440130159496,12.44,
movielens,movielens,1346,200,monthly,12,12,0.985,66.666667,0.0,0.062587,0.075416,intermittent,TSM4,ok,-0.009985262494375213,0.06878950449441572,0.01,
movielens,movielens,1346,200,monthly,12,12,0.985,66.666667,0.0,0.062587,0.075416,intermittent,TSM5,ok,-0.010343736008763616,0.018123713931651554,0.02,
movielens,movielens,1591,200,monthly,12,12,0.95,20.0,0.0,0.076636,0.074044,intermittent,NAIVE-LAST,ok,-0.6908064516129031,0.08484848484848485,0.01,
movielens,movielens,1591,200,monthly,12,12,0.95,20.0,0.0,0.076636,0.074044,intermittent,NAIVE-AVERAGE,ok,-0.026830289038072497,0.0952425994794129,0.0,
movielens,movielens,1591,200,monthly,12,12,0.95,20.0,0.0,0.076636,0.074044,intermittent,NAIVE-SEASON,ok,-1.0237231182795696,0.09090909090909091,0.01,
movielens,movielens,1591,200,monthly,12,12,0.95,20.0,0.0,0.076636,0.074044,intermittent,TSM1,ok,-0.0305857785370224,0.10014967941166679,5.69,
movielens,movielens,1591,200,monthly,12,12,0.95,20.0,0.0,0.076636,0.074044,intermittent,TSM2,ok,-0.03056332829730719,0.10010546758471255,12.1,
movielens,movielens,1591,200,monthly,12,12,0.95,20.0,0.0,0.076636,0.074044,intermittent,TSM4,ok,-0.029287686111361656,0.09870213581630692,0.01,
movielens,movielens,1591,200,monthly,12,12,0.95,20.0,0.0,0.076636,0.074044,intermittent,TSM5,ok,-0.04300934144099986,0.08836633496397464,0.02,
movielens,movielens,1806,200,monthly,12,12,0.99,100.0,0.0,0.062343,0.166227,intermittent,NAIVE-LAST,ok,1.0,0.0,0.01,
movielens,movielens,1806,200,monthly,12,12,0.99,100.0,0.0,0.062343,0.166227,intermittent,NAIVE-AVERAGE,ok,0.0,0.021270557062739535,0.01,
movielens,movielens,1806,200,monthly,12,12,0.99,100.0,0.0,0.062343,0.166227,intermittent,NAIVE-SEASON,ok,1.0,0.0,0.01,
movielens,movielens,1806,200,monthly,12,12,0.99,100.0,0.0,0.062343,0.166227,intermittent,TSM1,ok,0.0,0.027898590408478086,4.59,
movielens,movielens,1806,200,monthly,12,12,0.99,100.0,0.0,0.062343,0.166227,intermittent,TSM2,ok,0.0,0.026475116195862743,12.89,
movielens,movielens,1806,200,monthly,12,12,0.99,100.0,0.0,0.062343,0.166227,intermittent,TSM4,ok,0.0,0.16666666666666669,0.01,
movielens,movielens,1806,200,monthly,12,12,0.99,100.0,0.0,0.062343,0.166227,intermittent,TSM5,ok,0.0,0.004006115526228255,0.02,
movielens,movielens,3267,200,monthly,12,12,0.935,15.384615,0.061224,0.065358,0.166066,intermittent,NAIVE-LAST,ok,-1.0743853742561853,0.13333333333333336,0.0,
movielens,movielens,3267,200,monthly,12,12,0.935,15.384615,0.061224,0.065358,0.166066,intermittent,NAIVE-AVERAGE,ok,-0.03685125108577392,0.1482892515388135,0.01,
movielens,movielens,3267,200,monthly,12,12,0.935,15.384615,0.061224,0.065358,0.166066,intermittent,NAIVE-SEASON,ok,-1.0066258221108675,0.13939393939393938,0.01,
movielens,movielens,3267,200,monthly,12,12,0.935,15.384615,0.061224,0.065358,0.166066,intermittent,TSM1,ok,-0.2269239909330317,0.14135182943873864,5.48,
movielens,movielens,3267,200,monthly,12,12,0.935,15.384615,0.061224,0.065358,0.166066,intermittent,TSM2,ok,-0.17948797199602481,0.1818392522159866,12.57,
movielens,movielens,3267,200,monthly,12,12,0.935,15.384615,0.061224,0.065358,0.166066,intermittent,TSM4,ok,-0.06270443073414231,0.16863776061844876,0.01,
movielens,movielens,3267,200,monthly,12,12,0.935,15.384615,0.061224,0.065358,0.166066,intermittent,TSM5,ok,-0.044438581282495046,0.1304584239244394,0.02,
movielens,movielens,33162,200,monthly,12,12,0.95,20.0,0.0,0.056571,0.198448,intermittent,NAIVE-LAST,ok,-0.49547619047619024,0.09696969696969697,0.01,
movielens,movielens,33162,200,monthly,12,12,0.95,20.0,0.0,0.056571,0.198448,intermittent,NAIVE-AVERAGE,ok,-0.04088447413734553,0.0961690061234948,0.01,
movielens,movielens,33162,200,monthly,12,12,0.95,20.0,0.0,0.056571,0.198448,intermittent,NAIVE-SEASON,ok,-0.4034523809523808,0.103030303030303,0.0,
movielens,movielens,33162,200,monthly,12,12,0.95,20.0,0.0,0.056571,0.198448,intermittent,TSM1,ok,-0.2541833314151372,0.09067045827810813,5.71,
movielens,movielens,33162,200,monthly,12,12,0.95,20.0,0.0,0.056571,0.198448,intermittent,TSM2,error,,,0.81,RuntimeError: exponential smoothing could not be fitted
movielens,movielens,33162,200,monthly,12,12,0.95,20.0,0.0,0.056571,0.198448,intermittent,TSM4,ok,-0.0489473366200607,0.092580341937021,0.01,
movielens,movielens,33162,200,monthly,12,12,0.95,20.0,0.0,0.056571,0.198448,intermittent,TSM5,ok,-0.04278932851277069,0.09714230865465893,0.02,
movielens,movielens,3368,200,monthly,12,12,0.98,50.0,0.0,0.054961,0.076285,intermittent,NAIVE-LAST,ok,0.5875000000000001,0.012121212121212121,0.01,
movielens,movielens,3368,200,monthly,12,12,0.98,50.0,0.0,0.054961,0.076285,intermittent,NAIVE-AVERAGE,ok,-0.0157671339480868,0.046595267120582,0.01,
movielens,movielens,3368,200,monthly,12,12,0.98,50.0,0.0,0.054961,0.076285,intermittent,NAIVE-SEASON,ok,0.3812500000000002,0.01818181818181818,0.01,
movielens,movielens,3368,200,monthly,12,12,0.98,50.0,0.0,0.054961,0.076285,intermittent,TSM1,ok,-0.0208979591626385,0.052610568454128925,6.24,
movielens,movielens,3368,200,monthly,12,12,0.98,50.0,0.0,0.054961,0.076285,intermittent,TSM2,ok,-0.020847106684829385,0.0656009169138783,13.92,
movielens,movielens,3368,200,monthly,12,12,0.98,50.0,0.0,0.054961,0.076285,intermittent,TSM4,ok,-0.014165169110419474,0.08905941535572853,0.03,
movielens,movielens,3368,200,monthly,12,12,0.98,50.0,0.0,0.054961,0.076285,intermittent,TSM5,ok,-0.009037033598476452,0.01930947317624995,0.03,
movielens,movielens,3557,200,monthly,12,12,0.975,40.0,0.111111,0.064209,0.17283,intermittent,NAIVE-LAST,ok,0.5875000000000001,0.012121212121212121,0.01,
movielens,movielens,3557,200,monthly,12,12,0.975,40.0,0.111111,0.064209,0.17283,intermittent,NAIVE-AVERAGE,ok,-0.04930891022181907,0.06625602499189258,0.01,
movielens,movielens,3557,200,monthly,12,12,0.975,40.0,0.111111,0.064209,0.17283,intermittent,NAIVE-SEASON,ok,0.5875000000000001,0.012121212121212121,0.01,
movielens,movielens,3557,200,monthly,12,12,0.975,40.0,0.111111,0.064209,0.17283,intermittent,TSM1,ok,-0.08622448924988779,0.03291906592127957,5.13,
movielens,movielens,3557,200,monthly,12,12,0.975,40.0,0.111111,0.064209,0.17283,intermittent,TSM2,ok,-1.5058556616589382,0.08985288323318681,12.96,
movielens,movielens,3557,200,monthly,12,12,0.975,40.0,0.111111,0.064209,0.17283,intermittent,TSM4,ok,-0.4524515037092171,0.18159320700995174,0.01,
movielens,movielens,3557,200,monthly,12,12,0.975,40.0,0.111111,0.064209,0.17283,intermittent,TSM5,ok,-0.04150529811081647,0.013624335092383541,0.02,
movielens,movielens,3581,200,monthly,12,12,0.97,33.333333,0.0,0.038436,0.050243,intermittent,NAIVE-LAST,ok,-0.2641129032258064,0.06060606060606061,0.01,
movielens,movielens,3581,200,monthly,12,12,0.97,33.333333,0.0,0.038436,0.050243,intermittent,NAIVE-AVERAGE,ok,-0.012867780571949927,0.05714932526760158,0.02,
movielens,movielens,3581,200,monthly,12,12,0.97,33.333333,0.0,0.038436,0.050243,intermittent,NAIVE-SEASON,ok,-0.1514112903225806,0.05454545454545454,0.02,
movielens,movielens,3581,200,monthly,12,12,0.97,33.333333,0.0,0.038436,0.050243,intermittent,TSM1,ok,-0.010756799682081741,0.056910308199236315,8.09,
movielens,movielens,3581,200,monthly,12,12,0.97,33.333333,0.0,0.038436,0.050243,intermittent,TSM2,ok,-0.010784574969973492,0.056911350877619074,13.21,
movielens,movielens,3581,200,monthly,12,12,0.97,33.333333,0.0,0.038436,0.050243,intermittent,TSM4,ok,0.0011543219285325757,0.0831924745641442,0.02,
movielens,movielens,3581,200,monthly,12,12,0.97,33.333333,0.0,0.038436,0.050243,intermittent,TSM5,ok,-0.03062686185487893,0.056564493492087406,0.02,
movielens,movielens,3909,200,monthly,12,12,0.995,200.0,0.0,0.062864,0.087165,intermittent,NAIVE-LAST,ok,1.0,0.0,0.01,
movielens,movielens,3909,200,monthly,12,12,0.995,200.0,0.0,0.062864,0.087165,intermittent,NAIVE-AVERAGE,ok,0.0,0.010635278531369767,0.01,
movielens,movielens,3909,200,monthly,12,12,0.995,200.0,0.0,0.062864,0.087165,intermittent,NAIVE-SEASON,ok,1.0,0.0,0.01,
movielens,movielens,3909,200,monthly,12,12,0.995,200.0,0.0,0.062864,0.087165,intermittent,TSM1,ok,0.0,0.01332580226772077,6.32,
movielens,movielens,3909,200,monthly,12,12,0.995,200.0,0.0,0.062864,0.087165,intermittent,TSM2,ok,0.0,0.013298495725079313,13.2,
movielens,movielens,3909,200,monthly,12,12,0.995,200.0,0.0,0.062864,0.087165,intermittent,TSM4,ok,0.0,0.06071428571428571,0.01,
movielens,movielens,3909,200,monthly,12,12,0.995,200.0,0.0,0.062864,0.087165,intermittent,TSM5,ok,0.0,0.002583746141238236,0.02,
movielens,movielens,41997,200,monthly,12,12,0.895,9.52381,0.166667,0.045463,0.211212,intermittent,NAIVE-LAST,ok,-0.5719186856028962,0.23030303030303031,0.0,
movielens,movielens,41997,200,monthly,12,12,0.895,9.52381,0.166667,0.045463,0.211212,intermittent,NAIVE-AVERAGE,ok,0.15478487203425056,0.21078417679116207,0.0,
movielens,movielens,41997,200,monthly,12,12,0.895,9.52381,0.166667,0.045463,0.211212,intermittent,NAIVE-SEASON,ok,-0.6527144785039523,0.24848484848484848,0.01,
movielens,movielens,41997,200,monthly,12,12,0.895,9.52381,0.166667,0.045463,0.211212,intermittent,TSM1,ok,0.040484569196900355,0.22242063653144895,5.79,
movielens,movielens,41997,200,monthly,12,12,0.895,9.52381,0.166667,0.045463,0.211212,intermittent,TSM2,error,,,0.39,RuntimeError: exponential smoothing could not be fitted
movielens,movielens,41997,200,monthly,12,12,0.895,9.52381,0.166667,0.045463,0.211212,intermittent,TSM4,ok,0.09297460032460977,0.21869655575133481,0.01,
movielens,movielens,41997,200,monthly,12,12,0.895,9.52381,0.166667,0.045463,0.211212,intermittent,TSM5,ok,0.04691450887876285,0.2276885481339367,0.01,
movielens,movielens,4727,200,monthly,12,12,0.97,33.333333,0.0,0.066953,0.172782,intermittent,NAIVE-LAST,ok,0.210357142857143,0.06060606060606061,0.0,
movielens,movielens,4727,200,monthly,12,12,0.97,33.333333,0.0,0.066953,0.172782,intermittent,NAIVE-AVERAGE,ok,-0.0346938393006214,0.08425715502703794,0.0,
movielens,movielens,4727,200,monthly,12,12,0.97,33.333333,0.0,0.066953,0.172782,intermittent,NAIVE-SEASON,ok,-0.043035714285714025,0.07272727272727272,0.0,
movielens,movielens,4727,200,monthly,12,12,0.97,33.333333,0.0,0.066953,0.172782,intermittent,TSM1,ok,-0.18986047164329492,0.0942105019699523,3.21,
movielens,movielens,4727,200,monthly,12,12,0.97,33.333333,0.0,0.066953,0.172782,intermittent,TSM2,error,,,0.35,RuntimeError: exponential smoothing could not be fitted
movielens,movielens,4727,200,monthly,12,12,0.97,33.333333,0.0,0.066953,0.172782,intermittent,TSM4,ok,-0.03155226889686937,0.07468992365970988,0.0,
movielens,movielens,4727,200,monthly,12,12,0.97,33.333333,0.0,0.066953,0.172782,intermittent,TSM5,ok,-0.04743584733145747,0.05587437606482103,0.01,
movielens,movielens,4623,200,monthly,12,12,0.905,10.526316,0.113422,0.06383,0.179443,intermittent,NAIVE-LAST,ok,-0.505892658509455,0.13333333333333336,0.01,
movielens,movielens,4623,200,monthly,12,12,0.905,10.526316,0.113422,0.06383,0.179443,intermittent,NAIVE-AVERAGE,ok,-0.17164382804288553,0.23754584511106658,0.01,
movielens,movielens,4623,200,monthly,12,12,0.905,10.526316,0.113422,0.06383,0.179443,intermittent,NAIVE-SEASON,ok,-1.0842292361883576,0.15151515151515152,0.01,
movielens,movielens,4623,200,monthly,12,12,0.905,10.526316,0.113422,0.06383,0.179443,intermittent,TSM1,ok,-0.8864167683340674,0.2749370757749965,4.82,
movielens,movielens,4623,200,monthly,12,12,0.905,10.526316,0.113422,0.06383,0.179443,intermittent,TSM2,ok,-0.19153398178750525,0.2319610297771771,5.98,
movielens,movielens,4623,200,monthly,12,12,0.905,10.526316,0.113422,0.06383,0.179443,intermittent,TSM4,ok,-0.1467400734523762,0.22865576360987522,0.01,
movielens,movielens,4623,200,monthly,12,12,0.905,10.526316,0.113422,0.06383,0.179443,intermittent,TSM5,ok,-0.0843475995689377,0.18630754126400148,0.01,
movielens,movielens,50259,200,monthly,12,12,0.995,200.0,0.0,0.062864,0.087165,intermittent,NAIVE-LAST,ok,0.5875000000000001,0.012121212121212121,0.0,
movielens,movielens,50259,200,monthly,12,12,0.995,200.0,0.0,0.062864,0.087165,intermittent,NAIVE-AVERAGE,ok,0.39371448455983005,0.008632967332457383,0.0,
movielens,movielens,50259,200,monthly,12,12,0.995,200.0,0.0,0.062864,0.087165,intermittent,NAIVE-SEASON,ok,0.59375,0.012121212121212121,0.0,
movielens,movielens,50259,200,monthly,12,12,0.995,200.0,0.0,0.062864,0.087165,intermittent,TSM1,ok,0.18750000000000008,0.014811354192604842,3.38,
movielens,movielens,50259,200,monthly,12,12,0.995,200.0,0.0,0.062864,0.087165,intermittent,TSM2,error,,,0.73,RuntimeError: exponential smoothing could not be fitted
movielens,movielens,50259,200,monthly,12,12,0.995,200.0,0.0,0.062864,0.087165,intermittent,TSM4,ok,0.39371572465364785,0.008791348600508907,0.01,
movielens,movielens,50259,200,monthly,12,12,0.995,200.0,0.0,0.062864,0.087165,intermittent,TSM5,ok,0.3937464976091309,0.011124942159911572,0.01,
movielens,movielens,5601,200,monthly,12,12,0.995,200.0,0.0,0.066667,0.08681,intermittent,NAIVE-LAST,ok,0.5875000000000001,0.012121212121212121,0.01,
movielens,movielens,5601,200,monthly,12,12,0.995,200.0,0.0,0.066667,0.08681,intermittent,NAIVE-AVERAGE,ok,-0.006494429932248469,0.013094776122961765,0.0,
movielens,movielens,5601,200,monthly,12,12,0.995,200.0,0.0,0.066667,0.08681,intermittent,NAIVE-SEASON,ok,0.59375,0.012121212121212121,0.0,
movielens,movielens,5601,200,monthly,12,12,0.995,200.0,0.0,0.066667,0.08681,intermittent,TSM1,ok,-0.2124999999999999,0.019732728694107273,4.19,
movielens,movielens,5601,200,monthly,12,12,0.995,200.0,0.0,0.066667,0.08681,intermittent,TSM2,error,,,0.95,RuntimeError: exponential smoothing could not be fitted
movielens,movielens,5601,200,monthly,12,12,0.995,200.0,0.0,0.066667,0.08681,intermittent,TSM4,ok,-0.006496997236394542,0.01732323232323232,0.01,
movielens,movielens,5601,200,monthly,12,12,0.995,200.0,0.0,0.066667,0.08681,intermittent,TSM5,ok,-0.00625530516065913,0.010864199847213695,0.01,
movielens,movielens,6239,200,monthly,12,12,0.99,100.0,0.0,0.058809,0.081178,intermittent,NAIVE-LAST,ok,0.17500000000000018,0.024242424242424242,0.01,
movielens,movielens,6239,200,monthly,12,12,0.99,100.0,0.0,0.058809,0.081178,intermittent,NAIVE-AVERAGE,ok,-0.011874749938229146,0.027298604638471568,0.01,
movielens,movielens,6239,200,monthly,12,12,0.99,100.0,0.0,0.058809,0.081178,intermittent,NAIVE-SEASON,ok,0.17500000000000018,0.024242424242424242,0.01,
movielens,movielens,6239,200,monthly,12,12,0.99,100.0,0.0,0.058809,0.081178,intermittent,TSM1,ok,-0.21415576340830444,0.03028542174518816,5.05,
movielens,movielens,6239,200,monthly,12,12,0.99,100.0,0.0,0.058809,0.081178,intermittent,TSM2,error,,,0.35,RuntimeError: exponential smoothing could not be fitted
movielens,movielens,6239,200,monthly,12,12,0.99,100.0,0.0,0.058809,0.081178,intermittent,TSM4,ok,-0.010019296293342483,0.032628369685048876,0.0,
movielens,movielens,6239,200,monthly,12,12,0.99,100.0,0.0,0.058809,0.081178,intermittent,TSM5,ok,-0.01547896420502064,0.01999969803975612,0.01,
movielens,movielens,7980,200,monthly,12,12,0.965,28.571429,0.0,0.106688,0.037931,intermittent,NAIVE-LAST,ok,-0.6899193548387096,0.08484848484848485,0.0,
movielens,movielens,7980,200,monthly,12,12,0.965,28.571429,0.0,0.106688,0.037931,intermittent,NAIVE-AVERAGE,ok,-0.01925974326112496,0.07293125981671361,0.0,
movielens,movielens,7980,200,monthly,12,12,0.965,28.571429,0.0,0.106688,0.037931,intermittent,NAIVE-SEASON,ok,-0.5705645161290323,0.07272727272727272,0.0,
movielens,movielens,7980,200,monthly,12,12,0.965,28.571429,0.0,0.106688,0.037931,intermittent,TSM1,ok,-0.23098966492016623,0.08238085089642815,2.75,
movielens,movielens,7980,200,monthly,12,12,0.965,28.571429,0.0,0.106688,0.037931,intermittent,TSM2,error,,,0.35,RuntimeError: exponential smoothing could not be fitted
movielens,movielens,7980,200,monthly,12,12,0.965,28.571429,0.0,0.106688,0.037931,intermittent,TSM4,ok,-0.01915511717123377,0.06562060434068717,0.0,
movielens,movielens,7980,200,monthly,12,12,0.965,28.571429,0.0,0.106688,0.037931,intermittent,TSM5,ok,-0.040506485859706357,0.07542310413224353,0.01,
movielens,movielens,8684,200,monthly,12,12,0.995,200.0,0.0,0.062864,0.087165,intermittent,NAIVE-LAST,ok,0.5875000000000001,0.012121212121212121,0.0,
movielens,movielens,8684,200,monthly,12,12,0.995,200.0,0.0,0.062864,0.087165,intermittent,NAIVE-AVERAGE,ok,0.39371448455983005,0.008632967332457383,0.0,
movielens,movielens,8684,200,monthly,12,12,0.995,200.0,0.0,0.062864,0.087165,intermittent,NAIVE-SEASON,ok,0.59375,0.012121212121212121,0.0,
movielens,movielens,8684,200,monthly,12,12,0.995,200.0,0.0,0.062864,0.087165,intermittent,TSM1,ok,0.18750000000000008,0.014811354192604842,3.33,
movielens,movielens,8684,200,monthly,12,12,0.995,200.0,0.0,0.062864,0.087165,intermittent,TSM2,error,,,0.36,RuntimeError: exponential smoothing could not be fitted
movielens,movielens,8684,200,monthly,12,12,0.995,200.0,0.0,0.062864,0.087165,intermittent,TSM4,ok,0.39371572465364785,0.008791348600508907,0.0,
movielens,movielens,8684,200,monthly,12,12,0.995,200.0,0.0,0.062864,0.087165,intermittent,TSM5,ok,0.3937464976091309,0.011124942159911572,0.01,
movielens,movielens,8918,200,monthly,12,12,0.99,100.0,0.0,0.057288,0.081738,intermittent,NAIVE-LAST,ok,0.17500000000000018,0.024242424242424242,0.0,
movielens,movielens,8918,200,monthly,12,12,0.99,100.0,0.0,0.057288,0.081738,intermittent,NAIVE-AVERAGE,ok,-0.010644296151862331,0.023042177182958597,0.0,
movielens,movielens,8918,200,monthly,12,12,0.99,100.0,0.0,0.057288,0.081738,intermittent,NAIVE-SEASON,ok,0.18125000000000013,0.024242424242424242,0.0,
movielens,movielens,8918,200,monthly,12,12,0.99,100.0,0.0,0.057288,0.081738,intermittent,TSM1,ok,-0.21533305558450172,0.028363464863678876,3.04,
movielens,movielens,8918,200,monthly,12,12,0.99,100.0,0.0,0.057288,0.081738,intermittent,TSM2,error,,,0.38,RuntimeError: exponential smoothing could not be fitted
movielens,movielens,8918,200,monthly,12,12,0.99,100.0,0.0,0.057288,0.081738,intermittent,TSM4,ok,-0.008621547180169742,0.024631144120700853,0.0,
movielens,movielens,8918,200,monthly,12,12,0.99,100.0,0.0,0.057288,0.081738,intermittent,TSM5,ok,-0.016425596858345194,0.022440269494561908,0.01,
movielens,movielens,95199,200,monthly,12,12,0.99,100.0,0.0,0.069942,0.062368,intermittent,NAIVE-LAST,ok,0.17500000000000018,0.024242424242424242,0.0,
movielens,movielens,95199,200,monthly,12,12,0.99,100.0,0.0,0.069942,0.062368,intermittent,NAIVE-AVERAGE,ok,0.5892061660481873,0.013930390481907723,0.0,
movielens,movielens,95199,200,monthly,12,12,0.99,100.0,0.0,0.069942,0.062368,intermittent,NAIVE-SEASON,ok,0.38125000000000014,0.01818181818181818,0.0,
movielens,movielens,95199,200,monthly,12,12,0.99,100.0,0.0,0.069942,0.062368,intermittent,TSM1,ok,0.3834760120454031,0.01930684086238868,4.14,
movielens,movielens,95199,200,monthly,12,12,0.99,100.0,0.0,0.069942,0.062368,intermittent,TSM2,error,,,0.4,RuntimeError: exponential smoothing could not be fitted
movielens,movielens,95199,200,monthly,12,12,0.99,100.0,0.0,0.069942,0.062368,intermittent,TSM4,ok,0.5894550626747803,0.01389163350678502,0.0,
movielens,movielens,95199,200,monthly,12,12,0.99,100.0,0.0,0.069942,0.062368,intermittent,TSM5,ok,0.5865305060427186,0.01542931599169905,0.01,
cdnow,cdnow,11939,79,weekly,52,,0.987342,79.0,0.0,0.0,0.324561,intermittent,NAIVE-LAST,ok,1.0,0.0,0.0,
cdnow,cdnow,11939,79,weekly,52,,0.987342,79.0,0.0,0.0,0.324561,intermittent,NAIVE-AVERAGE,ok,0.0,0.02707980455328708,0.0,
cdnow,cdnow,11939,79,weekly,52,,0.987342,79.0,0.0,0.0,0.324561,intermittent,TSM1,ok,0.0,0.03349700956869912,2.68,
cdnow,cdnow,11939,79,weekly,52,,0.987342,79.0,0.0,0.0,0.324561,intermittent,TSM2,ok,0.0,0.033471747499268435,0.62,
cdnow,cdnow,11939,79,weekly,52,,0.987342,79.0,0.0,0.0,0.324561,intermittent,TSM4,ok,0.0,0.12142857142857141,0.0,
cdnow,cdnow,11939,79,weekly,52,,0.987342,79.0,0.0,0.0,0.324561,intermittent,TSM5,ok,0.0,0.017709432707214826,0.01,
movielens,movielens,973,200,monthly,12,12,0.98,50.0,0.12,0.062273,0.187193,intermittent,NAIVE-LAST,ok,1.0,0.0,0.0,
movielens,movielens,973,200,monthly,12,12,0.98,50.0,0.12,0.062273,0.187193,intermittent,NAIVE-AVERAGE,ok,0.0,0.053176392656848835,0.0,
movielens,movielens,973,200,monthly,12,12,0.98,50.0,0.12,0.062273,0.187193,intermittent,NAIVE-SEASON,ok,1.0,0.0,0.0,
movielens,movielens,973,200,monthly,12,12,0.98,50.0,0.12,0.062273,0.187193,intermittent,TSM1,ok,0.0,0.033812284193556995,2.25,
movielens,movielens,973,200,monthly,12,12,0.98,50.0,0.12,0.062273,0.187193,intermittent,TSM2,ok,0.0,0.07922203322437932,6.09,
movielens,movielens,973,200,monthly,12,12,0.98,50.0,0.12,0.062273,0.187193,intermittent,TSM4,ok,0.0,0.4297952361053071,0.0,
movielens,movielens,973,200,monthly,12,12,0.98,50.0,0.12,0.062273,0.187193,intermittent,TSM5,ok,0.0,0.0017425872595866853,0.01,
cdnow,cdnow,12910,79,weekly,52,,0.987342,79.0,0.0,0.0,0.324561,intermittent,NAIVE-LAST,ok,1.0,0.0,0.0,
cdnow,cdnow,12910,79,weekly,52,,0.987342,79.0,0.0,0.0,0.324561,intermittent,NAIVE-AVERAGE,ok,0.0,0.02707980455328708,0.0,
cdnow,cdnow,12910,79,weekly,52,,0.987342,79.0,0.0,0.0,0.324561,intermittent,TSM1,ok,0.0,0.03349700951699308,2.84,
cdnow,cdnow,12910,79,weekly,52,,0.987342,79.0,0.0,0.0,0.324561,intermittent,TSM2,ok,0.0,0.03346889183130666,0.55,
cdnow,cdnow,12910,79,weekly,52,,0.987342,79.0,0.0,0.0,0.324561,intermittent,TSM4,ok,0.0,0.07083333333333332,0.0,
cdnow,cdnow,12910,79,weekly,52,,0.987342,79.0,0.0,0.0,0.324561,intermittent,TSM5,ok,0.0,0.020738428486742656,0.01,
cdnow,cdnow,15188,79,weekly,52,,0.949367,19.75,0.0,0.0,0.296804,intermittent,NAIVE-LAST,ok,0.09393939393939395,0.09230769230769231,0.01,
cdnow,cdnow,15188,79,weekly,52,,0.949367,19.75,0.0,0.0,0.296804,intermittent,NAIVE-AVERAGE,ok,-0.02581228414129133,0.10605721157276682,0.0,
cdnow,cdnow,15188,79,weekly,52,,0.949367,19.75,0.0,0.0,0.296804,intermittent,TSM1,ok,-0.02097313026025711,0.1233142262744106,2.68,
cdnow,cdnow,15188,79,weekly,52,,0.949367,19.75,0.0,0.0,0.296804,intermittent,TSM2,ok,-0.02098986162283998,0.10547240359076952,0.53,
cdnow,cdnow,15188,79,weekly,52,,0.949367,19.75,0.0,0.0,0.296804,intermittent,TSM4,ok,-0.005921151392030888,0.12002938034188033,0.0,
cdnow,cdnow,15188,79,weekly,52,,0.949367,19.75,0.0,0.0,0.296804,intermittent,TSM5,ok,-0.034899152412138035,0.10258094275151045,0.01,
cdnow,cdnow,16440,79,weekly,52,,0.987342,79.0,0.0,0.0,0.324561,intermittent,NAIVE-LAST,ok,1.0,0.0,0.0,
cdnow,cdnow,16440,79,weekly,52,,0.987342,79.0,0.0,0.0,0.324561,intermittent,NAIVE-AVERAGE,ok,0.0,0.02707980455328708,0.0,
cdnow,cdnow,16440,79,weekly,52,,0.987342,79.0,0.0,0.0,0.324561,intermittent,TSM1,ok,0.0,0.033497009588712386,2.88,
cdnow,cdnow,16440,79,weekly,52,,0.987342,79.0,0.0,0.0,0.324561,intermittent,TSM2,ok,0.0,0.033471779696892565,0.61,
cdnow,cdnow,16440,79,weekly,52,,0.987342,79.0,0.0,0.0,0.324561,intermittent,TSM4,ok,0.0,0.09444444444444446,0.0,
cdnow,cdnow,16440,79,weekly,52,,0.987342,79.0,0.0,0.0,0.324561,intermittent,TSM5,ok,0.0,0.01882872857780966,0.01,
cdnow,cdnow,18943,79,weekly,52,,0.898734,9.875,0.08642,0.0,0.240499,intermittent,NAIVE-LAST,ok,-0.40974025974026,0.21538461538461542,0.0,
cdnow,cdnow,18943,79,weekly,52,,0.898734,9.875,0.08642,0.0,0.240499,intermittent,NAIVE-AVERAGE,ok,-0.02876163262267295,0.2243585630985309,0.0,
cdnow,cdnow,18943,79,weekly,52,,0.898734,9.875,0.08642,0.0,0.240499,intermittent,TSM1,ok,-0.2595302325159582,0.24215174002594,2.14,
cdnow,cdnow,18943,79,weekly,52,,0.898734,9.875,0.08642,0.0,0.240499,intermittent,TSM2,ok,-0.008628228121014336,0.22092229164798916,0.6,
cdnow,cdnow,18943,79,weekly,52,,0.898734,9.875,0.08642,0.0,0.240499,intermittent,TSM4,ok,-0.017432372316833387,0.1960542586799005,0.0,
cdnow,cdnow,18943,79,weekly,52,,0.898734,9.875,0.08642,0.0,0.240499,intermittent,TSM5,ok,-0.03770426731879484,0.2114238340347761,0.01,
cdnow,cdnow,19846,79,weekly,52,,0.987342,79.0,0.0,0.0,0.324561,intermittent,NAIVE-LAST,ok,1.0,0.0,0.0,
cdnow,cdnow,19846,79,weekly,52,,0.987342,79.0,0.0,0.0,0.324561,intermittent,NAIVE-AVERAGE,ok,0.0,0.02707980455328708,0.01,
cdnow,cdnow,19846,79,weekly,52,,0.987342,79.0,0.0,0.0,0.324561,intermittent,TSM1,ok,0.0,0.033497009588712386,4.7,
cdnow,cdnow,19846,79,weekly,52,,0.987342,79.0,0.0,0.0,0.324561,intermittent,TSM2,ok,0.0,0.03347192220051691,1.06,
cdnow,cdnow,19846,79,weekly,52,,0.987342,79.0,0.0,0.0,0.324561,intermittent,TSM4,ok,0.0,0.07727272727272726,0.01,
cdnow,cdnow,19846,79,weekly,52,,0.987342,79.0,0.0,0.0,0.324561,intermittent,TSM5,ok,0.0,0.020068945608939678,0.01,
cdnow,cdnow,1905,79,weekly,52,,0.987342,79.0,0.0,0.0,0.438596,intermittent,NAIVE-LAST,ok,1.0,0.0,0.0,
cdnow,cdnow,1905,79,weekly,52,,0.987342,79.0,0.0,0.0,0.438596,intermittent,NAIVE-AVERAGE,ok,0.0,0.02707980455328708,0.0,
cdnow,cdnow,1905,79,weekly,52,,0.987342,79.0,0.0,0.0,0.438596,intermittent,TSM1,ok,1.0,0.0,4.65,
cdnow,cdnow,1905,79,weekly,52,,0.987342,79.0,0.0,0.0,0.438596,intermittent,TSM2,ok,0.0,0.0334721825682968,1.36,
cdnow,cdnow,1905,79,weekly,52,,0.987342,79.0,0.0,0.0,0.438596,intermittent,TSM4,ok,0.0,0.42499999999999993,0.02,
cdnow,cdnow,1905,79,weekly,52,,0.987342,79.0,0.0,0.0,0.438596,intermittent,TSM5,ok,0.0,0.015365653513248237,0.02,
cdnow,cdnow,21704,79,weekly,52,,0.822785,5.642857,0.09375,0.0,0.48027,intermittent,NAIVE-LAST,ok,-0.29057971014492734,0.30769230769230765,0.0,
cdnow,cdnow,21704,79,weekly,52,,0.822785,5.642857,0.09375,0.0,0.48027,intermittent,NAIVE-AVERAGE,ok,-0.18541835485096544,0.3939779088192623,0.01,
cdnow,cdnow,21704,79,weekly,52,,0.822785,5.642857,0.09375,0.0,0.48027,intermittent,TSM1,ok,-0.18703507216817,0.3405418956982752,3.17,
cdnow,cdnow,21704,79,weekly,52,,0.822785,5.642857,0.09375,0.0,0.48027,intermittent,TSM2,ok,-0.4712748001994062,0.447109996858818,0.53,
cdnow,cdnow,21704,79,weekly,52,,0.822785,5.642857,0.09375,0.0,0.48027,intermittent,TSM4,ok,-0.13427580000877998,0.4036516500112365,0.0,
cdnow,cdnow,21704,79,weekly,52,,0.822785,5.642857,0.09375,0.0,0.48027,intermittent,TSM5,ok,-0.18073000983234225,0.3307119831805736,0.01,
cdnow,cdnow,21635,79,weekly,52,,0.987342,79.0,0.0,0.0,0.324561,intermittent,NAIVE-LAST,ok,1.0,0.0,0.0,
cdnow,cdnow,21635,79,weekly,52,,0.987342,79.0,0.0,0.0,0.324561,intermittent,NAIVE-AVERAGE,ok,0.0,0.02707980455328708,0.0,
cdnow,cdnow,21635,79,weekly,52,,0.987342,79.0,0.0,0.0,0.324561,intermittent,TSM1,ok,0.0,0.03349700951699308,4.17,
cdnow,cdnow,21635,79,weekly,52,,0.987342,79.0,0.0,0.0,0.324561,intermittent,TSM2,ok,0.0,0.03346889183130666,0.57,
cdnow,cdnow,21635,79,weekly,52,,0.987342,79.0,0.0,0.0,0.324561,intermittent,TSM4,ok,0.0,0.07083333333333332,0.0,
cdnow,cdnow,21635,79,weekly,52,,0.987342,79.0,0.0,0.0,0.324561,intermittent,TSM5,ok,0.0,0.020738428486742656,0.01,
cdnow,cdnow,22001,79,weekly,52,,0.987342,79.0,0.0,0.0,0.324561,intermittent,NAIVE-LAST,ok,1.0,0.0,0.0,
cdnow,cdnow,22001,79,weekly,52,,0.987342,79.0,0.0,0.0,0.324561,intermittent,NAIVE-AVERAGE,ok,0.0,0.02707980455328708,0.0,
cdnow,cdnow,22001,79,weekly,52,,0.987342,79.0,0.0,0.0,0.324561,intermittent,TSM1,ok,0.0,0.03349700951699308,2.86,
cdnow,cdnow,22001,79,weekly,52,,0.987342,79.0,0.0,0.0,0.324561,intermittent,TSM2,ok,0.0,0.03346889183130666,0.54,
cdnow,cdnow,22001,79,weekly,52,,0.987342,79.0,0.0,0.0,0.324561,intermittent,TSM4,ok,0.0,0.07083333333333332,0.0,
cdnow,cdnow,22001,79,weekly,52,,0.987342,79.0,0.0,0.0,0.324561,intermittent,TSM5,ok,0.0,0.020738428486742656,0.01,
cdnow,cdnow,22286,79,weekly,52,,0.974684,39.5,0.0,0.0,0.315556,intermittent,NAIVE-LAST,ok,0.5666666666666668,0.03076923076923077,0.0,
cdnow,cdnow,22286,79,weekly,52,,0.974684,39.5,0.0,0.0,0.315556,intermittent,NAIVE-AVERAGE,ok,-0.009172272501711909,0.0546323701648533,0.0,
cdnow,cdnow,22286,79,weekly,52,,0.974684,39.5,0.0,0.0,0.315556,intermittent,TSM1,ok,-0.004481024256463906,0.07964278674786945,2.88,
cdnow,cdnow,22286,79,weekly,52,,0.974684,39.5,0.0,0.0,0.315556,intermittent,TSM2,ok,-0.004500702862057881,0.059522075163627654,0.92,
cdnow,cdnow,22286,79,weekly,52,,0.974684,39.5,0.0,0.0,0.315556,intermittent,TSM4,ok,0.0022436689814814502,0.07423076923076921,0.01,
cdnow,cdnow,22286,79,weekly,52,,0.974684,39.5,0.0,0.0,0.315556,intermittent,TSM5,ok,-0.012923515314149148,0.049988461377029905,0.01,
cdnow,cdnow,22509,79,weekly,52,,0.974684,39.5,0.0,0.0,0.315556,intermittent,NAIVE-LAST,ok,0.5666666666666668,0.03076923076923077,0.0,
cdnow,cdnow,22509,79,weekly,52,,0.974684,39.5,0.0,0.0,0.315556,intermittent,NAIVE-AVERAGE,ok,-0.013040271659541292,0.06536840031536537,0.0,
cdnow,cdnow,22509,79,weekly,52,,0.974684,39.5,0.0,0.0,0.315556,intermittent,TSM1,ok,-8.503402786717019e-05,0.06589511803435773,3.4,
cdnow,cdnow,22509,79,weekly,52,,0.974684,39.5,0.0,0.0,0.315556,intermittent,TSM2,ok,-0.00010507783001219017,0.06587598962144245,1.61,
cdnow,cdnow,22509,79,weekly,52,,0.974684,39.5,0.0,0.0,0.315556,intermittent,TSM4,ok,-0.006830855758101828,0.09760996905393458,0.01,
cdnow,cdnow,22509,79,weekly,52,,0.974684,39.5,0.0,0.0,0.315556,intermittent,TSM5,ok,-0.008819973092116174,0.05069542737075422,0.01,
cdnow,cdnow,23568,79,weekly,52,,0.962025,26.333333,0.0,0.0,0.614615,intermittent,NAIVE-LAST,ok,0.3500000000000002,0.046153846153846156,0.01,
cdnow,cdnow,23568,79,weekly,52,,0.962025,26.333333,0.0,0.0,0.614615,intermittent,NAIVE-AVERAGE,ok,-0.018728549395343696,0.0896917946122422,0.01,
cdnow,cdnow,23568,79,weekly,52,,0.962025,26.333333,0.0,0.0,0.614615,intermittent,TSM1,ok,-0.44999999999999984,0.0849650700921711,3.73,
cdnow,cdnow,23568,79,weekly,52,,0.962025,26.333333,0.0,0.0,0.614615,intermittent,TSM2,ok,-0.4498312332484211,0.06861285740618984,1.33,
cdnow,cdnow,23568,79,weekly,52,,0.962025,26.333333,0.0,0.0,0.614615,intermittent,TSM4,ok,-0.0010844569093056756,0.09454902876373551,0.01,
cdnow,cdnow,23568,79,weekly,52,,0.962025,26.333333,0.0,0.0,0.614615,intermittent,TSM5,ok,-0.10192462731433069,0.07232446795190484,0.01,
cdnow,cdnow,3625,79,weekly,52,,0.987342,79.0,0.0,0.0,0.324561,intermittent,NAIVE-LAST,ok,1.0,0.0,0.01,
cdnow,cdnow,3625,79,weekly,52,,0.987342,79.0,0.0,0.0,0.324561,intermittent,NAIVE-AVERAGE,ok,0.0,0.02707980455328708,0.01,
cdnow,cdnow,3625,79,weekly,52,,0.987342,79.0,0.0,0.0,0.324561,intermittent,TSM1,ok,0.0,0.03349700956869912,5.49,
cdnow,cdnow,3625,79,weekly,52,,0.987342,79.0,0.0,0.0,0.324561,intermittent,TSM2,ok,0.0,0.033471545323626284,1.43,
cdnow,cdnow,3625,79,weekly,52,,0.987342,79.0,0.0,0.0,0.324561,intermittent,TSM4,ok,0.0,0.28333333333333327,0.01,
cdnow,cdnow,3625,79,weekly,52,,0.987342,79.0,0.0,0.0,0.324561,intermittent,TSM5,ok,0.0,0.015787594701804304,0.01,
cdnow,cdnow,4124,79,weekly,52,,0.987342,79.0,0.0,0.0,0.324561,intermittent,NAIVE-LAST,ok,1.0,0.0,0.01,
cdnow,cdnow,4124,79,weekly,52,,0.987342,79.0,0.0,0.0,0.324561,intermittent,NAIVE-AVERAGE,ok,0.0,0.02707980455328708,0.01,
cdnow,cdnow,4124,79,weekly,52,,0.987342,79.0,0.0,0.0,0.324561,intermittent,TSM1,ok,0.0,0.03349700956869912,5.36,
cdnow,cdnow,4124,79,weekly,52,,0.987342,79.0,0.0,0.0,0.324561,intermittent,TSM2,ok,0.0,0.033471545323626284,1.43,
cdnow,cdnow,4124,79,weekly,52,,0.987342,79.0,0.0,0.0,0.324561,intermittent,TSM4,ok,0.0,0.28333333333333327,0.01,
cdnow,cdnow,4124,79,weekly,52,,0.987342,79.0,0.0,0.0,0.324561,intermittent,TSM5,ok,0.0,0.015787594701804304,0.01,
cdnow,cdnow,4683,79,weekly,52,,0.936709,15.8,0.0,0.0,0.47716,intermittent,NAIVE-LAST,ok,0.2200000000000001,0.09230769230769231,0.0,
cdnow,cdnow,4683,79,weekly,52,,0.936709,15.8,0.0,0.0,0.47716,intermittent,NAIVE-AVERAGE,ok,-0.048124039061551604,0.09776137685510408,0.01,
cdnow,cdnow,4683,79,weekly,52,,0.936709,15.8,0.0,0.0,0.47716,intermittent,TSM1,ok,-0.06964974296040793,0.1018030691120942,5.33,
cdnow,cdnow,4683,79,weekly,52,,0.936709,15.8,0.0,0.0,0.47716,intermittent,TSM2,ok,-0.16193370934970686,0.13680172373772528,1.37,
cdnow,cdnow,4683,79,weekly,52,,0.936709,15.8,0.0,0.0,0.47716,intermittent,TSM4,ok,-0.0035747320558904504,0.24779511863608678,0.01,
cdnow,cdnow,4683,79,weekly,52,,0.936709,15.8,0.0,0.0,0.47716,intermittent,TSM5,ok,-0.056172250562116985,0.10304924030244467,0.02,
cdnow,cdnow,7969,79,weekly,52,,0.860759,7.181818,0.0,0.0,0.387205,intermittent,NAIVE-LAST,ok,-0.6348484848484848,0.21538461538461542,0.01,
cdnow,cdnow,7969,79,weekly,52,,0.860759,7.181818,0.0,0.0,0.387205,intermittent,NAIVE-AVERAGE,ok,-0.044961098918560836,0.24178417293144383,0.01,
cdnow,cdnow,7969,79,weekly,52,,0.860759,7.181818,0.0,0.0,0.387205,intermittent,TSM1,ok,-0.24805901862358196,0.44709232304930985,5.23,
cdnow,cdnow,7969,79,weekly,52,,0.860759,7.181818,0.0,0.0,0.387205,intermittent,TSM2,ok,-0.03212076710049287,0.24357642632611354,1.09,
cdnow,cdnow,7969,79,weekly,52,,0.860759,7.181818,0.0,0.0,0.387205,intermittent,TSM4,ok,-0.0733105931869674,0.2670800194477989,0.0,
cdnow,cdnow,7969,79,weekly,52,,0.860759,7.181818,0.0,0.0,0.387205,intermittent,TSM5,ok,-0.060103493223339834,0.23492050608574205,0.01,
cdnow,cdnow,9635,79,weekly,52,,0.949367,19.75,0.0,0.0,0.296804,intermittent,NAIVE-LAST,ok,0.13333333333333358,0.06153846153846154,0.0,
cdnow,cdnow,9635,79,weekly,52,,0.949367,19.75,0.0,0.0,0.296804,intermittent,NAIVE-AVERAGE,ok,-0.020062165056969762,0.1044349604200987,0.0,
cdnow,cdnow,9635,79,weekly,52,,0.949367,19.75,0.0,0.0,0.296804,intermittent,TSM1,ok,-0.013407826645371258,0.11386758925593368,2.16,
cdnow,cdnow,9635,79,weekly,52,,0.949367,19.75,0.0,0.0,0.296804,intermittent,TSM2,ok,-0.013432594565469903,0.11383257263027335,0.46,
cdnow,cdnow,9635,79,weekly,52,,0.949367,19.75,0.0,0.0,0.296804,intermittent,TSM4,ok,-0.004597250594674462,0.12370448716505596,0.01,
cdnow,cdnow,9635,79,weekly,52,,0.949367,19.75,0.0,0.0,0.296804,intermittent,TSM5,ok,-0.0315340391073828,0.09114919787997877,0.01,
cdnow,cdnow,8092,79,weekly,52,,0.962025,26.333333,0.0,0.0,0.345345,intermittent,NAIVE-LAST,ok,0.13333333333333358,0.06153846153846154,0.01,
cdnow,cdnow,8092,79,weekly,52,,0.962025,26.333333,0.0,0.0,0.345345,intermittent,NAIVE-AVERAGE,ok,-0.018080100935016708,0.06495366535288877,0.01,
cdnow,cdnow,8092,79,weekly,52,,0.962025,26.333333,0.0,0.0,0.345345,intermittent,TSM1,ok,-0.013715574306116807,0.06936849656500621,3.4,
cdnow,cdnow,8092,79,weekly,52,,0.962025,26.333333,0.0,0.0,0.345345,intermittent,TSM2,ok,-0.013742536482817914,0.06935340866403221,0.62,
cdnow,cdnow,8092,79,weekly,52,,0.962025,26.333333,0.0,0.0,0.345345,intermittent,TSM4,ok,0.0137944970066052,0.13469332853233743,0.0,
cdnow,cdnow,8092,79,weekly,52,,0.962025,26.333333,0.0,0.0,0.345345,intermittent,TSM5,ok,-0.029809003896133123,0.060410232649479464,0.01,
cdnow,cdnow,9883,79,weekly,52,,0.987342,79.0,0.0,0.0,0.324561,intermittent,NAIVE-LAST,ok,1.0,0.0,0.0,
cdnow,cdnow,9883,79,weekly,52,,0.987342,79.0,0.0,0.0,0.324561,intermittent,NAIVE-AVERAGE,ok,0.0,0.02707980455328708,0.0,
cdnow,cdnow,9883,79,weekly,52,,0.987342,79.0,0.0,0.0,0.324561,intermittent,TSM1,ok,0.0,0.03349700956869912,2.58,
cdnow,cdnow,9883,79,weekly,52,,0.987342,79.0,0.0,0.0,0.324561,intermittent,TSM2,ok,0.0,0.033472228153612164,0.65,
cdnow,cdnow,9883,79,weekly,52,,0.987342,79.0,0.0,0.0,0.324561,intermittent,TSM4,ok,0.0,0.14166666666666664,0.0,
cdnow,cdnow,9883,79,weekly,52,,0.987342,79.0,0.0,0.0,0.324561,intermittent,TSM5,ok,0.0,0.017191399618388233,0.01,
storms,storms,disturbance,200,monthly,12,12,0.865,7.407407,0.115702,0.178894,0.091762,intermittent,NAIVE-LAST,ok,-0.875606418910013,0.2787878787878788,0.0,
storms,storms,disturbance,200,monthly,12,12,0.865,7.407407,0.115702,0.178894,0.091762,intermittent,NAIVE-AVERAGE,ok,-0.08310736453333378,0.2547389346688899,0.0,
storms,storms,disturbance,200,monthly,12,12,0.865,7.407407,0.115702,0.178894,0.091762,intermittent,NAIVE-SEASON,ok,-1.3176981473738905,0.26666666666666666,0.0,
storms,storms,disturbance,200,monthly,12,12,0.865,7.407407,0.115702,0.178894,0.091762,intermittent,TSM1,ok,-0.10288735762595058,0.24696605943028432,2.51,
storms,storms,disturbance,200,monthly,12,12,0.865,7.407407,0.115702,0.178894,0.091762,intermittent,TSM2,ok,-0.05517512421380644,0.24712612225350364,6.2,
storms,storms,disturbance,200,monthly,12,12,0.865,7.407407,0.115702,0.178894,0.091762,intermittent,TSM4,ok,-0.06604139767008887,0.26154033101420626,0.0,
storms,storms,disturbance,200,monthly,12,12,0.865,7.407407,0.115702,0.178894,0.091762,intermittent,TSM5,ok,-0.10327629966446165,0.28343829410627325,0.01,
storms,storms,extratropical,200,monthly,12,12,0.66,2.941176,0.351953,0.599749,0.133309,intermittent,NAIVE-LAST,ok,-0.19746713935522703,0.6484848484848484,0.01,
storms,storms,extratropical,200,monthly,12,12,0.66,2.941176,0.351953,0.599749,0.133309,intermittent,NAIVE-AVERAGE,ok,-0.07105290913319089,0.8477445538562154,0.0,
storms,storms,extratropical,200,monthly,12,12,0.66,2.941176,0.351953,0.599749,0.133309,intermittent,NAIVE-SEASON,ok,-0.02533764007357551,0.5696969696969697,0.0,
storms,storms,extratropical,200,monthly,12,12,0.66,2.941176,0.351953,0.599749,0.133309,intermittent,TSM1,ok,-1.1083770277641773,0.8568905478292173,2.33,
storms,storms,extratropical,200,monthly,12,12,0.66,2.941176,0.351953,0.599749,0.133309,intermittent,TSM2,ok,0.24112742985249586,0.5010239444758163,7.47,
storms,storms,extratropical,200,monthly,12,12,0.66,2.941176,0.351953,0.599749,0.133309,intermittent,TSM4,ok,-0.0702954711806473,0.8346499692641782,0.01,
storms,storms,extratropical,200,monthly,12,12,0.66,2.941176,0.351953,0.599749,0.133309,intermittent,TSM5,ok,-0.051132034689195874,0.8138019844974549,0.02,
storms,storms,hurricane,200,monthly,12,12,0.66,2.941176,0.326247,0.7043,0.173164,intermittent,NAIVE-LAST,ok,0.006961736338443836,0.6727272727272727,0.0,
storms,storms,hurricane,200,monthly,12,12,0.66,2.941176,0.326247,0.7043,0.173164,intermittent,NAIVE-AVERAGE,ok,-0.03919531345471614,0.9880661708195287,0.0,
storms,storms,hurricane,200,monthly,12,12,0.66,2.941176,0.326247,0.7043,0.173164,intermittent,NAIVE-SEASON,ok,0.2828881905958825,0.5151515151515151,0.0,
storms,storms,hurricane,200,monthly,12,12,0.66,2.941176,0.326247,0.7043,0.173164,intermittent,TSM1,ok,-0.13712268557328616,0.8191193349256294,3.99,
storms,storms,hurricane,200,monthly,12,12,0.66,2.941176,0.326247,0.7043,0.173164,intermittent,TSM2,ok,0.5400388050531015,0.4785888404624238,6.89,
storms,storms,hurricane,200,monthly,12,12,0.66,2.941176,0.326247,0.7043,0.173164,intermittent,TSM4,ok,-0.04781333320855983,0.9813133865927153,0.01,
storms,storms,hurricane,200,monthly,12,12,0.66,2.941176,0.326247,0.7043,0.173164,intermittent,TSM5,ok,-0.042815650396224744,0.9150877926080982,0.01,
storms,storms,subtropical depression,200,monthly,12,12,0.96,25.0,0.0,0.044882,0.129614,intermittent,NAIVE-LAST,ok,-0.5788793103448273,0.07272727272727272,0.01,
storms,storms,subtropical depression,200,monthly,12,12,0.96,25.0,0.0,0.044882,0.129614,intermittent,NAIVE-AVERAGE,ok,-0.023846040212149866,0.07200202132686055,0.0,
storms,storms,subtropical depression,200,monthly,12,12,0.96,25.0,0.0,0.044882,0.129614,intermittent,NAIVE-SEASON,ok,-1.1913793103448274,0.09090909090909091,0.01,
storms,storms,subtropical depression,200,monthly,12,12,0.96,25.0,0.0,0.044882,0.129614,intermittent,TSM1,ok,-0.0317023706572316,0.0724363348233287,4.26,
storms,storms,subtropical depression,200,monthly,12,12,0.96,25.0,0.0,0.044882,0.129614,intermittent,TSM2,ok,-0.021684031247038327,0.07295810822564468,5.86,
storms,storms,subtropical depression,200,monthly,12,12,0.96,25.0,0.0,0.044882,0.129614,intermittent,TSM4,ok,-0.016652728916959125,0.07123196749478652,0.0,
storms,storms,subtropical depression,200,monthly,12,12,0.96,25.0,0.0,0.044882,0.129614,intermittent,TSM5,ok,-0.051252141087529554,0.08308448427716487,0.01,
storms,storms,subtropical storm,200,monthly,12,12,0.865,7.407407,0.08,0.13521,0.137578,intermittent,NAIVE-LAST,ok,-0.8631184582601822,0.2606060606060606,0.01,
storms,storms,subtropical storm,200,monthly,12,12,0.865,7.407407,0.08,0.13521,0.137578,intermittent,NAIVE-AVERAGE,ok,-0.036820720813681485,0.25650346602952745,0.0,
storms,storms,subtropical storm,200,monthly,12,12,0.865,7.407407,0.08,0.13521,0.137578,intermittent,NAIVE-SEASON,ok,-1.1635952759251071,0.29696969696969694,0.0,
storms,storms,subtropical storm,200,monthly,12,12,0.865,7.407407,0.08,0.13521,0.137578,intermittent,TSM1,ok,-0.0860337899861388,0.25673098329546945,2.54,
storms,storms,subtropical storm,200,monthly,12,12,0.865,7.407407,0.08,0.13521,0.137578,intermittent,TSM2,ok,-0.07578694485153585,0.2519836573069704,6.48,
storms,storms,subtropical storm,200,monthly,12,12,0.865,7.407407,0.08,0.13521,0.137578,intermittent,TSM4,ok,-0.03645621506641006,0.2720049201222495,0.01,
storms,storms,subtropical storm,200,monthly,12,12,0.865,7.407407,0.08,0.13521,0.137578,intermittent,TSM5,ok,-0.06587515963881083,0.2821308593197035,0.01,
storms,storms,tropical depression,200,monthly,12,12,0.56,2.272727,0.467398,0.727514,0.152937,intermittent,NAIVE-LAST,ok,-0.1735472573120514,1.2606060606060605,0.0,
storms,storms,tropical depression,200,monthly,12,12,0.56,2.272727,0.467398,0.727514,0.152937,intermittent,NAIVE-AVERAGE,ok,-0.04132104383440991,1.5748824514198705,0.0,
storms,storms,tropical depression,200,monthly,12,12,0.56,2.272727,0.467398,0.727514,0.152937,intermittent,NAIVE-SEASON,ok,0.26937993719916137,0.9818181818181818,0.0,
storms,storms,tropical depression,200,monthly,12,12,0.56,2.272727,0.467398,0.727514,0.152937,intermittent,TSM1,ok,-0.36469145583737844,1.5139706055236641,2.08,
storms,storms,tropical depression,200,monthly,12,12,0.56,2.272727,0.467398,0.727514,0.152937,intermittent,TSM2,ok,0.5324821549536909,0.8228038930552236,5.42,
storms,storms,tropical depression,200,monthly,12,12,0.56,2.272727,0.467398,0.727514,0.152937,intermittent,TSM4,ok,-0.08204390155027194,1.5882480822213114,0.01,
storms,storms,tropical depression,200,monthly,12,12,0.56,2.272727,0.467398,0.727514,0.152937,intermittent,TSM5,ok,0.00825266821425794,1.4747737636666336,0.01,
storms,storms,tropical wave,200,monthly,12,12,0.98,50.0,0.0,0.157012,0.075369,intermittent,NAIVE-LAST,ok,0.1483870967741935,0.048484848484848485,0.0,
storms,storms,tropical wave,200,monthly,12,12,0.98,50.0,0.0,0.157012,0.075369,intermittent,NAIVE-AVERAGE,ok,-0.01735089597205337,0.04753736200660569,0.0,
storms,storms,tropical wave,200,monthly,12,12,0.98,50.0,0.0,0.157012,0.075369,intermittent,NAIVE-SEASON,ok,0.26774193548387093,0.03636363636363636,0.0,
storms,storms,tropical wave,200,monthly,12,12,0.98,50.0,0.0,0.157012,0.075369,intermittent,TSM1,ok,-0.23165534055800982,0.05648690570766181,3.45,
storms,storms,tropical wave,200,monthly,12,12,0.98,50.0,0.0,0.157012,0.075369,intermittent,TSM2,error,,,0.38,RuntimeError: exponential smoothing could not be fitted
storms,storms,tropical wave,200,monthly,12,12,0.98,50.0,0.0,0.157012,0.075369,intermittent,TSM4,ok,-0.014173988196079578,0.04710806664814541,0.01,
storms,storms,tropical wave,200,monthly,12,12,0.98,50.0,0.0,0.157012,0.075369,intermittent,TSM5,ok,-0.02459952202022677,0.04079451052541582,0.01,
