dataset,task,rows,features,subsampled,signature,flags,model,model_name,eligible,ruled_out_why,recommended_rank,score,score_std,seconds,status,detail,seed
heart_disease_va_long_beach,classification,200,13,False,A11 A21 A38 A41 A51 A62,A54,LM2,Logistic Regression,True,,10,0.6002612330198538,0.02088084404133689,0.11,ok,,0
heart_disease_va_long_beach,classification,200,13,False,A11 A21 A38 A41 A51 A62,A54,TR1,Decision Tree,True,,13,0.5880982236154649,0.052964157212492535,0.09,ok,,0
heart_disease_va_long_beach,classification,200,13,False,A11 A21 A38 A41 A51 A62,A54,TR2,Random Forest,True,,3,0.5803761755485893,0.03255852420736302,1.8,ok,,0
heart_disease_va_long_beach,classification,200,13,False,A11 A21 A38 A41 A51 A62,A54,TR3,Extra Trees,True,,1,0.5869278996865204,0.05905438430959926,1.34,ok,,0
heart_disease_va_long_beach,classification,200,13,False,A11 A21 A38 A41 A51 A62,A54,EN1,AdaBoost,True,,15,0.5746185997910136,0.03514992783775563,0.38,ok,,0
heart_disease_va_long_beach,classification,200,13,False,A11 A21 A38 A41 A51 A62,A54,EN2,Gradient Boosting (GBM),True,,7,0.5883281086729363,0.06091288671409216,0.49,ok,,0
heart_disease_va_long_beach,classification,200,13,False,A11 A21 A38 A41 A51 A62,A54,EN6,Stacking,True,,6,0.570491118077325,0.05559898307995339,2.4,ok,,0
heart_disease_va_long_beach,classification,200,13,False,A11 A21 A38 A41 A51 A62,A54,EN7,Voting Ensemble,True,,8,0.5992371995820271,0.04920716636584541,0.22,ok,,0
heart_disease_va_long_beach,classification,200,13,False,A11 A21 A38 A41 A51 A62,A54,SV1,SVM (linear),True,,12,0.5900313479623825,0.06198338921221418,0.08,ok,,0
heart_disease_va_long_beach,classification,200,13,False,A11 A21 A38 A41 A51 A62,A54,SV2,Kernel SVM (RBF/Poly),True,,9,0.5633333333333332,0.04760952285695232,0.08,ok,,0
heart_disease_va_long_beach,classification,200,13,False,A11 A21 A38 A41 A51 A62,A54,PR1,Naive Bayes,True,,16,0.5937722048066876,0.11128021044141209,0.08,ok,,0
heart_disease_va_long_beach,classification,200,13,False,A11 A21 A38 A41 A51 A62,A54,IB1,k-Nearest Neighbors,True,,14,0.5860188087774295,0.027630316054508046,0.08,ok,,0
heart_disease_va_long_beach,classification,200,13,False,A11 A21 A38 A41 A51 A62,A54,DR4,LDA (Linear Discriminant Analysis),True,,11,0.5900313479623824,0.042917834733742465,0.1,ok,,0
heart_disease_va_long_beach,classification,200,13,False,A11 A21 A38 A41 A51 A62,A54,NN1,Perceptron,True,,17,0.5616509926854754,0.08814411195745232,0.09,ok,,0
heart_disease_va_long_beach,classification,200,13,False,A11 A21 A38 A41 A51 A62,A54,NN2,MLP (Feedforward),True,,5,0.5856739811912226,0.05527209101731816,1.36,ok,,0
heart_disease_va_long_beach,classification,200,13,False,A11 A21 A38 A41 A51 A62,A54,EN3,XGBoost,True,,4,0.5735945663531871,0.038943661130803185,0.18,ok,,0
heart_disease_va_long_beach,classification,200,13,False,A11 A21 A38 A41 A51 A62,A54,EN4,LightGBM,True,,2,0.5668129571577847,0.021083881238415533,0.15,ok,,0
heart_disease_va_long_beach,classification,200,13,False,A11 A21 A38 A41 A51 A62,A54,BASE-HGB,Histogram Gradient Boosting (baseline),False,,,0.5737095088819226,0.025354505523090237,0.36,ok,,0
prnn_crabs,classification,200,7,False,A11 A21 A38 A41 A51 A61,A54,LM2,Logistic Regression,True,,10,0.9850000000000001,0.012247448713915901,0.08,ok,,0
prnn_crabs,classification,200,7,False,A11 A21 A38 A41 A51 A61,A54,TR1,Decision Tree,True,,13,0.9099999999999999,0.05147815070493499,0.07,ok,,0
prnn_crabs,classification,200,7,False,A11 A21 A38 A41 A51 A61,A54,TR2,Random Forest,True,,3,0.9099999999999999,0.03391164991562632,1.64,ok,,0
prnn_crabs,classification,200,7,False,A11 A21 A38 A41 A51 A61,A54,TR3,Extra Trees,True,,1,0.96,0.04358898943540673,1.27,ok,,0
prnn_crabs,classification,200,7,False,A11 A21 A38 A41 A51 A61,A54,EN1,AdaBoost,True,,15,0.8799999999999999,0.043011626335213125,0.36,ok,,0
prnn_crabs,classification,200,7,False,A11 A21 A38 A41 A51 A61,A54,EN2,Gradient Boosting (GBM),True,,7,0.925,0.05700877125495691,0.44,ok,,0
prnn_crabs,classification,200,7,False,A11 A21 A38 A41 A51 A61,A54,EN6,Stacking,True,,6,0.9800000000000001,0.018708286933869722,0.45,ok,,0
prnn_crabs,classification,200,7,False,A11 A21 A38 A41 A51 A61,A54,EN7,Voting Ensemble,True,,8,0.9550000000000001,0.029154759474226483,0.14,ok,,0
prnn_crabs,classification,200,7,False,A11 A21 A38 A41 A51 A61,A54,SV1,SVM (linear),True,,12,0.9949999999999999,0.010000000000000009,0.07,ok,,0
prnn_crabs,classification,200,7,False,A11 A21 A38 A41 A51 A61,A54,SV2,Kernel SVM (RBF/Poly),True,,9,0.96,0.012247448713915901,0.07,ok,,0
prnn_crabs,classification,200,7,False,A11 A21 A38 A41 A51 A61,A54,PR1,Naive Bayes,True,,16,0.61,0.09695359714832659,0.07,ok,,0
prnn_crabs,classification,200,7,False,A11 A21 A38 A41 A51 A61,A54,IB1,k-Nearest Neighbors,True,,14,0.9099999999999999,0.04358898943540671,0.08,ok,,0
prnn_crabs,classification,200,7,False,A11 A21 A38 A41 A51 A61,A54,DR4,LDA (Linear Discriminant Analysis),True,,11,1.0,0.0,0.07,ok,,0
prnn_crabs,classification,200,7,False,A11 A21 A38 A41 A51 A61,A54,NN1,Perceptron,True,,17,0.9949999999999999,0.010000000000000009,0.07,ok,,0
prnn_crabs,classification,200,7,False,A11 A21 A38 A41 A51 A61,A54,NN2,MLP (Feedforward),True,,5,0.9949999999999999,0.010000000000000009,0.8,ok,,0
prnn_crabs,classification,200,7,False,A11 A21 A38 A41 A51 A61,A54,EN3,XGBoost,True,,4,0.95,0.03872983346207416,0.14,ok,,0
prnn_crabs,classification,200,7,False,A11 A21 A38 A41 A51 A61,A54,EN4,LightGBM,True,,2,0.95,0.022360679774997866,0.13,ok,,0
prnn_crabs,classification,200,7,False,A11 A21 A38 A41 A51 A61,A54,BASE-HGB,Histogram Gradient Boosting (baseline),False,,,0.8949999999999999,0.062048368229954284,0.33,ok,,0
auto_insurance_symboling,classification,205,24,False,A11 A21 A38 A42 A51 A62,A54,LM2,Logistic Regression,True,,10,,,,skipped,a class has only 3 rows,0
auto_insurance_symboling,classification,205,24,False,A11 A21 A38 A42 A51 A62,A54,TR1,Decision Tree,True,,13,,,,skipped,a class has only 3 rows,0
auto_insurance_symboling,classification,205,24,False,A11 A21 A38 A42 A51 A62,A54,TR2,Random Forest,True,,3,,,,skipped,a class has only 3 rows,0
auto_insurance_symboling,classification,205,24,False,A11 A21 A38 A42 A51 A62,A54,TR3,Extra Trees,True,,1,,,,skipped,a class has only 3 rows,0
auto_insurance_symboling,classification,205,24,False,A11 A21 A38 A42 A51 A62,A54,EN1,AdaBoost,True,,15,,,,skipped,a class has only 3 rows,0
auto_insurance_symboling,classification,205,24,False,A11 A21 A38 A42 A51 A62,A54,EN2,Gradient Boosting (GBM),True,,7,,,,skipped,a class has only 3 rows,0
auto_insurance_symboling,classification,205,24,False,A11 A21 A38 A42 A51 A62,A54,EN6,Stacking,True,,6,,,,skipped,a class has only 3 rows,0
auto_insurance_symboling,classification,205,24,False,A11 A21 A38 A42 A51 A62,A54,EN7,Voting Ensemble,True,,8,,,,skipped,a class has only 3 rows,0
auto_insurance_symboling,classification,205,24,False,A11 A21 A38 A42 A51 A62,A54,SV1,SVM (linear),True,,12,,,,skipped,a class has only 3 rows,0
auto_insurance_symboling,classification,205,24,False,A11 A21 A38 A42 A51 A62,A54,SV2,Kernel SVM (RBF/Poly),True,,9,,,,skipped,a class has only 3 rows,0
auto_insurance_symboling,classification,205,24,False,A11 A21 A38 A42 A51 A62,A54,PR1,Naive Bayes,True,,16,,,,skipped,a class has only 3 rows,0
auto_insurance_symboling,classification,205,24,False,A11 A21 A38 A42 A51 A62,A54,IB1,k-Nearest Neighbors,True,,14,,,,skipped,a class has only 3 rows,0
auto_insurance_symboling,classification,205,24,False,A11 A21 A38 A42 A51 A62,A54,DR4,LDA (Linear Discriminant Analysis),True,,11,,,,skipped,a class has only 3 rows,0
auto_insurance_symboling,classification,205,24,False,A11 A21 A38 A42 A51 A62,A54,NN1,Perceptron,True,,17,,,,skipped,a class has only 3 rows,0
auto_insurance_symboling,classification,205,24,False,A11 A21 A38 A42 A51 A62,A54,NN2,MLP (Feedforward),True,,5,,,,skipped,a class has only 3 rows,0
auto_insurance_symboling,classification,205,24,False,A11 A21 A38 A42 A51 A62,A54,EN3,XGBoost,True,,4,,,,skipped,a class has only 3 rows,0
auto_insurance_symboling,classification,205,24,False,A11 A21 A38 A42 A51 A62,A54,EN4,LightGBM,True,,2,,,,skipped,a class has only 3 rows,0
auto_insurance_symboling,classification,205,24,False,A11 A21 A38 A42 A51 A62,A54,BASE-HGB,Histogram Gradient Boosting (baseline),False,,,,,,skipped,a class has only 3 rows,0
sonar,classification,208,60,False,A11 A21 A31 A42 A51 A61,A54,LM2,Logistic Regression,True,,10,0.7485895568961931,0.08461678570105506,0.08,ok,,0
sonar,classification,208,60,False,A11 A21 A31 A42 A51 A61,A54,TR1,Decision Tree,True,,13,0.7104077387143748,0.08800753546044274,0.08,ok,,0
sonar,classification,208,60,False,A11 A21 A31 A42 A51 A61,A54,TR2,Random Forest,True,,3,0.8191814021219056,0.029692787349101905,1.65,ok,,0
sonar,classification,208,60,False,A11 A21 A31 A42 A51 A61,A54,TR3,Extra Trees,True,,1,0.8417172872893698,0.03258279436181204,1.34,ok,,0
sonar,classification,208,60,False,A11 A21 A31 A42 A51 A61,A54,EN1,AdaBoost,True,,15,0.840945496151446,0.05017394319058819,0.6,ok,,0
sonar,classification,208,60,False,A11 A21 A31 A42 A51 A61,A54,EN2,Gradient Boosting (GBM),True,,7,0.8100904930309965,0.07033066000965858,1.29,ok,,0
sonar,classification,208,60,False,A11 A21 A31 A42 A51 A61,A54,EN6,Stacking,True,,6,0.7779498647805285,0.06199668505439274,0.58,ok,,0
sonar,classification,208,60,False,A11 A21 A31 A42 A51 A61,A54,EN7,Voting Ensemble,True,,8,0.7644268774703558,0.04839377806427908,0.22,ok,,0
sonar,classification,208,60,False,A11 A21 A31 A42 A51 A61,A54,SV1,SVM (linear),True,,12,0.7429373829831495,0.09580282744892461,0.07,ok,,0
sonar,classification,208,60,False,A11 A21 A31 A42 A51 A61,A54,SV2,Kernel SVM (RBF/Poly),True,,9,0.8280746827543165,0.03774675617335409,0.07,ok,,0
sonar,classification,208,60,False,A11 A21 A31 A42 A51 A61,A54,PR1,Naive Bayes,True,,16,0.7032255044726441,0.03888296093966574,0.06,ok,,0
sonar,classification,208,60,False,A11 A21 A31 A42 A51 A61,A54,IB1,k-Nearest Neighbors,True,,14,0.7972259205325567,0.044871132521088285,0.07,ok,,0
sonar,classification,208,60,False,A11 A21 A31 A42 A51 A61,A54,DR4,LDA (Linear Discriminant Analysis),True,,11,0.7055991262741835,0.06171320746567242,0.08,ok,,0
sonar,classification,208,60,False,A11 A21 A31 A42 A51 A61,A54,NN1,Perceptron,True,,17,0.749833576034949,0.07681457298280689,0.06,ok,,0
sonar,classification,208,60,False,A11 A21 A31 A42 A51 A61,A54,NN2,MLP (Feedforward),True,,5,0.8486727688787186,0.03235937288479215,0.8,ok,,0
sonar,classification,208,60,False,A11 A21 A31 A42 A51 A61,A54,EN3,XGBoost,True,,4,0.8393187018930724,0.05836700736535124,0.36,ok,,0
sonar,classification,208,60,False,A11 A21 A31 A42 A51 A61,A54,EN4,LightGBM,True,,2,0.8534033700852923,0.06362660078084707,0.2,ok,,0
sonar,classification,208,60,False,A11 A21 A31 A42 A51 A61,A54,BASE-HGB,Histogram Gradient Boosting (baseline),False,,,0.85268566673601,0.07525235428453429,0.41,ok,,0
biomed,classification,209,8,False,A11 A21 A38 A41 A51 A61,A54,LM2,Logistic Regression,True,,10,0.8437037037037036,0.07114196861358799,0.08,ok,,0
biomed,classification,209,8,False,A11 A21 A38 A41 A51 A61,A54,TR1,Decision Tree,True,,13,0.8754131054131055,0.05189657130482835,0.07,ok,,0
biomed,classification,209,8,False,A11 A21 A38 A41 A51 A61,A54,TR2,Random Forest,True,,3,0.8703703703703705,0.09075207790098828,1.59,ok,,0
biomed,classification,209,8,False,A11 A21 A38 A41 A51 A61,A54,TR3,Extra Trees,True,,1,0.888888888888889,0.06571334849249447,1.28,ok,,0
biomed,classification,209,8,False,A11 A21 A38 A41 A51 A61,A54,EN1,AdaBoost,True,,15,0.8903703703703704,0.06314135947000324,0.37,ok,,0
biomed,classification,209,8,False,A11 A21 A38 A41 A51 A61,A54,EN2,Gradient Boosting (GBM),True,,7,0.9074074074074074,0.04789105148220627,0.52,ok,,0
biomed,classification,209,8,False,A11 A21 A38 A41 A51 A61,A54,EN6,Stacking,True,,6,0.8570370370370372,0.07512586603560358,0.47,ok,,0
biomed,classification,209,8,False,A11 A21 A38 A41 A51 A61,A54,EN7,Voting Ensemble,True,,8,0.868148148148148,0.07134221705383413,0.15,ok,,0
biomed,classification,209,8,False,A11 A21 A38 A41 A51 A61,A54,SV1,SVM (linear),True,,12,0.8296296296296296,0.05916659421545442,0.07,ok,,0
biomed,classification,209,8,False,A11 A21 A38 A41 A51 A61,A54,SV2,Kernel SVM (RBF/Poly),True,,9,0.8414814814814815,0.04059908031420661,0.08,ok,,0
biomed,classification,209,8,False,A11 A21 A38 A41 A51 A61,A54,PR1,Naive Bayes,True,,16,0.8555555555555555,0.04631851318774369,0.08,ok,,0
biomed,classification,209,8,False,A11 A21 A38 A41 A51 A61,A54,IB1,k-Nearest Neighbors,True,,14,0.8088888888888889,0.04557813351974863,0.11,ok,,0
biomed,classification,209,8,False,A11 A21 A38 A41 A51 A61,A54,DR4,LDA (Linear Discriminant Analysis),True,,11,0.8103703703703704,0.056286548863741855,0.08,ok,,0
biomed,classification,209,8,False,A11 A21 A38 A41 A51 A61,A54,NN1,Perceptron,True,,17,0.8274358974358975,0.06601967690510702,0.08,ok,,0
biomed,classification,209,8,False,A11 A21 A38 A41 A51 A61,A54,NN2,MLP (Feedforward),True,,5,0.8731908831908832,0.06638876013192999,1.24,ok,,0
biomed,classification,209,8,False,A11 A21 A38 A41 A51 A61,A54,EN3,XGBoost,True,,4,0.8800000000000001,0.07534465845897134,0.15,ok,,0
biomed,classification,209,8,False,A11 A21 A38 A41 A51 A61,A54,EN4,LightGBM,True,,2,0.8962962962962961,0.0758671859500407,0.13,ok,,0
biomed,classification,209,8,False,A11 A21 A38 A41 A51 A61,A54,BASE-HGB,Histogram Gradient Boosting (baseline),False,,,0.8820797720797721,0.0632451938555294,0.32,ok,,0
new_thyroid,classification,215,5,False,A11 A21 A31 A41 A51 A61,A54,LM2,Logistic Regression,True,,10,0.8857142857142858,0.05972980229278347,0.05,ok,,0
new_thyroid,classification,215,5,False,A11 A21 A31 A41 A51 A61,A54,TR1,Decision Tree,True,,13,0.9298412698412699,0.04928718398749298,0.04,ok,,0
new_thyroid,classification,215,5,False,A11 A21 A31 A41 A51 A61,A54,TR2,Random Forest,True,,3,0.9225396825396827,0.03020714576600709,1.62,ok,,0
new_thyroid,classification,215,5,False,A11 A21 A31 A41 A51 A61,A54,TR3,Extra Trees,True,,1,0.9253968253968254,0.026843705595694906,1.31,ok,,0
new_thyroid,classification,215,5,False,A11 A21 A31 A41 A51 A61,A54,EN1,AdaBoost,True,,15,0.9209523809523811,0.02410190843949504,0.33,ok,,0
new_thyroid,classification,215,5,False,A11 A21 A31 A41 A51 A61,A54,EN2,Gradient Boosting (GBM),True,,7,0.9203174603174602,0.03234981384852575,1.07,ok,,0
new_thyroid,classification,215,5,False,A11 A21 A31 A41 A51 A61,A54,EN6,Stacking,True,,6,0.9400000000000001,0.057348835113617505,0.39,ok,,0
new_thyroid,classification,215,5,False,A11 A21 A31 A41 A51 A61,A54,EN7,Voting Ensemble,True,,8,0.9209523809523809,0.060529285529002816,0.12,ok,,0
new_thyroid,classification,215,5,False,A11 A21 A31 A41 A51 A61,A54,SV1,SVM (linear),True,,12,0.8723809523809523,0.050009825187340276,0.04,ok,,0
new_thyroid,classification,215,5,False,A11 A21 A31 A41 A51 A61,A54,SV2,Kernel SVM (RBF/Poly),True,,9,0.9025396825396825,0.05064064255872347,0.05,ok,,0
new_thyroid,classification,215,5,False,A11 A21 A31 A41 A51 A61,A54,PR1,Naive Bayes,True,,16,0.9415873015873016,0.043043685731246485,0.04,ok,,0
new_thyroid,classification,215,5,False,A11 A21 A31 A41 A51 A61,A54,IB1,k-Nearest Neighbors,True,,14,0.8701587301587301,0.061339708499065386,0.05,ok,,0
new_thyroid,classification,215,5,False,A11 A21 A31 A41 A51 A61,A54,DR4,LDA (Linear Discriminant Analysis),True,,11,0.7968253968253969,0.09140431777071727,0.05,ok,,0
new_thyroid,classification,215,5,False,A11 A21 A31 A41 A51 A61,A54,NN1,Perceptron,True,,17,0.8857142857142858,0.07007896061290103,0.05,ok,,0
new_thyroid,classification,215,5,False,A11 A21 A31 A41 A51 A61,A54,NN2,MLP (Feedforward),True,,5,0.9203174603174602,0.02790040957805697,0.97,ok,,0
new_thyroid,classification,215,5,False,A11 A21 A31 A41 A51 A61,A54,EN3,XGBoost,True,,4,0.9063492063492063,0.02229014562735487,0.15,ok,,0
new_thyroid,classification,215,5,False,A11 A21 A31 A41 A51 A61,A54,EN4,LightGBM,True,,2,0.906984126984127,0.039390672683799643,0.2,ok,,0
new_thyroid,classification,215,5,False,A11 A21 A31 A41 A51 A61,A54,BASE-HGB,Histogram Gradient Boosting (baseline),False,,,0.8980952380952381,0.03394599478369088,0.63,ok,,0
prnn_synth,classification,250,2,False,A11 A21 A31 A41 A51 A61,A54,LM2,Logistic Regression,True,,10,0.868,0.06273754856543248,0.06,ok,,0
prnn_synth,classification,250,2,False,A11 A21 A31 A41 A51 A61,A54,TR1,Decision Tree,True,,13,0.808,0.0545527267879434,0.04,ok,,0
prnn_synth,classification,250,2,False,A11 A21 A31 A41 A51 A61,A54,TR2,Random Forest,True,,3,0.8399999999999999,0.055136195008360867,1.64,ok,,0
prnn_synth,classification,250,2,False,A11 A21 A31 A41 A51 A61,A54,TR3,Extra Trees,True,,1,0.8560000000000001,0.04963869458396339,1.3,ok,,0
prnn_synth,classification,250,2,False,A11 A21 A31 A41 A51 A61,A54,EN1,AdaBoost,True,,15,0.8440000000000001,0.02939387691339811,0.32,ok,,0
prnn_synth,classification,250,2,False,A11 A21 A31 A41 A51 A61,A54,EN2,Gradient Boosting (GBM),True,,7,0.8440000000000001,0.03878143885933063,0.36,ok,,0
prnn_synth,classification,250,2,False,A11 A21 A31 A41 A51 A61,A54,EN6,Stacking,True,,6,0.8480000000000001,0.041182520563948,0.39,ok,,0
prnn_synth,classification,250,2,False,A11 A21 A31 A41 A51 A61,A54,EN7,Voting Ensemble,True,,8,0.8560000000000001,0.0496386945839634,0.11,ok,,0
prnn_synth,classification,250,2,False,A11 A21 A31 A41 A51 A61,A54,SV1,SVM (linear),True,,12,0.8640000000000001,0.05851495535331119,0.04,ok,,0
prnn_synth,classification,250,2,False,A11 A21 A31 A41 A51 A61,A54,SV2,Kernel SVM (RBF/Poly),True,,9,0.8640000000000001,0.0344093010681705,0.05,ok,,0
prnn_synth,classification,250,2,False,A11 A21 A31 A41 A51 A61,A54,PR1,Naive Bayes,True,,16,0.8320000000000001,0.07440430095095311,0.04,ok,,0
prnn_synth,classification,250,2,False,A11 A21 A31 A41 A51 A61,A54,IB1,k-Nearest Neighbors,True,,14,0.8280000000000001,0.043081318457076016,0.05,ok,,0
prnn_synth,classification,250,2,False,A11 A21 A31 A41 A51 A61,A54,DR4,LDA (Linear Discriminant Analysis),True,,11,0.8480000000000001,0.05741080037762931,0.04,ok,,0
prnn_synth,classification,250,2,False,A11 A21 A31 A41 A51 A61,A54,NN1,Perceptron,True,,17,0.796,0.04270831300812528,0.05,ok,,0
prnn_synth,classification,250,2,False,A11 A21 A31 A41 A51 A61,A54,NN2,MLP (Feedforward),True,,5,0.86,0.04560701700396552,0.6,ok,,0
prnn_synth,classification,250,2,False,A11 A21 A31 A41 A51 A61,A54,EN3,XGBoost,True,,4,0.8360000000000001,0.05571355310873644,0.15,ok,,0
prnn_synth,classification,250,2,False,A11 A21 A31 A41 A51 A61,A54,EN4,LightGBM,True,,2,0.852,0.03487119154832533,0.13,ok,,0
prnn_synth,classification,250,2,False,A11 A21 A31 A41 A51 A61,A54,BASE-HGB,Histogram Gradient Boosting (baseline),False,,,0.8480000000000001,0.020396078054371124,0.29,ok,,0
analcatdata_lawsuit,classification,264,4,False,A11 A21 A38 A41 A52 A61,A54,LM2,Logistic Regression,True,,10,0.7979591836734694,0.167183531469168,0.08,ok,,0
analcatdata_lawsuit,classification,264,4,False,A11 A21 A38 A41 A52 A61,A54,TR1,Decision Tree,True,,13,0.8688775510204081,0.10505249476123917,0.07,ok,,0
analcatdata_lawsuit,classification,264,4,False,A11 A21 A38 A41 A52 A61,A54,TR2,Random Forest,True,,3,0.9168367346938775,0.0966644884309391,1.62,ok,,0
analcatdata_lawsuit,classification,264,4,False,A11 A21 A38 A41 A52 A61,A54,TR3,Extra Trees,True,,1,0.8688775510204081,0.10961197701911571,1.29,ok,,0
analcatdata_lawsuit,classification,264,4,False,A11 A21 A38 A41 A52 A61,A54,EN1,AdaBoost,True,,15,0.9709183673469388,0.04817580258821581,0.34,ok,,0
analcatdata_lawsuit,classification,264,4,False,A11 A21 A38 A41 A52 A61,A54,EN2,Gradient Boosting (GBM),True,,7,0.9668367346938774,0.04636966435715005,0.39,ok,,0
analcatdata_lawsuit,classification,264,4,False,A11 A21 A38 A41 A52 A61,A54,EN6,Stacking,True,,6,0.725,0.16583123951777,0.38,ok,,0
analcatdata_lawsuit,classification,264,4,False,A11 A21 A38 A41 A52 A61,A54,EN7,Voting Ensemble,True,,8,0.8729591836734695,0.10957397338548001,0.14,ok,,0
analcatdata_lawsuit,classification,264,4,False,A11 A21 A38 A41 A52 A61,A54,SV1,SVM (linear),True,,12,0.8918367346938775,0.09053211662134984,0.07,ok,,0
analcatdata_lawsuit,classification,264,4,False,A11 A21 A38 A41 A52 A61,A54,SV2,Kernel SVM (RBF/Poly),True,,9,0.7418367346938777,0.13511645215695195,0.08,ok,,0
analcatdata_lawsuit,classification,264,4,False,A11 A21 A38 A41 A52 A61,A54,PR1,Naive Bayes,True,,16,0.8357142857142857,0.1458737622705003,0.07,ok,,0
analcatdata_lawsuit,classification,264,4,False,A11 A21 A38 A41 A52 A61,A54,IB1,k-Nearest Neighbors,True,,14,0.7627551020408163,0.12329638748565888,0.08,ok,,0
analcatdata_lawsuit,classification,264,4,False,A11 A21 A38 A41 A52 A61,A54,DR4,LDA (Linear Discriminant Analysis),True,,11,0.75,0.13693063937629152,0.07,ok,,0
analcatdata_lawsuit,classification,264,4,False,A11 A21 A38 A41 A52 A61,A54,NN1,Perceptron,True,,17,0.869047619047619,0.13420511886430142,0.07,ok,,0
analcatdata_lawsuit,classification,264,4,False,A11 A21 A38 A41 A52 A61,A54,NN2,MLP (Feedforward),True,,5,0.9168367346938776,0.1510721091866203,0.91,ok,,0
analcatdata_lawsuit,classification,264,4,False,A11 A21 A38 A41 A52 A61,A54,EN3,XGBoost,True,,4,0.9438775510204082,0.0970193006041201,0.12,ok,,0
analcatdata_lawsuit,classification,264,4,False,A11 A21 A38 A41 A52 A61,A54,EN4,LightGBM,True,,2,0.9688775510204082,0.04754488880498671,0.22,ok,,0
analcatdata_lawsuit,classification,264,4,False,A11 A21 A38 A41 A52 A61,A54,BASE-HGB,Histogram Gradient Boosting (baseline),False,,,0.8959183673469389,0.11920009671581461,0.38,ok,,0
spect,classification,267,22,False,A11 A21 A32 A41 A52 A61,A53,LM2,Logistic Regression,False,needs A31 data (yours is A32),,0.6870834591764824,0.05055405444179725,0.12,ok,,0
spect,classification,267,22,False,A11 A21 A32 A41 A52 A61,A53,TR1,Decision Tree,True,,12,0.675727373401792,0.0735649506251478,0.09,ok,,0
spect,classification,267,22,False,A11 A21 A32 A41 A52 A61,A53,TR2,Random Forest,True,,3,0.7212775596496528,0.09367141936854527,1.64,ok,,0
spect,classification,267,22,False,A11 A21 A32 A41 A52 A61,A53,TR3,Extra Trees,True,,1,0.7273431994362226,0.09146574892408993,1.31,ok,,0
spect,classification,267,22,False,A11 A21 A32 A41 A52 A61,A53,EN1,AdaBoost,True,,13,0.6964965267290848,0.06570605123064648,0.39,ok,,0
spect,classification,267,22,False,A11 A21 A32 A41 A52 A61,A53,EN2,Gradient Boosting (GBM),True,,7,0.7027182120205375,0.08679273098506292,0.49,ok,,0
spect,classification,267,22,False,A11 A21 A32 A41 A52 A61,A53,EN6,Stacking,True,,6,0.6902647739857042,0.06599046293001014,0.74,ok,,0
spect,classification,267,22,False,A11 A21 A32 A41 A52 A61,A53,EN7,Voting Ensemble,True,,8,0.686650558743582,0.08439328239372186,0.24,ok,,0
spect,classification,267,22,False,A11 A21 A32 A41 A52 A61,A53,SV1,SVM (linear),True,,11,0.697578777811336,0.0929671670651522,0.09,ok,,0
spect,classification,267,22,False,A11 A21 A32 A41 A52 A61,A53,SV2,Kernel SVM (RBF/Poly),True,,9,0.7102385986106916,0.07966822504293157,0.1,ok,,0
spect,classification,267,22,False,A11 A21 A32 A41 A52 A61,A53,PR1,Naive Bayes,False,needs A31 data (yours is A32),,0.6767844558542233,0.06569442453519769,0.09,ok,,0
spect,classification,267,22,False,A11 A21 A32 A41 A52 A61,A53,IB1,k-Nearest Neighbors,False,needs A31 data (yours is A32),,0.6812997080438941,0.10128933329261379,0.09,ok,,0
spect,classification,267,22,False,A11 A21 A32 A41 A52 A61,A53,DR4,LDA (Linear Discriminant Analysis),True,,10,0.6960082553105809,0.059919018699248476,0.1,ok,,0
spect,classification,267,22,False,A11 A21 A32 A41 A52 A61,A53,NN1,Perceptron,False,needs A31 data (yours is A32),,0.621866505587436,0.13272267470599625,0.09,ok,,0
spect,classification,267,22,False,A11 A21 A32 A41 A52 A61,A53,NN2,MLP (Feedforward),True,,5,0.7281989328500956,0.08583002495228788,1.6,ok,,0
spect,classification,267,22,False,A11 A21 A32 A41 A52 A61,A53,EN3,XGBoost,True,,4,0.6983338367059297,0.08603832900474645,0.19,ok,,0
spect,classification,267,22,False,A11 A21 A32 A41 A52 A61,A53,EN4,LightGBM,True,,2,0.6915685090103696,0.09734647352859971,0.16,ok,,0
spect,classification,267,22,False,A11 A21 A32 A41 A52 A61,A53,BASE-HGB,Histogram Gradient Boosting (baseline),False,,,0.702662841034934,0.071316408289629,0.41,ok,,0
breast_cancer,classification,286,9,False,A11 A21 A38 A41 A51 A61,A53,LM2,Logistic Regression,True,,10,0.6325358680057389,0.033346424171577724,0.09,ok,,0
breast_cancer,classification,286,9,False,A11 A21 A38 A41 A51 A61,A53,TR1,Decision Tree,True,,13,0.6235868005738882,0.05022674647103026,0.09,ok,,0
breast_cancer,classification,286,9,False,A11 A21 A38 A41 A51 A61,A53,TR2,Random Forest,True,,3,0.6297274031563844,0.016117433554334485,1.59,ok,,0
breast_cancer,classification,286,9,False,A11 A21 A38 A41 A51 A61,A53,TR3,Extra Trees,True,,1,0.6241140602582496,0.02027901234310048,1.29,ok,,0
breast_cancer,classification,286,9,False,A11 A21 A38 A41 A51 A61,A53,EN1,AdaBoost,True,,15,0.6276829268292683,0.03449581205751087,0.37,ok,,0
breast_cancer,classification,286,9,False,A11 A21 A38 A41 A51 A61,A53,EN2,Gradient Boosting (GBM),True,,7,0.6029017216642754,0.04022386379427789,0.44,ok,,0
breast_cancer,classification,286,9,False,A11 A21 A38 A41 A51 A61,A53,EN6,Stacking,True,,6,0.5683572453371591,0.03578460281749267,0.56,ok,,0
breast_cancer,classification,286,9,False,A11 A21 A38 A41 A51 A61,A53,EN7,Voting Ensemble,True,,8,0.6099497847919656,0.018717379167755777,0.15,ok,,0
breast_cancer,classification,286,9,False,A11 A21 A38 A41 A51 A61,A53,SV1,SVM (linear),True,,12,0.6241535150645624,0.02775226628354664,0.08,ok,,0
breast_cancer,classification,286,9,False,A11 A21 A38 A41 A51 A61,A53,SV2,Kernel SVM (RBF/Poly),True,,9,0.6202941176470589,0.03164533671238368,0.09,ok,,0
breast_cancer,classification,286,9,False,A11 A21 A38 A41 A51 A61,A53,PR1,Naive Bayes,True,,16,0.624361549497848,0.052643086752682575,0.08,ok,,0
breast_cancer,classification,286,9,False,A11 A21 A38 A41 A51 A61,A53,IB1,k-Nearest Neighbors,True,,14,0.5917503586800573,0.03686920272009907,0.08,ok,,0
breast_cancer,classification,286,9,False,A11 A21 A38 A41 A51 A61,A53,DR4,LDA (Linear Discriminant Analysis),True,,11,0.6309182209469154,0.031836475030096345,0.09,ok,,0
breast_cancer,classification,286,9,False,A11 A21 A38 A41 A51 A61,A53,NN1,Perceptron,True,,17,0.5645552367288378,0.09819017516839268,0.08,ok,,0
breast_cancer,classification,286,9,False,A11 A21 A38 A41 A51 A61,A53,NN2,MLP (Feedforward),True,,5,0.6402654232424677,0.03340427139838864,2.2,ok,,0
breast_cancer,classification,286,9,False,A11 A21 A38 A41 A51 A61,A53,EN3,XGBoost,True,,4,0.6015530846484936,0.034042408332973735,0.19,ok,,0
breast_cancer,classification,286,9,False,A11 A21 A38 A41 A51 A61,A53,EN4,LightGBM,True,,2,0.6128407460545194,0.04577344987776854,0.16,ok,,0
breast_cancer,classification,286,9,False,A11 A21 A38 A41 A51 A61,A53,BASE-HGB,Histogram Gradient Boosting (baseline),False,,,0.5791893830703012,0.06805335004535706,0.43,ok,,0
heart_disease_hungarian,classification,294,13,False,A11 A21 A38 A41 A51 A62,A54,LM2,Logistic Regression,True,,10,0.8073685442106495,0.048719590650514726,0.09,ok,,0
heart_disease_hungarian,classification,294,13,False,A11 A21 A38 A41 A51 A62,A54,TR1,Decision Tree,True,,13,0.7204331467489362,0.05726876657801567,0.08,ok,,0
heart_disease_hungarian,classification,294,13,False,A11 A21 A38 A41 A51 A62,A54,TR2,Random Forest,True,,3,0.7851228193333456,0.028819993430329746,1.58,ok,,0
heart_disease_hungarian,classification,294,13,False,A11 A21 A38 A41 A51 A62,A54,TR3,Extra Trees,True,,1,0.7668640273903431,0.058249652179102676,1.36,ok,,0
heart_disease_hungarian,classification,294,13,False,A11 A21 A38 A41 A51 A62,A54,EN1,AdaBoost,True,,15,0.7798051640156902,0.019736873661448027,0.38,ok,,0
heart_disease_hungarian,classification,294,13,False,A11 A21 A38 A41 A51 A62,A54,EN2,Gradient Boosting (GBM),True,,7,0.790295148189885,0.036673249382878,0.51,ok,,0
heart_disease_hungarian,classification,294,13,False,A11 A21 A38 A41 A51 A62,A54,EN6,Stacking,True,,6,0.8108600740179688,0.03499943119921309,0.63,ok,,0
heart_disease_hungarian,classification,294,13,False,A11 A21 A38 A41 A51 A62,A54,EN7,Voting Ensemble,True,,8,0.7906024274445327,0.03937199735311379,0.16,ok,,0
heart_disease_hungarian,classification,294,13,False,A11 A21 A38 A41 A51 A62,A54,SV1,SVM (linear),True,,12,0.7992604361025414,0.05036341258812926,0.09,ok,,0
heart_disease_hungarian,classification,294,13,False,A11 A21 A38 A41 A51 A62,A54,SV2,Kernel SVM (RBF/Poly),True,,9,0.8059586928007981,0.03366624337696977,0.1,ok,,0
heart_disease_hungarian,classification,294,13,False,A11 A21 A38 A41 A51 A62,A54,PR1,Naive Bayes,True,,16,0.7877898062108588,0.05259916419548692,0.08,ok,,0
heart_disease_hungarian,classification,294,13,False,A11 A21 A38 A41 A51 A62,A54,IB1,k-Nearest Neighbors,True,,14,0.787754398280714,0.02380986314463289,0.09,ok,,0
heart_disease_hungarian,classification,294,13,False,A11 A21 A38 A41 A51 A62,A54,DR4,LDA (Linear Discriminant Analysis),True,,11,0.796628857155173,0.03509653162514643,0.09,ok,,0
heart_disease_hungarian,classification,294,13,False,A11 A21 A38 A41 A51 A62,A54,NN1,Perceptron,True,,17,0.7684900211216,0.04646822758478584,0.08,ok,,0
heart_disease_hungarian,classification,294,13,False,A11 A21 A38 A41 A51 A62,A54,NN2,MLP (Feedforward),True,,5,0.7793614872562241,0.05545727940395167,2.18,ok,,0
heart_disease_hungarian,classification,294,13,False,A11 A21 A38 A41 A51 A62,A54,EN3,XGBoost,True,,4,0.7687612766560136,0.05704022261006965,0.22,ok,,0
heart_disease_hungarian,classification,294,13,False,A11 A21 A38 A41 A51 A62,A54,EN4,LightGBM,True,,2,0.7888083230188493,0.04682129094363529,0.17,ok,,0
heart_disease_hungarian,classification,294,13,False,A11 A21 A38 A41 A51 A62,A54,BASE-HGB,Histogram Gradient Boosting (baseline),False,,,0.7714639793587162,0.049326366454215356,0.43,ok,,0
heart_disease_cleveland,classification,303,13,False,A11 A21 A38 A41 A51 A62,A54,LM2,Logistic Regression,True,,10,0.84871632996633,0.017767172977345008,0.1,ok,,0
heart_disease_cleveland,classification,303,13,False,A11 A21 A38 A41 A51 A62,A54,TR1,Decision Tree,True,,13,0.744973544973545,0.04239707178450353,0.1,ok,,0
heart_disease_cleveland,classification,303,13,False,A11 A21 A38 A41 A51 A62,A54,TR2,Random Forest,True,,3,0.8193166786916788,0.03301826197317328,1.72,ok,,0
heart_disease_cleveland,classification,303,13,False,A11 A21 A38 A41 A51 A62,A54,TR3,Extra Trees,True,,1,0.8070256132756132,0.04048528457562993,1.42,ok,,0
heart_disease_cleveland,classification,303,13,False,A11 A21 A38 A41 A51 A62,A54,EN1,AdaBoost,True,,15,0.8240304834054835,0.022768873047938672,0.4,ok,,0
heart_disease_cleveland,classification,303,13,False,A11 A21 A38 A41 A51 A62,A54,EN2,Gradient Boosting (GBM),True,,7,0.7944579725829726,0.049416299070365356,0.55,ok,,0
heart_disease_cleveland,classification,303,13,False,A11 A21 A38 A41 A51 A62,A54,EN6,Stacking,True,,6,0.8474792568542568,0.012602304754430891,0.7,ok,,0
heart_disease_cleveland,classification,303,13,False,A11 A21 A38 A41 A51 A62,A54,EN7,Voting Ensemble,True,,8,0.8157377344877345,0.02850436394067024,0.16,ok,,0
heart_disease_cleveland,classification,303,13,False,A11 A21 A38 A41 A51 A62,A54,SV1,SVM (linear),True,,12,0.8384108946608947,0.024988369211979843,0.08,ok,,0
heart_disease_cleveland,classification,303,13,False,A11 A21 A38 A41 A51 A62,A54,SV2,Kernel SVM (RBF/Poly),True,,9,0.8294898388648388,0.012588172133903563,0.09,ok,,0
heart_disease_cleveland,classification,303,13,False,A11 A21 A38 A41 A51 A62,A54,PR1,Naive Bayes,True,,16,0.799511483886484,0.047887351494819194,0.08,ok,,0
heart_disease_cleveland,classification,303,13,False,A11 A21 A38 A41 A51 A62,A54,IB1,k-Nearest Neighbors,True,,14,0.8316919191919192,0.024473023699007435,0.08,ok,,0
heart_disease_cleveland,classification,303,13,False,A11 A21 A38 A41 A51 A62,A54,DR4,LDA (Linear Discriminant Analysis),True,,11,0.8336625180375179,0.011495960630433271,0.09,ok,,0
heart_disease_cleveland,classification,303,13,False,A11 A21 A38 A41 A51 A62,A54,NN1,Perceptron,True,,17,0.7943181818181817,0.023573704269636103,0.09,ok,,0
heart_disease_cleveland,classification,303,13,False,A11 A21 A38 A41 A51 A62,A54,NN2,MLP (Feedforward),True,,5,0.780618686868687,0.043285402138174486,2.12,ok,,0
heart_disease_cleveland,classification,303,13,False,A11 A21 A38 A41 A51 A62,A54,EN3,XGBoost,True,,4,0.79055284992785,0.014852691363489485,0.25,ok,,0
heart_disease_cleveland,classification,303,13,False,A11 A21 A38 A41 A51 A62,A54,EN4,LightGBM,True,,2,0.8111757455507455,0.026919386916684423,0.18,ok,,0
heart_disease_cleveland,classification,303,13,False,A11 A21 A38 A41 A51 A62,A54,BASE-HGB,Histogram Gradient Boosting (baseline),False,,,0.8066167628667629,0.028763868352835658,0.47,ok,,0
haberman,classification,306,3,False,A11 A21 A31 A41 A51 A61,A54,LM2,Logistic Regression,True,,10,0.5520424836601308,0.03203730256112744,0.05,ok,,0
haberman,classification,306,3,False,A11 A21 A31 A41 A51 A61,A54,TR1,Decision Tree,True,,13,0.5151960784313725,0.05409333406840513,0.04,ok,,0
haberman,classification,306,3,False,A11 A21 A31 A41 A51 A61,A54,TR2,Random Forest,True,,3,0.5225571895424836,0.04217104216369368,1.62,ok,,0
haberman,classification,306,3,False,A11 A21 A31 A41 A51 A61,A54,TR3,Extra Trees,True,,1,0.5435294117647058,0.03189470284393918,1.31,ok,,0
haberman,classification,306,3,False,A11 A21 A31 A41 A51 A61,A54,EN1,AdaBoost,True,,15,0.5653349673202615,0.04622679118715749,0.32,ok,,0
haberman,classification,306,3,False,A11 A21 A31 A41 A51 A61,A54,EN2,Gradient Boosting (GBM),True,,7,0.54093954248366,0.052978138825650334,0.37,ok,,0
haberman,classification,306,3,False,A11 A21 A31 A41 A51 A61,A54,EN6,Stacking,True,,6,0.5112990196078432,0.011984394667097685,0.34,ok,,0
haberman,classification,306,3,False,A11 A21 A31 A41 A51 A61,A54,EN7,Voting Ensemble,True,,8,0.5496405228758169,0.01320907897611165,0.13,ok,,0
haberman,classification,306,3,False,A11 A21 A31 A41 A51 A61,A54,SV1,SVM (linear),True,,12,0.5520424836601308,0.03203730256112744,0.05,ok,,0
haberman,classification,306,3,False,A11 A21 A31 A41 A51 A61,A54,SV2,Kernel SVM (RBF/Poly),True,,9,0.5781127450980392,0.036529059618214316,0.05,ok,,0
haberman,classification,306,3,False,A11 A21 A31 A41 A51 A61,A54,PR1,Naive Bayes,True,,16,0.5725980392156863,0.041245803168265004,0.05,ok,,0
haberman,classification,306,3,False,A11 A21 A31 A41 A51 A61,A54,IB1,k-Nearest Neighbors,True,,14,0.5393137254901961,0.03724170051904875,0.05,ok,,0
haberman,classification,306,3,False,A11 A21 A31 A41 A51 A61,A54,DR4,LDA (Linear Discriminant Analysis),True,,11,0.5645424836601307,0.029219837202013602,0.05,ok,,0
haberman,classification,306,3,False,A11 A21 A31 A41 A51 A61,A54,NN1,Perceptron,True,,17,0.5768627450980393,0.046012246480917264,0.05,ok,,0
haberman,classification,306,3,False,A11 A21 A31 A41 A51 A61,A54,NN2,MLP (Feedforward),True,,5,0.5710294117647059,0.021806922270243098,1.09,ok,,0
haberman,classification,306,3,False,A11 A21 A31 A41 A51 A61,A54,EN3,XGBoost,True,,4,0.5470098039215686,0.047111667236911854,0.25,ok,,0
haberman,classification,306,3,False,A11 A21 A31 A41 A51 A61,A54,EN4,LightGBM,True,,2,0.5556617647058824,0.02693070712881859,0.22,ok,,0
haberman,classification,306,3,False,A11 A21 A31 A41 A51 A61,A54,BASE-HGB,Histogram Gradient Boosting (baseline),False,,,0.5413071895424837,0.03891143034573665,0.56,ok,,0
ecoli,classification,327,7,False,A11 A21 A31 A41 A51 A61,A54,LM2,Logistic Regression,True,,10,0.8474686520376176,0.049021758435390375,0.08,ok,,0
ecoli,classification,327,7,False,A11 A21 A31 A41 A51 A61,A54,TR1,Decision Tree,True,,13,0.741979026720406,0.10631397264733244,0.07,ok,,0
ecoli,classification,327,7,False,A11 A21 A31 A41 A51 A61,A54,TR2,Random Forest,True,,3,0.8282543663233319,0.059045558201240717,2.17,ok,,0
ecoli,classification,327,7,False,A11 A21 A31 A41 A51 A61,A54,TR3,Extra Trees,True,,1,0.8130417226451708,0.06614426901544944,1.39,ok,,0
ecoli,classification,327,7,False,A11 A21 A31 A41 A51 A61,A54,EN1,AdaBoost,True,,15,0.7649481265860576,0.08861531639444069,0.35,ok,,0
ecoli,classification,327,7,False,A11 A21 A31 A41 A51 A61,A54,EN2,Gradient Boosting (GBM),True,,7,0.8023198984923123,0.05610448029685822,1.92,ok,,0
ecoli,classification,327,7,False,A11 A21 A31 A41 A51 A61,A54,EN6,Stacking,True,,6,0.8279464845499328,0.05895357906577066,0.45,ok,,0
ecoli,classification,327,7,False,A11 A21 A31 A41 A51 A61,A54,EN7,Voting Ensemble,True,,8,0.8107067472757128,0.06951479119473433,0.11,ok,,0
ecoli,classification,327,7,False,A11 A21 A31 A41 A51 A61,A54,SV1,SVM (linear),True,,12,0.8307370503060157,0.04905003705541015,0.05,ok,,0
ecoli,classification,327,7,False,A11 A21 A31 A41 A51 A61,A54,SV2,Kernel SVM (RBF/Poly),True,,9,0.8246369607404092,0.07196444146199345,0.05,ok,,0
ecoli,classification,327,7,False,A11 A21 A31 A41 A51 A61,A54,PR1,Naive Bayes,True,,16,0.6453512464546948,0.021381203053146017,0.04,ok,,0
ecoli,classification,327,7,False,A11 A21 A31 A41 A51 A61,A54,IB1,k-Nearest Neighbors,True,,14,0.7926829377519032,0.044612844521454705,0.05,ok,,0
ecoli,classification,327,7,False,A11 A21 A31 A41 A51 A61,A54,DR4,LDA (Linear Discriminant Analysis),True,,11,0.8493084788774444,0.0549063671606269,0.05,ok,,0
ecoli,classification,327,7,False,A11 A21 A31 A41 A51 A61,A54,NN1,Perceptron,True,,17,0.7423052694432004,0.06765615170787467,0.05,ok,,0
ecoli,classification,327,7,False,A11 A21 A31 A41 A51 A61,A54,NN2,MLP (Feedforward),True,,5,0.8308831915211226,0.062305751347282126,2.09,ok,,0
ecoli,classification,327,7,False,A11 A21 A31 A41 A51 A61,A54,EN3,XGBoost,True,,4,0.8131721898790865,0.05204652922610949,0.31,ok,,0
ecoli,classification,327,7,False,A11 A21 A31 A41 A51 A61,A54,EN4,LightGBM,True,,2,0.8063561725630691,0.10089674610862329,0.42,ok,,0
ecoli,classification,327,7,False,A11 A21 A31 A41 A51 A61,A54,BASE-HGB,Histogram Gradient Boosting (baseline),False,,,0.8046689058068368,0.07146527695558172,1.34,ok,,0
schizo,classification,340,14,False,A11 A21 A38 A41 A51 A61,A54,LM2,Logistic Regression,True,,10,0.4086324786324786,0.034809679469807044,0.09,ok,,0
schizo,classification,340,14,False,A11 A21 A38 A41 A51 A61,A54,TR1,Decision Tree,True,,13,0.3621367521367521,0.02609153727987855,0.08,ok,,0
schizo,classification,340,14,False,A11 A21 A38 A41 A51 A61,A54,TR2,Random Forest,True,,3,0.3775641025641026,0.03124213685864319,1.78,ok,,0
schizo,classification,340,14,False,A11 A21 A38 A41 A51 A61,A54,TR3,Extra Trees,True,,1,0.38269230769230766,0.03603574038969588,1.47,ok,,0
schizo,classification,340,14,False,A11 A21 A38 A41 A51 A61,A54,EN1,AdaBoost,True,,15,0.366025641025641,0.05510629492380503,0.44,ok,,0
schizo,classification,340,14,False,A11 A21 A38 A41 A51 A61,A54,EN2,Gradient Boosting (GBM),True,,7,0.4025427350427351,0.0345438482084246,2.09,ok,,0
schizo,classification,340,14,False,A11 A21 A38 A41 A51 A61,A54,EN6,Stacking,True,,6,0.36940170940170935,0.020809552502280487,0.81,ok,,0
schizo,classification,340,14,False,A11 A21 A38 A41 A51 A61,A54,EN7,Voting Ensemble,True,,8,0.39416666666666667,0.05710234118396712,0.16,ok,,0
schizo,classification,340,14,False,A11 A21 A38 A41 A51 A61,A54,SV1,SVM (linear),True,,12,0.3905982905982906,0.020737727153408693,0.08,ok,,0
schizo,classification,340,14,False,A11 A21 A38 A41 A51 A61,A54,SV2,Kernel SVM (RBF/Poly),True,,9,0.36619658119658116,0.018425395928886874,0.09,ok,,0
schizo,classification,340,14,False,A11 A21 A38 A41 A51 A61,A54,PR1,Naive Bayes,True,,16,0.42594017094017095,0.06683432785364044,0.07,ok,,0
schizo,classification,340,14,False,A11 A21 A38 A41 A51 A61,A54,IB1,k-Nearest Neighbors,True,,14,0.37239316239316245,0.03659643274445479,0.08,ok,,0
schizo,classification,340,14,False,A11 A21 A38 A41 A51 A61,A54,DR4,LDA (Linear Discriminant Analysis),True,,11,0.39226495726495725,0.02589419178010901,0.07,ok,,0
schizo,classification,340,14,False,A11 A21 A38 A41 A51 A61,A54,NN1,Perceptron,True,,17,0.4606837606837607,0.06758817559322378,0.08,ok,,0
schizo,classification,340,14,False,A11 A21 A38 A41 A51 A61,A54,NN2,MLP (Feedforward),True,,5,0.35365384615384615,0.058137582077776875,2.38,ok,,0
schizo,classification,340,14,False,A11 A21 A38 A41 A51 A61,A54,EN3,XGBoost,True,,4,0.36376068376068377,0.08343838983839436,0.59,ok,,0
schizo,classification,340,14,False,A11 A21 A38 A41 A51 A61,A54,EN4,LightGBM,True,,2,0.4015598290598291,0.05608864874796339,0.34,ok,,0
schizo,classification,340,14,False,A11 A21 A38 A41 A51 A61,A54,BASE-HGB,Histogram Gradient Boosting (baseline),False,,,0.36670940170940175,0.0695775384682664,1.02,ok,,0
penguins,classification,344,7,False,A11 A21 A38 A41 A51 A62,A54,LM2,Logistic Regression,True,,10,0.9852210012210012,0.009311242272790564,0.08,ok,,0
penguins,classification,344,7,False,A11 A21 A38 A41 A51 A62,A54,TR1,Decision Tree,True,,13,0.9709987789987791,0.011763808865211785,0.08,ok,,0
penguins,classification,344,7,False,A11 A21 A38 A41 A51 A62,A54,TR2,Random Forest,True,,3,0.9881269841269841,0.0075728759722649116,1.68,ok,,0
penguins,classification,344,7,False,A11 A21 A38 A41 A51 A62,A54,TR3,Extra Trees,True,,1,0.989982905982906,0.009560187248045533,1.51,ok,,0
penguins,classification,344,7,False,A11 A21 A38 A41 A51 A62,A54,EN1,AdaBoost,True,,15,0.9760863366024657,0.0180560051382383,0.4,ok,,0
penguins,classification,344,7,False,A11 A21 A38 A41 A51 A62,A54,EN2,Gradient Boosting (GBM),True,,7,0.9876825396825397,0.007580324878977726,1.38,ok,,0
penguins,classification,344,7,False,A11 A21 A38 A41 A51 A62,A54,EN6,Stacking,True,,6,0.9874432234432234,0.011079442316774995,0.44,ok,,0
penguins,classification,344,7,False,A11 A21 A38 A41 A51 A62,A54,EN7,Voting Ensemble,True,,8,0.9874432234432234,0.011079442316774995,0.14,ok,,0
penguins,classification,344,7,False,A11 A21 A38 A41 A51 A62,A54,SV1,SVM (linear),True,,12,0.9951111111111111,0.006028737762778001,0.07,ok,,0
penguins,classification,344,7,False,A11 A21 A38 A41 A51 A62,A54,SV2,Kernel SVM (RBF/Poly),True,,9,0.9903492063492063,0.008971498219210856,0.08,ok,,0
penguins,classification,344,7,False,A11 A21 A38 A41 A51 A62,A54,PR1,Naive Bayes,True,,16,0.8708387096774194,0.03763945758929109,0.07,ok,,0
penguins,classification,344,7,False,A11 A21 A38 A41 A51 A62,A54,IB1,k-Nearest Neighbors,True,,14,0.989982905982906,0.009560187248045533,0.08,ok,,0
penguins,classification,344,7,False,A11 A21 A38 A41 A51 A62,A54,DR4,LDA (Linear Discriminant Analysis),True,,11,0.9903492063492063,0.008971498219210856,0.07,ok,,0
penguins,classification,344,7,False,A11 A21 A38 A41 A51 A62,A54,NN1,Perceptron,True,,17,0.9956272401433692,0.00535671446373315,0.08,ok,,0
penguins,classification,344,7,False,A11 A21 A38 A41 A51 A62,A54,NN2,MLP (Feedforward),True,,5,0.9973333333333333,0.005333333333333324,0.76,ok,,0
penguins,classification,344,7,False,A11 A21 A38 A41 A51 A62,A54,EN3,XGBoost,True,,4,0.9804590964590965,0.00605390875258369,0.25,ok,,0
penguins,classification,344,7,False,A11 A21 A38 A41 A51 A62,A54,EN4,LightGBM,True,,2,0.9881269841269841,0.0075728759722649116,0.29,ok,,0
penguins,classification,344,7,False,A11 A21 A38 A41 A51 A62,A54,BASE-HGB,Histogram Gradient Boosting (baseline),False,,,0.982998778998779,0.006384972988555475,0.76,ok,,0
bupa,classification,345,5,False,A11 A21 A31 A41 A51 A61,A53,LM2,Logistic Regression,True,,10,0.6334046345811052,0.028326724497396608,0.05,ok,,0
bupa,classification,345,5,False,A11 A21 A31 A41 A51 A61,A53,TR1,Decision Tree,True,,13,0.5534530175706646,0.02874729458332565,0.05,ok,,0
bupa,classification,345,5,False,A11 A21 A31 A41 A51 A61,A53,TR2,Random Forest,True,,3,0.5732989559460148,0.06468356835421177,1.62,ok,,0
bupa,classification,345,5,False,A11 A21 A31 A41 A51 A61,A53,TR3,Extra Trees,True,,1,0.5858394873100756,0.05846289163182347,1.29,ok,,0
bupa,classification,345,5,False,A11 A21 A31 A41 A51 A61,A53,EN1,AdaBoost,True,,15,0.6049197860962566,0.040429951144426726,0.32,ok,,0
bupa,classification,345,5,False,A11 A21 A31 A41 A51 A61,A53,EN2,Gradient Boosting (GBM),True,,7,0.6203730583142348,0.05148697500816441,0.41,ok,,0
bupa,classification,345,5,False,A11 A21 A31 A41 A51 A61,A53,EN6,Stacking,True,,6,0.5916242254477548,0.03286830883665553,0.39,ok,,0
bupa,classification,345,5,False,A11 A21 A31 A41 A51 A61,A53,EN7,Voting Ensemble,True,,8,0.5911187505305152,0.02081218411652781,0.11,ok,,0
bupa,classification,345,5,False,A11 A21 A31 A41 A51 A61,A53,SV1,SVM (linear),True,,12,0.6334835752482811,0.026087052423464856,0.05,ok,,0
bupa,classification,345,5,False,A11 A21 A31 A41 A51 A61,A53,SV2,Kernel SVM (RBF/Poly),True,,9,0.6310610304727952,0.052195128758755385,0.06,ok,,0
bupa,classification,345,5,False,A11 A21 A31 A41 A51 A61,A53,PR1,Naive Bayes,True,,16,0.5876177743824803,0.07530890198247804,0.04,ok,,0
bupa,classification,345,5,False,A11 A21 A31 A41 A51 A61,A53,IB1,k-Nearest Neighbors,True,,14,0.5771742636448518,0.04410364514660832,0.06,ok,,0
bupa,classification,345,5,False,A11 A21 A31 A41 A51 A61,A53,DR4,LDA (Linear Discriminant Analysis),True,,11,0.6364294202529497,0.030905280346930422,0.05,ok,,0
bupa,classification,345,5,False,A11 A21 A31 A41 A51 A61,A53,NN1,Perceptron,True,,17,0.5022370766488413,0.0919828148409793,0.04,ok,,0
bupa,classification,345,5,False,A11 A21 A31 A41 A51 A61,A53,NN2,MLP (Feedforward),True,,5,0.5955003819709702,0.05900687943366211,1.92,ok,,0
bupa,classification,345,5,False,A11 A21 A31 A41 A51 A61,A53,EN3,XGBoost,True,,4,0.573892708598591,0.048647172887369715,0.16,ok,,0
bupa,classification,345,5,False,A11 A21 A31 A41 A51 A61,A53,EN4,LightGBM,True,,2,0.5825333163568457,0.053309102560636715,0.11,ok,,0
bupa,classification,345,5,False,A11 A21 A31 A41 A51 A61,A53,BASE-HGB,Histogram Gradient Boosting (baseline),False,,,0.5997797300738478,0.05793565242764048,0.37,ok,,0
spectf,classification,349,44,False,A11 A21 A31 A42 A51 A61,A53,LM2,Logistic Regression,True,,10,0.7804272445820434,0.08260235607923191,0.07,ok,,0
spectf,classification,349,44,False,A11 A21 A31 A42 A51 A61,A53,TR1,Decision Tree,True,,13,0.8725985552115582,0.02302940426715086,0.07,ok,,0
spectf,classification,349,44,False,A11 A21 A31 A42 A51 A61,A53,TR2,Random Forest,True,,3,0.8935232198142415,0.03981883548349542,1.61,ok,,0
spectf,classification,349,44,False,A11 A21 A31 A42 A51 A61,A53,TR3,Extra Trees,True,,1,0.8868008255933952,0.03767595934131148,1.33,ok,,0
spectf,classification,349,44,False,A11 A21 A31 A42 A51 A61,A53,EN1,AdaBoost,True,,15,0.8093622291021673,0.06777943857816868,0.48,ok,,0
spectf,classification,349,44,False,A11 A21 A31 A42 A51 A61,A53,EN2,Gradient Boosting (GBM),True,,7,0.9007719298245614,0.03329539348966148,1.16,ok,,0
spectf,classification,349,44,False,A11 A21 A31 A42 A51 A61,A53,EN6,Stacking,True,,6,0.807376676986584,0.0762412173905054,0.64,ok,,0
spectf,classification,349,44,False,A11 A21 A31 A42 A51 A61,A53,EN7,Voting Ensemble,True,,8,0.8449411764705882,0.050374201234318156,0.16,ok,,0
spectf,classification,349,44,False,A11 A21 A31 A42 A51 A61,A53,SV1,SVM (linear),True,,12,0.7790856553147576,0.06979148456347209,0.07,ok,,0
spectf,classification,349,44,False,A11 A21 A31 A42 A51 A61,A53,SV2,Kernel SVM (RBF/Poly),True,,9,0.8002167182662537,0.0606276696467308,0.07,ok,,0
spectf,classification,349,44,False,A11 A21 A31 A42 A51 A61,A53,PR1,Naive Bayes,True,,16,0.7983116615067078,0.06714259459967675,0.05,ok,,0
spectf,classification,349,44,False,A11 A21 A31 A42 A51 A61,A53,IB1,k-Nearest Neighbors,True,,14,0.7069742002063983,0.044475652973475575,0.06,ok,,0
spectf,classification,349,44,False,A11 A21 A31 A42 A51 A61,A53,DR4,LDA (Linear Discriminant Analysis),True,,11,0.7034262125902992,0.06425719280305446,0.06,ok,,0
spectf,classification,349,44,False,A11 A21 A31 A42 A51 A61,A53,NN1,Perceptron,True,,17,0.790515995872033,0.049844350852845914,0.06,ok,,0
spectf,classification,349,44,False,A11 A21 A31 A42 A51 A61,A53,NN2,MLP (Feedforward),True,,5,0.8876656346749225,0.030561030980272498,1.77,ok,,0
spectf,classification,349,44,False,A11 A21 A31 A42 A51 A61,A53,EN3,XGBoost,True,,4,0.9073374613003097,0.04654004050974867,0.2,ok,,0
spectf,classification,349,44,False,A11 A21 A31 A42 A51 A61,A53,EN4,LightGBM,True,,2,0.8928895768833849,0.05155660128997354,0.18,ok,,0
spectf,classification,349,44,False,A11 A21 A31 A42 A51 A61,A53,BASE-HGB,Histogram Gradient Boosting (baseline),False,,,0.8968503611971105,0.03705441360739938,0.5,ok,,0
ionosphere,classification,351,34,False,A11 A21 A38 A41 A51 A61,A54,LM2,Logistic Regression,True,,10,0.8441709401709401,0.03291237145221851,0.09,ok,,0
ionosphere,classification,351,34,False,A11 A21 A38 A41 A51 A61,A54,TR1,Decision Tree,True,,13,0.8852136752136752,0.047323143115727946,0.1,ok,,0
ionosphere,classification,351,34,False,A11 A21 A38 A41 A51 A61,A54,TR2,Random Forest,True,,3,0.918837606837607,0.03735727606438525,1.71,ok,,0
ionosphere,classification,351,34,False,A11 A21 A38 A41 A51 A61,A54,TR3,Extra Trees,True,,1,0.9219487179487178,0.03730924992587512,1.33,ok,,0
ionosphere,classification,351,34,False,A11 A21 A38 A41 A51 A61,A54,EN1,AdaBoost,True,,15,0.9053504273504274,0.03348593602487107,0.56,ok,,0
ionosphere,classification,351,34,False,A11 A21 A38 A41 A51 A61,A54,EN2,Gradient Boosting (GBM),True,,7,0.927128205128205,0.04288124052490364,1.23,ok,,0
ionosphere,classification,351,34,False,A11 A21 A38 A41 A51 A61,A54,EN6,Stacking,True,,6,0.8875726495726495,0.04452489759621784,0.55,ok,,0
ionosphere,classification,351,34,False,A11 A21 A38 A41 A51 A61,A54,EN7,Voting Ensemble,True,,8,0.8704102564102563,0.02780321780479682,0.18,ok,,0
ionosphere,classification,351,34,False,A11 A21 A38 A41 A51 A61,A54,SV1,SVM (linear),True,,12,0.8641709401709402,0.041716210737476125,0.09,ok,,0
ionosphere,classification,351,34,False,A11 A21 A38 A41 A51 A61,A54,SV2,Kernel SVM (RBF/Poly),True,,9,0.9234188034188033,0.042580918656687713,0.1,ok,,0
ionosphere,classification,351,34,False,A11 A21 A38 A41 A51 A61,A54,PR1,Naive Bayes,True,,16,0.7630085470085468,0.051791498014291844,0.09,ok,,0
ionosphere,classification,351,34,False,A11 A21 A38 A41 A51 A61,A54,IB1,k-Nearest Neighbors,True,,14,0.7905811965811965,0.04934040498741084,0.08,ok,,0
ionosphere,classification,351,34,False,A11 A21 A38 A41 A51 A61,A54,DR4,LDA (Linear Discriminant Analysis),True,,11,0.8197264957264958,0.06133304747953853,0.08,ok,,0
ionosphere,classification,351,34,False,A11 A21 A38 A41 A51 A61,A54,NN1,Perceptron,True,,17,0.8221025641025641,0.053767289961399976,0.08,ok,,0
ionosphere,classification,351,34,False,A11 A21 A38 A41 A51 A61,A54,NN2,MLP (Feedforward),True,,5,0.8931965811965812,0.029784901068379492,1.51,ok,,0
ionosphere,classification,351,34,False,A11 A21 A38 A41 A51 A61,A54,EN3,XGBoost,True,,4,0.9084615384615384,0.0228369926730458,0.35,ok,,0
ionosphere,classification,351,34,False,A11 A21 A38 A41 A51 A61,A54,EN4,LightGBM,True,,2,0.9192820512820512,0.04084495824899195,0.27,ok,,0
ionosphere,classification,351,34,False,A11 A21 A38 A41 A51 A61,A54,BASE-HGB,Histogram Gradient Boosting (baseline),False,,,0.9191282051282051,0.03458176694038518,0.57,ok,,0
movement_libras,classification,360,90,False,A11 A21 A31 A42 A51 A61,A54,LM2,Logistic Regression,True,,10,0.7493333333333335,0.02370185177950821,0.23,ok,,0
movement_libras,classification,360,90,False,A11 A21 A31 A42 A51 A61,A54,TR1,Decision Tree,True,,13,0.688,0.06101365967278691,0.13,ok,,0
movement_libras,classification,360,90,False,A11 A21 A31 A42 A51 A61,A54,TR2,Random Forest,True,,3,0.8273333333333334,0.027438820836342286,1.92,ok,,0
movement_libras,classification,360,90,False,A11 A21 A31 A42 A51 A61,A54,TR3,Extra Trees,True,,1,0.8539999999999999,0.03511251755270321,1.5,ok,,0
movement_libras,classification,360,90,False,A11 A21 A31 A42 A51 A61,A54,EN1,AdaBoost,True,,15,0.31333333333333335,0.0753362831280888,0.94,ok,,0
movement_libras,classification,360,90,False,A11 A21 A31 A42 A51 A61,A54,EN2,Gradient Boosting (GBM),True,,7,0.698,0.03885013942488925,45.28,ok,,0
movement_libras,classification,360,90,False,A11 A21 A31 A42 A51 A61,A54,EN6,Stacking,True,,6,0.8006666666666666,0.04620726253643591,2.13,ok,,0
movement_libras,classification,360,90,False,A11 A21 A31 A42 A51 A61,A54,EN7,Voting Ensemble,True,,8,0.7906666666666667,0.028859814429217753,0.3,ok,,0
movement_libras,classification,360,90,False,A11 A21 A31 A42 A51 A61,A54,SV1,SVM (linear),True,,12,0.7173333333333333,0.012719189352225933,0.27,ok,,0
movement_libras,classification,360,90,False,A11 A21 A31 A42 A51 A61,A54,SV2,Kernel SVM (RBF/Poly),True,,9,0.808,0.037273761995984964,0.13,ok,,0
movement_libras,classification,360,90,False,A11 A21 A31 A42 A51 A61,A54,PR1,Naive Bayes,True,,16,0.6046666666666667,0.02315167380558042,0.07,ok,,0
movement_libras,classification,360,90,False,A11 A21 A31 A42 A51 A61,A54,IB1,k-Nearest Neighbors,True,,14,0.7206666666666667,0.03586394041683404,0.08,ok,,0
movement_libras,classification,360,90,False,A11 A21 A31 A42 A51 A61,A54,DR4,LDA (Linear Discriminant Analysis),True,,11,0.648,0.033770467045103864,0.15,ok,,0
movement_libras,classification,360,90,False,A11 A21 A31 A42 A51 A61,A54,NN1,Perceptron,True,,17,0.53,0.04642796092394705,0.12,ok,,0
movement_libras,classification,360,90,False,A11 A21 A31 A42 A51 A61,A54,NN2,MLP (Feedforward),True,,5,0.8493333333333336,0.040846596485441033,3.22,ok,,0
movement_libras,classification,360,90,False,A11 A21 A31 A42 A51 A61,A54,EN3,XGBoost,True,,4,0.7493333333333334,0.045136829012828755,2.94,ok,,0
movement_libras,classification,360,90,False,A11 A21 A31 A42 A51 A61,A54,EN4,LightGBM,True,,2,0.7793333333333334,0.029166190472303212,2.74,ok,,0
movement_libras,classification,360,90,False,A11 A21 A31 A42 A51 A61,A54,BASE-HGB,Histogram Gradient Boosting (baseline),False,,,0.7613333333333333,0.04514667454223199,7.1,ok,,0
horse_colic_outcome,classification,366,21,False,A11 A21 A38 A41 A51 A62,A54,LM2,Logistic Regression,True,,10,0.5601069518716577,0.05042027751559679,0.14,ok,,0
horse_colic_outcome,classification,366,21,False,A11 A21 A38 A41 A51 A62,A54,TR1,Decision Tree,True,,13,0.5241671618142206,0.027845101996447078,0.11,ok,,0
horse_colic_outcome,classification,366,21,False,A11 A21 A38 A41 A51 A62,A54,TR2,Random Forest,True,,3,0.49616953852247975,0.0165041839936929,1.74,ok,,0
horse_colic_outcome,classification,366,21,False,A11 A21 A38 A41 A51 A62,A54,TR3,Extra Trees,True,,1,0.5014062190532779,0.04426005594409333,1.52,ok,,0
horse_colic_outcome,classification,366,21,False,A11 A21 A38 A41 A51 A62,A54,EN1,AdaBoost,True,,15,0.5284769261239849,0.06237207136490702,0.47,ok,,0
horse_colic_outcome,classification,366,21,False,A11 A21 A38 A41 A51 A62,A54,EN2,Gradient Boosting (GBM),True,,7,0.5900059417706476,0.032049126314135166,2.06,ok,,0
horse_colic_outcome,classification,366,21,False,A11 A21 A38 A41 A51 A62,A54,EN6,Stacking,True,,6,0.5103782927312339,0.037807478278691194,0.89,ok,,0
horse_colic_outcome,classification,366,21,False,A11 A21 A38 A41 A51 A62,A54,EN7,Voting Ensemble,True,,8,0.5538284808873044,0.06394515964915622,0.23,ok,,0
horse_colic_outcome,classification,366,21,False,A11 A21 A38 A41 A51 A62,A54,SV1,SVM (linear),True,,12,0.5624123588829472,0.0823726145947051,0.11,ok,,0
horse_colic_outcome,classification,366,21,False,A11 A21 A38 A41 A51 A62,A54,SV2,Kernel SVM (RBF/Poly),True,,9,0.4843176866706278,0.02603101829087517,0.13,ok,,0
horse_colic_outcome,classification,366,21,False,A11 A21 A38 A41 A51 A62,A54,PR1,Naive Bayes,True,,16,0.5867855020796198,0.040985203595385496,0.11,ok,,0
horse_colic_outcome,classification,366,21,False,A11 A21 A38 A41 A51 A62,A54,IB1,k-Nearest Neighbors,True,,14,0.46231729055258464,0.033971718477552086,0.1,ok,,0
horse_colic_outcome,classification,366,21,False,A11 A21 A38 A41 A51 A62,A54,DR4,LDA (Linear Discriminant Analysis),True,,11,0.5394493959199842,0.07377307200430788,0.12,ok,,0
horse_colic_outcome,classification,366,21,False,A11 A21 A38 A41 A51 A62,A54,NN1,Perceptron,True,,17,0.5359635571400277,0.06562142410671254,0.12,ok,,0
horse_colic_outcome,classification,366,21,False,A11 A21 A38 A41 A51 A62,A54,NN2,MLP (Feedforward),True,,5,0.5712180629827689,0.06949212350644383,2.5,ok,,0
horse_colic_outcome,classification,366,21,False,A11 A21 A38 A41 A51 A62,A54,EN3,XGBoost,True,,4,0.5858665082194493,0.03626749076309476,0.77,ok,,0
horse_colic_outcome,classification,366,21,False,A11 A21 A38 A41 A51 A62,A54,EN4,LightGBM,True,,2,0.5725648643295702,0.045464932916410995,0.46,ok,,0
horse_colic_outcome,classification,366,21,False,A11 A21 A38 A41 A51 A62,A54,BASE-HGB,Histogram Gradient Boosting (baseline),False,,,0.618542285601109,0.0542779531254614,1.63,ok,,0
dermatology,classification,366,34,False,A11 A21 A38 A41 A51 A61,A54,LM2,Logistic Regression,True,,10,0.9656125356125356,0.022108262108262142,0.21,ok,,0
dermatology,classification,366,34,False,A11 A21 A38 A41 A51 A61,A54,TR1,Decision Tree,True,,13,0.9399413710283276,0.0251625924402823,0.15,ok,,0
dermatology,classification,366,34,False,A11 A21 A38 A41 A51 A61,A54,TR2,Random Forest,True,,3,0.9728632478632478,0.017895729679729747,1.74,ok,,0
dermatology,classification,366,34,False,A11 A21 A38 A41 A51 A61,A54,TR3,Extra Trees,True,,1,0.9728632478632478,0.017895729679729747,1.55,ok,,0
dermatology,classification,366,34,False,A11 A21 A38 A41 A51 A61,A54,EN1,AdaBoost,True,,15,0.5538772821381517,0.13028109647352973,0.53,ok,,0
dermatology,classification,366,34,False,A11 A21 A38 A41 A51 A61,A54,EN2,Gradient Boosting (GBM),True,,7,0.9555087505087506,0.02770084776113841,3.99,ok,,0
dermatology,classification,366,34,False,A11 A21 A38 A41 A51 A61,A54,EN6,Stacking,True,,6,0.9595848595848595,0.033263931247777795,0.95,ok,,0
dermatology,classification,366,34,False,A11 A21 A38 A41 A51 A61,A54,EN7,Voting Ensemble,True,,8,0.9769352869352869,0.014053010635684725,0.3,ok,,0
dermatology,classification,366,34,False,A11 A21 A38 A41 A51 A61,A54,SV1,SVM (linear),True,,12,0.9587555037555038,0.020932031913065304,0.16,ok,,0
dermatology,classification,366,34,False,A11 A21 A38 A41 A51 A61,A54,SV2,Kernel SVM (RBF/Poly),True,,9,0.9591595441595441,0.026155630599112724,0.22,ok,,0
dermatology,classification,366,34,False,A11 A21 A38 A41 A51 A61,A54,PR1,Naive Bayes,True,,16,0.9143732193732192,0.016071659158244926,0.14,ok,,0
dermatology,classification,366,34,False,A11 A21 A38 A41 A51 A61,A54,IB1,k-Nearest Neighbors,True,,14,0.9105043105043105,0.04392901592950496,0.14,ok,,0
dermatology,classification,366,34,False,A11 A21 A38 A41 A51 A61,A54,DR4,LDA (Linear Discriminant Analysis),True,,11,0.9619902319902319,0.025011677289992533,0.18,ok,,0
dermatology,classification,366,34,False,A11 A21 A38 A41 A51 A61,A54,NN1,Perceptron,True,,17,0.9527337477337477,0.035120982435670633,0.17,ok,,0
dermatology,classification,366,34,False,A11 A21 A38 A41 A51 A61,A54,NN2,MLP (Feedforward),True,,5,0.9674307174307175,0.017115296809534965,1.35,ok,,0
dermatology,classification,366,34,False,A11 A21 A38 A41 A51 A61,A54,EN3,XGBoost,True,,4,0.9582865282865283,0.023578016591367008,0.52,ok,,0
dermatology,classification,366,34,False,A11 A21 A38 A41 A51 A61,A54,EN4,LightGBM,True,,2,0.9471754171754171,0.03020369229545446,0.64,ok,,0
dermatology,classification,366,34,False,A11 A21 A38 A41 A51 A61,A54,BASE-HGB,Histogram Gradient Boosting (baseline),False,,,0.9588420838420838,0.02164343154164884,2.93,ok,,0
horse_colic_surgery,classification,368,20,False,A11 A21 A38 A41 A51 A62,A54,LM2,Logistic Regression,True,,10,0.6911141946757118,0.02316676741539352,0.12,ok,,0
horse_colic_surgery,classification,368,20,False,A11 A21 A38 A41 A51 A62,A54,TR1,Decision Tree,True,,13,0.6819232143468961,0.05980335755631211,0.11,ok,,0
horse_colic_surgery,classification,368,20,False,A11 A21 A38 A41 A51 A62,A54,TR2,Random Forest,True,,3,0.7375625890195733,0.027133012738408978,1.62,ok,,0
horse_colic_surgery,classification,368,20,False,A11 A21 A38 A41 A51 A62,A54,TR3,Extra Trees,True,,1,0.7164573024193744,0.014684995905602103,1.39,ok,,0
horse_colic_surgery,classification,368,20,False,A11 A21 A38 A41 A51 A62,A54,EN1,AdaBoost,True,,15,0.6891585784277735,0.04584183110897826,0.44,ok,,0
horse_colic_surgery,classification,368,20,False,A11 A21 A38 A41 A51 A62,A54,EN2,Gradient Boosting (GBM),True,,7,0.711637397275695,0.054720003844997415,0.69,ok,,0
horse_colic_surgery,classification,368,20,False,A11 A21 A38 A41 A51 A62,A54,EN6,Stacking,True,,6,0.6946781590629879,0.03655407805645249,0.54,ok,,0
horse_colic_surgery,classification,368,20,False,A11 A21 A38 A41 A51 A62,A54,EN7,Voting Ensemble,True,,8,0.7044612572133386,0.03243851239736267,0.19,ok,,0
horse_colic_surgery,classification,368,20,False,A11 A21 A38 A41 A51 A62,A54,SV1,SVM (linear),True,,12,0.6846387090142873,0.023029275300952046,0.1,ok,,0
horse_colic_surgery,classification,368,20,False,A11 A21 A38 A41 A51 A62,A54,SV2,Kernel SVM (RBF/Poly),True,,9,0.7135002618582637,0.035199488083875706,0.12,ok,,0
horse_colic_surgery,classification,368,20,False,A11 A21 A38 A41 A51 A62,A54,PR1,Naive Bayes,True,,16,0.7429727765296683,0.03323516651873863,0.1,ok,,0
horse_colic_surgery,classification,368,20,False,A11 A21 A38 A41 A51 A62,A54,IB1,k-Nearest Neighbors,True,,14,0.6899972590536884,0.026198625314831057,0.1,ok,,0
horse_colic_surgery,classification,368,20,False,A11 A21 A38 A41 A51 A62,A54,DR4,LDA (Linear Discriminant Analysis),True,,11,0.6838390624005795,0.039122593386108497,0.11,ok,,0
horse_colic_surgery,classification,368,20,False,A11 A21 A38 A41 A51 A62,A54,NN1,Perceptron,True,,17,0.6458950658071843,0.07325534230757613,0.1,ok,,0
horse_colic_surgery,classification,368,20,False,A11 A21 A38 A41 A51 A62,A54,NN2,MLP (Feedforward),True,,5,0.7087007914482475,0.03220633129369142,2.58,ok,,0
horse_colic_surgery,classification,368,20,False,A11 A21 A38 A41 A51 A62,A54,EN3,XGBoost,True,,4,0.721621538943463,0.03940292934177346,0.28,ok,,0
horse_colic_surgery,classification,368,20,False,A11 A21 A38 A41 A51 A62,A54,EN4,LightGBM,True,,2,0.7247801124766897,0.04338786581827921,0.2,ok,,0
horse_colic_surgery,classification,368,20,False,A11 A21 A38 A41 A51 A62,A54,BASE-HGB,Histogram Gradient Boosting (baseline),False,,,0.7306114757548615,0.03805342763405593,0.63,ok,,0
horse_colic_lesion_type,classification,368,20,False,A11 A21 A38 A41 A51 A62,A54,LM2,Logistic Regression,True,,10,0.3567410256410256,0.0519144705751232,0.16,ok,,0
horse_colic_lesion_type,classification,368,20,False,A11 A21 A38 A41 A51 A62,A54,TR1,Decision Tree,True,,13,0.31948717948717953,0.04850939097217963,0.14,ok,,0
horse_colic_lesion_type,classification,368,20,False,A11 A21 A38 A41 A51 A62,A54,TR2,Random Forest,True,,3,0.3317,0.039917943941549766,1.73,ok,,0
horse_colic_lesion_type,classification,368,20,False,A11 A21 A38 A41 A51 A62,A54,TR3,Extra Trees,True,,1,0.3424692307692308,0.04234833292793412,1.51,ok,,0
horse_colic_lesion_type,classification,368,20,False,A11 A21 A38 A41 A51 A62,A54,EN1,AdaBoost,True,,15,0.3487358974358974,0.06134500607130324,0.45,ok,,0
horse_colic_lesion_type,classification,368,20,False,A11 A21 A38 A41 A51 A62,A54,EN2,Gradient Boosting (GBM),True,,7,0.3356153846153846,0.04771495740083307,2.95,ok,,0
horse_colic_lesion_type,classification,368,20,False,A11 A21 A38 A41 A51 A62,A54,EN6,Stacking,True,,6,0.36381538461538465,0.05588357191042336,0.85,ok,,0
horse_colic_lesion_type,classification,368,20,False,A11 A21 A38 A41 A51 A62,A54,EN7,Voting Ensemble,True,,8,0.3339025641025641,0.025678545113741316,0.22,ok,,0
horse_colic_lesion_type,classification,368,20,False,A11 A21 A38 A41 A51 A62,A54,SV1,SVM (linear),True,,12,0.3616179487179487,0.04729395700820301,0.11,ok,,0
horse_colic_lesion_type,classification,368,20,False,A11 A21 A38 A41 A51 A62,A54,SV2,Kernel SVM (RBF/Poly),True,,9,0.3339820512820513,0.047132340294575414,0.13,ok,,0
horse_colic_lesion_type,classification,368,20,False,A11 A21 A38 A41 A51 A62,A54,PR1,Naive Bayes,True,,16,0.39145897435897437,0.060486800903153226,0.1,ok,,0
horse_colic_lesion_type,classification,368,20,False,A11 A21 A38 A41 A51 A62,A54,IB1,k-Nearest Neighbors,True,,14,0.2713,0.02068939642088079,0.1,ok,,0
horse_colic_lesion_type,classification,368,20,False,A11 A21 A38 A41 A51 A62,A54,DR4,LDA (Linear Discriminant Analysis),True,,11,0.35002820512820515,0.044897198230418406,0.12,ok,,0
horse_colic_lesion_type,classification,368,20,False,A11 A21 A38 A41 A51 A62,A54,NN1,Perceptron,True,,17,0.37341025641025644,0.06144492945465109,0.12,ok,,0
horse_colic_lesion_type,classification,368,20,False,A11 A21 A38 A41 A51 A62,A54,NN2,MLP (Feedforward),True,,5,0.3542358974358974,0.04221032743624269,3.13,ok,,0
horse_colic_lesion_type,classification,368,20,False,A11 A21 A38 A41 A51 A62,A54,EN3,XGBoost,True,,4,0.349751282051282,0.04495917835777452,0.63,ok,,0
horse_colic_lesion_type,classification,368,20,False,A11 A21 A38 A41 A51 A62,A54,EN4,LightGBM,True,,2,0.35681538461538465,0.054591378255926616,0.55,ok,,0
horse_colic_lesion_type,classification,368,20,False,A11 A21 A38 A41 A51 A62,A54,BASE-HGB,Histogram Gradient Boosting (baseline),False,,,0.3439615384615385,0.05518085917177179,2.15,ok,,0
cars,classification,392,8,False,A11 A21 A38 A41 A51 A61,A53,LM2,Logistic Regression,True,,10,0.6284157509157509,0.03732795272560016,0.09,ok,,0
cars,classification,392,8,False,A11 A21 A38 A41 A51 A61,A53,TR1,Decision Tree,True,,13,0.8523155416012559,0.08620111053454665,0.07,ok,,0
cars,classification,392,8,False,A11 A21 A38 A41 A51 A61,A53,TR2,Random Forest,True,,3,0.8778000174428747,0.08092525236091894,1.68,ok,,0
cars,classification,392,8,False,A11 A21 A38 A41 A51 A61,A53,TR3,Extra Trees,True,,1,0.8609532530961103,0.08573349124154468,1.37,ok,,0
cars,classification,392,8,False,A11 A21 A38 A41 A51 A61,A53,EN1,AdaBoost,True,,15,0.8026465201465202,0.06561510272624912,0.38,ok,,0
cars,classification,392,8,False,A11 A21 A38 A41 A51 A61,A53,EN2,Gradient Boosting (GBM),True,,7,0.9599590092447234,0.038632728736052266,1.43,ok,,0
cars,classification,392,8,False,A11 A21 A38 A41 A51 A61,A53,EN6,Stacking,True,,6,0.8052237048665619,0.044730506860693936,0.52,ok,,0
cars,classification,392,8,False,A11 A21 A38 A41 A51 A61,A53,EN7,Voting Ensemble,True,,8,0.8211215768358626,0.050335954052010974,0.16,ok,,0
cars,classification,392,8,False,A11 A21 A38 A41 A51 A61,A53,SV1,SVM (linear),True,,12,0.6655463980463981,0.03787777296293048,0.08,ok,,0
cars,classification,392,8,False,A11 A21 A38 A41 A51 A61,A53,SV2,Kernel SVM (RBF/Poly),True,,9,0.6709715681144253,0.03827007052842042,0.08,ok,,0
cars,classification,392,8,False,A11 A21 A38 A41 A51 A61,A53,PR1,Naive Bayes,True,,16,0.6616474795046223,0.07833618255916423,0.07,ok,,0
cars,classification,392,8,False,A11 A21 A38 A41 A51 A61,A53,IB1,k-Nearest Neighbors,True,,14,0.7395216291644864,0.08154459494783496,0.07,ok,,0
cars,classification,392,8,False,A11 A21 A38 A41 A51 A61,A53,DR4,LDA (Linear Discriminant Analysis),True,,11,0.6740785801500088,0.044806464592377734,0.07,ok,,0
cars,classification,392,8,False,A11 A21 A38 A41 A51 A61,A53,NN1,Perceptron,True,,17,0.6332417582417583,0.06661064927121844,0.08,ok,,0
cars,classification,392,8,False,A11 A21 A38 A41 A51 A61,A53,NN2,MLP (Feedforward),True,,5,0.7331214024071167,0.0702697289010125,2.26,ok,,0
cars,classification,392,8,False,A11 A21 A38 A41 A51 A61,A53,EN3,XGBoost,True,,4,0.9453035060177918,0.035798720353130885,0.3,ok,,0
cars,classification,392,8,False,A11 A21 A38 A41 A51 A61,A53,EN4,LightGBM,True,,2,0.9351844583987441,0.034035689505843465,0.35,ok,,0
cars,classification,392,8,False,A11 A21 A38 A41 A51 A61,A53,BASE-HGB,Histogram Gradient Boosting (baseline),False,,,0.9757391418105705,0.011354384413572054,0.99,ok,,0
calendarDOW,classification,399,32,False,A11 A21 A38 A41 A51 A61,A54,LM2,Logistic Regression,True,,10,0.60040608875129,0.04836061906185815,0.21,ok,,0
calendarDOW,classification,399,32,False,A11 A21 A38 A41 A51 A61,A54,TR1,Decision Tree,True,,13,0.5590911592707257,0.051415330891737915,0.13,ok,,0
calendarDOW,classification,399,32,False,A11 A21 A38 A41 A51 A61,A54,TR2,Random Forest,True,,3,0.5883598211214311,0.05318713016555268,1.77,ok,,0
calendarDOW,classification,399,32,False,A11 A21 A38 A41 A51 A61,A54,TR3,Extra Trees,True,,1,0.5725577915376677,0.055112959704050564,1.54,ok,,0
calendarDOW,classification,399,32,False,A11 A21 A38 A41 A51 A61,A54,EN1,AdaBoost,True,,15,0.5147241142070863,0.05837342230477083,0.52,ok,,0
calendarDOW,classification,399,32,False,A11 A21 A38 A41 A51 A61,A54,EN2,Gradient Boosting (GBM),True,,7,0.6025978672170622,0.05763668158961041,3.62,ok,,0
calendarDOW,classification,399,32,False,A11 A21 A38 A41 A51 A61,A54,EN6,Stacking,True,,6,0.5625595115239078,0.05704508345360864,1.52,ok,,0
calendarDOW,classification,399,32,False,A11 A21 A38 A41 A51 A61,A54,EN7,Voting Ensemble,True,,8,0.5990653594771242,0.03965545175873435,0.31,ok,,0
calendarDOW,classification,399,32,False,A11 A21 A38 A41 A51 A61,A54,SV1,SVM (linear),True,,12,0.5874014447884417,0.0545249116688289,0.21,ok,,0
calendarDOW,classification,399,32,False,A11 A21 A38 A41 A51 A61,A54,SV2,Kernel SVM (RBF/Poly),True,,9,0.5511781905744754,0.05516011579555721,0.17,ok,,0
calendarDOW,classification,399,32,False,A11 A21 A38 A41 A51 A61,A54,PR1,Naive Bayes,True,,16,0.5559306845545235,0.06918924317604128,0.12,ok,,0
calendarDOW,classification,399,32,False,A11 A21 A38 A41 A51 A61,A54,IB1,k-Nearest Neighbors,True,,14,0.5685951152390781,0.04821411482856974,0.12,ok,,0
calendarDOW,classification,399,32,False,A11 A21 A38 A41 A51 A61,A54,DR4,LDA (Linear Discriminant Analysis),True,,11,0.6138037495700033,0.057726724030716,0.16,ok,,0
calendarDOW,classification,399,32,False,A11 A21 A38 A41 A51 A61,A54,NN1,Perceptron,True,,17,0.5379950120399037,0.06367153733568942,0.14,ok,,0
calendarDOW,classification,399,32,False,A11 A21 A38 A41 A51 A61,A54,NN2,MLP (Feedforward),True,,5,0.6108300653594771,0.06629087461939118,4.13,ok,,0
calendarDOW,classification,399,32,False,A11 A21 A38 A41 A51 A61,A54,EN3,XGBoost,True,,4,0.5864926040591675,0.059496104419836264,0.85,ok,,0
calendarDOW,classification,399,32,False,A11 A21 A38 A41 A51 A61,A54,EN4,LightGBM,True,,2,0.5778376332989337,0.07226063474773671,0.69,ok,,0
calendarDOW,classification,399,32,False,A11 A21 A38 A41 A51 A61,A54,BASE-HGB,Histogram Gradient Boosting (baseline),False,,,0.5814926040591676,0.06582190162356849,3.51,ok,,0
analcatdata_germangss,classification,400,5,False,A11 A21 A38 A41 A51 A61,A54,LM2,Logistic Regression,True,,10,0.34249999999999997,0.032210246816812824,0.1,ok,,0
analcatdata_germangss,classification,400,5,False,A11 A21 A38 A41 A51 A61,A54,TR1,Decision Tree,True,,13,0.31000000000000005,0.042130748865881786,0.08,ok,,0
analcatdata_germangss,classification,400,5,False,A11 A21 A38 A41 A51 A61,A54,TR2,Random Forest,True,,3,0.1125,0.03535533905932738,1.67,ok,,0
analcatdata_germangss,classification,400,5,False,A11 A21 A38 A41 A51 A61,A54,TR3,Extra Trees,True,,1,0.0375,0.0223606797749979,1.49,ok,,0
analcatdata_germangss,classification,400,5,False,A11 A21 A38 A41 A51 A61,A54,EN1,AdaBoost,True,,15,0.34750000000000003,0.026692695630078277,0.37,ok,,0
analcatdata_germangss,classification,400,5,False,A11 A21 A38 A41 A51 A61,A54,EN2,Gradient Boosting (GBM),True,,7,0.3875,0.02499999999999999,1.49,ok,,0
analcatdata_germangss,classification,400,5,False,A11 A21 A38 A41 A51 A61,A54,EN6,Stacking,True,,6,0.39249999999999996,0.033166247903554005,0.54,ok,,0
analcatdata_germangss,classification,400,5,False,A11 A21 A38 A41 A51 A61,A54,EN7,Voting Ensemble,True,,8,0.3175,0.04077376607575021,0.16,ok,,0
analcatdata_germangss,classification,400,5,False,A11 A21 A38 A41 A51 A61,A54,SV1,SVM (linear),True,,12,0.35500000000000004,0.020310096011589885,0.08,ok,,0
analcatdata_germangss,classification,400,5,False,A11 A21 A38 A41 A51 A61,A54,SV2,Kernel SVM (RBF/Poly),True,,9,0.2,0.04330127018922192,0.1,ok,,0
analcatdata_germangss,classification,400,5,False,A11 A21 A38 A41 A51 A61,A54,PR1,Naive Bayes,True,,16,0.29250000000000004,0.012747548783981983,0.07,ok,,0
analcatdata_germangss,classification,400,5,False,A11 A21 A38 A41 A51 A61,A54,IB1,k-Nearest Neighbors,True,,14,0.21000000000000002,0.04286607049870563,0.09,ok,,0
analcatdata_germangss,classification,400,5,False,A11 A21 A38 A41 A51 A61,A54,DR4,LDA (Linear Discriminant Analysis),True,,11,0.27249999999999996,0.02423839928708164,0.1,ok,,0
analcatdata_germangss,classification,400,5,False,A11 A21 A38 A41 A51 A61,A54,NN1,Perceptron,True,,17,0.32999999999999996,0.03588175023601831,0.09,ok,,0
analcatdata_germangss,classification,400,5,False,A11 A21 A38 A41 A51 A61,A54,NN2,MLP (Feedforward),True,,5,0.2,0.0447213595499958,2.33,ok,,0
analcatdata_germangss,classification,400,5,False,A11 A21 A38 A41 A51 A61,A54,EN3,XGBoost,True,,4,0.3625,0.04677071733467427,0.49,ok,,0
analcatdata_germangss,classification,400,5,False,A11 A21 A38 A41 A51 A61,A54,EN4,LightGBM,True,,2,0.38750000000000007,0.027386127875258313,0.35,ok,,0
analcatdata_germangss,classification,400,5,False,A11 A21 A38 A41 A51 A61,A54,BASE-HGB,Histogram Gradient Boosting (baseline),False,,,0.365,0.02423839928708164,1.29,ok,,0
congressional_voting_records,classification,435,16,False,A11 A21 A32 A41 A51 A61,A53,LM2,Logistic Regression,False,needs A31 data (yours is A32),,0.9581833877061403,0.029009872090919084,0.09,ok,,0
congressional_voting_records,classification,435,16,False,A11 A21 A32 A41 A51 A61,A53,TR1,Decision Tree,True,,12,0.9418825696850114,0.018789161380322873,0.09,ok,,0
congressional_voting_records,classification,435,16,False,A11 A21 A32 A41 A51 A61,A53,TR2,Random Forest,True,,3,0.9543556168417433,0.022034985510119492,1.62,ok,,0
congressional_voting_records,classification,435,16,False,A11 A21 A32 A41 A51 A61,A53,TR3,Extra Trees,True,,1,0.9543556168417433,0.022034985510119492,1.3,ok,,0
congressional_voting_records,classification,435,16,False,A11 A21 A32 A41 A51 A61,A53,EN1,AdaBoost,True,,13,0.9599810535992557,0.026411810025603746,0.4,ok,,0
congressional_voting_records,classification,435,16,False,A11 A21 A32 A41 A51 A61,A53,EN2,Gradient Boosting (GBM),True,,7,0.9505820319360829,0.021709346092866816,0.57,ok,,0
congressional_voting_records,classification,435,16,False,A11 A21 A32 A41 A51 A61,A53,EN6,Stacking,True,,6,0.9544098028004798,0.025962070993056786,0.62,ok,,0
congressional_voting_records,classification,435,16,False,A11 A21 A32 A41 A51 A61,A53,EN7,Voting Ensemble,True,,8,0.9525230103476497,0.018108416207869793,0.16,ok,,0
congressional_voting_records,classification,435,16,False,A11 A21 A32 A41 A51 A61,A53,SV1,SVM (linear),True,,11,0.9580942611464256,0.025532381656684044,0.09,ok,,0
congressional_voting_records,classification,435,16,False,A11 A21 A32 A41 A51 A61,A53,SV2,Kernel SVM (RBF/Poly),True,,9,0.952903993692007,0.018785584370795794,0.09,ok,,0
congressional_voting_records,classification,435,16,False,A11 A21 A32 A41 A51 A61,A53,PR1,Naive Bayes,False,needs A31 data (yours is A32),,0.938906452613445,0.033799164267845454,0.09,ok,,0
congressional_voting_records,classification,435,16,False,A11 A21 A32 A41 A51 A61,A53,IB1,k-Nearest Neighbors,False,needs A31 data (yours is A32),,0.9375334925279433,0.028218890837437425,0.09,ok,,0
congressional_voting_records,classification,435,16,False,A11 A21 A32 A41 A51 A61,A53,DR4,LDA (Linear Discriminant Analysis),True,,10,0.9571127479007611,0.022352586764711305,0.1,ok,,0
congressional_voting_records,classification,435,16,False,A11 A21 A32 A41 A51 A61,A53,NN1,Perceptron,False,needs A31 data (yours is A32),,0.9379395135221994,0.038616843118454015,0.09,ok,,0
congressional_voting_records,classification,435,16,False,A11 A21 A32 A41 A51 A61,A53,NN2,MLP (Feedforward),True,,5,0.9531422250623139,0.028385734153480367,1.27,ok,,0
congressional_voting_records,classification,435,16,False,A11 A21 A32 A41 A51 A61,A53,EN3,XGBoost,True,,4,0.9452839531085925,0.027863283884955212,0.17,ok,,0
congressional_voting_records,classification,435,16,False,A11 A21 A32 A41 A51 A61,A53,EN4,LightGBM,True,,2,0.945229767149856,0.0326460717548277,0.19,ok,,0
congressional_voting_records,classification,435,16,False,A11 A21 A32 A41 A51 A61,A53,BASE-HGB,Histogram Gradient Boosting (baseline),False,,,0.9513253138114404,0.029525742323950527,0.54,ok,,0
saheart,classification,462,9,False,A11 A21 A38 A41 A51 A61,A53,LM2,Logistic Regression,True,,10,0.6877288251366119,0.05564791671235082,0.08,ok,,0
saheart,classification,462,9,False,A11 A21 A38 A41 A51 A61,A53,TR1,Decision Tree,True,,13,0.5551775956284153,0.02430878017453793,0.08,ok,,0
saheart,classification,462,9,False,A11 A21 A38 A41 A51 A61,A53,TR2,Random Forest,True,,3,0.6233811475409835,0.03187454714835004,1.58,ok,,0
saheart,classification,462,9,False,A11 A21 A38 A41 A51 A61,A53,TR3,Extra Trees,True,,1,0.6235621584699453,0.05143587578418789,1.28,ok,,0
saheart,classification,462,9,False,A11 A21 A38 A41 A51 A61,A53,EN1,AdaBoost,True,,15,0.6576024590163936,0.03242978739256968,0.4,ok,,0
saheart,classification,462,9,False,A11 A21 A38 A41 A51 A61,A53,EN2,Gradient Boosting (GBM),True,,7,0.6433811475409836,0.0263227376395646,0.65,ok,,0
saheart,classification,462,9,False,A11 A21 A38 A41 A51 A61,A53,EN6,Stacking,True,,6,0.6541325136612022,0.03973352788267767,0.46,ok,,0
saheart,classification,462,9,False,A11 A21 A38 A41 A51 A61,A53,EN7,Voting Ensemble,True,,8,0.6138251366120219,0.06784852483615028,0.14,ok,,0
saheart,classification,462,9,False,A11 A21 A38 A41 A51 A61,A53,SV1,SVM (linear),True,,12,0.6768954918032787,0.06342478038700614,0.07,ok,,0
saheart,classification,462,9,False,A11 A21 A38 A41 A51 A61,A53,SV2,Kernel SVM (RBF/Poly),True,,9,0.65239412568306,0.03104153759216154,0.09,ok,,0
saheart,classification,462,9,False,A11 A21 A38 A41 A51 A61,A53,PR1,Naive Bayes,True,,16,0.6851400273224043,0.06426162512341982,0.07,ok,,0
saheart,classification,462,9,False,A11 A21 A38 A41 A51 A61,A53,IB1,k-Nearest Neighbors,True,,14,0.5852117486338797,0.03565959606607663,0.08,ok,,0
saheart,classification,462,9,False,A11 A21 A38 A41 A51 A61,A53,DR4,LDA (Linear Discriminant Analysis),True,,11,0.6862431693989072,0.0678084470099841,0.07,ok,,0
saheart,classification,462,9,False,A11 A21 A38 A41 A51 A61,A53,NN1,Perceptron,True,,17,0.6118613387978142,0.046483605031703484,0.08,ok,,0
saheart,classification,462,9,False,A11 A21 A38 A41 A51 A61,A53,NN2,MLP (Feedforward),True,,5,0.623681693989071,0.012752008732304513,2.51,ok,,0
saheart,classification,462,9,False,A11 A21 A38 A41 A51 A61,A53,EN3,XGBoost,True,,4,0.6093784153005465,0.0459724133891188,0.25,ok,,0
saheart,classification,462,9,False,A11 A21 A38 A41 A51 A61,A53,EN4,LightGBM,True,,2,0.6318784153005464,0.0031321750917436006,0.17,ok,,0
saheart,classification,462,9,False,A11 A21 A38 A41 A51 A61,A53,BASE-HGB,Histogram Gradient Boosting (baseline),False,,,0.6173497267759562,0.009971934857063292,0.5,ok,,0
collins,classification,485,23,False,A11 A21 A38 A41 A51 A61,A54,LM2,Logistic Regression,True,,10,0.6331715506715507,0.026258403420962927,0.17,ok,,0
collins,classification,485,23,False,A11 A21 A38 A41 A51 A61,A54,TR1,Decision Tree,True,,13,0.9897435897435898,0.012561485860426536,0.09,ok,,0
collins,classification,485,23,False,A11 A21 A38 A41 A51 A61,A54,TR2,Random Forest,True,,3,0.9756410256410257,0.018311354944981678,1.76,ok,,0
collins,classification,485,23,False,A11 A21 A38 A41 A51 A61,A54,TR3,Extra Trees,True,,1,0.9910256410256411,0.011176663957796613,1.47,ok,,0
collins,classification,485,23,False,A11 A21 A38 A41 A51 A61,A54,EN1,AdaBoost,True,,15,0.24615384615384617,0.05756395979652218,0.55,ok,,0
collins,classification,485,23,False,A11 A21 A38 A41 A51 A61,A54,EN2,Gradient Boosting (GBM),True,,7,0.9694902319902321,0.02063880814613578,12.65,ok,,0
collins,classification,485,23,False,A11 A21 A38 A41 A51 A61,A54,EN6,Stacking,True,,6,0.9626282051282052,0.016109524055228867,1.08,ok,,0
collins,classification,485,23,False,A11 A21 A38 A41 A51 A61,A54,EN7,Voting Ensemble,True,,8,0.9169505494505495,0.04922397898728596,0.25,ok,,0
collins,classification,485,23,False,A11 A21 A38 A41 A51 A61,A54,SV1,SVM (linear),True,,12,0.6313400488400489,0.02786033198169637,0.12,ok,,0
collins,classification,485,23,False,A11 A21 A38 A41 A51 A61,A54,SV2,Kernel SVM (RBF/Poly),True,,9,0.6475244200244201,0.022788355995741673,0.13,ok,,0
collins,classification,485,23,False,A11 A21 A38 A41 A51 A61,A54,PR1,Naive Bayes,True,,16,1.0,0.0,0.08,ok,,0
collins,classification,485,23,False,A11 A21 A38 A41 A51 A61,A54,IB1,k-Nearest Neighbors,True,,14,0.5400732600732601,0.050795161980314175,0.08,ok,,0
collins,classification,485,23,False,A11 A21 A38 A41 A51 A61,A54,DR4,LDA (Linear Discriminant Analysis),True,,11,1.0,0.0,0.09,ok,,0
collins,classification,485,23,False,A11 A21 A38 A41 A51 A61,A54,NN1,Perceptron,True,,17,0.5034890109890109,0.042450944517252696,0.11,ok,,0
collins,classification,485,23,False,A11 A21 A38 A41 A51 A61,A54,NN2,MLP (Feedforward),True,,5,0.6447680097680097,0.03258272328884957,3.42,ok,,0
collins,classification,485,23,False,A11 A21 A38 A41 A51 A61,A54,EN3,XGBoost,True,,4,0.9774358974358975,0.023014159663914745,0.71,ok,,0
collins,classification,485,23,False,A11 A21 A38 A41 A51 A61,A54,EN4,LightGBM,True,,2,0.9846794871794872,0.019944449480714083,1.15,ok,,0
collins,classification,485,23,False,A11 A21 A38 A41 A51 A61,A54,BASE-HGB,Histogram Gradient Boosting (baseline),False,,,0.967887667887668,0.018339096911151688,3.18,ok,,0
irish,classification,500,5,False,A11 A21 A38 A41 A51 A61,A54,LM2,Logistic Regression,True,,10,1.0,0.0,0.09,ok,,0
irish,classification,500,5,False,A11 A21 A38 A41 A51 A61,A54,TR1,Decision Tree,True,,13,1.0,0.0,0.08,ok,,0
irish,classification,500,5,False,A11 A21 A38 A41 A51 A61,A54,TR2,Random Forest,True,,3,1.0,0.0,1.79,ok,,0
irish,classification,500,5,False,A11 A21 A38 A41 A51 A61,A54,TR3,Extra Trees,True,,1,1.0,0.0,1.34,ok,,0
irish,classification,500,5,False,A11 A21 A38 A41 A51 A61,A54,EN1,AdaBoost,True,,15,1.0,0.0,0.41,ok,,0
irish,classification,500,5,False,A11 A21 A38 A41 A51 A61,A54,EN2,Gradient Boosting (GBM),True,,7,1.0,0.0,0.43,ok,,0
irish,classification,500,5,False,A11 A21 A38 A41 A51 A61,A54,EN6,Stacking,True,,6,1.0,0.0,0.81,ok,,0
irish,classification,500,5,False,A11 A21 A38 A41 A51 A61,A54,EN7,Voting Ensemble,True,,8,1.0,0.0,0.15,ok,,0
irish,classification,500,5,False,A11 A21 A38 A41 A51 A61,A54,SV1,SVM (linear),True,,12,1.0,0.0,0.08,ok,,0
irish,classification,500,5,False,A11 A21 A38 A41 A51 A61,A54,SV2,Kernel SVM (RBF/Poly),True,,9,1.0,0.0,0.11,ok,,0
irish,classification,500,5,False,A11 A21 A38 A41 A51 A61,A54,PR1,Naive Bayes,True,,16,0.9964285714285716,0.004374088826398517,0.09,ok,,0
irish,classification,500,5,False,A11 A21 A38 A41 A51 A61,A54,IB1,k-Nearest Neighbors,True,,14,0.967550505050505,0.013923870415908653,0.09,ok,,0
irish,classification,500,5,False,A11 A21 A38 A41 A51 A61,A54,DR4,LDA (Linear Discriminant Analysis),True,,11,0.98245670995671,0.014548242220098009,0.1,ok,,0
irish,classification,500,5,False,A11 A21 A38 A41 A51 A61,A54,NN1,Perceptron,True,,17,1.0,0.0,0.08,ok,,0
irish,classification,500,5,False,A11 A21 A38 A41 A51 A61,A54,NN2,MLP (Feedforward),True,,5,1.0,0.0,0.86,ok,,0
irish,classification,500,5,False,A11 A21 A38 A41 A51 A61,A54,EN3,XGBoost,True,,4,0.9852164502164502,0.014151540974551988,0.15,ok,,0
irish,classification,500,5,False,A11 A21 A38 A41 A51 A61,A54,EN4,LightGBM,True,,2,0.9834307359307359,0.011328506821690712,0.17,ok,,0
irish,classification,500,5,False,A11 A21 A38 A41 A51 A61,A54,BASE-HGB,Histogram Gradient Boosting (baseline),False,,,0.9833477633477633,0.008954674191300142,0.57,ok,,0
threeOf9,classification,512,9,False,A11 A21 A32 A41 A51 A61,A53,LM2,Logistic Regression,False,needs A31 data (yours is A32),,0.8049880901210689,0.02745633463045478,0.07,ok,,0
threeOf9,classification,512,9,False,A11 A21 A32 A41 A51 A61,A53,TR1,Decision Tree,True,,12,0.9846254208754208,0.009651193745048513,0.07,ok,,0
threeOf9,classification,512,9,False,A11 A21 A32 A41 A51 A61,A53,TR2,Random Forest,True,,3,0.9923841249373165,0.0069206648697287525,1.69,ok,,0
threeOf9,classification,512,9,False,A11 A21 A32 A41 A51 A61,A53,TR3,Extra Trees,True,,1,0.9939708252740168,0.00495116581790767,1.31,ok,,0
threeOf9,classification,512,9,False,A11 A21 A32 A41 A51 A61,A53,EN1,AdaBoost,True,,13,0.8049437638799339,0.03404038798878155,0.38,ok,,0
threeOf9,classification,512,9,False,A11 A21 A32 A41 A51 A61,A53,EN2,Gradient Boosting (GBM),True,,7,1.0,0.0,0.53,ok,,0
threeOf9,classification,512,9,False,A11 A21 A32 A41 A51 A61,A53,EN6,Stacking,True,,6,0.9716386381545956,0.015706666269810272,0.73,ok,,0
threeOf9,classification,512,9,False,A11 A21 A32 A41 A51 A61,A53,EN7,Voting Ensemble,True,,8,0.9724784189411849,0.0157139663907896,0.14,ok,,0
threeOf9,classification,512,9,False,A11 A21 A32 A41 A51 A61,A53,SV1,SVM (linear),True,,11,0.8070714234544022,0.029674802319803732,0.07,ok,,0
threeOf9,classification,512,9,False,A11 A21 A32 A41 A51 A61,A53,SV2,Kernel SVM (RBF/Poly),True,,9,0.997872340425532,0.004255319148936198,0.09,ok,,0
threeOf9,classification,512,9,False,A11 A21 A32 A41 A51 A61,A53,PR1,Naive Bayes,False,needs A31 data (yours is A32),,0.7868562397019845,0.03149017000899283,0.07,ok,,0
threeOf9,classification,512,9,False,A11 A21 A32 A41 A51 A61,A53,IB1,k-Nearest Neighbors,False,needs A31 data (yours is A32),,0.9446268536428111,0.02707113718063268,0.07,ok,,0
threeOf9,classification,512,9,False,A11 A21 A32 A41 A51 A61,A53,DR4,LDA (Linear Discriminant Analysis),True,,10,0.8007770972132674,0.029745834031456888,0.07,ok,,0
threeOf9,classification,512,9,False,A11 A21 A32 A41 A51 A61,A53,NN1,Perceptron,False,needs A31 data (yours is A32),,0.7526190987893114,0.06067302285191268,0.07,ok,,0
threeOf9,classification,512,9,False,A11 A21 A32 A41 A51 A61,A53,NN2,MLP (Feedforward),True,,5,0.9945117845117846,0.004481530809959541,3.19,ok,,0
threeOf9,classification,512,9,False,A11 A21 A32 A41 A51 A61,A53,EN3,XGBoost,True,,4,0.9962962962962962,0.00740740740740744,0.16,ok,,0
threeOf9,classification,512,9,False,A11 A21 A32 A41 A51 A61,A53,EN4,LightGBM,True,,2,1.0,0.0,0.17,ok,,0
threeOf9,classification,512,9,False,A11 A21 A32 A41 A51 A61,A53,BASE-HGB,Histogram Gradient Boosting (baseline),False,,,1.0,0.0,0.53,ok,,0
monk3,classification,554,6,False,A11 A21 A32 A41 A51 A61,A54,LM2,Logistic Regression,False,needs A31 data (yours is A32),,0.9645876692019211,0.00987155402130663,0.07,ok,,0
monk3,classification,554,6,False,A11 A21 A32 A41 A51 A61,A54,TR1,Decision Tree,True,,12,0.9697231131758406,0.011949936202737954,0.06,ok,,0
monk3,classification,554,6,False,A11 A21 A32 A41 A51 A61,A54,TR2,Random Forest,True,,3,0.9783438028310132,0.012175711034864128,1.62,ok,,0
monk3,classification,554,6,False,A11 A21 A32 A41 A51 A61,A54,TR3,Extra Trees,True,,1,0.9783438028310132,0.012175711034864128,1.27,ok,,0
monk3,classification,554,6,False,A11 A21 A32 A41 A51 A61,A54,EN1,AdaBoost,True,,13,0.9582141484702866,0.01597998877599742,0.37,ok,,0
monk3,classification,554,6,False,A11 A21 A32 A41 A51 A61,A54,EN2,Gradient Boosting (GBM),True,,7,0.9818223267269598,0.00596928241158319,0.45,ok,,0
monk3,classification,554,6,False,A11 A21 A32 A41 A51 A61,A54,EN6,Stacking,True,,6,0.9888465923719151,0.006931004259009318,0.52,ok,,0
monk3,classification,554,6,False,A11 A21 A32 A41 A51 A61,A54,EN7,Voting Ensemble,True,,8,0.9888465923719151,0.006931004259009318,0.14,ok,,0
monk3,classification,554,6,False,A11 A21 A32 A41 A51 A61,A54,SV1,SVM (linear),True,,11,0.9663420551668335,0.011830757383514351,0.07,ok,,0
monk3,classification,554,6,False,A11 A21 A32 A41 A51 A61,A54,SV2,Kernel SVM (RBF/Poly),True,,9,0.9888465923719151,0.006931004259009318,0.11,ok,,0
monk3,classification,554,6,False,A11 A21 A32 A41 A51 A61,A54,PR1,Naive Bayes,False,needs A31 data (yours is A32),,0.9228134222638212,0.08429703090320519,0.06,ok,,0
monk3,classification,554,6,False,A11 A21 A32 A41 A51 A61,A54,IB1,k-Nearest Neighbors,False,needs A31 data (yours is A32),,0.9359099965630117,0.01705674920824611,0.07,ok,,0
monk3,classification,554,6,False,A11 A21 A32 A41 A51 A61,A54,DR4,LDA (Linear Discriminant Analysis),True,,10,0.9645876692019211,0.00987155402130663,0.07,ok,,0
monk3,classification,554,6,False,A11 A21 A32 A41 A51 A61,A54,NN1,Perceptron,False,needs A31 data (yours is A32),,0.9714237248583035,0.02251281343970387,0.06,ok,,0
monk3,classification,554,6,False,A11 A21 A32 A41 A51 A61,A54,NN2,MLP (Feedforward),True,,5,0.9836439305449337,0.010559603049126263,2.34,ok,,0
monk3,classification,554,6,False,A11 A21 A32 A41 A51 A61,A54,EN3,XGBoost,True,,4,0.9801956546828648,0.0068019970037019655,0.17,ok,,0
monk3,classification,554,6,False,A11 A21 A32 A41 A51 A61,A54,EN4,LightGBM,True,,2,0.9766196648999786,0.009244566169562301,0.17,ok,,0
monk3,classification,554,6,False,A11 A21 A32 A41 A51 A61,A54,BASE-HGB,Histogram Gradient Boosting (baseline),False,,,0.9766196648999786,0.009244566169562301,0.54,ok,,0
monk1,classification,556,6,False,A11 A21 A32 A41 A51 A61,A54,LM2,Logistic Regression,False,needs A31 data (yours is A32),,0.7463636363636363,0.022659127893855577,0.07,ok,,0
monk1,classification,556,6,False,A11 A21 A32 A41 A51 A61,A54,TR1,Decision Tree,True,,12,0.9389285714285714,0.0348313831016972,0.07,ok,,0
monk1,classification,556,6,False,A11 A21 A32 A41 A51 A61,A54,TR2,Random Forest,True,,3,1.0,0.0,1.66,ok,,0
monk1,classification,556,6,False,A11 A21 A32 A41 A51 A61,A54,TR3,Extra Trees,True,,1,1.0,0.0,1.32,ok,,0
monk1,classification,556,6,False,A11 A21 A32 A41 A51 A61,A54,EN1,AdaBoost,True,,13,0.7463636363636363,0.022659127893855577,0.37,ok,,0
monk1,classification,556,6,False,A11 A21 A32 A41 A51 A61,A54,EN2,Gradient Boosting (GBM),True,,7,1.0,0.0,0.47,ok,,0
monk1,classification,556,6,False,A11 A21 A32 A41 A51 A61,A54,EN6,Stacking,True,,6,0.8414935064935063,0.04240831488272603,0.5,ok,,0
monk1,classification,556,6,False,A11 A21 A32 A41 A51 A61,A54,EN7,Voting Ensemble,True,,8,0.8812987012987012,0.029894717435439665,0.15,ok,,0
monk1,classification,556,6,False,A11 A21 A32 A41 A51 A61,A54,SV1,SVM (linear),True,,11,0.7463636363636363,0.022659127893855577,0.06,ok,,0
monk1,classification,556,6,False,A11 A21 A32 A41 A51 A61,A54,SV2,Kernel SVM (RBF/Poly),True,,9,1.0,0.0,0.15,ok,,0
monk1,classification,556,6,False,A11 A21 A32 A41 A51 A61,A54,PR1,Naive Bayes,False,needs A31 data (yours is A32),,0.7463636363636363,0.022659127893855577,0.07,ok,,0
monk1,classification,556,6,False,A11 A21 A32 A41 A51 A61,A54,IB1,k-Nearest Neighbors,False,needs A31 data (yours is A32),,0.8740584415584415,0.03304477124644135,0.07,ok,,0
monk1,classification,556,6,False,A11 A21 A32 A41 A51 A61,A54,DR4,LDA (Linear Discriminant Analysis),True,,10,0.7463636363636363,0.022659127893855577,0.07,ok,,0
monk1,classification,556,6,False,A11 A21 A32 A41 A51 A61,A54,NN1,Perceptron,False,needs A31 data (yours is A32),,0.7067207792207792,0.056427562646969034,0.06,ok,,0
monk1,classification,556,6,False,A11 A21 A32 A41 A51 A61,A54,NN2,MLP (Feedforward),True,,5,1.0,0.0,1.48,ok,,0
monk1,classification,556,6,False,A11 A21 A32 A41 A51 A61,A54,EN3,XGBoost,True,,4,1.0,0.0,0.14,ok,,0
monk1,classification,556,6,False,A11 A21 A32 A41 A51 A61,A54,EN4,LightGBM,True,,2,1.0,0.0,0.15,ok,,0
monk1,classification,556,6,False,A11 A21 A32 A41 A51 A61,A54,BASE-HGB,Histogram Gradient Boosting (baseline),False,,,1.0,0.0,0.43,ok,,0
breast_cancer_wisconsin_diagnostic,classification,569,30,False,A11 A21 A31 A41 A51 A61,A54,LM2,Logistic Regression,True,,10,0.9746783023723739,0.017354723118345582,0.06,ok,,0
breast_cancer_wisconsin_diagnostic,classification,569,30,False,A11 A21 A31 A41 A51 A61,A54,TR1,Decision Tree,True,,13,0.9209828739881146,0.02249105161396265,0.08,ok,,0
breast_cancer_wisconsin_diagnostic,classification,569,30,False,A11 A21 A31 A41 A51 A61,A54,TR2,Random Forest,True,,3,0.9571039284804433,0.019151641181859018,1.66,ok,,0
breast_cancer_wisconsin_diagnostic,classification,569,30,False,A11 A21 A31 A41 A51 A61,A54,TR3,Extra Trees,True,,1,0.96321891296097,0.008269019214915747,1.27,ok,,0
breast_cancer_wisconsin_diagnostic,classification,569,30,False,A11 A21 A31 A41 A51 A61,A54,EN1,AdaBoost,True,,15,0.9673888940880424,0.013713329311702743,0.71,ok,,0
breast_cancer_wisconsin_diagnostic,classification,569,30,False,A11 A21 A31 A41 A51 A61,A54,EN2,Gradient Boosting (GBM),True,,7,0.9613940750445827,0.019859491972799508,1.89,ok,,0
breast_cancer_wisconsin_diagnostic,classification,569,30,False,A11 A21 A31 A41 A51 A61,A54,EN6,Stacking,True,,6,0.967971394257015,0.018242877422547536,0.78,ok,,0
breast_cancer_wisconsin_diagnostic,classification,569,30,False,A11 A21 A31 A41 A51 A61,A54,EN7,Voting Ensemble,True,,8,0.9594200864099325,0.018703374166863726,0.16,ok,,0
breast_cancer_wisconsin_diagnostic,classification,569,30,False,A11 A21 A31 A41 A51 A61,A54,SV1,SVM (linear),True,,12,0.966286283593031,0.014374132459379749,0.06,ok,,0
breast_cancer_wisconsin_diagnostic,classification,569,30,False,A11 A21 A31 A41 A51 A61,A54,SV2,Kernel SVM (RBF/Poly),True,,9,0.9741707350043413,0.009880400862424593,0.07,ok,,0
breast_cancer_wisconsin_diagnostic,classification,569,30,False,A11 A21 A31 A41 A51 A61,A54,PR1,Naive Bayes,True,,16,0.9278658384415017,0.0282382483444735,0.06,ok,,0
breast_cancer_wisconsin_diagnostic,classification,569,30,False,A11 A21 A31 A41 A51 A61,A54,IB1,k-Nearest Neighbors,True,,14,0.9557805489266347,0.027242489275560472,0.06,ok,,0
breast_cancer_wisconsin_diagnostic,classification,569,30,False,A11 A21 A31 A41 A51 A61,A54,DR4,LDA (Linear Discriminant Analysis),True,,11,0.9405581421344605,0.01601482696436797,0.06,ok,,0
breast_cancer_wisconsin_diagnostic,classification,569,30,False,A11 A21 A31 A41 A51 A61,A54,NN1,Perceptron,True,,17,0.9637750274255351,0.008419355011292479,0.06,ok,,0
breast_cancer_wisconsin_diagnostic,classification,569,30,False,A11 A21 A31 A41 A51 A61,A54,NN2,MLP (Feedforward),True,,5,0.9732340424978814,0.015487005567044085,1.69,ok,,0
breast_cancer_wisconsin_diagnostic,classification,569,30,False,A11 A21 A31 A41 A51 A61,A54,EN3,XGBoost,True,,4,0.9621910402986394,0.01972442481318845,0.23,ok,,0
breast_cancer_wisconsin_diagnostic,classification,569,30,False,A11 A21 A31 A41 A51 A61,A54,EN4,LightGBM,True,,2,0.9660716235396878,0.00841929201152095,0.37,ok,,0
breast_cancer_wisconsin_diagnostic,classification,569,30,False,A11 A21 A31 A41 A51 A61,A54,BASE-HGB,Histogram Gradient Boosting (baseline),False,,,0.9646827346507989,0.011234706397783423,0.82,ok,,0
monk2,classification,601,6,False,A11 A21 A32 A41 A51 A61,A54,LM2,Logistic Regression,False,needs A31 data (yours is A32),,0.4708860759493671,0.023545664857896557,0.07,ok,,0
monk2,classification,601,6,False,A11 A21 A32 A41 A51 A61,A54,TR1,Decision Tree,True,,12,0.9752392713800555,0.023626894533177657,0.07,ok,,0
monk2,classification,601,6,False,A11 A21 A32 A41 A51 A61,A54,TR2,Random Forest,True,,3,0.7715373645599023,0.04514194659020973,1.67,ok,,0
monk2,classification,601,6,False,A11 A21 A32 A41 A51 A61,A54,TR3,Extra Trees,True,,1,0.9133117217248122,0.016006980974187637,1.31,ok,,0
monk2,classification,601,6,False,A11 A21 A32 A41 A51 A61,A54,EN1,AdaBoost,True,,13,0.44303797468354433,0.02563095788774251,0.36,ok,,0
monk2,classification,601,6,False,A11 A21 A32 A41 A51 A61,A54,EN2,Gradient Boosting (GBM),True,,7,0.7019443096781781,0.04338394728205732,0.47,ok,,0
monk2,classification,601,6,False,A11 A21 A32 A41 A51 A61,A54,EN6,Stacking,True,,6,0.8051154824387303,0.08282323145615646,0.54,ok,,0
monk2,classification,601,6,False,A11 A21 A32 A41 A51 A61,A54,EN7,Voting Ensemble,True,,8,0.7477756215175171,0.061396203282682395,0.14,ok,,0
monk2,classification,601,6,False,A11 A21 A32 A41 A51 A61,A54,SV1,SVM (linear),True,,11,0.479746835443038,0.014652958104797754,0.06,ok,,0
monk2,classification,601,6,False,A11 A21 A32 A41 A51 A61,A54,SV2,Kernel SVM (RBF/Poly),True,,9,0.504547993942869,0.0213316726423777,0.1,ok,,0
monk2,classification,601,6,False,A11 A21 A32 A41 A51 A61,A54,PR1,Naive Bayes,False,needs A31 data (yours is A32),,0.4418486011261559,0.04449625854100352,0.07,ok,,0
monk2,classification,601,6,False,A11 A21 A32 A41 A51 A61,A54,IB1,k-Nearest Neighbors,False,needs A31 data (yours is A32),,0.5137557153148384,0.034125055931641946,0.07,ok,,0
monk2,classification,601,6,False,A11 A21 A32 A41 A51 A61,A54,DR4,LDA (Linear Discriminant Analysis),True,,10,0.46962025316455697,0.024479847602295848,0.07,ok,,0
monk2,classification,601,6,False,A11 A21 A32 A41 A51 A61,A54,NN1,Perceptron,False,needs A31 data (yours is A32),,0.48218438965583144,0.04045564698689683,0.07,ok,,0
monk2,classification,601,6,False,A11 A21 A32 A41 A51 A61,A54,NN2,MLP (Feedforward),True,,5,1.0,0.0,1.94,ok,,0
monk2,classification,601,6,False,A11 A21 A32 A41 A51 A61,A54,EN3,XGBoost,True,,4,0.9669467354709713,0.029881898452409537,0.19,ok,,0
monk2,classification,601,6,False,A11 A21 A32 A41 A51 A61,A54,EN4,LightGBM,True,,2,0.8789110395624753,0.027951491189361997,0.17,ok,,0
monk2,classification,601,6,False,A11 A21 A32 A41 A51 A61,A54,BASE-HGB,Histogram Gradient Boosting (baseline),False,,,0.9194210441200253,0.03640896916644651,0.56,ok,,0
balance_scale,classification,625,4,False,A11 A21 A32 A41 A51 A61,A54,LM2,Logistic Regression,False,needs A31 data (yours is A32),,0.6733333333333332,0.013333333333333374,0.07,ok,,0
balance_scale,classification,625,4,False,A11 A21 A32 A41 A51 A61,A54,TR1,Decision Tree,True,,12,0.5485178463399879,0.01946854154321537,0.07,ok,,0
balance_scale,classification,625,4,False,A11 A21 A32 A41 A51 A61,A54,TR2,Random Forest,True,,3,0.619257914902198,0.011116288485389572,1.75,ok,,0
balance_scale,classification,625,4,False,A11 A21 A32 A41 A51 A61,A54,TR3,Extra Trees,True,,1,0.5937689050211736,0.01349000517337804,1.55,ok,,0
balance_scale,classification,625,4,False,A11 A21 A32 A41 A51 A61,A54,EN1,AdaBoost,True,,13,0.6559709618874773,0.011923927566483621,0.36,ok,,0
balance_scale,classification,625,4,False,A11 A21 A32 A41 A51 A61,A54,EN2,Gradient Boosting (GBM),True,,7,0.6382778786045574,0.00838781270021186,1.23,ok,,0
balance_scale,classification,625,4,False,A11 A21 A32 A41 A51 A61,A54,EN6,Stacking,True,,6,0.660879209518048,0.0036989001848977744,0.57,ok,,0
balance_scale,classification,625,4,False,A11 A21 A32 A41 A51 A61,A54,EN7,Voting Ensemble,True,,8,0.6180278281911675,0.010596045484048492,0.14,ok,,0
balance_scale,classification,625,4,False,A11 A21 A32 A41 A51 A61,A54,SV1,SVM (linear),True,,11,0.6666666666666666,0.0,0.06,ok,,0
balance_scale,classification,625,4,False,A11 A21 A32 A41 A51 A61,A54,SV2,Kernel SVM (RBF/Poly),True,,9,0.6249042145593869,0.01848530800624122,0.09,ok,,0
balance_scale,classification,625,4,False,A11 A21 A32 A41 A51 A61,A54,PR1,Naive Bayes,False,needs A31 data (yours is A32),,0.6839228339046851,0.03279615863874594,0.06,ok,,0
balance_scale,classification,625,4,False,A11 A21 A32 A41 A51 A61,A54,IB1,k-Nearest Neighbors,False,needs A31 data (yours is A32),,0.5430127041742286,0.02104983064874609,0.06,ok,,0
balance_scale,classification,625,4,False,A11 A21 A32 A41 A51 A61,A54,DR4,LDA (Linear Discriminant Analysis),True,,10,0.6631780600927606,0.002848673262578766,0.06,ok,,0
balance_scale,classification,625,4,False,A11 A21 A32 A41 A51 A61,A54,NN1,Perceptron,False,needs A31 data (yours is A32),,0.6673159911272435,0.013787019480422446,0.06,ok,,0
balance_scale,classification,625,4,False,A11 A21 A32 A41 A51 A61,A54,NN2,MLP (Feedforward),True,,5,1.0,0.0,2.3,ok,,0
balance_scale,classification,625,4,False,A11 A21 A32 A41 A51 A61,A54,EN3,XGBoost,True,,4,0.6915345835854003,0.040256459980715094,0.4,ok,,0
balance_scale,classification,625,4,False,A11 A21 A32 A41 A51 A61,A54,EN4,LightGBM,True,,2,0.6768313504066681,0.03694807072015808,0.37,ok,,0
balance_scale,classification,625,4,False,A11 A21 A32 A41 A51 A61,A54,BASE-HGB,Histogram Gradient Boosting (baseline),False,,,0.6598574981515091,0.019727328858342743,1.56,ok,,0
profb,classification,672,9,False,A11 A21 A38 A41 A51 A61,A54,LM2,Logistic Regression,True,,10,0.5569850187265917,0.025147398007977988,0.1,ok,,0
profb,classification,672,9,False,A11 A21 A38 A41 A51 A61,A54,TR1,Decision Tree,True,,13,0.5448189762796505,0.017816766291942003,0.09,ok,,0
profb,classification,672,9,False,A11 A21 A38 A41 A51 A61,A54,TR2,Random Forest,True,,3,0.5647889002383384,0.04222783002219349,1.8,ok,,0
profb,classification,672,9,False,A11 A21 A38 A41 A51 A61,A54,TR3,Extra Trees,True,,1,0.5537907161502668,0.0551577757947299,1.55,ok,,0
profb,classification,672,9,False,A11 A21 A38 A41 A51 A61,A54,EN1,AdaBoost,True,,15,0.5356599704914312,0.038843343605590185,0.41,ok,,0
profb,classification,672,9,False,A11 A21 A38 A41 A51 A61,A54,EN2,Gradient Boosting (GBM),True,,7,0.5724543184655544,0.035886829207632975,0.66,ok,,0
profb,classification,672,9,False,A11 A21 A38 A41 A51 A61,A54,EN6,Stacking,True,,6,0.5032209737827715,0.013531989489146952,0.58,ok,,0
profb,classification,672,9,False,A11 A21 A38 A41 A51 A61,A54,EN7,Voting Ensemble,True,,8,0.57939847917376,0.045546796206451766,0.23,ok,,0
profb,classification,672,9,False,A11 A21 A38 A41 A51 A61,A54,SV1,SVM (linear),True,,12,0.5548882079219157,0.03118185795255788,0.09,ok,,0
profb,classification,672,9,False,A11 A21 A38 A41 A51 A61,A54,SV2,Kernel SVM (RBF/Poly),True,,9,0.5457711950970378,0.013304699036484088,0.14,ok,,0
profb,classification,672,9,False,A11 A21 A38 A41 A51 A61,A54,PR1,Naive Bayes,True,,16,0.5292191578708432,0.041579951710856836,0.09,ok,,0
profb,classification,672,9,False,A11 A21 A38 A41 A51 A61,A54,IB1,k-Nearest Neighbors,True,,14,0.5526313698785609,0.038454433587324,0.12,ok,,0
profb,classification,672,9,False,A11 A21 A38 A41 A51 A61,A54,DR4,LDA (Linear Discriminant Analysis),True,,11,0.5603938258994439,0.03152758392007467,0.08,ok,,0
profb,classification,672,9,False,A11 A21 A38 A41 A51 A61,A54,NN1,Perceptron,True,,17,0.5809317898081943,0.034277846534271406,0.08,ok,,0
profb,classification,672,9,False,A11 A21 A38 A41 A51 A61,A54,NN2,MLP (Feedforward),True,,5,0.5714952899784361,0.026327504582798564,3.91,ok,,0
profb,classification,672,9,False,A11 A21 A38 A41 A51 A61,A54,EN3,XGBoost,True,,4,0.573592100783112,0.04816334945694357,0.24,ok,,0
profb,classification,672,9,False,A11 A21 A38 A41 A51 A61,A54,EN4,LightGBM,True,,2,0.5457127454318467,0.02452535573899638,0.22,ok,,0
profb,classification,672,9,False,A11 A21 A38 A41 A51 A61,A54,BASE-HGB,Histogram Gradient Boosting (baseline),False,,,0.5690710475541937,0.0487055132774018,0.65,ok,,0
soybean,classification,675,35,False,A11 A21 A32 A41 A51 A61,A54,LM2,Logistic Regression,False,needs A31 data (yours is A32),,0.9581059129304744,0.016465790387508377,5.08,ok,,0
soybean,classification,675,35,False,A11 A21 A32 A41 A51 A61,A54,TR1,Decision Tree,True,,12,0.9414961013645223,0.022568924792121862,0.2,ok,,0
soybean,classification,675,35,False,A11 A21 A32 A41 A51 A61,A54,TR2,Random Forest,True,,3,0.964554905782976,0.013961759143035279,2.11,ok,,0
soybean,classification,675,35,False,A11 A21 A32 A41 A51 A61,A54,TR3,Extra Trees,True,,1,0.9639376218323588,0.012653684961924712,1.81,ok,,0
soybean,classification,675,35,False,A11 A21 A32 A41 A51 A61,A54,EN1,AdaBoost,True,,13,0.13271604938271606,0.06890393215988062,0.63,ok,,0
soybean,classification,675,35,False,A11 A21 A32 A41 A51 A61,A54,EN2,Gradient Boosting (GBM),True,,7,0.951372644574399,0.019756980129472645,16.25,ok,,0
soybean,classification,675,35,False,A11 A21 A32 A41 A51 A61,A54,EN6,Stacking,True,,6,0.9464100064977259,0.015615966304389012,2.33,ok,,0
soybean,classification,675,35,False,A11 A21 A32 A41 A51 A61,A54,EN7,Voting Ensemble,True,,8,0.942982456140351,0.010539668770159967,0.6,ok,,0
soybean,classification,675,35,False,A11 A21 A32 A41 A51 A61,A54,SV1,SVM (linear),True,,11,0.9537199480181936,0.00980898373432181,0.27,ok,,0
soybean,classification,675,35,False,A11 A21 A32 A41 A51 A61,A54,SV2,Kernel SVM (RBF/Poly),True,,9,0.9503248862897985,0.007704258971797657,0.33,ok,,0
soybean,classification,675,35,False,A11 A21 A32 A41 A51 A61,A54,PR1,Naive Bayes,False,needs A31 data (yours is A32),,0.9724133318044567,0.010259603606513937,0.23,ok,,0
soybean,classification,675,35,False,A11 A21 A32 A41 A51 A61,A54,IB1,k-Nearest Neighbors,False,needs A31 data (yours is A32),,0.9372157244964263,0.015071800286737014,0.16,ok,,0
soybean,classification,675,35,False,A11 A21 A32 A41 A51 A61,A54,DR4,LDA (Linear Discriminant Analysis),True,,10,0.9576348278102664,0.012684157418671642,0.21,ok,,0
soybean,classification,675,35,False,A11 A21 A32 A41 A51 A61,A54,NN1,Perceptron,False,needs A31 data (yours is A32),,0.9403021442495128,0.032631872327038076,0.23,ok,,0
soybean,classification,675,35,False,A11 A21 A32 A41 A51 A61,A54,NN2,MLP (Feedforward),True,,5,0.9485380116959063,0.02190072191126897,6.08,ok,,0
soybean,classification,675,35,False,A11 A21 A32 A41 A51 A61,A54,EN3,XGBoost,True,,4,0.9564002599090318,0.01922412875761819,1.44,ok,,0
soybean,classification,675,35,False,A11 A21 A32 A41 A51 A61,A54,EN4,LightGBM,True,,2,0.9570500324886291,0.017886635265012576,2.38,ok,,0
soybean,classification,675,35,False,A11 A21 A32 A41 A51 A61,A54,BASE-HGB,Histogram Gradient Boosting (baseline),False,,,0.9610623781676413,0.015291725027182875,14.9,ok,,0
credit_approval_australia,classification,690,15,False,A11 A21 A38 A41 A51 A62,A54,LM2,Logistic Regression,True,,10,0.8776869912630719,0.02825441530620243,0.17,ok,,0
credit_approval_australia,classification,690,15,False,A11 A21 A38 A41 A51 A62,A54,TR1,Decision Tree,True,,13,0.8181714080403161,0.03679465665255448,0.13,ok,,0
credit_approval_australia,classification,690,15,False,A11 A21 A38 A41 A51 A62,A54,TR2,Random Forest,True,,3,0.873288182356762,0.03818844626305838,2.42,ok,,0
credit_approval_australia,classification,690,15,False,A11 A21 A38 A41 A51 A62,A54,TR3,Extra Trees,True,,1,0.8651040670760117,0.04051711272400344,1.57,ok,,0
credit_approval_australia,classification,690,15,False,A11 A21 A38 A41 A51 A62,A54,EN1,AdaBoost,True,,15,0.8535040427856815,0.022879037659646047,0.49,ok,,0
credit_approval_australia,classification,690,15,False,A11 A21 A38 A41 A51 A62,A54,EN2,Gradient Boosting (GBM),True,,7,0.8535056603337102,0.03640503709431219,0.87,ok,,0
credit_approval_australia,classification,690,15,False,A11 A21 A38 A41 A51 A62,A54,EN6,Stacking,True,,6,0.8716394852329612,0.04246326352489744,0.71,ok,,0
credit_approval_australia,classification,690,15,False,A11 A21 A38 A41 A51 A62,A54,EN7,Voting Ensemble,True,,8,0.8612250513548908,0.03953490358841334,0.25,ok,,0
credit_approval_australia,classification,690,15,False,A11 A21 A38 A41 A51 A62,A54,SV1,SVM (linear),True,,12,0.8630325573560844,0.028088102246573418,0.11,ok,,0
credit_approval_australia,classification,690,15,False,A11 A21 A38 A41 A51 A62,A54,SV2,Kernel SVM (RBF/Poly),True,,9,0.8600778302662574,0.03031047699577234,0.14,ok,,0
credit_approval_australia,classification,690,15,False,A11 A21 A38 A41 A51 A62,A54,PR1,Naive Bayes,True,,16,0.8335579676801252,0.03902496962502619,0.1,ok,,0
credit_approval_australia,classification,690,15,False,A11 A21 A38 A41 A51 A62,A54,IB1,k-Nearest Neighbors,True,,14,0.8393954183810568,0.04242133543277158,0.1,ok,,0
credit_approval_australia,classification,690,15,False,A11 A21 A38 A41 A51 A62,A54,DR4,LDA (Linear Discriminant Analysis),True,,11,0.8659103921767786,0.031243409287004233,0.13,ok,,0
credit_approval_australia,classification,690,15,False,A11 A21 A38 A41 A51 A62,A54,NN1,Perceptron,True,,17,0.7954548978812108,0.054350973228013445,0.11,ok,,0
credit_approval_australia,classification,690,15,False,A11 A21 A38 A41 A51 A62,A54,NN2,MLP (Feedforward),True,,5,0.8611953571491828,0.028727634670202947,4.9,ok,,0
credit_approval_australia,classification,690,15,False,A11 A21 A38 A41 A51 A62,A54,EN3,XGBoost,True,,4,0.8641891493793856,0.01972164963783033,0.33,ok,,0
credit_approval_australia,classification,690,15,False,A11 A21 A38 A41 A51 A62,A54,EN4,LightGBM,True,,2,0.8538275975742924,0.027523294015487615,0.3,ok,,0
credit_approval_australia,classification,690,15,False,A11 A21 A38 A41 A51 A62,A54,BASE-HGB,Histogram Gradient Boosting (baseline),False,,,0.8570269629894167,0.025291928043581657,0.89,ok,,0
breast_cancer_wisconsin_original,classification,699,9,False,A11 A21 A31 A41 A51 A62,A54,LM2,Logistic Regression,True,,10,0.9600991399904443,0.02114467182663991,0.07,ok,,0
breast_cancer_wisconsin_original,classification,699,9,False,A11 A21 A31 A41 A51 A62,A54,TR1,Decision Tree,True,,13,0.9262106682137737,0.012127593948508122,0.05,ok,,0
breast_cancer_wisconsin_original,classification,699,9,False,A11 A21 A31 A41 A51 A62,A54,TR2,Random Forest,True,,3,0.9661310092598911,0.010091705701872922,1.71,ok,,0
breast_cancer_wisconsin_original,classification,699,9,False,A11 A21 A31 A41 A51 A62,A54,TR3,Extra Trees,True,,1,0.9628581951175119,0.01100913262235805,1.39,ok,,0
breast_cancer_wisconsin_original,classification,699,9,False,A11 A21 A31 A41 A51 A62,A54,EN1,AdaBoost,True,,15,0.9413197051395809,0.029978809782977078,0.35,ok,,0
breast_cancer_wisconsin_original,classification,699,9,False,A11 A21 A31 A41 A51 A62,A54,EN2,Gradient Boosting (GBM),True,,7,0.9505763258480651,0.02046866916696171,0.49,ok,,0
breast_cancer_wisconsin_original,classification,699,9,False,A11 A21 A31 A41 A51 A62,A54,EN6,Stacking,True,,6,0.9600566229836416,0.014749459871427954,0.43,ok,,0
breast_cancer_wisconsin_original,classification,699,9,False,A11 A21 A31 A41 A51 A62,A54,EN7,Voting Ensemble,True,,8,0.9651652048779378,0.014780700778529703,0.15,ok,,0
breast_cancer_wisconsin_original,classification,699,9,False,A11 A21 A31 A41 A51 A62,A54,SV1,SVM (linear),True,,12,0.9579132823698041,0.021737535806237916,0.05,ok,,0
breast_cancer_wisconsin_original,classification,699,9,False,A11 A21 A31 A41 A51 A62,A54,SV2,Kernel SVM (RBF/Poly),True,,9,0.9648990114440424,0.007024367194122982,0.06,ok,,0
breast_cancer_wisconsin_original,classification,699,9,False,A11 A21 A31 A41 A51 A62,A54,PR1,Naive Bayes,True,,16,0.9603822549086525,0.004143779147016204,0.05,ok,,0
breast_cancer_wisconsin_original,classification,699,9,False,A11 A21 A31 A41 A51 A62,A54,IB1,k-Nearest Neighbors,True,,14,0.9672060212044684,0.01113524285074856,0.06,ok,,0
breast_cancer_wisconsin_original,classification,699,9,False,A11 A21 A31 A41 A51 A62,A54,DR4,LDA (Linear Discriminant Analysis),True,,11,0.9455758139376151,0.01307631934968529,0.05,ok,,0
breast_cancer_wisconsin_original,classification,699,9,False,A11 A21 A31 A41 A51 A62,A54,NN1,Perceptron,True,,17,0.9618618183059177,0.009772995976472569,0.05,ok,,0
breast_cancer_wisconsin_original,classification,699,9,False,A11 A21 A31 A41 A51 A62,A54,NN2,MLP (Feedforward),True,,5,0.9618018110254136,0.018973840448026844,2.71,ok,,0
breast_cancer_wisconsin_original,classification,699,9,False,A11 A21 A31 A41 A51 A62,A54,EN3,XGBoost,True,,4,0.9485474540986963,0.02493276330276034,0.14,ok,,0
breast_cancer_wisconsin_original,classification,699,9,False,A11 A21 A31 A41 A51 A62,A54,EN4,LightGBM,True,,2,0.9525146178872888,0.015651554097857037,0.23,ok,,0
breast_cancer_wisconsin_original,classification,699,9,False,A11 A21 A31 A41 A51 A62,A54,BASE-HGB,Histogram Gradient Boosting (baseline),False,,,0.9556543353127204,0.01255055491700307,0.56,ok,,0
analcatdata_dmft,classification,797,4,False,A11 A21 A32 A41 A51 A61,A53,LM2,Logistic Regression,False,needs A31 data (yours is A32),,0.2114099522540383,0.02291544259365582,0.1,ok,,0
analcatdata_dmft,classification,797,4,False,A11 A21 A32 A41 A51 A61,A53,TR1,Decision Tree,True,,12,0.19227658522282182,0.03601889951126908,0.07,ok,,0
analcatdata_dmft,classification,797,4,False,A11 A21 A32 A41 A51 A61,A53,TR2,Random Forest,True,,3,0.20181174261819423,0.017750654040374673,1.93,ok,,0
analcatdata_dmft,classification,797,4,False,A11 A21 A32 A41 A51 A61,A53,TR3,Extra Trees,True,,1,0.2055820696627148,0.02281129976871263,1.77,ok,,0
analcatdata_dmft,classification,797,4,False,A11 A21 A32 A41 A51 A61,A53,EN1,AdaBoost,True,,13,0.21755584439455405,0.016586479519529834,0.45,ok,,0
analcatdata_dmft,classification,797,4,False,A11 A21 A32 A41 A51 A61,A53,EN2,Gradient Boosting (GBM),True,,7,0.19822485678399657,0.03359796698049862,2.62,ok,,0
analcatdata_dmft,classification,797,4,False,A11 A21 A32 A41 A51 A61,A53,EN6,Stacking,True,,6,0.19370023544754728,0.0364915392287027,0.79,ok,,0
analcatdata_dmft,classification,797,4,False,A11 A21 A32 A41 A51 A61,A53,EN7,Voting Ensemble,True,,8,0.22474903610925115,0.014840225158254165,0.2,ok,,0
analcatdata_dmft,classification,797,4,False,A11 A21 A32 A41 A51 A61,A53,SV1,SVM (linear),True,,11,0.20971551546820363,0.02256810611066761,0.07,ok,,0
analcatdata_dmft,classification,797,4,False,A11 A21 A32 A41 A51 A61,A53,SV2,Kernel SVM (RBF/Poly),True,,9,0.21572272550229538,0.021460511270587592,0.18,ok,,0
analcatdata_dmft,classification,797,4,False,A11 A21 A32 A41 A51 A61,A53,PR1,Naive Bayes,False,needs A31 data (yours is A32),,0.2047435569209763,0.026721634937748328,0.06,ok,,0
analcatdata_dmft,classification,797,4,False,A11 A21 A32 A41 A51 A61,A53,IB1,k-Nearest Neighbors,False,needs A31 data (yours is A32),,0.2013638889982976,0.018890651903031987,0.06,ok,,0
analcatdata_dmft,classification,797,4,False,A11 A21 A32 A41 A51 A61,A53,DR4,LDA (Linear Discriminant Analysis),True,,10,0.21525990477065746,0.02588876117218151,0.07,ok,,0
analcatdata_dmft,classification,797,4,False,A11 A21 A32 A41 A51 A61,A53,NN1,Perceptron,False,needs A31 data (yours is A32),,0.17788338563069744,0.028148724622432127,0.08,ok,,0
analcatdata_dmft,classification,797,4,False,A11 A21 A32 A41 A51 A61,A53,NN2,MLP (Feedforward),True,,5,0.2042130559603678,0.03162753677572587,4.85,ok,,0
analcatdata_dmft,classification,797,4,False,A11 A21 A32 A41 A51 A61,A53,EN3,XGBoost,True,,4,0.20534073811493164,0.023782358208552727,0.75,ok,,0
analcatdata_dmft,classification,797,4,False,A11 A21 A32 A41 A51 A61,A53,EN4,LightGBM,True,,2,0.20783088695454283,0.02240838118423071,0.91,ok,,0
analcatdata_dmft,classification,797,4,False,A11 A21 A32 A41 A51 A61,A53,BASE-HGB,Histogram Gradient Boosting (baseline),False,,,0.21473827248020796,0.02053773828385698,3.65,ok,,0
analcatdata_authorship,classification,841,70,False,A11 A21 A38 A41 A51 A61,A54,LM2,Logistic Regression,True,,10,0.9991525423728813,0.0016949152542372837,0.14,ok,,0
analcatdata_authorship,classification,841,70,False,A11 A21 A38 A41 A51 A61,A54,TR1,Decision Tree,True,,13,0.9181984215103608,0.04228228644246006,0.15,ok,,0
analcatdata_authorship,classification,841,70,False,A11 A21 A38 A41 A51 A61,A54,TR2,Random Forest,True,,3,0.9845695950118619,0.011488875907336191,2.12,ok,,0
analcatdata_authorship,classification,841,70,False,A11 A21 A38 A41 A51 A61,A54,TR3,Extra Trees,True,,1,0.9915374079780859,0.007707626063438757,1.78,ok,,0
analcatdata_authorship,classification,841,70,False,A11 A21 A38 A41 A51 A61,A54,EN1,AdaBoost,True,,15,0.9271731655232716,0.025382665518674026,0.85,ok,,0
analcatdata_authorship,classification,841,70,False,A11 A21 A38 A41 A51 A61,A54,EN2,Gradient Boosting (GBM),True,,7,0.9743878524059856,0.023022233368397874,10.44,ok,,0
analcatdata_authorship,classification,841,70,False,A11 A21 A38 A41 A51 A61,A54,EN6,Stacking,True,,6,0.9991525423728813,0.0016949152542372837,0.92,ok,,0
analcatdata_authorship,classification,841,70,False,A11 A21 A38 A41 A51 A61,A54,EN7,Voting Ensemble,True,,8,0.9983192090395481,0.002058661244181016,0.35,ok,,0
analcatdata_authorship,classification,841,70,False,A11 A21 A38 A41 A51 A61,A54,SV1,SVM (linear),True,,12,0.9952098466505246,0.003938412117247618,0.2,ok,,0
analcatdata_authorship,classification,841,70,False,A11 A21 A38 A41 A51 A61,A54,SV2,Kernel SVM (RBF/Poly),True,,9,0.9900616332819723,0.010556105312791273,0.2,ok,,0
analcatdata_authorship,classification,841,70,False,A11 A21 A38 A41 A51 A61,A54,PR1,Naive Bayes,True,,16,0.9097746501656647,0.03757500424891892,0.11,ok,,0
analcatdata_authorship,classification,841,70,False,A11 A21 A38 A41 A51 A61,A54,IB1,k-Nearest Neighbors,True,,14,0.996717783158461,0.0031447666086651194,0.12,ok,,0
analcatdata_authorship,classification,841,70,False,A11 A21 A38 A41 A51 A61,A54,DR4,LDA (Linear Discriminant Analysis),True,,11,0.9977239709443099,0.0029350801554838962,0.15,ok,,0
analcatdata_authorship,classification,841,70,False,A11 A21 A38 A41 A51 A61,A54,NN1,Perceptron,True,,17,0.9960828625235404,0.004065616350914494,0.13,ok,,0
analcatdata_authorship,classification,841,70,False,A11 A21 A38 A41 A51 A61,A54,NN2,MLP (Feedforward),True,,5,0.9929262968669749,0.008432343679384174,1.2,ok,,0
analcatdata_authorship,classification,841,70,False,A11 A21 A38 A41 A51 A61,A54,EN3,XGBoost,True,,4,0.9702057882089662,0.03224546920962354,0.59,ok,,0
analcatdata_authorship,classification,841,70,False,A11 A21 A38 A41 A51 A61,A54,EN4,LightGBM,True,,2,0.9763923511751902,0.024903052202535664,1.3,ok,,0
analcatdata_authorship,classification,841,70,False,A11 A21 A38 A41 A51 A61,A54,BASE-HGB,Histogram Gradient Boosting (baseline),False,,,0.9854832602660991,0.015699242663922343,3.53,ok,,0
vehicle,classification,846,18,False,A11 A21 A31 A41 A51 A61,A53,LM2,Logistic Regression,True,,10,0.7898538961038961,0.025054093493378178,0.31,ok,,0
vehicle,classification,846,18,False,A11 A21 A31 A41 A51 A61,A53,TR1,Decision Tree,True,,13,0.7017102858381928,0.015912478176129074,0.14,ok,,0
vehicle,classification,846,18,False,A11 A21 A31 A41 A51 A61,A53,TR2,Random Forest,True,,3,0.7535706735125339,0.023190758346258496,2.21,ok,,0
vehicle,classification,846,18,False,A11 A21 A31 A41 A51 A61,A53,TR3,Extra Trees,True,,1,0.7584949159367764,0.026694503022626506,1.79,ok,,0
vehicle,classification,846,18,False,A11 A21 A31 A41 A51 A61,A53,EN1,AdaBoost,True,,15,0.5870333252019299,0.03362419535618525,0.5,ok,,0
vehicle,classification,846,18,False,A11 A21 A31 A41 A51 A61,A53,EN2,Gradient Boosting (GBM),True,,7,0.7733069062720226,0.029568599312751544,4.41,ok,,0
vehicle,classification,846,18,False,A11 A21 A31 A41 A51 A61,A53,EN6,Stacking,True,,6,0.8026747961340984,0.012707733658862172,0.91,ok,,0
vehicle,classification,846,18,False,A11 A21 A31 A41 A51 A61,A53,EN7,Voting Ensemble,True,,8,0.762838266384778,0.023243850961574976,0.18,ok,,0
vehicle,classification,846,18,False,A11 A21 A31 A41 A51 A61,A53,SV1,SVM (linear),True,,12,0.7850347714301202,0.027987934304101392,0.08,ok,,0
vehicle,classification,846,18,False,A11 A21 A31 A41 A51 A61,A53,SV2,Kernel SVM (RBF/Poly),True,,9,0.7711232759488572,0.02675570786890805,0.12,ok,,0
vehicle,classification,846,18,False,A11 A21 A31 A41 A51 A61,A53,PR1,Naive Bayes,True,,16,0.46728432420292887,0.026720311774591506,0.05,ok,,0
vehicle,classification,846,18,False,A11 A21 A31 A41 A51 A61,A53,IB1,k-Nearest Neighbors,True,,14,0.7214459281029048,0.030475403165013886,0.06,ok,,0
vehicle,classification,846,18,False,A11 A21 A31 A41 A51 A61,A53,DR4,LDA (Linear Discriminant Analysis),True,,11,0.7789868755275732,0.03160016951674357,0.06,ok,,0
vehicle,classification,846,18,False,A11 A21 A31 A41 A51 A61,A53,NN1,Perceptron,True,,17,0.714051026492887,0.03012501482334558,0.06,ok,,0
vehicle,classification,846,18,False,A11 A21 A31 A41 A51 A61,A53,NN2,MLP (Feedforward),True,,5,0.8548426960636263,0.014083896788467644,4.79,ok,,0
vehicle,classification,846,18,False,A11 A21 A31 A41 A51 A61,A53,EN3,XGBoost,True,,4,0.7590972012483641,0.029520875137656315,0.65,ok,,0
vehicle,classification,846,18,False,A11 A21 A31 A41 A51 A61,A53,EN4,LightGBM,True,,2,0.7557526678747609,0.024794427306697578,0.94,ok,,0
vehicle,classification,846,18,False,A11 A21 A31 A41 A51 A61,A53,BASE-HGB,Histogram Gradient Boosting (baseline),False,,,0.7581113460183228,0.03555806370388301,2.61,ok,,0
tic_tac_toe,classification,958,9,False,A11 A21 A32 A41 A51 A61,A53,LM2,Logistic Regression,False,needs A31 data (yours is A32),,0.9759384893713252,0.0054768403217284765,0.1,ok,,0
tic_tac_toe,classification,958,9,False,A11 A21 A32 A41 A51 A61,A53,TR1,Decision Tree,True,,12,0.9394852232344769,0.02046273327905185,0.09,ok,,0
tic_tac_toe,classification,958,9,False,A11 A21 A32 A41 A51 A61,A53,TR2,Random Forest,True,,3,0.9826753677499946,0.008113832296152403,2.0,ok,,0
tic_tac_toe,classification,958,9,False,A11 A21 A32 A41 A51 A61,A53,TR3,Extra Trees,True,,1,0.9894843962008141,0.007628732606708712,1.61,ok,,0
tic_tac_toe,classification,958,9,False,A11 A21 A32 A41 A51 A61,A53,EN1,AdaBoost,True,,13,0.7696898537614956,0.05218710011933239,0.51,ok,,0
tic_tac_toe,classification,958,9,False,A11 A21 A32 A41 A51 A61,A53,EN2,Gradient Boosting (GBM),True,,7,0.9713308005427408,0.009026945780020145,0.72,ok,,0
tic_tac_toe,classification,958,9,False,A11 A21 A32 A41 A51 A61,A53,EN6,Stacking,True,,6,0.9771376020331244,0.008825891022537091,0.55,ok,,0
tic_tac_toe,classification,958,9,False,A11 A21 A32 A41 A51 A61,A53,EN7,Voting Ensemble,True,,8,0.9704070728608043,0.016470523903366917,0.17,ok,,0
tic_tac_toe,classification,958,9,False,A11 A21 A32 A41 A51 A61,A53,SV1,SVM (linear),True,,11,0.9759384893713252,0.0054768403217284765,0.09,ok,,0
tic_tac_toe,classification,958,9,False,A11 A21 A32 A41 A51 A61,A53,SV2,Kernel SVM (RBF/Poly),True,,9,0.9789687924016283,0.008649451777025726,0.19,ok,,0
tic_tac_toe,classification,958,9,False,A11 A21 A32 A41 A51 A61,A53,PR1,Naive Bayes,False,needs A31 data (yours is A32),,0.6268098554844823,0.03092065591886064,0.08,ok,,0
tic_tac_toe,classification,958,9,False,A11 A21 A32 A41 A51 A61,A53,IB1,k-Nearest Neighbors,False,needs A31 data (yours is A32),,0.8949656221059206,0.018910942301669263,0.09,ok,,0
tic_tac_toe,classification,958,9,False,A11 A21 A32 A41 A51 A61,A53,DR4,LDA (Linear Discriminant Analysis),True,,10,0.9759384893713252,0.0054768403217284765,0.09,ok,,0
tic_tac_toe,classification,958,9,False,A11 A21 A32 A41 A51 A61,A53,NN1,Perceptron,False,needs A31 data (yours is A32),,0.9626557860050398,0.017192738679903265,0.08,ok,,0
tic_tac_toe,classification,958,9,False,A11 A21 A32 A41 A51 A61,A53,NN2,MLP (Feedforward),True,,5,0.977431026684758,0.004650284939636676,2.88,ok,,0
tic_tac_toe,classification,958,9,False,A11 A21 A32 A41 A51 A61,A53,EN3,XGBoost,True,,4,0.9833615558570783,0.0060518598778343665,0.28,ok,,0
tic_tac_toe,classification,958,9,False,A11 A21 A32 A41 A51 A61,A53,EN4,LightGBM,True,,2,0.9841841700587969,0.009615508510510696,0.28,ok,,0
tic_tac_toe,classification,958,9,False,A11 A21 A32 A41 A51 A61,A53,BASE-HGB,Histogram Gradient Boosting (baseline),False,,,0.9848767073722297,0.009787272264577197,0.86,ok,,0
tokyo1,classification,959,44,False,A11 A21 A38 A41 A51 A61,A53,LM2,Logistic Regression,True,,10,0.9162551376964743,0.01012133038036963,0.13,ok,,0
tokyo1,classification,959,44,False,A11 A21 A38 A41 A51 A61,A53,TR1,Decision Tree,True,,13,0.9114424375177466,0.007452851052932022,0.17,ok,,0
tokyo1,classification,959,44,False,A11 A21 A38 A41 A51 A61,A53,TR2,Random Forest,True,,3,0.9272271132954686,0.0186234140080061,2.2,ok,,0
tokyo1,classification,959,44,False,A11 A21 A38 A41 A51 A61,A53,TR3,Extra Trees,True,,1,0.9315061635801166,0.015077202567526279,1.64,ok,,0
tokyo1,classification,959,44,False,A11 A21 A38 A41 A51 A61,A53,EN1,AdaBoost,True,,15,0.9075481856946663,0.016453693548780512,1.08,ok,,0
tokyo1,classification,959,44,False,A11 A21 A38 A41 A51 A61,A53,EN2,Gradient Boosting (GBM),True,,7,0.9202094979813458,0.02366795698106362,3.54,ok,,0
tokyo1,classification,959,44,False,A11 A21 A38 A41 A51 A61,A53,EN6,Stacking,True,,6,0.9212532709483495,0.013470293573669719,0.89,ok,,0
tokyo1,classification,959,44,False,A11 A21 A38 A41 A51 A61,A53,EN7,Voting Ensemble,True,,8,0.9194164818544632,0.0152967504399507,0.25,ok,,0
tokyo1,classification,959,44,False,A11 A21 A38 A41 A51 A61,A53,SV1,SVM (linear),True,,12,0.913377290905584,0.011382816253318263,0.12,ok,,0
tokyo1,classification,959,44,False,A11 A21 A38 A41 A51 A61,A53,SV2,Kernel SVM (RBF/Poly),True,,9,0.9158770032359728,0.012670863834802022,0.16,ok,,0
tokyo1,classification,959,44,False,A11 A21 A38 A41 A51 A61,A53,PR1,Naive Bayes,True,,16,0.8518899355371723,0.041176236306407224,0.11,ok,,0
tokyo1,classification,959,44,False,A11 A21 A38 A41 A51 A61,A53,IB1,k-Nearest Neighbors,True,,14,0.9128751480774151,0.017734176391621056,0.1,ok,,0
tokyo1,classification,959,44,False,A11 A21 A38 A41 A51 A61,A53,DR4,LDA (Linear Discriminant Analysis),True,,11,0.9177004643277265,0.019665335027117474,0.11,ok,,0
tokyo1,classification,959,44,False,A11 A21 A38 A41 A51 A61,A53,NN1,Perceptron,True,,17,0.8938805595774113,0.021953067432213525,0.1,ok,,0
tokyo1,classification,959,44,False,A11 A21 A38 A41 A51 A61,A53,NN2,MLP (Feedforward),True,,5,0.9058020849631163,0.026230051310206594,5.73,ok,,0
tokyo1,classification,959,44,False,A11 A21 A38 A41 A51 A61,A53,EN3,XGBoost,True,,4,0.9252069193026722,0.022742096693321185,0.51,ok,,0
tokyo1,classification,959,44,False,A11 A21 A38 A41 A51 A61,A53,EN4,LightGBM,True,,2,0.927815308659145,0.016994016886157058,0.72,ok,,0
tokyo1,classification,959,44,False,A11 A21 A38 A41 A51 A61,A53,BASE-HGB,Histogram Gradient Boosting (baseline),False,,,0.920817685348221,0.01600118545705657,1.46,ok,,0
xd6,classification,973,9,False,A11 A21 A32 A41 A51 A61,A53,LM2,Logistic Regression,False,needs A31 data (yours is A32),,0.7604433352906635,0.010258235879167214,0.2,ok,,0
xd6,classification,973,9,False,A11 A21 A32 A41 A51 A61,A53,TR1,Decision Tree,True,,12,1.0,0.0,0.09,ok,,0
xd6,classification,973,9,False,A11 A21 A32 A41 A51 A61,A53,TR2,Random Forest,True,,3,1.0,0.0,1.87,ok,,0
xd6,classification,973,9,False,A11 A21 A32 A41 A51 A61,A53,TR3,Extra Trees,True,,1,1.0,0.0,1.46,ok,,0
xd6,classification,973,9,False,A11 A21 A32 A41 A51 A61,A53,EN1,AdaBoost,True,,13,0.7604433352906635,0.010258235879167214,0.42,ok,,0
xd6,classification,973,9,False,A11 A21 A32 A41 A51 A61,A53,EN2,Gradient Boosting (GBM),True,,7,1.0,0.0,0.61,ok,,0
xd6,classification,973,9,False,A11 A21 A32 A41 A51 A61,A53,EN6,Stacking,True,,6,0.9937740384615384,0.0039742781991378,0.8,ok,,0
xd6,classification,973,9,False,A11 A21 A32 A41 A51 A61,A53,EN7,Voting Ensemble,True,,8,0.9922654873752202,0.004898576371266905,0.15,ok,,0
xd6,classification,973,9,False,A11 A21 A32 A41 A51 A61,A53,SV1,SVM (linear),True,,11,0.7604433352906635,0.010258235879167214,0.08,ok,,0
xd6,classification,973,9,False,A11 A21 A32 A41 A51 A61,A53,SV2,Kernel SVM (RBF/Poly),True,,9,1.0,0.0,0.15,ok,,0
xd6,classification,973,9,False,A11 A21 A32 A41 A51 A61,A53,PR1,Naive Bayes,False,needs A31 data (yours is A32),,0.7627991045214328,0.007861513366061187,0.08,ok,,0
xd6,classification,973,9,False,A11 A21 A32 A41 A51 A61,A53,IB1,k-Nearest Neighbors,False,needs A31 data (yours is A32),,0.9766404873752202,0.01621946574418638,0.08,ok,,0
xd6,classification,973,9,False,A11 A21 A32 A41 A51 A61,A53,DR4,LDA (Linear Discriminant Analysis),True,,10,0.7604433352906635,0.010258235879167214,0.09,ok,,0
xd6,classification,973,9,False,A11 A21 A32 A41 A51 A61,A53,NN1,Perceptron,False,needs A31 data (yours is A32),,0.7295377642395773,0.0374738216566247,0.08,ok,,0
xd6,classification,973,9,False,A11 A21 A32 A41 A51 A61,A53,NN2,MLP (Feedforward),True,,5,1.0,0.0,2.02,ok,,0
xd6,classification,973,9,False,A11 A21 A32 A41 A51 A61,A53,EN3,XGBoost,True,,4,1.0,0.0,0.18,ok,,0
xd6,classification,973,9,False,A11 A21 A32 A41 A51 A61,A53,EN4,LightGBM,True,,2,1.0,0.0,0.9,ok,,0
xd6,classification,973,9,False,A11 A21 A32 A41 A51 A61,A53,BASE-HGB,Histogram Gradient Boosting (baseline),False,,,1.0,0.0,0.78,ok,,0
vowel,classification,990,13,False,A11 A21 A38 A41 A51 A61,A54,LM2,Logistic Regression,True,,10,0.6626262626262627,0.03661529082907444,0.16,ok,,0
vowel,classification,990,13,False,A11 A21 A38 A41 A51 A61,A54,TR1,Decision Tree,True,,13,0.8060606060606059,0.006850838366793277,0.12,ok,,0
vowel,classification,990,13,False,A11 A21 A38 A41 A51 A61,A54,TR2,Random Forest,True,,3,0.9737373737373737,0.01672014682550185,2.21,ok,,0
vowel,classification,990,13,False,A11 A21 A38 A41 A51 A61,A54,TR3,Extra Trees,True,,1,0.986868686868687,0.005150524761204801,1.82,ok,,0
vowel,classification,990,13,False,A11 A21 A38 A41 A51 A61,A54,EN1,AdaBoost,True,,15,0.35656565656565653,0.02937987792373532,0.65,ok,,0
vowel,classification,990,13,False,A11 A21 A38 A41 A51 A61,A54,EN2,Gradient Boosting (GBM),True,,7,0.888888888888889,0.022130204343643045,15.35,ok,,0
vowel,classification,990,13,False,A11 A21 A38 A41 A51 A61,A54,EN6,Stacking,True,,6,0.8747474747474747,0.025831741116251365,1.01,ok,,0
vowel,classification,990,13,False,A11 A21 A38 A41 A51 A61,A54,EN7,Voting Ensemble,True,,8,0.8949494949494949,0.012121212121212149,0.23,ok,,0
vowel,classification,990,13,False,A11 A21 A38 A41 A51 A61,A54,SV1,SVM (linear),True,,12,0.5707070707070707,0.027103854272724735,0.12,ok,,0
vowel,classification,990,13,False,A11 A21 A38 A41 A51 A61,A54,SV2,Kernel SVM (RBF/Poly),True,,9,0.9424242424242424,0.013775941108066516,0.19,ok,,0
vowel,classification,990,13,False,A11 A21 A38 A41 A51 A61,A54,PR1,Naive Bayes,True,,16,0.6555555555555556,0.0268010084069123,0.08,ok,,0
vowel,classification,990,13,False,A11 A21 A38 A41 A51 A61,A54,IB1,k-Nearest Neighbors,True,,14,0.901010101010101,0.0288542562769408,0.1,ok,,0
vowel,classification,990,13,False,A11 A21 A38 A41 A51 A61,A54,DR4,LDA (Linear Discriminant Analysis),True,,11,0.6020202020202021,0.026417569354791955,0.08,ok,,0
vowel,classification,990,13,False,A11 A21 A38 A41 A51 A61,A54,NN1,Perceptron,True,,17,0.40101010101010104,0.05763774795025095,0.11,ok,,0
vowel,classification,990,13,False,A11 A21 A38 A41 A51 A61,A54,NN2,MLP (Feedforward),True,,5,0.9727272727272729,0.007558903811664562,5.47,ok,,0
vowel,classification,990,13,False,A11 A21 A38 A41 A51 A61,A54,EN3,XGBoost,True,,4,0.9111111111111111,0.014497676863037691,1.4,ok,,0
vowel,classification,990,13,False,A11 A21 A38 A41 A51 A61,A54,EN4,LightGBM,True,,2,0.9454545454545453,0.01332414743259891,3.36,ok,,0
vowel,classification,990,13,False,A11 A21 A38 A41 A51 A61,A54,BASE-HGB,Histogram Gradient Boosting (baseline),False,,,0.9525252525252526,0.008206099398622166,6.79,ok,,0
credit_approval_germany,classification,1000,20,False,A11 A21 A38 A41 A51 A61,A53,LM2,Logistic Regression,True,,10,0.6688095238095239,0.030317668078736325,0.17,ok,,0
credit_approval_germany,classification,1000,20,False,A11 A21 A38 A41 A51 A61,A53,TR1,Decision Tree,True,,13,0.6188095238095238,0.016295179649779685,0.17,ok,,0
credit_approval_germany,classification,1000,20,False,A11 A21 A38 A41 A51 A61,A53,TR2,Random Forest,True,,3,0.6516666666666666,0.023396416183882374,2.03,ok,,0
credit_approval_germany,classification,1000,20,False,A11 A21 A38 A41 A51 A61,A53,TR3,Extra Trees,True,,1,0.6697619047619048,0.02452034187226759,1.91,ok,,0
credit_approval_germany,classification,1000,20,False,A11 A21 A38 A41 A51 A61,A53,EN1,AdaBoost,True,,15,0.6538095238095238,0.026151486129039968,0.62,ok,,0
credit_approval_germany,classification,1000,20,False,A11 A21 A38 A41 A51 A61,A53,EN2,Gradient Boosting (GBM),True,,7,0.6723809523809525,0.017583619464415945,1.2,ok,,0
credit_approval_germany,classification,1000,20,False,A11 A21 A38 A41 A51 A61,A53,EN6,Stacking,True,,6,0.6714285714285714,0.03864924543035223,0.97,ok,,0
credit_approval_germany,classification,1000,20,False,A11 A21 A38 A41 A51 A61,A53,EN7,Voting Ensemble,True,,8,0.6657142857142857,0.027760311969337093,0.28,ok,,0
credit_approval_germany,classification,1000,20,False,A11 A21 A38 A41 A51 A61,A53,SV1,SVM (linear),True,,12,0.6704761904761904,0.034350137886027705,0.15,ok,,0
credit_approval_germany,classification,1000,20,False,A11 A21 A38 A41 A51 A61,A53,SV2,Kernel SVM (RBF/Poly),True,,9,0.6652380952380952,0.028664530849085712,0.27,ok,,0
credit_approval_germany,classification,1000,20,False,A11 A21 A38 A41 A51 A61,A53,PR1,Naive Bayes,True,,16,0.7085714285714284,0.05522783155877847,0.14,ok,,0
credit_approval_germany,classification,1000,20,False,A11 A21 A38 A41 A51 A61,A53,IB1,k-Nearest Neighbors,True,,14,0.6166666666666667,0.03263729069276697,0.15,ok,,0
credit_approval_germany,classification,1000,20,False,A11 A21 A38 A41 A51 A61,A53,DR4,LDA (Linear Discriminant Analysis),True,,11,0.6778571428571428,0.04039627966076628,0.18,ok,,0
credit_approval_germany,classification,1000,20,False,A11 A21 A38 A41 A51 A61,A53,NN1,Perceptron,True,,17,0.6323809523809523,0.05556553198405647,0.15,ok,,0
credit_approval_germany,classification,1000,20,False,A11 A21 A38 A41 A51 A61,A53,NN2,MLP (Feedforward),True,,5,0.6728571428571429,0.0339934634239519,5.38,ok,,0
credit_approval_germany,classification,1000,20,False,A11 A21 A38 A41 A51 A61,A53,EN3,XGBoost,True,,4,0.6785714285714286,0.036847113191767054,0.44,ok,,0
credit_approval_germany,classification,1000,20,False,A11 A21 A38 A41 A51 A61,A53,EN4,LightGBM,True,,2,0.6883333333333334,0.027902892835177995,0.42,ok,,0
credit_approval_germany,classification,1000,20,False,A11 A21 A38 A41 A51 A61,A53,BASE-HGB,Histogram Gradient Boosting (baseline),False,,,0.6688095238095239,0.021631316007112156,2.44,ok,,0
parity5+5,classification,1124,10,False,A11 A21 A32 A41 A51 A61,A53,LM2,Logistic Regression,False,needs A31 data (yours is A32),,0.44861133340406745,0.00577676279630373,0.09,ok,,0
parity5+5,classification,1124,10,False,A11 A21 A32 A41 A51 A61,A53,TR1,Decision Tree,True,,12,0.7093114722947047,0.0982883176674803,0.1,ok,,0
parity5+5,classification,1124,10,False,A11 A21 A32 A41 A51 A61,A53,TR2,Random Forest,True,,3,0.640353983050187,0.06749429578395393,1.87,ok,,0
parity5+5,classification,1124,10,False,A11 A21 A32 A41 A51 A61,A53,TR3,Extra Trees,True,,1,0.7460953043335437,0.19510279851763113,1.73,ok,,0
parity5+5,classification,1124,10,False,A11 A21 A32 A41 A51 A61,A53,EN1,AdaBoost,True,,13,0.4477341404216113,0.005486608645727965,0.43,ok,,0
parity5+5,classification,1124,10,False,A11 A21 A32 A41 A51 A61,A53,EN2,Gradient Boosting (GBM),True,,7,0.3128628195698527,0.018766794642284267,0.69,ok,,0
parity5+5,classification,1124,10,False,A11 A21 A32 A41 A51 A61,A53,EN6,Stacking,True,,6,0.5727014596105187,0.13504231208439718,0.77,ok,,0
parity5+5,classification,1124,10,False,A11 A21 A32 A41 A51 A61,A53,EN7,Voting Ensemble,True,,8,0.5191304019436298,0.11404877040410612,0.2,ok,,0
parity5+5,classification,1124,10,False,A11 A21 A32 A41 A51 A61,A53,SV1,SVM (linear),True,,11,0.4477341404216113,0.005486608645727965,0.09,ok,,0
parity5+5,classification,1124,10,False,A11 A21 A32 A41 A51 A61,A53,SV2,Kernel SVM (RBF/Poly),True,,9,0.3036817820382096,0.0160411505817858,0.24,ok,,0
parity5+5,classification,1124,10,False,A11 A21 A32 A41 A51 A61,A53,PR1,Naive Bayes,False,needs A31 data (yours is A32),,0.44092359501360434,0.008810799680243531,0.09,ok,,0
parity5+5,classification,1124,10,False,A11 A21 A32 A41 A51 A61,A53,IB1,k-Nearest Neighbors,False,needs A31 data (yours is A32),,0.5336433383446658,0.0335983127385017,0.09,ok,,0
parity5+5,classification,1124,10,False,A11 A21 A32 A41 A51 A61,A53,DR4,LDA (Linear Discriminant Analysis),True,,10,0.4477341404216113,0.005486608645727965,0.09,ok,,0
parity5+5,classification,1124,10,False,A11 A21 A32 A41 A51 A61,A53,NN1,Perceptron,False,needs A31 data (yours is A32),,0.476073723683761,0.02959410985613586,0.09,ok,,0
parity5+5,classification,1124,10,False,A11 A21 A32 A41 A51 A61,A53,NN2,MLP (Feedforward),True,,5,1.0,0.0,5.94,ok,,0
parity5+5,classification,1124,10,False,A11 A21 A32 A41 A51 A61,A53,EN3,XGBoost,True,,4,0.9982142857142857,0.0035714285714285587,0.24,ok,,0
parity5+5,classification,1124,10,False,A11 A21 A32 A41 A51 A61,A53,EN4,LightGBM,True,,2,0.9653864390706495,0.06922712185870081,0.29,ok,,0
parity5+5,classification,1124,10,False,A11 A21 A32 A41 A51 A61,A53,BASE-HGB,Histogram Gradient Boosting (baseline),False,,,0.9653864390706495,0.06922712185870081,0.82,ok,,0
Hill_Valley_without_noise,classification,1212,100,False,A11 A21 A31 A41 A51 A61,A53,LM2,Logistic Regression,True,,10,0.6667756230840997,0.02669576316907003,0.22,ok,,0
Hill_Valley_without_noise,classification,1212,100,False,A11 A21 A31 A41 A51 A61,A53,TR1,Decision Tree,True,,13,0.6005994268959082,0.02439751077791195,0.88,ok,,0
Hill_Valley_without_noise,classification,1212,100,False,A11 A21 A31 A41 A51 A61,A53,TR2,Random Forest,True,,3,0.6014254298280688,0.025454557580481978,5.02,ok,,0
Hill_Valley_without_noise,classification,1212,100,False,A11 A21 A31 A41 A51 A61,A53,TR3,Extra Trees,True,,1,0.6170211915233906,0.027182591627573804,2.14,ok,,0
Hill_Valley_without_noise,classification,1212,100,False,A11 A21 A31 A41 A51 A61,A53,EN1,AdaBoost,True,,15,0.4984669465547114,0.014741600751912378,2.61,ok,,0
Hill_Valley_without_noise,classification,1212,100,False,A11 A21 A31 A41 A51 A61,A53,EN2,Gradient Boosting (GBM),True,,7,0.5657626949220311,0.018247482195134616,9.87,ok,,0
Hill_Valley_without_noise,classification,1212,100,False,A11 A21 A31 A41 A51 A61,A53,EN6,Stacking,True,,6,0.7151466080234574,0.02754741726110627,1.4,ok,,0
Hill_Valley_without_noise,classification,1212,100,False,A11 A21 A31 A41 A51 A61,A53,EN7,Voting Ensemble,True,,8,0.6220751699320273,0.018867730730534354,0.49,ok,,0
Hill_Valley_without_noise,classification,1212,100,False,A11 A21 A31 A41 A51 A61,A53,SV1,SVM (linear),True,,12,0.7008743169398908,0.020967671331462424,0.14,ok,,0
Hill_Valley_without_noise,classification,1212,100,False,A11 A21 A31 A41 A51 A61,A53,SV2,Kernel SVM (RBF/Poly),True,,9,0.5120708383313343,0.018356227048412985,0.37,ok,,0
Hill_Valley_without_noise,classification,1212,100,False,A11 A21 A31 A41 A51 A61,A53,PR1,Naive Bayes,True,,16,0.5129381580701053,0.020562915973026872,0.1,ok,,0
Hill_Valley_without_noise,classification,1212,100,False,A11 A21 A31 A41 A51 A61,A53,IB1,k-Nearest Neighbors,True,,14,0.5543819139011062,0.03021765402229714,0.13,ok,,0
Hill_Valley_without_noise,classification,1212,100,False,A11 A21 A31 A41 A51 A61,A53,DR4,LDA (Linear Discriminant Analysis),True,,11,0.6761048913767826,0.013575785038244052,0.18,ok,,0
Hill_Valley_without_noise,classification,1212,100,False,A11 A21 A31 A41 A51 A61,A53,NN1,Perceptron,True,,17,0.5696954551512728,0.044753835346770125,0.11,ok,,0
Hill_Valley_without_noise,classification,1212,100,False,A11 A21 A31 A41 A51 A61,A53,NN2,MLP (Feedforward),True,,5,0.5912115153938424,0.056517790569360224,3.11,ok,,0
Hill_Valley_without_noise,classification,1212,100,False,A11 A21 A31 A41 A51 A61,A53,EN3,XGBoost,True,,4,0.588031787285086,0.02103471026079817,2.2,ok,,0
Hill_Valley_without_noise,classification,1212,100,False,A11 A21 A31 A41 A51 A61,A53,EN4,LightGBM,True,,2,0.5879354924696788,0.03209486007027646,1.63,ok,,0
Hill_Valley_without_noise,classification,1212,100,False,A11 A21 A31 A41 A51 A61,A53,BASE-HGB,Histogram Gradient Boosting (baseline),False,,,0.6113301346128216,0.028530970238447858,2.57,ok,,0
Hill_Valley_with_noise,classification,1212,100,False,A11 A21 A31 A41 A51 A61,A53,LM2,Logistic Regression,True,,10,0.7053244817775369,0.03622289377214071,0.13,ok,,0
Hill_Valley_with_noise,classification,1212,100,False,A11 A21 A31 A41 A51 A61,A53,TR1,Decision Tree,True,,13,0.5792236824278553,0.04162170190290051,0.94,ok,,0
Hill_Valley_with_noise,classification,1212,100,False,A11 A21 A31 A41 A51 A61,A53,TR2,Random Forest,True,,3,0.5627895949058392,0.010505926762560826,5.19,ok,,0
Hill_Valley_with_noise,classification,1212,100,False,A11 A21 A31 A41 A51 A61,A53,TR3,Extra Trees,True,,1,0.6015580544641648,0.02966648880611112,2.93,ok,,0
Hill_Valley_with_noise,classification,1212,100,False,A11 A21 A31 A41 A51 A61,A53,EN1,AdaBoost,True,,15,0.5170776317572144,0.011610987686468835,2.73,ok,,0
Hill_Valley_with_noise,classification,1212,100,False,A11 A21 A31 A41 A51 A61,A53,EN2,Gradient Boosting (GBM),True,,7,0.5569841484893645,0.028554681645802896,10.13,ok,,0
Hill_Valley_with_noise,classification,1212,100,False,A11 A21 A31 A41 A51 A61,A53,EN6,Stacking,True,,6,0.7069367294404552,0.035531779131656206,1.74,ok,,0
Hill_Valley_with_noise,classification,1212,100,False,A11 A21 A31 A41 A51 A61,A53,EN7,Voting Ensemble,True,,8,0.5783565912477984,0.01019809055513157,0.49,ok,,0
Hill_Valley_with_noise,classification,1212,100,False,A11 A21 A31 A41 A51 A61,A53,SV1,SVM (linear),True,,12,0.7309781872375017,0.01594735590297626,0.14,ok,,0
Hill_Valley_with_noise,classification,1212,100,False,A11 A21 A31 A41 A51 A61,A53,SV2,Kernel SVM (RBF/Poly),True,,9,0.5197940658447365,0.015401988703806806,0.34,ok,,0
Hill_Valley_with_noise,classification,1212,100,False,A11 A21 A31 A41 A51 A61,A53,PR1,Naive Bayes,True,,16,0.49286004606421896,0.027300028944852676,0.09,ok,,0
Hill_Valley_with_noise,classification,1212,100,False,A11 A21 A31 A41 A51 A61,A53,IB1,k-Nearest Neighbors,True,,14,0.5338639750711286,0.02326940093753537,0.1,ok,,0
Hill_Valley_with_noise,classification,1212,100,False,A11 A21 A31 A41 A51 A61,A53,DR4,LDA (Linear Discriminant Analysis),True,,11,0.6707356726730795,0.011088321133572818,0.32,ok,,0
Hill_Valley_with_noise,classification,1212,100,False,A11 A21 A31 A41 A51 A61,A53,NN1,Perceptron,True,,17,0.5329426906923181,0.044513410267830025,0.16,ok,,0
Hill_Valley_with_noise,classification,1212,100,False,A11 A21 A31 A41 A51 A61,A53,NN2,MLP (Feedforward),True,,5,0.6370342771982117,0.03507832707634931,10.15,ok,,0
Hill_Valley_with_noise,classification,1212,100,False,A11 A21 A31 A41 A51 A61,A53,EN3,XGBoost,True,,4,0.5553719008264463,0.02848494487263729,2.0,ok,,0
Hill_Valley_with_noise,classification,1212,100,False,A11 A21 A31 A41 A51 A61,A53,EN4,LightGBM,True,,2,0.5825972090502642,0.045112133387757374,1.52,ok,,0
Hill_Valley_with_noise,classification,1212,100,False,A11 A21 A31 A41 A51 A61,A53,BASE-HGB,Histogram Gradient Boosting (baseline),False,,,0.5752269340197806,0.022185045984694285,2.6,ok,,0
mofn_3_7_10,classification,1324,10,False,A11 A21 A32 A41 A52 A61,A53,LM2,Logistic Regression,False,needs A31 data (yours is A32),,1.0,0.0,0.11,ok,,0
mofn_3_7_10,classification,1324,10,False,A11 A21 A32 A41 A52 A61,A53,TR1,Decision Tree,True,,12,1.0,0.0,0.1,ok,,0
mofn_3_7_10,classification,1324,10,False,A11 A21 A32 A41 A52 A61,A53,TR2,Random Forest,True,,3,0.9965517241379309,0.006896551724137901,1.79,ok,,0
mofn_3_7_10,classification,1324,10,False,A11 A21 A32 A41 A52 A61,A53,TR3,Extra Trees,True,,1,1.0,0.0,1.57,ok,,0
mofn_3_7_10,classification,1324,10,False,A11 A21 A32 A41 A52 A61,A53,EN1,AdaBoost,True,,13,1.0,0.0,0.47,ok,,0
mofn_3_7_10,classification,1324,10,False,A11 A21 A32 A41 A52 A61,A53,EN2,Gradient Boosting (GBM),True,,7,1.0,0.0,0.77,ok,,0
mofn_3_7_10,classification,1324,10,False,A11 A21 A32 A41 A52 A61,A53,EN6,Stacking,True,,6,1.0,0.0,0.96,ok,,0
mofn_3_7_10,classification,1324,10,False,A11 A21 A32 A41 A52 A61,A53,EN7,Voting Ensemble,True,,8,0.986323787258913,0.004129196287334049,0.19,ok,,0
mofn_3_7_10,classification,1324,10,False,A11 A21 A32 A41 A52 A61,A53,SV1,SVM (linear),True,,11,1.0,0.0,0.1,ok,,0
mofn_3_7_10,classification,1324,10,False,A11 A21 A32 A41 A52 A61,A53,SV2,Kernel SVM (RBF/Poly),True,,9,1.0,0.0,0.29,ok,,0
mofn_3_7_10,classification,1324,10,False,A11 A21 A32 A41 A52 A61,A53,PR1,Naive Bayes,False,needs A31 data (yours is A32),,0.9965809468147281,0.00418772276275226,0.11,ok,,0
mofn_3_7_10,classification,1324,10,False,A11 A21 A32 A41 A52 A61,A53,IB1,k-Nearest Neighbors,False,needs A31 data (yours is A32),,0.8169151601589366,0.021661009582826605,0.55,ok,,0
mofn_3_7_10,classification,1324,10,False,A11 A21 A32 A41 A52 A61,A53,DR4,LDA (Linear Discriminant Analysis),True,,10,1.0,0.0,0.8,ok,,0
mofn_3_7_10,classification,1324,10,False,A11 A21 A32 A41 A52 A61,A53,NN1,Perceptron,False,needs A31 data (yours is A32),,1.0,0.0,0.1,ok,,0
mofn_3_7_10,classification,1324,10,False,A11 A21 A32 A41 A52 A61,A53,NN2,MLP (Feedforward),True,,5,1.0,0.0,1.37,ok,,0
mofn_3_7_10,classification,1324,10,False,A11 A21 A32 A41 A52 A61,A53,EN3,XGBoost,True,,4,1.0,0.0,0.22,ok,,0
mofn_3_7_10,classification,1324,10,False,A11 A21 A32 A41 A52 A61,A53,EN4,LightGBM,True,,2,1.0,0.0,0.28,ok,,0
mofn_3_7_10,classification,1324,10,False,A11 A21 A32 A41 A52 A61,A53,BASE-HGB,Histogram Gradient Boosting (baseline),False,,,1.0,0.0,0.88,ok,,0
contraceptive_method,classification,1473,9,False,A11 A21 A38 A41 A51 A61,A53,LM2,Logistic Regression,True,,10,0.47676910290087243,0.034237387776148126,0.16,ok,,0
contraceptive_method,classification,1473,9,False,A11 A21 A38 A41 A51 A61,A53,TR1,Decision Tree,True,,13,0.44440453922069034,0.022270235178368156,0.13,ok,,0
contraceptive_method,classification,1473,9,False,A11 A21 A38 A41 A51 A61,A53,TR2,Random Forest,True,,3,0.47452171888859496,0.02111558849989475,2.25,ok,,0
contraceptive_method,classification,1473,9,False,A11 A21 A38 A41 A51 A61,A53,TR3,Extra Trees,True,,1,0.4639084226842659,0.023329509903379432,2.25,ok,,0
contraceptive_method,classification,1473,9,False,A11 A21 A38 A41 A51 A61,A53,EN1,AdaBoost,True,,15,0.5174862501959444,0.02036556015156686,0.51,ok,,0
contraceptive_method,classification,1473,9,False,A11 A21 A38 A41 A51 A61,A53,EN2,Gradient Boosting (GBM),True,,7,0.5233213133782566,0.03170902540727232,2.35,ok,,0
contraceptive_method,classification,1473,9,False,A11 A21 A38 A41 A51 A61,A53,EN6,Stacking,True,,6,0.5110097408441961,0.03304379643182694,0.89,ok,,0
contraceptive_method,classification,1473,9,False,A11 A21 A38 A41 A51 A61,A53,EN7,Voting Ensemble,True,,8,0.5252105033330943,0.02065018234139724,0.24,ok,,0
contraceptive_method,classification,1473,9,False,A11 A21 A38 A41 A51 A61,A53,SV1,SVM (linear),True,,12,0.4671435397792056,0.029946846401162096,0.12,ok,,0
contraceptive_method,classification,1473,9,False,A11 A21 A38 A41 A51 A61,A53,SV2,Kernel SVM (RBF/Poly),True,,9,0.5234257749025907,0.009118021050720194,0.38,ok,,0
contraceptive_method,classification,1473,9,False,A11 A21 A38 A41 A51 A61,A53,PR1,Naive Bayes,True,,16,0.4757522207323208,0.016900978017206105,0.1,ok,,0
contraceptive_method,classification,1473,9,False,A11 A21 A38 A41 A51 A61,A53,IB1,k-Nearest Neighbors,True,,14,0.463419877413655,0.014304625767633953,0.11,ok,,0
contraceptive_method,classification,1473,9,False,A11 A21 A38 A41 A51 A61,A53,DR4,LDA (Linear Discriminant Analysis),True,,11,0.4795318900120898,0.03528600350169784,0.11,ok,,0
contraceptive_method,classification,1473,9,False,A11 A21 A38 A41 A51 A61,A53,NN1,Perceptron,True,,17,0.4105567232169515,0.027135277059569373,0.11,ok,,0
contraceptive_method,classification,1473,9,False,A11 A21 A38 A41 A51 A61,A53,NN2,MLP (Feedforward),True,,5,0.48687726038932766,0.02395597721885389,7.95,ok,,0
contraceptive_method,classification,1473,9,False,A11 A21 A38 A41 A51 A61,A53,EN3,XGBoost,True,,4,0.49143342435717113,0.03154786389313923,0.62,ok,,0
contraceptive_method,classification,1473,9,False,A11 A21 A38 A41 A51 A61,A53,EN4,LightGBM,True,,2,0.49247254644439364,0.01554819667866493,0.87,ok,,0
contraceptive_method,classification,1473,9,False,A11 A21 A38 A41 A51 A61,A53,BASE-HGB,Histogram Gradient Boosting (baseline),False,,,0.48633831554744295,0.01711336383978765,2.71,ok,,0
yeast,classification,1479,8,False,A11 A21 A31 A41 A51 A61,A53,LM2,Logistic Regression,True,,10,0.5070311856132041,0.03463197037059844,0.12,ok,,0
yeast,classification,1479,8,False,A11 A21 A31 A41 A51 A61,A53,TR1,Decision Tree,True,,13,0.4610837108122757,0.03432015347895946,0.07,ok,,0
yeast,classification,1479,8,False,A11 A21 A31 A41 A51 A61,A53,TR2,Random Forest,True,,3,0.5304748750211994,0.025271695494585057,2.33,ok,,0
yeast,classification,1479,8,False,A11 A21 A31 A41 A51 A61,A53,TR3,Extra Trees,True,,1,0.5305700460257777,0.01562013555014689,1.99,ok,,0
yeast,classification,1479,8,False,A11 A21 A31 A41 A51 A61,A53,EN1,AdaBoost,True,,15,0.3782209014952168,0.017538722557988714,0.46,ok,,0
yeast,classification,1479,8,False,A11 A21 A31 A41 A51 A61,A53,EN2,Gradient Boosting (GBM),True,,7,0.5114398591515947,0.0341888079562651,6.93,ok,,0
yeast,classification,1479,8,False,A11 A21 A31 A41 A51 A61,A53,EN6,Stacking,True,,6,0.5403061412111182,0.03493343574271858,0.84,ok,,0
yeast,classification,1479,8,False,A11 A21 A31 A41 A51 A61,A53,EN7,Voting Ensemble,True,,8,0.5320988738167124,0.02913635771171194,0.2,ok,,0
yeast,classification,1479,8,False,A11 A21 A31 A41 A51 A61,A53,SV1,SVM (linear),True,,12,0.48340227934583735,0.031804720193220955,0.08,ok,,0
yeast,classification,1479,8,False,A11 A21 A31 A41 A51 A61,A53,SV2,Kernel SVM (RBF/Poly),True,,9,0.5167135924941857,0.03935447559104332,0.28,ok,,0
yeast,classification,1479,8,False,A11 A21 A31 A41 A51 A61,A53,PR1,Naive Bayes,True,,16,0.3425833863179327,0.020030509236808044,0.05,ok,,0
yeast,classification,1479,8,False,A11 A21 A31 A41 A51 A61,A53,IB1,k-Nearest Neighbors,True,,14,0.5065561356239892,0.03468437059357601,0.07,ok,,0
yeast,classification,1479,8,False,A11 A21 A31 A41 A51 A61,A53,DR4,LDA (Linear Discriminant Analysis),True,,11,0.5358475363286272,0.02927327776192164,0.05,ok,,0
yeast,classification,1479,8,False,A11 A21 A31 A41 A51 A61,A53,NN1,Perceptron,True,,17,0.3616288731502796,0.04994685096731337,0.07,ok,,0
yeast,classification,1479,8,False,A11 A21 A31 A41 A51 A61,A53,NN2,MLP (Feedforward),True,,5,0.5265197596414507,0.0456008586625379,7.84,ok,,0
yeast,classification,1479,8,False,A11 A21 A31 A41 A51 A61,A53,EN3,XGBoost,True,,4,0.5150847837980699,0.041196892806593485,1.06,ok,,0
yeast,classification,1479,8,False,A11 A21 A31 A41 A51 A61,A53,EN4,LightGBM,True,,2,0.4642090071674538,0.03115815392333047,1.94,ok,,0
yeast,classification,1479,8,False,A11 A21 A31 A41 A51 A61,A53,BASE-HGB,Histogram Gradient Boosting (baseline),False,,,0.4778594356895362,0.03521639865909564,6.21,ok,,0
wine_quality_red,classification,1599,11,False,A11 A21 A31 A41 A51 A61,A54,LM2,Logistic Regression,True,,10,0.29788036243425103,0.038933107526394464,0.13,ok,,0
wine_quality_red,classification,1599,11,False,A11 A21 A31 A41 A51 A61,A54,TR1,Decision Tree,True,,13,0.3566030652577119,0.04282335616896573,0.09,ok,,0
wine_quality_red,classification,1599,11,False,A11 A21 A31 A41 A51 A61,A54,TR2,Random Forest,True,,3,0.35776946315889624,0.011126938154597409,2.58,ok,,0
wine_quality_red,classification,1599,11,False,A11 A21 A31 A41 A51 A61,A54,TR3,Extra Trees,True,,1,0.3526872700394225,0.015231408201454112,2.04,ok,,0
wine_quality_red,classification,1599,11,False,A11 A21 A31 A41 A51 A61,A54,EN1,AdaBoost,True,,15,0.2891992290763429,0.024379895836017785,0.57,ok,,0
wine_quality_red,classification,1599,11,False,A11 A21 A31 A41 A51 A61,A54,EN2,Gradient Boosting (GBM),True,,7,0.3395214789114249,0.012341827887496456,8.06,ok,,0
wine_quality_red,classification,1599,11,False,A11 A21 A31 A41 A51 A61,A54,EN6,Stacking,True,,6,0.28041954738882835,0.011430642536737205,1.07,ok,,0
wine_quality_red,classification,1599,11,False,A11 A21 A31 A41 A51 A61,A54,EN7,Voting Ensemble,True,,8,0.30240973933657894,0.011994214510426636,0.26,ok,,0
wine_quality_red,classification,1599,11,False,A11 A21 A31 A41 A51 A61,A54,SV1,SVM (linear),True,,12,0.23669538843224927,0.01535484783101195,0.08,ok,,0
wine_quality_red,classification,1599,11,False,A11 A21 A31 A41 A51 A61,A54,SV2,Kernel SVM (RBF/Poly),True,,9,0.28640721563016525,0.01627807395972136,0.36,ok,,0
wine_quality_red,classification,1599,11,False,A11 A21 A31 A41 A51 A61,A54,PR1,Naive Bayes,True,,16,0.3128371496771895,0.023211245367324614,0.06,ok,,0
wine_quality_red,classification,1599,11,False,A11 A21 A31 A41 A51 A61,A54,IB1,k-Nearest Neighbors,True,,14,0.2864915687042032,0.008772072803925706,0.09,ok,,0
wine_quality_red,classification,1599,11,False,A11 A21 A31 A41 A51 A61,A54,DR4,LDA (Linear Discriminant Analysis),True,,11,0.30581637671953776,0.038979208409098146,0.06,ok,,0
wine_quality_red,classification,1599,11,False,A11 A21 A31 A41 A51 A61,A54,NN1,Perceptron,True,,17,0.26752268651486527,0.01723218850573676,0.07,ok,,0
wine_quality_red,classification,1599,11,False,A11 A21 A31 A41 A51 A61,A54,NN2,MLP (Feedforward),True,,5,0.3380057526797409,0.06845086130388738,9.16,ok,,0
wine_quality_red,classification,1599,11,False,A11 A21 A31 A41 A51 A61,A54,EN3,XGBoost,True,,4,0.3566219185963485,0.013688599067059735,1.2,ok,,0
wine_quality_red,classification,1599,11,False,A11 A21 A31 A41 A51 A61,A54,EN4,LightGBM,True,,2,0.36433263091589835,0.013349660677026627,1.54,ok,,0
wine_quality_red,classification,1599,11,False,A11 A21 A31 A41 A51 A61,A54,BASE-HGB,Histogram Gradient Boosting (baseline),False,,,0.35499170071417135,0.01479973881888574,5.01,ok,,0
car_evaluation,classification,1728,6,False,A11 A21 A32 A41 A51 A61,A54,LM2,Logistic Regression,False,needs A31 data (yours is A32),,0.769385459038569,0.037183345697744966,0.15,ok,,0
car_evaluation,classification,1728,6,False,A11 A21 A32 A41 A51 A61,A54,TR1,Decision Tree,True,,12,0.9311000602268547,0.04770916312724819,0.09,ok,,0
car_evaluation,classification,1728,6,False,A11 A21 A32 A41 A51 A61,A54,TR2,Random Forest,True,,3,0.8774707947554837,0.041187148622685306,1.93,ok,,0
car_evaluation,classification,1728,6,False,A11 A21 A32 A41 A51 A61,A54,TR3,Extra Trees,True,,1,0.9048678594133139,0.03913256777109622,1.79,ok,,0
car_evaluation,classification,1728,6,False,A11 A21 A32 A41 A51 A61,A54,EN1,AdaBoost,True,,13,0.5047642548838722,0.04372430647223561,0.48,ok,,0
car_evaluation,classification,1728,6,False,A11 A21 A32 A41 A51 A61,A54,EN2,Gradient Boosting (GBM),True,,7,0.9611711852740561,0.025443104907701592,2.76,ok,,0
car_evaluation,classification,1728,6,False,A11 A21 A32 A41 A51 A61,A54,EN6,Stacking,True,,6,0.6988861019363412,0.07313326802339185,1.81,ok,,0
car_evaluation,classification,1728,6,False,A11 A21 A32 A41 A51 A61,A54,EN7,Voting Ensemble,True,,8,0.665439285594788,0.03227208233868269,0.37,ok,,0
car_evaluation,classification,1728,6,False,A11 A21 A32 A41 A51 A61,A54,SV1,SVM (linear),True,,11,0.6726598760091583,0.05982681455460918,0.09,ok,,0
car_evaluation,classification,1728,6,False,A11 A21 A32 A41 A51 A61,A54,SV2,Kernel SVM (RBF/Poly),True,,9,0.9243875143994762,0.05987182899279727,0.4,ok,,0
car_evaluation,classification,1728,6,False,A11 A21 A32 A41 A51 A61,A54,PR1,Naive Bayes,False,needs A31 data (yours is A32),,0.8628293357360342,0.026177074035240725,0.09,ok,,0
car_evaluation,classification,1728,6,False,A11 A21 A32 A41 A51 A61,A54,IB1,k-Nearest Neighbors,False,needs A31 data (yours is A32),,0.4606338637439116,0.034532099455243596,0.1,ok,,0
car_evaluation,classification,1728,6,False,A11 A21 A32 A41 A51 A61,A54,DR4,LDA (Linear Discriminant Analysis),True,,10,0.6555499524399045,0.04654566485342039,0.41,ok,,0
car_evaluation,classification,1728,6,False,A11 A21 A32 A41 A51 A61,A54,NN1,Perceptron,False,needs A31 data (yours is A32),,0.632978325502249,0.06962119427700093,0.11,ok,,0
car_evaluation,classification,1728,6,False,A11 A21 A32 A41 A51 A61,A54,NN2,MLP (Feedforward),True,,5,0.9701235964991944,0.021812461727669194,4.75,ok,,0
car_evaluation,classification,1728,6,False,A11 A21 A32 A41 A51 A61,A54,EN3,XGBoost,True,,4,0.9689633930662639,0.025280675405839906,0.58,ok,,0
car_evaluation,classification,1728,6,False,A11 A21 A32 A41 A51 A61,A54,EN4,LightGBM,True,,2,0.986985741531196,0.02246279477215912,0.85,ok,,0
car_evaluation,classification,1728,6,False,A11 A21 A32 A41 A51 A61,A54,BASE-HGB,Histogram Gradient Boosting (baseline),False,,,0.9792934338388883,0.01992578436358014,3.4,ok,,0
mfeat_fourier,classification,2000,76,False,A11 A21 A31 A41 A51 A61,A54,LM2,Logistic Regression,True,,10,0.8160000000000001,0.010793516572461474,5.29,ok,,0
mfeat_fourier,classification,2000,76,False,A11 A21 A31 A41 A51 A61,A54,TR1,Decision Tree,True,,13,0.7230000000000001,0.014089002803605342,0.74,ok,,0
mfeat_fourier,classification,2000,76,False,A11 A21 A31 A41 A51 A61,A54,TR2,Random Forest,True,,3,0.833,0.016537835408541306,4.99,ok,,0
mfeat_fourier,classification,2000,76,False,A11 A21 A31 A41 A51 A61,A54,TR3,Extra Trees,True,,1,0.8324999999999999,0.02043281674170255,2.94,ok,,0
mfeat_fourier,classification,2000,76,False,A11 A21 A31 A41 A51 A61,A54,EN1,AdaBoost,True,,15,0.629,0.05678027826631355,3.88,ok,,0
mfeat_fourier,classification,2000,76,False,A11 A21 A31 A41 A51 A61,A54,EN2,Gradient Boosting (GBM),True,,7,,,60,timeout,over 60s,0
mfeat_fourier,classification,2000,76,False,A11 A21 A31 A41 A51 A61,A54,EN6,Stacking,True,,6,0.8404999999999999,0.01478174549909449,2.77,ok,,0
mfeat_fourier,classification,2000,76,False,A11 A21 A31 A41 A51 A61,A54,EN7,Voting Ensemble,True,,8,0.8285,0.006442049363362512,0.6,ok,,0
mfeat_fourier,classification,2000,76,False,A11 A21 A31 A41 A51 A61,A54,SV1,SVM (linear),True,,12,0.8154999999999999,0.020211382931407677,0.54,ok,,0
mfeat_fourier,classification,2000,76,False,A11 A21 A31 A41 A51 A61,A54,SV2,Kernel SVM (RBF/Poly),True,,9,0.8320000000000001,0.016613247725836167,0.87,ok,,0
mfeat_fourier,classification,2000,76,False,A11 A21 A31 A41 A51 A61,A54,PR1,Naive Bayes,True,,16,0.7615000000000001,0.014628738838327746,0.1,ok,,0
mfeat_fourier,classification,2000,76,False,A11 A21 A31 A41 A51 A61,A54,IB1,k-Nearest Neighbors,True,,14,0.7975,0.01724818831066034,0.11,ok,,0
mfeat_fourier,classification,2000,76,False,A11 A21 A31 A41 A51 A61,A54,DR4,LDA (Linear Discriminant Analysis),True,,11,0.8104999999999999,0.009137833441248524,0.18,ok,,0
mfeat_fourier,classification,2000,76,False,A11 A21 A31 A41 A51 A61,A54,NN1,Perceptron,True,,17,0.776,0.01750714140001164,0.23,ok,,0
mfeat_fourier,classification,2000,76,False,A11 A21 A31 A41 A51 A61,A54,NN2,MLP (Feedforward),True,,5,0.8290000000000001,0.01786057109949176,7.22,ok,,0
mfeat_fourier,classification,2000,76,False,A11 A21 A31 A41 A51 A61,A54,EN3,XGBoost,True,,4,0.828,0.016688319268278677,8.38,ok,,0
mfeat_fourier,classification,2000,76,False,A11 A21 A31 A41 A51 A61,A54,EN4,LightGBM,True,,2,0.8445,0.019326148090087664,19.01,ok,,0
mfeat_fourier,classification,2000,76,False,A11 A21 A31 A41 A51 A61,A54,BASE-HGB,Histogram Gradient Boosting (baseline),False,,,0.8459999999999999,0.013838352503097997,15.17,ok,,0
mfeat_karhunen,classification,2000,64,False,A11 A21 A31 A41 A51 A61,A54,LM2,Logistic Regression,True,,10,0.946,0.011575836902790189,1.73,ok,,0
mfeat_karhunen,classification,2000,64,False,A11 A21 A31 A41 A51 A61,A54,TR1,Decision Tree,True,,13,0.8165000000000001,0.016926310879810797,0.54,ok,,0
mfeat_karhunen,classification,2000,64,False,A11 A21 A31 A41 A51 A61,A54,TR2,Random Forest,True,,3,0.9630000000000001,0.011768602295939803,4.94,ok,,0
mfeat_karhunen,classification,2000,64,False,A11 A21 A31 A41 A51 A61,A54,TR3,Extra Trees,True,,1,0.9685,0.008154753215150015,2.52,ok,,0
mfeat_karhunen,classification,2000,64,False,A11 A21 A31 A41 A51 A61,A54,EN1,AdaBoost,True,,15,0.7215,0.03231098884280702,3.39,ok,,0
mfeat_karhunen,classification,2000,64,False,A11 A21 A31 A41 A51 A61,A54,EN2,Gradient Boosting (GBM),True,,7,,,60,timeout,over 60s,0
mfeat_karhunen,classification,2000,64,False,A11 A21 A31 A41 A51 A61,A54,EN6,Stacking,True,,6,0.97,0.004743416490252538,3.17,ok,,0
mfeat_karhunen,classification,2000,64,False,A11 A21 A31 A41 A51 A61,A54,EN7,Voting Ensemble,True,,8,0.9605,0.005099019513592706,0.49,ok,,0
mfeat_karhunen,classification,2000,64,False,A11 A21 A31 A41 A51 A61,A54,SV1,SVM (linear),True,,12,0.9400000000000001,0.004472135954999645,0.37,ok,,0
mfeat_karhunen,classification,2000,64,False,A11 A21 A31 A41 A51 A61,A54,SV2,Kernel SVM (RBF/Poly),True,,9,0.9754999999999999,0.005567764362829957,0.54,ok,,0
mfeat_karhunen,classification,2000,64,False,A11 A21 A31 A41 A51 A61,A54,PR1,Naive Bayes,True,,16,0.9359999999999999,0.01124722187920195,0.1,ok,,0
mfeat_karhunen,classification,2000,64,False,A11 A21 A31 A41 A51 A61,A54,IB1,k-Nearest Neighbors,True,,14,0.95,0.005477225575051605,0.11,ok,,0
mfeat_karhunen,classification,2000,64,False,A11 A21 A31 A41 A51 A61,A54,DR4,LDA (Linear Discriminant Analysis),True,,11,0.9525,0.007245688373094726,0.14,ok,,0
mfeat_karhunen,classification,2000,64,False,A11 A21 A31 A41 A51 A61,A54,NN1,Perceptron,True,,17,0.925,0.009082951062292477,0.19,ok,,0
mfeat_karhunen,classification,2000,64,False,A11 A21 A31 A41 A51 A61,A54,NN2,MLP (Feedforward),True,,5,0.96,0.00961769203083567,3.9,ok,,0
mfeat_karhunen,classification,2000,64,False,A11 A21 A31 A41 A51 A61,A54,EN3,XGBoost,True,,4,0.951,0.014543039572248907,5.4,ok,,0
mfeat_karhunen,classification,2000,64,False,A11 A21 A31 A41 A51 A61,A54,EN4,LightGBM,True,,2,0.9630000000000001,0.012389511693363865,11.11,ok,,0
mfeat_karhunen,classification,2000,64,False,A11 A21 A31 A41 A51 A61,A54,BASE-HGB,Histogram Gradient Boosting (baseline),False,,,0.959,0.01168332144554786,12.32,ok,,0
mfeat_zernike,classification,2000,47,False,A11 A21 A31 A41 A51 A61,A54,LM2,Logistic Regression,True,,10,0.8160000000000001,0.016093476939431157,0.31,ok,,0
mfeat_zernike,classification,2000,47,False,A11 A21 A31 A41 A51 A61,A54,TR1,Decision Tree,True,,13,0.6849999999999999,0.014577379737113238,0.45,ok,,0
mfeat_zernike,classification,2000,47,False,A11 A21 A31 A41 A51 A61,A54,TR2,Random Forest,True,,3,0.7834999999999999,0.015858751527153672,4.68,ok,,0
mfeat_zernike,classification,2000,47,False,A11 A21 A31 A41 A51 A61,A54,TR3,Extra Trees,True,,1,0.7929999999999999,0.012884098726725086,2.89,ok,,0
mfeat_zernike,classification,2000,47,False,A11 A21 A31 A41 A51 A61,A54,EN1,AdaBoost,True,,15,0.56,0.04743416490252571,2.71,ok,,0
mfeat_zernike,classification,2000,47,False,A11 A21 A31 A41 A51 A61,A54,EN2,Gradient Boosting (GBM),True,,7,,,60,timeout,over 60s,0
mfeat_zernike,classification,2000,47,False,A11 A21 A31 A41 A51 A61,A54,EN6,Stacking,True,,6,0.8855000000000001,0.012786711852544385,2.0,ok,,0
mfeat_zernike,classification,2000,47,False,A11 A21 A31 A41 A51 A61,A54,EN7,Voting Ensemble,True,,8,0.8125,0.014662878298615109,0.48,ok,,0
mfeat_zernike,classification,2000,47,False,A11 A21 A31 A41 A51 A61,A54,SV1,SVM (linear),True,,12,0.8264999999999999,0.017507141400011635,0.4,ok,,0
mfeat_zernike,classification,2000,47,False,A11 A21 A31 A41 A51 A61,A54,SV2,Kernel SVM (RBF/Poly),True,,9,0.8335000000000001,0.012103718436910195,0.61,ok,,0
mfeat_zernike,classification,2000,47,False,A11 A21 A31 A41 A51 A61,A54,PR1,Naive Bayes,True,,16,0.7295,0.02288012237729509,0.08,ok,,0
mfeat_zernike,classification,2000,47,False,A11 A21 A31 A41 A51 A61,A54,IB1,k-Nearest Neighbors,True,,14,0.8079999999999998,0.018261982367749674,0.09,ok,,0
mfeat_zernike,classification,2000,47,False,A11 A21 A31 A41 A51 A61,A54,DR4,LDA (Linear Discriminant Analysis),True,,11,0.8140000000000001,0.013838352503098032,0.11,ok,,0
mfeat_zernike,classification,2000,47,False,A11 A21 A31 A41 A51 A61,A54,NN1,Perceptron,True,,17,0.8019999999999999,0.0036742346141747676,0.15,ok,,0
mfeat_zernike,classification,2000,47,False,A11 A21 A31 A41 A51 A61,A54,NN2,MLP (Feedforward),True,,5,0.8069999999999998,0.01258967831201414,9.86,ok,,0
mfeat_zernike,classification,2000,47,False,A11 A21 A31 A41 A51 A61,A54,EN3,XGBoost,True,,4,0.784,0.012206555615733666,6.29,ok,,0
mfeat_zernike,classification,2000,47,False,A11 A21 A31 A41 A51 A61,A54,EN4,LightGBM,True,,2,0.7909999999999999,0.015215124054702975,7.62,ok,,0
mfeat_zernike,classification,2000,47,False,A11 A21 A31 A41 A51 A61,A54,BASE-HGB,Histogram Gradient Boosting (baseline),False,,,0.792,0.009539392014169422,13.03,ok,,0
mfeat_morphological,classification,2000,6,False,A11 A21 A38 A41 A51 A61,A54,LM2,Logistic Regression,True,,10,0.732,0.014352700094407292,0.29,ok,,0
mfeat_morphological,classification,2000,6,False,A11 A21 A38 A41 A51 A61,A54,TR1,Decision Tree,True,,13,0.6529999999999998,0.0187349939951952,0.15,ok,,0
mfeat_morphological,classification,2000,6,False,A11 A21 A38 A41 A51 A61,A54,TR2,Random Forest,True,,3,0.7110000000000001,0.024929901724635835,2.34,ok,,0
mfeat_morphological,classification,2000,6,False,A11 A21 A38 A41 A51 A61,A54,TR3,Extra Trees,True,,1,0.703,0.024155744658362358,1.94,ok,,0
mfeat_morphological,classification,2000,6,False,A11 A21 A38 A41 A51 A61,A54,EN1,AdaBoost,True,,15,0.597,0.056244999777758015,0.63,ok,,0
mfeat_morphological,classification,2000,6,False,A11 A21 A38 A41 A51 A61,A54,EN2,Gradient Boosting (GBM),True,,7,0.709,0.010793516572461423,12.67,ok,,0
mfeat_morphological,classification,2000,6,False,A11 A21 A38 A41 A51 A61,A54,EN6,Stacking,True,,6,0.7609999999999999,0.02581666128685114,1.65,ok,,0
mfeat_morphological,classification,2000,6,False,A11 A21 A38 A41 A51 A61,A54,EN7,Voting Ensemble,True,,8,0.7234999999999999,0.024929901724635852,0.39,ok,,0
mfeat_morphological,classification,2000,6,False,A11 A21 A38 A41 A51 A61,A54,SV1,SVM (linear),True,,12,0.7365,0.012103718436910263,0.14,ok,,0
mfeat_morphological,classification,2000,6,False,A11 A21 A38 A41 A51 A61,A54,SV2,Kernel SVM (RBF/Poly),True,,9,0.7165000000000001,0.020285462775100762,0.33,ok,,0
mfeat_morphological,classification,2000,6,False,A11 A21 A38 A41 A51 A61,A54,PR1,Naive Bayes,True,,16,0.6805,0.02399999999999997,0.12,ok,,0
mfeat_morphological,classification,2000,6,False,A11 A21 A38 A41 A51 A61,A54,IB1,k-Nearest Neighbors,True,,14,0.7125,0.02387467277262666,0.11,ok,,0
mfeat_morphological,classification,2000,6,False,A11 A21 A38 A41 A51 A61,A54,DR4,LDA (Linear Discriminant Analysis),True,,11,0.7315,0.02764054992217048,0.1,ok,,0
mfeat_morphological,classification,2000,6,False,A11 A21 A38 A41 A51 A61,A54,NN1,Perceptron,True,,17,0.6190000000000001,0.02492990172463583,0.14,ok,,0
mfeat_morphological,classification,2000,6,False,A11 A21 A38 A41 A51 A61,A54,NN2,MLP (Feedforward),True,,5,0.7495,0.017846568297574746,10.58,ok,,0
mfeat_morphological,classification,2000,6,False,A11 A21 A38 A41 A51 A61,A54,EN3,XGBoost,True,,4,0.7004999999999999,0.02410394158638786,1.74,ok,,0
mfeat_morphological,classification,2000,6,False,A11 A21 A38 A41 A51 A61,A54,EN4,LightGBM,True,,2,0.6865,0.024423349483639625,2.83,ok,,0
mfeat_morphological,classification,2000,6,False,A11 A21 A38 A41 A51 A61,A54,BASE-HGB,Histogram Gradient Boosting (baseline),False,,,0.6954999999999999,0.024103941586387883,8.66,ok,,0
titanic,classification,2207,8,False,A11 A21 A38 A41 A51 A62,A54,LM2,Logistic Regression,True,,10,0.7371782553025664,0.02840699335481349,0.13,ok,,0
titanic,classification,2207,8,False,A11 A21 A38 A41 A51 A62,A54,TR1,Decision Tree,True,,13,0.7004945379176855,0.010644245018121626,0.12,ok,,0
titanic,classification,2207,8,False,A11 A21 A38 A41 A51 A62,A54,TR2,Random Forest,True,,3,0.7250654693336874,0.019382666149060333,2.23,ok,,0
titanic,classification,2207,8,False,A11 A21 A38 A41 A51 A62,A54,TR3,Extra Trees,True,,1,0.7150717614698019,0.016041669633748017,2.03,ok,,0
titanic,classification,2207,8,False,A11 A21 A38 A41 A51 A62,A54,EN1,AdaBoost,True,,15,0.7289781987761167,0.025860562683467495,0.61,ok,,0
titanic,classification,2207,8,False,A11 A21 A38 A41 A51 A62,A54,EN2,Gradient Boosting (GBM),True,,7,0.7370782563017715,0.01846381543550853,1.15,ok,,0
titanic,classification,2207,8,False,A11 A21 A38 A41 A51 A62,A54,EN6,Stacking,True,,6,0.7403454422695085,0.02731150270890928,1.01,ok,,0
titanic,classification,2207,8,False,A11 A21 A38 A41 A51 A62,A54,EN7,Voting Ensemble,True,,8,0.7415227369079175,0.02227459038779909,0.29,ok,,0
titanic,classification,2207,8,False,A11 A21 A38 A41 A51 A62,A54,SV1,SVM (linear),True,,12,0.7380101376476148,0.016368630201625402,0.16,ok,,0
titanic,classification,2207,8,False,A11 A21 A38 A41 A51 A62,A54,SV2,Kernel SVM (RBF/Poly),True,,9,0.752621110059567,0.019943561328087844,0.6,ok,,0
titanic,classification,2207,8,False,A11 A21 A38 A41 A51 A62,A54,PR1,Naive Bayes,True,,16,0.7131621681033805,0.02401478201328391,0.13,ok,,0
titanic,classification,2207,8,False,A11 A21 A38 A41 A51 A62,A54,IB1,k-Nearest Neighbors,True,,14,0.7315371425879692,0.013100774432770287,0.13,ok,,0
titanic,classification,2207,8,False,A11 A21 A38 A41 A51 A62,A54,DR4,LDA (Linear Discriminant Analysis),True,,11,0.7398965822909486,0.018326635997907147,0.14,ok,,0
titanic,classification,2207,8,False,A11 A21 A38 A41 A51 A62,A54,NN1,Perceptron,True,,17,0.6202586156444087,0.048508864121377664,0.13,ok,,0
titanic,classification,2207,8,False,A11 A21 A38 A41 A51 A62,A54,NN2,MLP (Feedforward),True,,5,0.7291811801181061,0.02095434225467182,11.55,ok,,0
titanic,classification,2207,8,False,A11 A21 A38 A41 A51 A62,A54,EN3,XGBoost,True,,4,0.7461981152140369,0.015599637348108205,0.43,ok,,0
titanic,classification,2207,8,False,A11 A21 A38 A41 A51 A62,A54,EN4,LightGBM,True,,2,0.7479110750445717,0.01689766448003161,0.42,ok,,0
titanic,classification,2207,8,False,A11 A21 A38 A41 A51 A62,A54,BASE-HGB,Histogram Gradient Boosting (baseline),False,,,0.7548602768939573,0.01518797721786685,1.43,ok,,0
segmentation,classification,2310,19,False,A11 A21 A38 A41 A51 A61,A54,LM2,Logistic Regression,True,,10,0.9324675324675324,0.005543830508599867,0.27,ok,,0
segmentation,classification,2310,19,False,A11 A21 A38 A41 A51 A61,A54,TR1,Decision Tree,True,,13,0.9640692640692642,0.010744306187005089,0.18,ok,,0
segmentation,classification,2310,19,False,A11 A21 A38 A41 A51 A61,A54,TR2,Random Forest,True,,3,0.9783549783549784,0.0027379027360764966,3.05,ok,,0
segmentation,classification,2310,19,False,A11 A21 A38 A41 A51 A61,A54,TR3,Extra Trees,True,,1,0.9766233766233766,0.0050111848064026965,1.99,ok,,0
segmentation,classification,2310,19,False,A11 A21 A38 A41 A51 A61,A54,EN1,AdaBoost,True,,15,0.796969696969697,0.03357142159366457,1.09,ok,,0
segmentation,classification,2310,19,False,A11 A21 A38 A41 A51 A61,A54,EN2,Gradient Boosting (GBM),True,,7,0.9779220779220781,0.004414735509604156,25.82,ok,,0
segmentation,classification,2310,19,False,A11 A21 A38 A41 A51 A61,A54,EN6,Stacking,True,,6,0.9571428571428573,0.01689975869778627,3.07,ok,,0
segmentation,classification,2310,19,False,A11 A21 A38 A41 A51 A61,A54,EN7,Voting Ensemble,True,,8,0.9580086580086581,0.00828187293060995,0.62,ok,,0
segmentation,classification,2310,19,False,A11 A21 A38 A41 A51 A61,A54,SV1,SVM (linear),True,,12,0.9173160173160172,0.006622103264406231,0.17,ok,,0
segmentation,classification,2310,19,False,A11 A21 A38 A41 A51 A61,A54,SV2,Kernel SVM (RBF/Poly),True,,9,0.9402597402597405,0.0060606060606060745,0.28,ok,,0
segmentation,classification,2310,19,False,A11 A21 A38 A41 A51 A61,A54,PR1,Naive Bayes,True,,16,0.7948051948051947,0.005372153093502554,0.09,ok,,0
segmentation,classification,2310,19,False,A11 A21 A38 A41 A51 A61,A54,IB1,k-Nearest Neighbors,True,,14,0.9415584415584416,0.012012499502607465,0.11,ok,,0
segmentation,classification,2310,19,False,A11 A21 A38 A41 A51 A61,A54,DR4,LDA (Linear Discriminant Analysis),True,,11,0.9168831168831169,0.010207641664546829,0.11,ok,,0
segmentation,classification,2310,19,False,A11 A21 A38 A41 A51 A61,A54,NN1,Perceptron,True,,17,0.8826839826839826,0.025588773517111113,0.12,ok,,0
segmentation,classification,2310,19,False,A11 A21 A38 A41 A51 A61,A54,NN2,MLP (Feedforward),True,,5,0.9753246753246755,0.00816794903208362,12.04,ok,,0
segmentation,classification,2310,19,False,A11 A21 A38 A41 A51 A61,A54,EN3,XGBoost,True,,4,0.9822510822510824,0.0016197651024996115,1.24,ok,,0
segmentation,classification,2310,19,False,A11 A21 A38 A41 A51 A61,A54,EN4,LightGBM,True,,2,0.9822510822510822,0.005372153093502512,2.5,ok,,0
segmentation,classification,2310,19,False,A11 A21 A38 A41 A51 A61,A54,BASE-HGB,Histogram Gradient Boosting (baseline),False,,,0.983982683982684,0.0037739384792559835,4.94,ok,,0
hypothyroid,classification,3163,25,False,A11 A21 A38 A41 A52 A61,A53,LM2,Logistic Regression,True,,10,0.6032677447968957,0.03700534381206812,0.32,ok,,0
hypothyroid,classification,3163,25,False,A11 A21 A38 A41 A52 A61,A53,TR1,Decision Tree,True,,13,0.8330086483952188,0.06575946468615729,0.29,ok,,0
hypothyroid,classification,3163,25,False,A11 A21 A38 A41 A52 A61,A53,TR2,Random Forest,True,,3,0.8223181914881705,0.042090984404845655,2.38,ok,,0
hypothyroid,classification,3163,25,False,A11 A21 A38 A41 A52 A61,A53,TR3,Extra Trees,True,,1,0.7499622453587811,0.0475672882817796,2.21,ok,,0
hypothyroid,classification,3163,25,False,A11 A21 A38 A41 A52 A61,A53,EN1,AdaBoost,True,,15,0.7778616384728734,0.043893300662454976,0.98,ok,,0
hypothyroid,classification,3163,25,False,A11 A21 A38 A41 A52 A61,A53,EN2,Gradient Boosting (GBM),True,,7,0.8729948194226951,0.057541970564533175,2.25,ok,,0
hypothyroid,classification,3163,25,False,A11 A21 A38 A41 A52 A61,A53,EN6,Stacking,True,,6,0.8010404324606384,0.04441161902908519,1.52,ok,,0
hypothyroid,classification,3163,25,False,A11 A21 A38 A41 A52 A61,A53,EN7,Voting Ensemble,True,,8,0.6873909699884104,0.03495528024751804,0.45,ok,,0
hypothyroid,classification,3163,25,False,A11 A21 A38 A41 A52 A61,A53,SV1,SVM (linear),True,,12,0.610539726260634,0.020477841770101982,0.29,ok,,0
hypothyroid,classification,3163,25,False,A11 A21 A38 A41 A52 A61,A53,SV2,Kernel SVM (RBF/Poly),True,,9,0.5033333333333333,0.006666666666666687,0.53,ok,,0
hypothyroid,classification,3163,25,False,A11 A21 A38 A41 A52 A61,A53,PR1,Naive Bayes,True,,16,0.5773047988365251,0.017312438987104738,0.26,ok,,0
hypothyroid,classification,3163,25,False,A11 A21 A38 A41 A52 A61,A53,IB1,k-Nearest Neighbors,True,,14,0.6702171456154729,0.02419161889203523,0.28,ok,,0
hypothyroid,classification,3163,25,False,A11 A21 A38 A41 A52 A61,A53,DR4,LDA (Linear Discriminant Analysis),True,,11,0.6582133059917432,0.041960044789395114,0.3,ok,,0
hypothyroid,classification,3163,25,False,A11 A21 A38 A41 A52 A61,A53,NN1,Perceptron,True,,17,0.6294112529553854,0.0944572076495593,0.26,ok,,0
hypothyroid,classification,3163,25,False,A11 A21 A38 A41 A52 A61,A53,NN2,MLP (Feedforward),True,,5,0.8264945411903794,0.06034516654508063,11.37,ok,,0
hypothyroid,classification,3163,25,False,A11 A21 A38 A41 A52 A61,A53,EN3,XGBoost,True,,4,0.8721744508621825,0.043059206164626,0.55,ok,,0
hypothyroid,classification,3163,25,False,A11 A21 A38 A41 A52 A61,A53,EN4,LightGBM,True,,2,0.8801108841531633,0.037123809308611776,0.68,ok,,0
hypothyroid,classification,3163,25,False,A11 A21 A38 A41 A52 A61,A53,BASE-HGB,Histogram Gradient Boosting (baseline),False,,,0.886943939254181,0.027312256747968475,1.98,ok,,0
splice,classification,3188,60,False,A11 A21 A32 A41 A51 A61,A53,LM2,Logistic Regression,False,needs A31 data (yours is A32),,0.9452040899622112,0.013034239748758005,2.71,ok,,0
splice,classification,3188,60,False,A11 A21 A32 A41 A51 A61,A53,TR1,Decision Tree,True,,12,0.9278546375047736,0.009329751068646044,0.87,ok,,0
splice,classification,3188,60,False,A11 A21 A32 A41 A51 A61,A53,TR2,Random Forest,True,,3,0.9633987961747449,0.0067917538551822195,3.71,ok,,0
splice,classification,3188,60,False,A11 A21 A32 A41 A51 A61,A53,TR3,Extra Trees,True,,1,0.9633170423343275,0.006456456055267593,5.05,ok,,0
splice,classification,3188,60,False,A11 A21 A32 A41 A51 A61,A53,EN1,AdaBoost,True,,13,0.939587286173763,0.012251212348223654,2.71,ok,,0
splice,classification,3188,60,False,A11 A21 A32 A41 A51 A61,A53,EN2,Gradient Boosting (GBM),True,,7,0.9633636464683673,0.008906090930395003,22.73,ok,,0
splice,classification,3188,60,False,A11 A21 A32 A41 A51 A61,A53,EN6,Stacking,True,,6,0.9620115996370522,0.007435943015540691,6.4,ok,,0
splice,classification,3188,60,False,A11 A21 A32 A41 A51 A61,A53,EN7,Voting Ensemble,True,,8,0.9599482413960073,0.006389988159920567,2.24,ok,,0
splice,classification,3188,60,False,A11 A21 A32 A41 A51 A61,A53,SV1,SVM (linear),True,,11,0.9440926886887621,0.008595858535118989,0.85,ok,,0
splice,classification,3188,60,False,A11 A21 A32 A41 A51 A61,A53,SV2,Kernel SVM (RBF/Poly),True,,9,0.9646447417583761,0.009752255869587797,3.61,ok,,0
splice,classification,3188,60,False,A11 A21 A32 A41 A51 A61,A53,PR1,Naive Bayes,False,needs A31 data (yours is A32),,0.7054305162608175,0.11551379544658782,0.73,ok,,0
splice,classification,3188,60,False,A11 A21 A32 A41 A51 A61,A53,IB1,k-Nearest Neighbors,False,needs A31 data (yours is A32),,0.8332098656481566,0.011623659918587938,1.46,ok,,0
splice,classification,3188,60,False,A11 A21 A32 A41 A51 A61,A53,DR4,LDA (Linear Discriminant Analysis),True,,10,0.951588877021004,0.008263925170355063,18.31,ok,,0
splice,classification,3188,60,False,A11 A21 A32 A41 A51 A61,A53,NN1,Perceptron,False,needs A31 data (yours is A32),,0.9431287125578278,0.010216739727079403,0.88,ok,,0
splice,classification,3188,60,False,A11 A21 A32 A41 A51 A61,A53,NN2,MLP (Feedforward),True,,5,0.9503614435425816,0.008480962942248932,8.26,ok,,0
splice,classification,3188,60,False,A11 A21 A32 A41 A51 A61,A53,EN3,XGBoost,True,,4,0.963499236118796,0.007174632198111758,2.41,ok,,0
splice,classification,3188,60,False,A11 A21 A32 A41 A51 A61,A53,EN4,LightGBM,True,,2,0.9617920190235999,0.004562406105086362,2.33,ok,,0
splice,classification,3188,60,False,A11 A21 A32 A41 A51 A61,A53,BASE-HGB,Histogram Gradient Boosting (baseline),False,,,0.9656609088687041,0.004970882105172236,21.31,ok,,0
kr_vs_kp,classification,3196,36,False,A11 A21 A32 A41 A51 A61,A54,LM2,Logistic Regression,False,needs A31 data (yours is A32),,0.9660381394334703,0.004752784723854924,1.29,ok,,0
kr_vs_kp,classification,3196,36,False,A11 A21 A32 A41 A51 A61,A54,TR1,Decision Tree,True,,12,0.9953415628714597,0.0036940154881113852,0.53,ok,,0
kr_vs_kp,classification,3196,36,False,A11 A21 A32 A41 A51 A61,A54,TR2,Random Forest,True,,3,0.9914397178000156,0.00433573205271963,2.81,ok,,0
kr_vs_kp,classification,3196,36,False,A11 A21 A32 A41 A51 A61,A54,TR3,Extra Trees,True,,1,0.9927227255549974,0.0028217157202650453,2.92,ok,,0
kr_vs_kp,classification,3196,36,False,A11 A21 A32 A41 A51 A61,A54,EN1,AdaBoost,True,,13,0.9472696864344234,0.011566003744700433,1.18,ok,,0
kr_vs_kp,classification,3196,36,False,A11 A21 A32 A41 A51 A61,A54,EN2,Gradient Boosting (GBM),True,,7,0.9791352466689546,0.006517705843913121,2.49,ok,,0
kr_vs_kp,classification,3196,36,False,A11 A21 A32 A41 A51 A61,A54,EN6,Stacking,True,,6,0.9633917335648492,0.00890966568193221,2.24,ok,,0
kr_vs_kp,classification,3196,36,False,A11 A21 A32 A41 A51 A61,A54,EN7,Voting Ensemble,True,,8,0.9697019380058893,0.006069919360017111,1.16,ok,,0
kr_vs_kp,classification,3196,36,False,A11 A21 A32 A41 A51 A61,A54,SV1,SVM (linear),True,,11,0.9710538121720192,0.006847356183498691,0.53,ok,,0
kr_vs_kp,classification,3196,36,False,A11 A21 A32 A41 A51 A61,A54,SV2,Kernel SVM (RBF/Poly),True,,9,0.9661726464105506,0.008923894680379563,1.15,ok,,0
kr_vs_kp,classification,3196,36,False,A11 A21 A32 A41 A51 A61,A54,PR1,Naive Bayes,False,needs A31 data (yours is A32),,0.6047930946207873,0.01698906248974274,0.48,ok,,0
kr_vs_kp,classification,3196,36,False,A11 A21 A32 A41 A51 A61,A54,IB1,k-Nearest Neighbors,False,needs A31 data (yours is A32),,0.9352164689880578,0.008947319091027812,0.52,ok,,0
kr_vs_kp,classification,3196,36,False,A11 A21 A32 A41 A51 A61,A54,DR4,LDA (Linear Discriminant Analysis),True,,10,0.9409702655033787,0.007483759584980918,0.59,ok,,0
kr_vs_kp,classification,3196,36,False,A11 A21 A32 A41 A51 A61,A54,NN1,Perceptron,False,needs A31 data (yours is A32),,0.9378437235357531,0.02166619724539325,0.51,ok,,0
kr_vs_kp,classification,3196,36,False,A11 A21 A32 A41 A51 A61,A54,NN2,MLP (Feedforward),True,,5,0.9917919408041189,0.005030666302545487,18.97,ok,,0
kr_vs_kp,classification,3196,36,False,A11 A21 A32 A41 A51 A61,A54,EN3,XGBoost,True,,4,0.9930473800069421,0.0040675686758544745,0.93,ok,,0
kr_vs_kp,classification,3196,36,False,A11 A21 A32 A41 A51 A61,A54,EN4,LightGBM,True,,2,0.9930486238379228,0.0037152763915066184,0.9,ok,,0
kr_vs_kp,classification,3196,36,False,A11 A21 A32 A41 A51 A61,A54,BASE-HGB,Histogram Gradient Boosting (baseline),False,,,0.9926944302642857,0.003867821077115932,2.51,ok,,0
chess,classification,3196,36,False,A11 A21 A32 A41 A51 A61,A53,LM2,Logistic Regression,False,needs A31 data (yours is A32),,0.9647853602567512,0.013140106607209913,0.48,ok,,0
chess,classification,3196,36,False,A11 A21 A32 A41 A51 A61,A53,TR1,Decision Tree,True,,12,0.9949619436793402,0.0034126957681421487,0.44,ok,,0
chess,classification,3196,36,False,A11 A21 A32 A41 A51 A61,A53,TR2,Random Forest,True,,3,0.9917127942764423,0.005793485929991766,2.54,ok,,0
chess,classification,3196,36,False,A11 A21 A32 A41 A51 A61,A53,TR3,Extra Trees,True,,1,0.9920132669408852,0.004492979361286666,2.68,ok,,0
chess,classification,3196,36,False,A11 A21 A32 A41 A51 A61,A53,EN1,AdaBoost,True,,13,0.9431624464242738,0.01109825691279515,1.25,ok,,0
chess,classification,3196,36,False,A11 A21 A32 A41 A51 A61,A53,EN2,Gradient Boosting (GBM),True,,7,0.9797554962615969,0.007253756531596455,2.54,ok,,0
chess,classification,3196,36,False,A11 A21 A32 A41 A51 A61,A53,EN6,Stacking,True,,6,0.974727757339448,0.007052882220725703,2.55,ok,,0
chess,classification,3196,36,False,A11 A21 A32 A41 A51 A61,A53,EN7,Voting Ensemble,True,,8,0.9720806247322742,0.008528344756858467,1.1,ok,,0
chess,classification,3196,36,False,A11 A21 A32 A41 A51 A61,A53,SV1,SVM (linear),True,,11,0.9708403310314051,0.008536253419237576,0.49,ok,,0
chess,classification,3196,36,False,A11 A21 A32 A41 A51 A61,A53,SV2,Kernel SVM (RBF/Poly),True,,9,0.9664417444659275,0.007566545257551227,1.03,ok,,0
chess,classification,3196,36,False,A11 A21 A32 A41 A51 A61,A53,PR1,Naive Bayes,False,needs A31 data (yours is A32),,0.6051677811465084,0.028300442705060404,0.43,ok,,0
chess,classification,3196,36,False,A11 A21 A32 A41 A51 A61,A53,IB1,k-Nearest Neighbors,False,needs A31 data (yours is A32),,0.9565985054919048,0.012617336135358622,0.55,ok,,0
chess,classification,3196,36,False,A11 A21 A32 A41 A51 A61,A53,DR4,LDA (Linear Discriminant Analysis),True,,10,0.9405907813934192,0.011709842158398135,6.75,ok,,0
chess,classification,3196,36,False,A11 A21 A32 A41 A51 A61,A53,NN1,Perceptron,False,needs A31 data (yours is A32),,0.9352007091137123,0.030475249149848047,0.49,ok,,0
chess,classification,3196,36,False,A11 A21 A32 A41 A51 A61,A53,NN2,MLP (Feedforward),True,,5,0.9943051345075841,0.004176229332219208,10.11,ok,,0
chess,classification,3196,36,False,A11 A21 A32 A41 A51 A61,A53,EN3,XGBoost,True,,4,0.9952581304764306,0.0036508679097646693,0.75,ok,,0
chess,classification,3196,36,False,A11 A21 A32 A41 A51 A61,A53,EN4,LightGBM,True,,2,0.995287669598123,0.002335709761142838,1.04,ok,,0
chess,classification,3196,36,False,A11 A21 A32 A41 A51 A61,A53,BASE-HGB,Histogram Gradient Boosting (baseline),False,,,0.9958864719933326,0.0028374729830078597,2.03,ok,,0
led24,classification,3200,24,False,A11 A21 A32 A41 A51 A61,A53,LM2,Logistic Regression,False,needs A31 data (yours is A32),,0.7223827815111706,0.01299821370477823,2.55,ok,,0
led24,classification,3200,24,False,A11 A21 A32 A41 A51 A61,A53,TR1,Decision Tree,True,,12,0.5788651070008084,0.01696094282174475,0.39,ok,,0
led24,classification,3200,24,False,A11 A21 A32 A41 A51 A61,A53,TR2,Random Forest,True,,3,0.7180044632849395,0.021145265074169976,3.03,ok,,0
led24,classification,3200,24,False,A11 A21 A32 A41 A51 A61,A53,TR3,Extra Trees,True,,1,0.7126854209405704,0.01658129684579703,3.39,ok,,0
led24,classification,3200,24,False,A11 A21 A32 A41 A51 A61,A53,EN1,AdaBoost,True,,13,0.712509343591056,0.02063608904594294,1.04,ok,,0
led24,classification,3200,24,False,A11 A21 A32 A41 A51 A61,A53,EN2,Gradient Boosting (GBM),True,,7,0.7201864046803719,0.02344128289502859,22.09,ok,,0
led24,classification,3200,24,False,A11 A21 A32 A41 A51 A61,A53,EN6,Stacking,True,,6,0.7235417306192173,0.019500196351558963,1.93,ok,,0
led24,classification,3200,24,False,A11 A21 A32 A41 A51 A61,A53,EN7,Voting Ensemble,True,,8,0.7254537923744668,0.01832721738814223,0.64,ok,,0
led24,classification,3200,24,False,A11 A21 A32 A41 A51 A61,A53,SV1,SVM (linear),True,,11,0.7288523110234344,0.01658622722522795,0.43,ok,,0
led24,classification,3200,24,False,A11 A21 A32 A41 A51 A61,A53,SV2,Kernel SVM (RBF/Poly),True,,9,0.7202180525523405,0.012524166701257788,1.67,ok,,0
led24,classification,3200,24,False,A11 A21 A32 A41 A51 A61,A53,PR1,Naive Bayes,False,needs A31 data (yours is A32),,0.7231535699912164,0.009481460268047701,0.31,ok,,0
led24,classification,3200,24,False,A11 A21 A32 A41 A51 A61,A53,IB1,k-Nearest Neighbors,False,needs A31 data (yours is A32),,0.5829368345488378,0.015223789590933942,0.31,ok,,0
led24,classification,3200,24,False,A11 A21 A32 A41 A51 A61,A53,DR4,LDA (Linear Discriminant Analysis),True,,10,0.7296647455314875,0.013128534516134195,0.35,ok,,0
led24,classification,3200,24,False,A11 A21 A32 A41 A51 A61,A53,NN1,Perceptron,False,needs A31 data (yours is A32),,0.6470902339356983,0.03672027008697478,0.37,ok,,0
led24,classification,3200,24,False,A11 A21 A32 A41 A51 A61,A53,NN2,MLP (Feedforward),True,,5,0.6493915048839602,0.020601145485030815,20.89,ok,,0
led24,classification,3200,24,False,A11 A21 A32 A41 A51 A61,A53,EN3,XGBoost,True,,4,0.6853594497642497,0.014145595411667766,53.21,ok,,0
led24,classification,3200,24,False,A11 A21 A32 A41 A51 A61,A53,EN4,LightGBM,True,,2,0.694155336527851,0.013649356471287578,3.6,ok,,0
led24,classification,3200,24,False,A11 A21 A32 A41 A51 A61,A53,BASE-HGB,Histogram Gradient Boosting (baseline),False,,,0.697943989118132,0.012517205345234098,16.13,ok,,0
led7,classification,3200,7,False,A11 A21 A32 A41 A51 A61,A53,LM2,Logistic Regression,False,needs A31 data (yours is A32),,0.729834837205011,0.013989587651426206,0.3,ok,,0
led7,classification,3200,7,False,A11 A21 A32 A41 A51 A61,A53,TR1,Decision Tree,True,,12,0.7248199044324826,0.012657209610137632,0.13,ok,,0
led7,classification,3200,7,False,A11 A21 A32 A41 A51 A61,A53,TR2,Random Forest,True,,3,0.7253872205688962,0.012460233195435124,2.06,ok,,0
led7,classification,3200,7,False,A11 A21 A32 A41 A51 A61,A53,TR3,Extra Trees,True,,1,0.7260239364349815,0.013139074095408959,1.89,ok,,0
led7,classification,3200,7,False,A11 A21 A32 A41 A51 A61,A53,EN1,AdaBoost,True,,13,0.6996508937974872,0.031188812193592087,0.6,ok,,0
led7,classification,3200,7,False,A11 A21 A32 A41 A51 A61,A53,EN2,Gradient Boosting (GBM),True,,7,0.7272298323903821,0.012430663991551745,7.39,ok,,0
led7,classification,3200,7,False,A11 A21 A32 A41 A51 A61,A53,EN6,Stacking,True,,6,0.7307990284913333,0.011024743063158949,1.2,ok,,0
led7,classification,3200,7,False,A11 A21 A32 A41 A51 A61,A53,EN7,Voting Ensemble,True,,8,0.7337327764154172,0.01232623225407285,0.38,ok,,0
led7,classification,3200,7,False,A11 A21 A32 A41 A51 A61,A53,SV1,SVM (linear),True,,11,0.7314726864923375,0.014744354497669344,0.17,ok,,0
led7,classification,3200,7,False,A11 A21 A32 A41 A51 A61,A53,SV2,Kernel SVM (RBF/Poly),True,,9,0.7253846806102558,0.015350503688980265,0.68,ok,,0
led7,classification,3200,7,False,A11 A21 A32 A41 A51 A61,A53,PR1,Naive Bayes,False,needs A31 data (yours is A32),,0.725713109474212,0.012367606056277647,0.14,ok,,0
led7,classification,3200,7,False,A11 A21 A32 A41 A51 A61,A53,IB1,k-Nearest Neighbors,False,needs A31 data (yours is A32),,0.6858267940886396,0.010432116662300735,0.2,ok,,0
led7,classification,3200,7,False,A11 A21 A32 A41 A51 A61,A53,DR4,LDA (Linear Discriminant Analysis),True,,10,0.728442550948577,0.011515920545475821,0.14,ok,,0
led7,classification,3200,7,False,A11 A21 A32 A41 A51 A61,A53,NN1,Perceptron,False,needs A31 data (yours is A32),,0.6688504404105288,0.016634186238555976,0.19,ok,,0
led7,classification,3200,7,False,A11 A21 A32 A41 A51 A61,A53,NN2,MLP (Feedforward),True,,5,0.7256589499629147,0.017014074660799017,7.98,ok,,0
led7,classification,3200,7,False,A11 A21 A32 A41 A51 A61,A53,EN3,XGBoost,True,,4,0.7244121308208553,0.015631765994109315,1.82,ok,,0
led7,classification,3200,7,False,A11 A21 A32 A41 A51 A61,A53,EN4,LightGBM,True,,2,0.728156287973811,0.015593744326684514,2.56,ok,,0
led7,classification,3200,7,False,A11 A21 A32 A41 A51 A61,A53,BASE-HGB,Histogram Gradient Boosting (baseline),False,,,0.7238243211388292,0.015090283050014048,9.56,ok,,0
allhypo,classification,3770,29,False,A11 A21 A38 A41 A52 A61,A53,LM2,Logistic Regression,True,,10,0.5339705055019197,0.041159366568763664,5.64,ok,,0
allhypo,classification,3770,29,False,A11 A21 A38 A41 A52 A61,A53,TR1,Decision Tree,True,,13,0.8117691357621627,0.05136810769468817,0.43,ok,,0
allhypo,classification,3770,29,False,A11 A21 A38 A41 A52 A61,A53,TR2,Random Forest,True,,3,0.668834854703837,0.06018635911412942,2.76,ok,,0
allhypo,classification,3770,29,False,A11 A21 A38 A41 A52 A61,A53,TR3,Extra Trees,True,,1,0.5601310394278443,0.0323406505258833,2.7,ok,,0
allhypo,classification,3770,29,False,A11 A21 A38 A41 A52 A61,A53,EN1,AdaBoost,True,,15,0.5880370400266403,0.060514251179138875,1.23,ok,,0
allhypo,classification,3770,29,False,A11 A21 A38 A41 A52 A61,A53,EN2,Gradient Boosting (GBM),True,,7,0.8920796686676905,0.03586714104213947,7.75,ok,,0
allhypo,classification,3770,29,False,A11 A21 A38 A41 A52 A61,A53,EN6,Stacking,True,,6,0.7612691301872574,0.07197559884014755,3.67,ok,,0
allhypo,classification,3770,29,False,A11 A21 A38 A41 A52 A61,A53,EN7,Voting Ensemble,True,,8,0.566057327296056,0.07221998841930051,1.49,ok,,0
allhypo,classification,3770,29,False,A11 A21 A38 A41 A52 A61,A53,SV1,SVM (linear),True,,12,0.4933454570275064,0.0394901801179682,0.54,ok,,0
allhypo,classification,3770,29,False,A11 A21 A38 A41 A52 A61,A53,SV2,Kernel SVM (RBF/Poly),True,,9,0.3333333333333333,0.0,1.02,ok,,0
allhypo,classification,3770,29,False,A11 A21 A38 A41 A52 A61,A53,PR1,Naive Bayes,True,,16,0.40357007530172534,0.031539247351119196,0.38,ok,,0
allhypo,classification,3770,29,False,A11 A21 A38 A41 A52 A61,A53,IB1,k-Nearest Neighbors,True,,14,0.427970561006166,0.03215988937006659,0.4,ok,,0
allhypo,classification,3770,29,False,A11 A21 A38 A41 A52 A61,A53,DR4,LDA (Linear Discriminant Analysis),True,,11,0.5399287300105429,0.055657167938489266,0.45,ok,,0
allhypo,classification,3770,29,False,A11 A21 A38 A41 A52 A61,A53,NN1,Perceptron,True,,17,0.5573849479204813,0.0740236542699207,0.39,ok,,0
allhypo,classification,3770,29,False,A11 A21 A38 A41 A52 A61,A53,NN2,MLP (Feedforward),True,,5,0.7159822324319769,0.030924263908652178,16.5,ok,,0
allhypo,classification,3770,29,False,A11 A21 A38 A41 A52 A61,A53,EN3,XGBoost,True,,4,0.8828685286672199,0.021423686097735446,1.11,ok,,0
allhypo,classification,3770,29,False,A11 A21 A38 A41 A52 A61,A53,EN4,LightGBM,True,,2,0.8818465261296478,0.040437647716554614,1.48,ok,,0
allhypo,classification,3770,29,False,A11 A21 A38 A41 A52 A61,A53,BASE-HGB,Histogram Gradient Boosting (baseline),False,,,0.8554627595327041,0.0357346382019922,15.45,ok,,0
allhyper,classification,3771,29,False,A11 A21 A38 A41 A52 A61,A53,LM2,Logistic Regression,True,,10,0.3985535876475931,0.046930850202959284,0.58,ok,,0
allhyper,classification,3771,29,False,A11 A21 A38 A41 A52 A61,A53,TR1,Decision Tree,True,,13,0.70859729791099,0.09071251421882451,0.39,ok,,0
allhyper,classification,3771,29,False,A11 A21 A38 A41 A52 A61,A53,TR2,Random Forest,True,,3,0.4835496139872843,0.09223213118119002,2.61,ok,,0
allhyper,classification,3771,29,False,A11 A21 A38 A41 A52 A61,A53,TR3,Extra Trees,True,,1,0.44543256130790193,0.08301288503011986,2.38,ok,,0
allhyper,classification,3771,29,False,A11 A21 A38 A41 A52 A61,A53,EN1,AdaBoost,True,,15,0.360164055404178,0.07084716366113078,1.22,ok,,0
allhyper,classification,3771,29,False,A11 A21 A38 A41 A52 A61,A53,EN2,Gradient Boosting (GBM),True,,7,0.6107930290644867,0.1034604564043854,10.28,ok,,0
allhyper,classification,3771,29,False,A11 A21 A38 A41 A52 A61,A53,EN6,Stacking,True,,6,0.43397025431425984,0.05019179565895589,3.17,ok,,0
allhyper,classification,3771,29,False,A11 A21 A38 A41 A52 A61,A53,EN7,Voting Ensemble,True,,8,0.5151481607629428,0.07772993543258137,1.14,ok,,0
allhyper,classification,3771,29,False,A11 A21 A38 A41 A52 A61,A53,SV1,SVM (linear),True,,12,0.3786938010899183,0.04909806398961099,0.45,ok,,0
allhyper,classification,3771,29,False,A11 A21 A38 A41 A52 A61,A53,SV2,Kernel SVM (RBF/Poly),True,,9,0.2784735467756585,0.01190779938697152,0.59,ok,,0
allhyper,classification,3771,29,False,A11 A21 A38 A41 A52 A61,A53,PR1,Naive Bayes,True,,16,0.43940168029064486,0.11741400552324564,0.36,ok,,0
allhyper,classification,3771,29,False,A11 A21 A38 A41 A52 A61,A53,IB1,k-Nearest Neighbors,True,,14,0.3754365349682107,0.06293719055630695,0.38,ok,,0
allhyper,classification,3771,29,False,A11 A21 A38 A41 A52 A61,A53,DR4,LDA (Linear Discriminant Analysis),True,,11,0.6266331743869209,0.1494013130996185,0.42,ok,,0
allhyper,classification,3771,29,False,A11 A21 A38 A41 A52 A61,A53,NN1,Perceptron,True,,17,0.3974596957311535,0.10119596286539993,0.4,ok,,0
allhyper,classification,3771,29,False,A11 A21 A38 A41 A52 A61,A53,NN2,MLP (Feedforward),True,,5,0.49774012261580386,0.08257124573626738,11.12,ok,,0
allhyper,classification,3771,29,False,A11 A21 A38 A41 A52 A61,A53,EN3,XGBoost,True,,4,0.6541184150772026,0.05873942206459639,1.15,ok,,0
allhyper,classification,3771,29,False,A11 A21 A38 A41 A52 A61,A53,EN4,LightGBM,True,,2,0.5921032016348773,0.09197328930791165,1.49,ok,,0
allhyper,classification,3771,29,False,A11 A21 A38 A41 A52 A61,A53,BASE-HGB,Histogram Gradient Boosting (baseline),False,,,0.5753644414168938,0.08198780537360048,4.17,ok,,0
allbp,classification,3772,29,False,A11 A21 A38 A41 A52 A61,A53,LM2,Logistic Regression,True,,10,0.4899354015283894,0.03801142252977259,0.59,ok,,0
allbp,classification,3772,29,False,A11 A21 A38 A41 A52 A61,A53,TR1,Decision Tree,True,,13,0.7256639107445046,0.050531787181534005,0.38,ok,,0
allbp,classification,3772,29,False,A11 A21 A38 A41 A52 A61,A53,TR2,Random Forest,True,,3,0.5045461167587797,0.027217226523827277,2.67,ok,,0
allbp,classification,3772,29,False,A11 A21 A38 A41 A52 A61,A53,TR3,Extra Trees,True,,1,0.47533500670900325,0.01990912067088984,2.59,ok,,0
allbp,classification,3772,29,False,A11 A21 A38 A41 A52 A61,A53,EN1,AdaBoost,True,,15,0.5072146082142492,0.17241329605893296,1.26,ok,,0
allbp,classification,3772,29,False,A11 A21 A38 A41 A52 A61,A53,EN2,Gradient Boosting (GBM),True,,7,0.6762009240793854,0.07571338244579277,7.85,ok,,0
allbp,classification,3772,29,False,A11 A21 A38 A41 A52 A61,A53,EN6,Stacking,True,,6,0.5144880178938941,0.03825944256780927,3.27,ok,,0
allbp,classification,3772,29,False,A11 A21 A38 A41 A52 A61,A53,EN7,Voting Ensemble,True,,8,0.4838545511842264,0.029266424506254798,1.26,ok,,0
allbp,classification,3772,29,False,A11 A21 A38 A41 A52 A61,A53,SV1,SVM (linear),True,,12,0.4664618255710403,0.025967151484592863,0.45,ok,,0
allbp,classification,3772,29,False,A11 A21 A38 A41 A52 A61,A53,SV2,Kernel SVM (RBF/Poly),True,,9,0.4580664169012385,0.004571087641033242,0.68,ok,,0
allbp,classification,3772,29,False,A11 A21 A38 A41 A52 A61,A53,PR1,Naive Bayes,True,,16,0.5958470056698669,0.059886065625639216,0.37,ok,,0
allbp,classification,3772,29,False,A11 A21 A38 A41 A52 A61,A53,IB1,k-Nearest Neighbors,True,,14,0.46064779119284005,0.033803217381903894,0.38,ok,,0
allbp,classification,3772,29,False,A11 A21 A38 A41 A52 A61,A53,DR4,LDA (Linear Discriminant Analysis),True,,11,0.5804215111398686,0.0954469812017664,0.44,ok,,0
allbp,classification,3772,29,False,A11 A21 A38 A41 A52 A61,A53,NN1,Perceptron,True,,17,0.4542411550169453,0.05595574102204897,0.5,ok,,0
allbp,classification,3772,29,False,A11 A21 A38 A41 A52 A61,A53,NN2,MLP (Feedforward),True,,5,0.5717428103528722,0.07761124216836691,12.91,ok,,0
allbp,classification,3772,29,False,A11 A21 A38 A41 A52 A61,A53,EN3,XGBoost,True,,4,0.686850482740132,0.0984562536489448,1.11,ok,,0
allbp,classification,3772,29,False,A11 A21 A38 A41 A52 A61,A53,EN4,LightGBM,True,,2,0.6543168869024122,0.07646228496979714,1.39,ok,,0
allbp,classification,3772,29,False,A11 A21 A38 A41 A52 A61,A53,BASE-HGB,Histogram Gradient Boosting (baseline),False,,,0.5028289985031061,0.09380525822083513,3.54,ok,,0
dis,classification,3772,29,False,A11 A21 A38 A41 A52 A61,A53,LM2,Logistic Regression,True,,10,0.5,0.0,0.41,ok,,0
dis,classification,3772,29,False,A11 A21 A38 A41 A52 A61,A53,TR1,Decision Tree,True,,13,0.7405234254221023,0.08920523920954561,0.38,ok,,0
dis,classification,3772,29,False,A11 A21 A38 A41 A52 A61,A53,TR2,Random Forest,True,,3,0.534713895346466,0.03379900957088521,2.45,ok,,0
dis,classification,3772,29,False,A11 A21 A38 A41 A52 A61,A53,TR3,Extra Trees,True,,1,0.5254882153660689,0.021141640016077427,2.23,ok,,0
dis,classification,3772,29,False,A11 A21 A38 A41 A52 A61,A53,EN1,AdaBoost,True,,15,0.5249494945830555,0.02123143651822337,1.28,ok,,0
dis,classification,3772,29,False,A11 A21 A38 A41 A52 A61,A53,EN2,Gradient Boosting (GBM),True,,7,0.7312291370056931,0.040375326092905124,3.26,ok,,0
dis,classification,3772,29,False,A11 A21 A38 A41 A52 A61,A53,EN6,Stacking,True,,6,0.5326100617937637,0.030996749071542803,1.85,ok,,0
dis,classification,3772,29,False,A11 A21 A38 A41 A52 A61,A53,EN7,Voting Ensemble,True,,8,0.49986541049798117,0.00026917900403768954,0.99,ok,,0
dis,classification,3772,29,False,A11 A21 A38 A41 A52 A61,A53,SV1,SVM (linear),True,,12,0.5,0.0,0.42,ok,,0
dis,classification,3772,29,False,A11 A21 A38 A41 A52 A61,A53,SV2,Kernel SVM (RBF/Poly),True,,9,0.5,0.0,0.65,ok,,0
dis,classification,3772,29,False,A11 A21 A38 A41 A52 A61,A53,PR1,Naive Bayes,True,,16,0.6172705962447956,0.0044823548059586766,0.35,ok,,0
dis,classification,3772,29,False,A11 A21 A38 A41 A52 A61,A53,IB1,k-Nearest Neighbors,True,,14,0.507794975325258,0.016951881860239743,0.4,ok,,0
dis,classification,3772,29,False,A11 A21 A38 A41 A52 A61,A53,DR4,LDA (Linear Discriminant Analysis),True,,11,0.5,0.0,0.42,ok,,0
dis,classification,3772,29,False,A11 A21 A38 A41 A52 A61,A53,NN1,Perceptron,True,,17,0.49986541049798117,0.00026917900403768954,0.36,ok,,0
dis,classification,3772,29,False,A11 A21 A38 A41 A52 A61,A53,NN2,MLP (Feedforward),True,,5,0.5925929547567984,0.04719918750244428,11.72,ok,,0
dis,classification,3772,29,False,A11 A21 A38 A41 A52 A61,A53,EN3,XGBoost,True,,4,0.7083674561638704,0.08347157906605801,0.66,ok,,0
dis,classification,3772,29,False,A11 A21 A38 A41 A52 A61,A53,EN4,LightGBM,True,,2,0.7416165240246603,0.03867683433527596,0.81,ok,,0
dis,classification,3772,29,False,A11 A21 A38 A41 A52 A61,A53,BASE-HGB,Histogram Gradient Boosting (baseline),False,,,0.7319870755382067,0.04450036045217822,1.85,ok,,0
allrep,classification,3772,29,False,A11 A21 A38 A41 A52 A61,A53,LM2,Logistic Regression,True,,10,0.3556751614133654,0.05123124391227675,0.65,ok,,0
allrep,classification,3772,29,False,A11 A21 A38 A41 A52 A61,A53,TR1,Decision Tree,True,,13,0.7178231229328388,0.11891434846962597,0.41,ok,,0
allrep,classification,3772,29,False,A11 A21 A38 A41 A52 A61,A53,TR2,Random Forest,True,,3,0.5382323726501809,0.02066743285627679,2.44,ok,,0
allrep,classification,3772,29,False,A11 A21 A38 A41 A52 A61,A53,TR3,Extra Trees,True,,1,0.5106565357618122,0.060442459176023255,2.13,ok,,0
allrep,classification,3772,29,False,A11 A21 A38 A41 A52 A61,A53,EN1,AdaBoost,True,,15,0.5387609457504181,0.03642402364429541,1.23,ok,,0
allrep,classification,3772,29,False,A11 A21 A38 A41 A52 A61,A53,EN2,Gradient Boosting (GBM),True,,7,0.7423629490283473,0.08397488496264482,10.09,ok,,0
allrep,classification,3772,29,False,A11 A21 A38 A41 A52 A61,A53,EN6,Stacking,True,,6,0.6983984855928034,0.06831155058126669,3.26,ok,,0
allrep,classification,3772,29,False,A11 A21 A38 A41 A52 A61,A53,EN7,Voting Ensemble,True,,8,0.5150795725123477,0.04308024593555148,1.33,ok,,0
allrep,classification,3772,29,False,A11 A21 A38 A41 A52 A61,A53,SV1,SVM (linear),True,,12,0.29502560821180807,0.022333715692262588,0.46,ok,,0
allrep,classification,3772,29,False,A11 A21 A38 A41 A52 A61,A53,SV2,Kernel SVM (RBF/Poly),True,,9,0.25,0.0,0.67,ok,,0
allrep,classification,3772,29,False,A11 A21 A38 A41 A52 A61,A53,PR1,Naive Bayes,True,,16,0.4088719083639175,0.10001312723366915,0.42,ok,,0
allrep,classification,3772,29,False,A11 A21 A38 A41 A52 A61,A53,IB1,k-Nearest Neighbors,True,,14,0.3951009753254806,0.05935942757119783,0.42,ok,,0
allrep,classification,3772,29,False,A11 A21 A38 A41 A52 A61,A53,DR4,LDA (Linear Discriminant Analysis),True,,11,0.781439793552934,0.043383117859830754,0.43,ok,,0
allrep,classification,3772,29,False,A11 A21 A38 A41 A52 A61,A53,NN1,Perceptron,True,,17,0.34633408814535144,0.08496343679259213,0.4,ok,,0
allrep,classification,3772,29,False,A11 A21 A38 A41 A52 A61,A53,NN2,MLP (Feedforward),True,,5,0.5867983942368772,0.07704670284538812,13.13,ok,,0
allrep,classification,3772,29,False,A11 A21 A38 A41 A52 A61,A53,EN3,XGBoost,True,,4,0.7347836187245116,0.05492279152777071,1.17,ok,,0
allrep,classification,3772,29,False,A11 A21 A38 A41 A52 A61,A53,EN4,LightGBM,True,,2,0.7361526663435592,0.07974349698651054,1.55,ok,,0
allrep,classification,3772,29,False,A11 A21 A38 A41 A52 A61,A53,BASE-HGB,Histogram Gradient Boosting (baseline),False,,,0.7441199814335279,0.06509142231418923,4.27,ok,,0
spambase,classification,4601,57,False,A11 A21 A31 A43 A51 A61,A54,LM2,Logistic Regression,True,,10,0.9169498790662155,0.008412263696567081,0.2,ok,,0
spambase,classification,4601,57,False,A11 A21 A31 A43 A51 A61,A54,TR1,Decision Tree,True,,13,0.9105617543074691,0.0032252980955499544,0.43,ok,,0
spambase,classification,4601,57,False,A11 A21 A31 A43 A51 A61,A54,TR2,Random Forest,True,,3,0.9481566486752431,0.005629246956631878,3.6,ok,,0
spambase,classification,4601,57,False,A11 A21 A31 A43 A51 A61,A54,TR3,Extra Trees,True,,1,0.9544072069290405,0.006529187144322058,3.1,ok,,0
spambase,classification,4601,57,False,A11 A21 A31 A43 A51 A61,A54,EN1,AdaBoost,True,,15,0.9198785134403611,0.009103166660378666,1.62,ok,,0
spambase,classification,4601,57,False,A11 A21 A31 A43 A51 A61,A54,EN2,Gradient Boosting (GBM),True,,7,0.93850031150004,0.011962739279289184,6.44,ok,,0
spambase,classification,4601,57,False,A11 A21 A31 A43 A51 A61,A54,EN6,Stacking,True,,6,0.9275031213093825,0.010513005098569742,2.42,ok,,0
spambase,classification,4601,57,False,A11 A21 A31 A43 A51 A61,A54,EN7,Voting Ensemble,True,,8,0.9303136667657885,0.00814041199953911,0.91,ok,,0
spambase,classification,4601,57,False,A11 A21 A31 A43 A51 A61,A54,SV1,SVM (linear),True,,12,0.9191295634909243,0.007334137915595795,0.35,ok,,0
spambase,classification,4601,57,False,A11 A21 A31 A43 A51 A61,A54,SV2,Kernel SVM (RBF/Poly),True,,9,0.9253203928836387,0.009253197096513332,1.42,ok,,0
spambase,classification,4601,57,False,A11 A21 A31 A43 A51 A61,A54,PR1,Naive Bayes,True,,16,0.8438456633176141,0.007835586501232254,0.13,ok,,0
spambase,classification,4601,57,False,A11 A21 A31 A43 A51 A61,A54,IB1,k-Nearest Neighbors,True,,14,0.9011384016490013,0.01515662895121269,0.18,ok,,0
spambase,classification,4601,57,False,A11 A21 A31 A43 A51 A61,A54,DR4,LDA (Linear Discriminant Analysis),True,,11,0.8714244895573907,0.009256503834340181,0.23,ok,,0
spambase,classification,4601,57,False,A11 A21 A31 A43 A51 A61,A54,NN1,Perceptron,True,,17,0.8770796678197395,0.008871971824589951,0.16,ok,,0
spambase,classification,4601,57,False,A11 A21 A31 A43 A51 A61,A54,NN2,MLP (Feedforward),True,,5,0.9455595636665418,0.005984332247892957,20.88,ok,,0
spambase,classification,4601,57,False,A11 A21 A31 A43 A51 A61,A54,EN3,XGBoost,True,,4,0.9521413334258199,0.010087570553171976,1.02,ok,,0
spambase,classification,4601,57,False,A11 A21 A31 A43 A51 A61,A54,EN4,LightGBM,True,,2,0.9568098814709358,0.010752249749735925,1.0,ok,,0
spambase,classification,4601,57,False,A11 A21 A31 A43 A51 A61,A54,BASE-HGB,Histogram Gradient Boosting (baseline),False,,,0.9537496657580238,0.007929998632130989,2.16,ok,,0
wine_quality_white,classification,4898,11,False,A11 A21 A31 A41 A51 A61,A54,LM2,Logistic Regression,True,,10,0.2251166203362675,0.0069624347751049915,0.38,ok,,0
wine_quality_white,classification,4898,11,False,A11 A21 A31 A41 A51 A61,A54,TR1,Decision Tree,True,,13,0.37987925279880147,0.016433805942151013,0.21,ok,,0
wine_quality_white,classification,4898,11,False,A11 A21 A31 A41 A51 A61,A54,TR2,Random Forest,True,,3,0.3839776109955015,0.009910364924751372,4.64,ok,,0
wine_quality_white,classification,4898,11,False,A11 A21 A31 A41 A51 A61,A54,TR3,Extra Trees,True,,1,0.38772854084885794,0.012427815758378079,3.41,ok,,0
wine_quality_white,classification,4898,11,False,A11 A21 A31 A41 A51 A61,A54,EN1,AdaBoost,True,,15,0.19804079478452516,0.014702681693745407,1.07,ok,,0
wine_quality_white,classification,4898,11,False,A11 A21 A31 A41 A51 A61,A54,EN2,Gradient Boosting (GBM),True,,7,0.3147637274235024,0.01179935287643333,23.96,ok,,0
wine_quality_white,classification,4898,11,False,A11 A21 A31 A41 A51 A61,A54,EN6,Stacking,True,,6,0.24981981914324214,0.009321245666781837,2.6,ok,,0
wine_quality_white,classification,4898,11,False,A11 A21 A31 A41 A51 A61,A54,EN7,Voting Ensemble,True,,8,0.2561363000250115,0.010061914707866586,0.74,ok,,0
wine_quality_white,classification,4898,11,False,A11 A21 A31 A41 A51 A61,A54,SV1,SVM (linear),True,,12,0.19995637066168137,0.005034586463769912,0.17,ok,,0
wine_quality_white,classification,4898,11,False,A11 A21 A31 A41 A51 A61,A54,SV2,Kernel SVM (RBF/Poly),True,,9,0.23946570769071243,0.008013179219493795,2.89,ok,,0
wine_quality_white,classification,4898,11,False,A11 A21 A31 A41 A51 A61,A54,PR1,Naive Bayes,True,,16,0.29165003145803137,0.01889944755231523,0.06,ok,,0
wine_quality_white,classification,4898,11,False,A11 A21 A31 A41 A51 A61,A54,IB1,k-Nearest Neighbors,True,,14,0.27900390863141034,0.013222232515271609,0.26,ok,,0
wine_quality_white,classification,4898,11,False,A11 A21 A31 A41 A51 A61,A54,DR4,LDA (Linear Discriminant Analysis),True,,11,0.25258706734969694,0.02321915976437567,0.07,ok,,0
wine_quality_white,classification,4898,11,False,A11 A21 A31 A41 A51 A61,A54,NN1,Perceptron,True,,17,0.20546782055307994,0.02453412265742817,0.11,ok,,0
wine_quality_white,classification,4898,11,False,A11 A21 A31 A41 A51 A61,A54,NN2,MLP (Feedforward),True,,5,0.2962459324624106,0.016838041986067108,44.07,ok,,0
wine_quality_white,classification,4898,11,False,A11 A21 A31 A41 A51 A61,A54,EN3,XGBoost,True,,4,0.3911593664787227,0.007180323850162277,7.63,ok,,0
wine_quality_white,classification,4898,11,False,A11 A21 A31 A41 A51 A61,A54,EN4,LightGBM,True,,2,0.3874895154460589,0.008800213125296509,4.05,ok,,0
wine_quality_white,classification,4898,11,False,A11 A21 A31 A41 A51 A61,A54,BASE-HGB,Histogram Gradient Boosting (baseline),False,,,0.3871365353018168,0.01183764594372302,9.5,ok,,0
waveform_40,classification,5000,40,False,A11 A21 A31 A41 A51 A61,A53,LM2,Logistic Regression,True,,10,0.8660371295755953,0.012841782649380289,0.31,ok,,0
waveform_40,classification,5000,40,False,A11 A21 A31 A41 A51 A61,A53,TR1,Decision Tree,True,,13,0.742152737813267,0.01129965124783343,0.95,ok,,0
waveform_40,classification,5000,40,False,A11 A21 A31 A41 A51 A61,A53,TR2,Random Forest,True,,3,0.854499665576893,0.007201831841033485,16.35,ok,,0
waveform_40,classification,5000,40,False,A11 A21 A31 A41 A51 A61,A53,TR3,Extra Trees,True,,1,0.8640489611338105,0.009195711004036556,6.98,ok,,0
waveform_40,classification,5000,40,False,A11 A21 A31 A41 A51 A61,A53,EN1,AdaBoost,True,,15,0.8202474360100137,0.005110757686327452,4.45,ok,,0
waveform_40,classification,5000,40,False,A11 A21 A31 A41 A51 A61,A53,EN2,Gradient Boosting (GBM),True,,7,0.8586687294750203,0.008894503624150736,58.12,ok,,0
waveform_40,classification,5000,40,False,A11 A21 A31 A41 A51 A61,A53,EN6,Stacking,True,,6,0.8650061440059774,0.01273642314218416,7.93,ok,,0
waveform_40,classification,5000,40,False,A11 A21 A31 A41 A51 A61,A53,EN7,Voting Ensemble,True,,8,0.8435424588788264,0.007652397422263647,1.01,ok,,0
waveform_40,classification,5000,40,False,A11 A21 A31 A41 A51 A61,A53,SV1,SVM (linear),True,,12,0.8672091959509464,0.007756489469339055,0.53,ok,,0
waveform_40,classification,5000,40,False,A11 A21 A31 A41 A51 A61,A53,SV2,Kernel SVM (RBF/Poly),True,,9,0.8611661086540312,0.015351265077492923,3.55,ok,,0
waveform_40,classification,5000,40,False,A11 A21 A31 A41 A51 A61,A53,PR1,Naive Bayes,True,,16,0.8024870193710619,0.016372013181597773,0.15,ok,,0
waveform_40,classification,5000,40,False,A11 A21 A31 A41 A51 A61,A53,IB1,k-Nearest Neighbors,True,,14,0.7747582307908403,0.014938317178060432,0.44,ok,,0
waveform_40,classification,5000,40,False,A11 A21 A31 A41 A51 A61,A53,DR4,LDA (Linear Discriminant Analysis),True,,11,0.8597323888701996,0.011392563244917827,0.53,ok,,0
waveform_40,classification,5000,40,False,A11 A21 A31 A41 A51 A61,A53,NN1,Perceptron,True,,17,0.8061898508753245,0.01855087563835148,0.31,ok,,0
waveform_40,classification,5000,40,False,A11 A21 A31 A41 A51 A61,A53,NN2,MLP (Feedforward),True,,5,0.8325381196935311,0.006920640985617702,28.62,ok,,0
waveform_40,classification,5000,40,False,A11 A21 A31 A41 A51 A61,A53,EN3,XGBoost,True,,4,0.8495294225834146,0.006954523084412278,50.95,ok,,0
waveform_40,classification,5000,40,False,A11 A21 A31 A41 A51 A61,A53,EN4,LightGBM,True,,2,0.8543377229668951,0.007180936792783276,19.9,ok,,0
waveform_21,classification,5000,21,False,A11 A21 A31 A41 A51 A61,A53,LM2,Logistic Regression,True,,10,0.8688059340821059,0.011882005148338072,0.63,ok,,0
waveform_21,classification,5000,21,False,A11 A21 A31 A41 A51 A61,A53,TR1,Decision Tree,True,,13,0.7578104871475058,0.012151007570998492,0.65,ok,,0
waveform_21,classification,5000,21,False,A11 A21 A31 A41 A51 A61,A53,TR2,Random Forest,True,,3,0.8532338451681293,0.007130195074938306,10.88,ok,,0
waveform_21,classification,5000,21,False,A11 A21 A31 A41 A51 A61,A53,TR3,Extra Trees,True,,1,0.861653876406472,0.01048513154962088,5.54,ok,,0
waveform_21,classification,5000,21,False,A11 A21 A31 A41 A51 A61,A53,EN1,AdaBoost,True,,15,0.8265058582711277,0.011311825378303986,2.43,ok,,0
waveform_21,classification,5000,21,False,A11 A21 A31 A41 A51 A61,A53,EN2,Gradient Boosting (GBM),True,,7,0.853240870896958,0.009782608713388215,32.73,ok,,0
waveform_21,classification,5000,21,False,A11 A21 A31 A41 A51 A61,A53,EN6,Stacking,True,,6,0.8653998603466627,0.009937936817317795,3.07,ok,,0
waveform_21,classification,5000,21,False,A11 A21 A31 A41 A51 A61,A53,EN7,Voting Ensemble,True,,8,0.846118338628955,0.013041664644559608,1.13,ok,,0
waveform_21,classification,5000,21,False,A11 A21 A31 A41 A51 A61,A53,SV1,SVM (linear),True,,12,0.8677907106102823,0.012371066966621932,0.34,ok,,0
waveform_21,classification,5000,21,False,A11 A21 A31 A41 A51 A61,A53,SV2,Kernel SVM (RBF/Poly),True,,9,0.8675050446232676,0.00908620494539301,2.0,ok,,0
waveform_21,classification,5000,21,False,A11 A21 A31 A41 A51 A61,A53,PR1,Naive Bayes,True,,16,0.8091916164839501,0.011315313131781019,0.17,ok,,0
waveform_21,classification,5000,21,False,A11 A21 A31 A41 A51 A61,A53,IB1,k-Nearest Neighbors,True,,14,0.8112886102915298,0.011863071145313696,0.55,ok,,0
waveform_21,classification,5000,21,False,A11 A21 A31 A41 A51 A61,A53,DR4,LDA (Linear Discriminant Analysis),True,,11,0.8594078230536002,0.013010455374148855,0.62,ok,,0
waveform_21,classification,5000,21,False,A11 A21 A31 A41 A51 A61,A53,NN1,Perceptron,True,,17,0.7978065900523956,0.020524077816027657,0.2,ok,,0
waveform_21,classification,5000,21,False,A11 A21 A31 A41 A51 A61,A53,NN2,MLP (Feedforward),True,,5,0.8354740576058994,0.008149527644516917,51.61,ok,,0
waveform_21,classification,5000,21,False,A11 A21 A31 A41 A51 A61,A53,BASE-HGB,Histogram Gradient Boosting (baseline),False,,,0.8461403156134715,0.007853761940944677,56.17,ok,,0
churn,classification,5000,20,False,A11 A21 A38 A41 A52 A61,A53,LM2,Logistic Regression,True,,10,0.5830535743537844,0.01974061354351906,0.58,ok,,0
churn,classification,5000,20,False,A11 A21 A38 A41 A52 A61,A53,TR1,Decision Tree,True,,13,0.8291569771228643,0.015881354578720582,0.76,ok,,0
churn,classification,5000,20,False,A11 A21 A38 A41 A52 A61,A53,TR2,Random Forest,True,,3,0.8466977436618283,0.006640959295645217,9.2,ok,,0
churn,classification,5000,20,False,A11 A21 A38 A41 A52 A61,A53,TR3,Extra Trees,True,,1,0.7864835194307582,0.013375665890806078,5.38,ok,,0
churn,classification,5000,20,False,A11 A21 A38 A41 A52 A61,A53,EN1,AdaBoost,True,,15,0.6329264209802311,0.01338389097099052,2.15,ok,,0
churn,classification,5000,20,False,A11 A21 A38 A41 A52 A61,A53,EN2,Gradient Boosting (GBM),True,,7,0.8479139959241184,0.008819561244100488,8.03,ok,,0
churn,classification,5000,20,False,A11 A21 A38 A41 A52 A61,A53,EN6,Stacking,True,,6,0.8138105723909825,0.01996490078041042,3.83,ok,,0
churn,classification,5000,20,False,A11 A21 A38 A41 A52 A61,A53,EN7,Voting Ensemble,True,,8,0.6969750502155893,0.01943565729991582,0.85,ok,,0
churn,classification,5000,20,False,A11 A21 A38 A41 A52 A61,A53,SV1,SVM (linear),True,,12,0.5840597281006312,0.019827127318392694,0.38,ok,,0
churn,classification,5000,20,False,A11 A21 A38 A41 A52 A61,A53,SV2,Kernel SVM (RBF/Poly),True,,9,0.6927592142435908,0.01870538949834673,2.48,ok,,0
churn,classification,5000,20,False,A11 A21 A38 A41 A52 A61,A53,PR1,Naive Bayes,True,,16,0.6995286208396665,0.014568740720681572,0.26,ok,,0
churn,classification,5000,20,False,A11 A21 A38 A41 A52 A61,A53,IB1,k-Nearest Neighbors,True,,14,0.6040080280570457,0.018815818083524005,0.36,ok,,0
churn,classification,5000,20,False,A11 A21 A38 A41 A52 A61,A53,DR4,LDA (Linear Discriminant Analysis),True,,11,0.6347217463657191,0.016343197748046063,0.44,ok,,0
churn,classification,5000,20,False,A11 A21 A38 A41 A52 A61,A53,NN1,Perceptron,True,,17,0.6334437312017502,0.0195553780392548,0.39,ok,,0
churn,classification,5000,20,False,A11 A21 A38 A41 A52 A61,A53,NN2,MLP (Feedforward),True,,5,0.8509182519936814,0.022438233474979384,51.19,ok,,0
churn,classification,5000,20,False,A11 A21 A38 A41 A52 A61,A53,EN3,XGBoost,True,,4,0.8557669002206613,0.019544517658467753,3.37,ok,,0
churn,classification,5000,20,False,A11 A21 A38 A41 A52 A61,A53,EN4,LightGBM,True,,2,0.8554426992979394,0.00929355424292792,2.92,ok,,0
churn,classification,5000,20,False,A11 A21 A38 A41 A52 A61,A53,BASE-HGB,Histogram Gradient Boosting (baseline),False,,,0.855219723758086,0.014903559540113279,13.09,ok,,0
banana,classification,5000,2,True,A11 A21 A31 A41 A51 A61,A53,LM2,Logistic Regression,True,,10,0.5228513308308503,0.010079287563262,0.13,ok,,0
banana,classification,5000,2,True,A11 A21 A31 A41 A51 A61,A53,TR1,Decision Tree,True,,13,0.8743820429016782,0.015226511012772432,0.12,ok,,0
banana,classification,5000,2,True,A11 A21 A31 A41 A51 A61,A53,TR2,Random Forest,True,,3,0.8948337116074061,0.01570948422040954,4.72,ok,,0
banana,classification,5000,2,True,A11 A21 A31 A41 A51 A61,A53,TR3,Extra Trees,True,,1,0.8913470661808939,0.016464200483202115,3.94,ok,,0
banana,classification,5000,2,True,A11 A21 A31 A41 A51 A61,A53,EN1,AdaBoost,True,,15,0.7034606983117573,0.014570795464568295,0.97,ok,,0
banana,classification,5000,2,True,A11 A21 A31 A41 A51 A61,A53,EN2,Gradient Boosting (GBM),True,,7,0.8917817460174495,0.013611447816702612,1.96,ok,,0
banana,classification,5000,2,True,A11 A21 A31 A41 A51 A61,A53,EN6,Stacking,True,,6,0.8911350634025386,0.015019409435643175,0.84,ok,,0
banana,classification,5000,2,True,A11 A21 A31 A41 A51 A61,A53,EN7,Voting Ensemble,True,,8,0.8873174300452968,0.014554280292951234,0.24,ok,,0
banana,classification,5000,2,True,A11 A21 A31 A41 A51 A61,A53,SV1,SVM (linear),True,,12,0.5228667485478545,0.010267901357596492,0.12,ok,,0
banana,classification,5000,2,True,A11 A21 A31 A41 A51 A61,A53,SV2,Kernel SVM (RBF/Poly),True,,9,0.8995893116445192,0.014830323615216827,1.03,ok,,0
banana,classification,5000,2,True,A11 A21 A31 A41 A51 A61,A53,PR1,Naive Bayes,True,,16,0.5867703785709294,0.008639657299360233,0.08,ok,,0
banana,classification,5000,2,True,A11 A21 A31 A41 A51 A61,A53,IB1,k-Nearest Neighbors,True,,14,0.8915809948374734,0.015939740195247982,0.11,ok,,0
banana,classification,5000,2,True,A11 A21 A31 A41 A51 A61,A53,DR4,LDA (Linear Discriminant Analysis),True,,11,0.5216660094877624,0.009788408075462354,0.1,ok,,0
banana,classification,5000,2,True,A11 A21 A31 A41 A51 A61,A53,NN1,Perceptron,True,,17,0.5085111439766117,0.02018854555317589,0.11,ok,,0
banana,classification,5000,2,True,A11 A21 A31 A41 A51 A61,A53,NN2,MLP (Feedforward),True,,5,0.8990510501851323,0.014756335754514991,22.92,ok,,0
banana,classification,5000,2,True,A11 A21 A31 A41 A51 A61,A53,EN3,XGBoost,True,,4,0.8890734652601024,0.017698201045162603,0.38,ok,,0
banana,classification,5000,2,True,A11 A21 A31 A41 A51 A61,A53,EN4,LightGBM,True,,2,0.8964402920108135,0.016976466100472848,0.59,ok,,0
banana,classification,5000,2,True,A11 A21 A31 A41 A51 A61,A53,BASE-HGB,Histogram Gradient Boosting (baseline),False,,,0.8962992068340295,0.017021063652739588,4.41,ok,,0
phoneme,classification,5000,5,True,A11 A21 A31 A41 A51 A61,A53,LM2,Logistic Regression,True,,10,0.6702786341837157,0.011574581472479372,0.18,ok,,0
phoneme,classification,5000,5,True,A11 A21 A31 A41 A51 A61,A53,TR1,Decision Tree,True,,13,0.832722661497173,0.011602653571462535,0.16,ok,,0
phoneme,classification,5000,5,True,A11 A21 A31 A41 A51 A61,A53,TR2,Random Forest,True,,3,0.8774879104211932,0.0076336703433984125,7.44,ok,,0
phoneme,classification,5000,5,True,A11 A21 A31 A41 A51 A61,A53,TR3,Extra Trees,True,,1,0.8841532282300705,0.0043709179173283584,3.93,ok,,0
phoneme,classification,5000,5,True,A11 A21 A31 A41 A51 A61,A53,EN1,AdaBoost,True,,15,0.7628267111075754,0.013805720960375545,1.2,ok,,0
phoneme,classification,5000,5,True,A11 A21 A31 A41 A51 A61,A53,EN2,Gradient Boosting (GBM),True,,7,0.8291408158789562,0.008425193553291554,3.84,ok,,0
phoneme,classification,5000,5,True,A11 A21 A31 A41 A51 A61,A53,EN6,Stacking,True,,6,0.8368206490476776,0.002341444842526772,1.39,ok,,0
phoneme,classification,5000,5,True,A11 A21 A31 A41 A51 A61,A53,EN7,Voting Ensemble,True,,8,0.8206601162081373,0.009842587639604479,0.44,ok,,0
phoneme,classification,5000,5,True,A11 A21 A31 A41 A51 A61,A53,SV1,SVM (linear),True,,12,0.6741634915301753,0.00985860400082198,0.08,ok,,0
phoneme,classification,5000,5,True,A11 A21 A31 A41 A51 A61,A53,SV2,Kernel SVM (RBF/Poly),True,,9,0.8111764778120346,0.00646130856448446,1.52,ok,,0
phoneme,classification,5000,5,True,A11 A21 A31 A41 A51 A61,A53,PR1,Naive Bayes,True,,16,0.7545804079403703,0.009969094275218207,0.07,ok,,0
phoneme,classification,5000,5,True,A11 A21 A31 A41 A51 A61,A53,IB1,k-Nearest Neighbors,True,,14,0.8336139363498163,0.003756878783763097,0.13,ok,,0
phoneme,classification,5000,5,True,A11 A21 A31 A41 A51 A61,A53,DR4,LDA (Linear Discriminant Analysis),True,,11,0.687668613564833,0.009871097973009085,0.09,ok,,0
phoneme,classification,5000,5,True,A11 A21 A31 A41 A51 A61,A53,NN1,Perceptron,True,,17,0.6477630577177864,0.08930768692818301,0.09,ok,,0
phoneme,classification,5000,5,True,A11 A21 A31 A41 A51 A61,A53,NN2,MLP (Feedforward),True,,5,0.8267627008714058,0.011724732469901016,38.27,ok,,0
phoneme,classification,5000,5,True,A11 A21 A31 A41 A51 A61,A53,EN3,XGBoost,True,,4,0.8657016982829517,0.008633501592649133,2.03,ok,,0
phoneme,classification,5000,5,True,A11 A21 A31 A41 A51 A61,A53,EN4,LightGBM,True,,2,0.8683106956539861,0.009661599218470686,12.8,ok,,0
phoneme,classification,5000,5,True,A11 A21 A31 A41 A51 A61,A53,BASE-HGB,Histogram Gradient Boosting (baseline),False,,,0.8680500639796737,0.0023027503787276357,23.74,ok,,0
page_blocks,classification,5000,10,True,A11 A21 A31 A41 A52 A61,A53,LM2,Logistic Regression,True,,10,0.7295174268731562,0.0484229625998487,0.7,ok,,0
page_blocks,classification,5000,10,True,A11 A21 A31 A41 A52 A61,A53,TR1,Decision Tree,True,,13,0.8074908355030154,0.05416357382964716,0.33,ok,,0
page_blocks,classification,5000,10,True,A11 A21 A31 A41 A52 A61,A53,TR2,Random Forest,True,,3,0.8476096264153998,0.044378585893415354,8.42,ok,,0
page_blocks,classification,5000,10,True,A11 A21 A31 A41 A52 A61,A53,TR3,Extra Trees,True,,1,0.8124440341079687,0.04832898011337719,3.7,ok,,0
page_blocks,classification,5000,10,True,A11 A21 A31 A41 A52 A61,A53,EN1,AdaBoost,True,,15,0.6150898497125699,0.046860857926511235,1.6,ok,,0
page_blocks,classification,5000,10,True,A11 A21 A31 A41 A52 A61,A53,EN2,Gradient Boosting (GBM),True,,7,0.8233481198060671,0.027636757690880132,24.7,ok,,0
page_blocks,classification,5000,10,True,A11 A21 A31 A41 A52 A61,A53,EN6,Stacking,True,,6,0.777200084913619,0.0322778094820475,2.96,ok,,0
page_blocks,classification,5000,10,True,A11 A21 A31 A41 A52 A61,A53,EN7,Voting Ensemble,True,,8,0.7626206528227828,0.02527066030591682,0.69,ok,,0
page_blocks,classification,5000,10,True,A11 A21 A31 A41 A52 A61,A53,SV1,SVM (linear),True,,12,0.6613402058997842,0.035081986688792914,0.27,ok,,0
page_blocks,classification,5000,10,True,A11 A21 A31 A41 A52 A61,A53,SV2,Kernel SVM (RBF/Poly),True,,9,0.6500018031665761,0.046329195390077314,0.66,ok,,0
page_blocks,classification,5000,10,True,A11 A21 A31 A41 A52 A61,A53,PR1,Naive Bayes,True,,16,0.6837541383678862,0.026526134849457757,0.08,ok,,0
page_blocks,classification,5000,10,True,A11 A21 A31 A41 A52 A61,A53,IB1,k-Nearest Neighbors,True,,14,0.7522868404009446,0.03161379043254309,0.22,ok,,0
page_blocks,classification,5000,10,True,A11 A21 A31 A41 A52 A61,A53,DR4,LDA (Linear Discriminant Analysis),True,,11,0.6476010480512178,0.0481416710067947,0.17,ok,,0
page_blocks,classification,5000,10,True,A11 A21 A31 A41 A52 A61,A53,NN1,Perceptron,True,,17,0.6756528603326851,0.09556445033699065,0.18,ok,,0
page_blocks,classification,5000,10,True,A11 A21 A31 A41 A52 A61,A53,NN2,MLP (Feedforward),True,,5,0.8165924649260987,0.037726150716466185,32.51,ok,,0
page_blocks,classification,5000,10,True,A11 A21 A31 A41 A52 A61,A53,EN3,XGBoost,True,,4,0.8313791561254142,0.03642072530724754,8.52,ok,,0
page_blocks,classification,5000,10,True,A11 A21 A31 A41 A52 A61,A53,EN4,LightGBM,True,,2,0.818540744715014,0.02578419791459296,16.85,ok,,0
texture,classification,5000,40,True,A11 A21 A31 A41 A51 A61,A53,LM2,Logistic Regression,True,,10,0.9942027986354066,0.002311543497569828,7.96,ok,,0
texture,classification,5000,40,True,A11 A21 A31 A41 A51 A61,A53,TR1,Decision Tree,True,,13,0.9238812075227287,0.005656525446921964,0.8,ok,,0
texture,classification,5000,40,True,A11 A21 A31 A41 A51 A61,A53,TR2,Random Forest,True,,3,0.9767962323102024,0.0017437755957693982,14.11,ok,,0
texture,classification,5000,40,True,A11 A21 A31 A41 A51 A61,A53,TR3,Extra Trees,True,,1,0.983025711386176,0.0026115286885338776,5.25,ok,,0
texture,classification,5000,40,True,A11 A21 A31 A41 A51 A61,A53,EN1,AdaBoost,True,,15,0.6018177210917177,0.11122812666326509,5.32,ok,,0
texture,classification,5000,40,True,A11 A21 A31 A41 A51 A61,A53,EN6,Stacking,True,,6,0.9946047670735254,0.0018472696474610218,9.26,ok,,0
texture,classification,5000,40,True,A11 A21 A31 A41 A51 A61,A53,EN7,Voting Ensemble,True,,8,0.990799147518028,0.002487774051922204,2.38,ok,,0
texture,classification,5000,40,True,A11 A21 A31 A41 A51 A61,A53,SV1,SVM (linear),True,,12,0.9972046793086238,0.0011629727499460766,0.96,ok,,0
texture,classification,5000,40,True,A11 A21 A31 A41 A51 A61,A53,SV2,Kernel SVM (RBF/Poly),True,,9,0.9904213190195824,0.0017589950075788412,1.49,ok,,0
texture,classification,5000,40,True,A11 A21 A31 A41 A51 A61,A53,PR1,Naive Bayes,True,,16,0.7710883236491128,0.009369349636677541,0.17,ok,,0
texture,classification,5000,40,True,A11 A21 A31 A41 A51 A61,A53,IB1,k-Nearest Neighbors,True,,14,0.9814451744612326,0.0013635935979499393,0.62,ok,,0
texture,classification,5000,40,True,A11 A21 A31 A41 A51 A61,A53,DR4,LDA (Linear Discriminant Analysis),True,,11,0.995823408319902,0.0015835371916933416,0.63,ok,,0
texture,classification,5000,40,True,A11 A21 A31 A41 A51 A61,A53,NN1,Perceptron,True,,17,0.9872380726102143,0.0015797581420913978,0.63,ok,,0
texture,classification,5000,40,True,A11 A21 A31 A41 A51 A61,A53,NN2,MLP (Feedforward),True,,5,0.9974176579225669,0.0010087433412578266,23.5,ok,,0
texture,classification,5000,40,True,A11 A21 A31 A41 A51 A61,A53,EN3,XGBoost,True,,4,0.9818156138090897,0.003180077997664233,49.05,ok,,0
optdigits,classification,5000,64,True,A11 A21 A31 A41 A51 A61,A53,LM2,Logistic Regression,True,,10,0.9697621497110245,0.006544473246122336,5.91,ok,,0
optdigits,classification,5000,64,True,A11 A21 A31 A41 A51 A61,A53,TR1,Decision Tree,True,,13,0.891361489497642,0.00516561265575517,0.69,ok,,0
optdigits,classification,5000,64,True,A11 A21 A31 A41 A51 A61,A53,TR2,Random Forest,True,,3,0.9792607071164907,0.006185521923095078,7.66,ok,,0
optdigits,classification,5000,64,True,A11 A21 A31 A41 A51 A61,A53,TR3,Extra Trees,True,,1,0.9850909122142026,0.004574623581958189,5.94,ok,,0
optdigits,classification,5000,64,True,A11 A21 A31 A41 A51 A61,A53,EN1,AdaBoost,True,,15,0.7573417997424243,0.045327002370813836,2.91,ok,,0
optdigits,classification,5000,64,True,A11 A21 A31 A41 A51 A61,A53,EN6,Stacking,True,,6,0.9855500563125267,0.003972342071037938,7.11,ok,,0
optdigits,classification,5000,64,True,A11 A21 A31 A41 A51 A61,A53,EN7,Voting Ensemble,True,,8,0.9807005733015778,0.007161377131662443,1.47,ok,,0
optdigits,classification,5000,64,True,A11 A21 A31 A41 A51 A61,A53,SV1,SVM (linear),True,,12,0.9626938934325148,0.0054685520812386736,10.4,ok,,0
optdigits,classification,5000,64,True,A11 A21 A31 A41 A51 A61,A53,SV2,Kernel SVM (RBF/Poly),True,,9,0.9853320218673975,0.005795523151966209,3.26,ok,,0
optdigits,classification,5000,64,True,A11 A21 A31 A41 A51 A61,A53,PR1,Naive Bayes,True,,16,0.7978870755864911,0.025820650689920486,0.39,ok,,0
optdigits,classification,5000,64,True,A11 A21 A31 A41 A51 A61,A53,IB1,k-Nearest Neighbors,True,,14,0.9746781725642084,0.004718861459693016,1.21,ok,,0
optdigits,classification,5000,64,True,A11 A21 A31 A41 A51 A61,A53,DR4,LDA (Linear Discriminant Analysis),True,,11,0.9515890919088681,0.0014714181074553141,5.55,ok,,0
optdigits,classification,5000,64,True,A11 A21 A31 A41 A51 A61,A53,NN1,Perceptron,True,,17,0.944062383280996,0.008932663067445687,0.8,ok,,0
optdigits,classification,5000,64,True,A11 A21 A31 A41 A51 A61,A53,EN3,XGBoost,True,,4,0.9760764514012724,0.008338305367645035,34.77,ok,,0
satimage,classification,5000,36,True,A11 A21 A31 A41 A51 A61,A53,LM2,Logistic Regression,True,,10,0.808858930544346,0.00644751537196531,2.31,ok,,0
satimage,classification,5000,36,True,A11 A21 A31 A41 A51 A61,A53,TR1,Decision Tree,True,,13,0.8327720718035021,0.011590262529763437,0.62,ok,,0
satimage,classification,5000,36,True,A11 A21 A31 A41 A51 A61,A53,TR2,Random Forest,True,,3,0.887104062650308,0.008844058669231537,9.77,ok,,0
satimage,classification,5000,36,True,A11 A21 A31 A41 A51 A61,A53,TR3,Extra Trees,True,,1,0.8887917991355072,0.009905300931528983,6.12,ok,,0
satimage,classification,5000,36,True,A11 A21 A31 A41 A51 A61,A53,EN1,AdaBoost,True,,15,0.7351981408240806,0.023355134295544536,2.58,ok,,0
satimage,classification,5000,36,True,A11 A21 A31 A41 A51 A61,A53,EN2,Gradient Boosting (GBM),True,,7,0.8777700294166347,0.008617842775624216,57.38,ok,,0
satimage,classification,5000,36,True,A11 A21 A31 A41 A51 A61,A53,EN6,Stacking,True,,6,0.8908323439112908,0.008401769413602985,9.14,ok,,0
satimage,classification,5000,36,True,A11 A21 A31 A41 A51 A61,A53,EN7,Voting Ensemble,True,,8,0.8672296027088151,0.011479696561709928,2.13,ok,,0
satimage,classification,5000,36,True,A11 A21 A31 A41 A51 A61,A53,SV1,SVM (linear),True,,12,0.748504266726484,0.010320014200000607,0.95,ok,,0
satimage,classification,5000,36,True,A11 A21 A31 A41 A51 A61,A53,SV2,Kernel SVM (RBF/Poly),True,,9,0.8651317640184042,0.012689368918553627,1.98,ok,,0
satimage,classification,5000,36,True,A11 A21 A31 A41 A51 A61,A53,PR1,Naive Bayes,True,,16,0.7831848847282894,0.004390238916221486,0.2,ok,,0
satimage,classification,5000,36,True,A11 A21 A31 A41 A51 A61,A53,IB1,k-Nearest Neighbors,True,,14,0.8873175659102769,0.004677497163905829,1.04,ok,,0
satimage,classification,5000,36,True,A11 A21 A31 A41 A51 A61,A53,DR4,LDA (Linear Discriminant Analysis),True,,11,0.777311526231174,0.004278299953824623,1.76,ok,,0
satimage,classification,5000,36,True,A11 A21 A31 A41 A51 A61,A53,NN1,Perceptron,True,,17,0.6923550645222889,0.026696549194402695,0.4,ok,,0
satimage,classification,5000,36,True,A11 A21 A31 A41 A51 A61,A53,NN2,MLP (Feedforward),True,,5,0.8857724944482763,0.009425535932194353,58.86,ok,,0
satimage,classification,5000,36,True,A11 A21 A31 A41 A51 A61,A53,EN3,XGBoost,True,,4,0.8929042553834421,0.010074266749493374,19.12,ok,,0
satimage,classification,5000,36,True,A11 A21 A31 A41 A51 A61,A53,EN4,LightGBM,True,,2,0.8956777707155545,0.010847881233217218,22.03,ok,,0
ann_thyroid,classification,5000,21,True,A11 A21 A38 A41 A52 A61,A53,LM2,Logistic Regression,True,,10,0.6746845038717917,0.042515456073884926,2.79,ok,,0
ann_thyroid,classification,5000,21,True,A11 A21 A38 A41 A52 A61,A53,TR1,Decision Tree,True,,13,0.9924865079298897,0.010343842208301318,0.71,ok,,0
ann_thyroid,classification,5000,21,True,A11 A21 A38 A41 A52 A61,A53,TR2,Random Forest,True,,3,0.9731651866085682,0.013014020706765468,5.34,ok,,0
ann_thyroid,classification,5000,21,True,A11 A21 A38 A41 A52 A61,A53,TR3,Extra Trees,True,,1,0.8424330667335912,0.03362225144600808,6.05,ok,,0
ann_thyroid,classification,5000,21,True,A11 A21 A38 A41 A52 A61,A53,EN1,AdaBoost,True,,15,0.6849664398828238,0.012488723490040692,2.37,ok,,0
ann_thyroid,classification,5000,21,True,A11 A21 A38 A41 A52 A61,A53,EN2,Gradient Boosting (GBM),True,,7,0.9908648863082681,0.010597164969938478,13.1,ok,,0
ann_thyroid,classification,5000,21,True,A11 A21 A38 A41 A52 A61,A53,EN6,Stacking,True,,6,0.9816483305715025,0.017182534449282548,5.17,ok,,0
ann_thyroid,classification,5000,21,True,A11 A21 A38 A41 A52 A61,A53,EN7,Voting Ensemble,True,,8,0.7781865422525713,0.026116653406763213,1.78,ok,,0
ann_thyroid,classification,5000,21,True,A11 A21 A38 A41 A52 A61,A53,SV1,SVM (linear),True,,12,0.6162346515863948,0.02101654179104143,0.9,ok,,0
ann_thyroid,classification,5000,21,True,A11 A21 A38 A41 A52 A61,A53,SV2,Kernel SVM (RBF/Poly),True,,9,0.7029575222068281,0.04021615986808762,1.65,ok,,0
ann_thyroid,classification,5000,21,True,A11 A21 A38 A41 A52 A61,A53,PR1,Naive Bayes,True,,16,0.44254416447566713,0.0843373919033322,0.6,ok,,0
ann_thyroid,classification,5000,21,True,A11 A21 A38 A41 A52 A61,A53,IB1,k-Nearest Neighbors,True,,14,0.6567614077249992,0.023853210142656938,0.87,ok,,0
ann_thyroid,classification,5000,21,True,A11 A21 A38 A41 A52 A61,A53,DR4,LDA (Linear Discriminant Analysis),True,,11,0.5153125458071462,0.03660111323137655,1.16,ok,,0
ann_thyroid,classification,5000,21,True,A11 A21 A38 A41 A52 A61,A53,NN1,Perceptron,True,,17,0.6644070962574512,0.042880525079078954,0.75,ok,,0
ann_thyroid,classification,5000,21,True,A11 A21 A38 A41 A52 A61,A53,NN2,MLP (Feedforward),True,,5,0.9251011264272604,0.029034088830638988,29.34,ok,,0
ann_thyroid,classification,5000,21,True,A11 A21 A38 A41 A52 A61,A53,EN3,XGBoost,True,,4,0.9776756192874675,0.015120571179195354,38.04,ok,,0
ann_thyroid,classification,5000,21,True,A11 A21 A38 A41 A52 A61,A53,EN4,LightGBM,True,,2,0.9830810246928727,0.01471986038387301,7.63,ok,,0
ann_thyroid,classification,5000,21,True,A11 A21 A38 A41 A52 A61,A53,BASE-HGB,Histogram Gradient Boosting (baseline),False,,,0.9817476913595395,0.015350489737478075,16.04,ok,,0
twonorm,classification,5000,20,True,A11 A21 A31 A41 A51 A61,A53,LM2,Logistic Regression,True,,10,0.9790014271946876,0.004770556634031421,0.19,ok,,0
twonorm,classification,5000,20,True,A11 A21 A31 A41 A51 A61,A53,TR1,Decision Tree,True,,13,0.8327885557594168,0.013659214907087568,0.79,ok,,0
twonorm,classification,5000,20,True,A11 A21 A31 A41 A51 A61,A53,TR2,Random Forest,True,,3,0.9756125969446998,0.003504578977920899,12.88,ok,,0
twonorm,classification,5000,20,True,A11 A21 A31 A41 A51 A61,A53,TR3,Extra Trees,True,,1,0.9782102193065807,0.004871192758044049,4.88,ok,,0
twonorm,classification,5000,20,True,A11 A21 A31 A41 A51 A61,A53,EN1,AdaBoost,True,,15,0.9635956958650471,0.004166096023985469,4.2,ok,,0
twonorm,classification,5000,20,True,A11 A21 A31 A41 A51 A61,A53,EN2,Gradient Boosting (GBM),True,,7,0.9704097401038958,0.0025857087886606745,14.26,ok,,0
twonorm,classification,5000,20,True,A11 A21 A31 A41 A51 A61,A53,EN6,Stacking,True,,6,0.9804006351819581,0.0031976405307550413,2.76,ok,,0
twonorm,classification,5000,20,True,A11 A21 A31 A41 A51 A61,A53,EN7,Voting Ensemble,True,,8,0.9754041864341028,0.0036013028385738013,0.62,ok,,0
twonorm,classification,5000,20,True,A11 A21 A31 A41 A51 A61,A53,SV1,SVM (linear),True,,12,0.9800058408508967,0.005094359995578124,0.13,ok,,0
twonorm,classification,5000,20,True,A11 A21 A31 A41 A51 A61,A53,SV2,Kernel SVM (RBF/Poly),True,,9,0.9764126145450005,0.005006281716480948,0.8,ok,,0
twonorm,classification,5000,20,True,A11 A21 A31 A41 A51 A61,A53,PR1,Naive Bayes,True,,16,0.9808062464429573,0.0055234031746937175,0.15,ok,,0
twonorm,classification,5000,20,True,A11 A21 A31 A41 A51 A61,A53,IB1,k-Nearest Neighbors,True,,14,0.9718065384813741,0.004070968218208783,1.0,ok,,0
twonorm,classification,5000,20,True,A11 A21 A31 A41 A51 A61,A53,DR4,LDA (Linear Discriminant Analysis),True,,11,0.9804074424765036,0.00500232555546887,0.32,ok,,0
twonorm,classification,5000,20,True,A11 A21 A31 A41 A51 A61,A53,NN1,Perceptron,True,,17,0.9716105449455158,0.002069749970358673,0.2,ok,,0
twonorm,classification,5000,20,True,A11 A21 A31 A41 A51 A61,A53,NN2,MLP (Feedforward),True,,5,0.9701985319725466,0.0024780999428994786,22.59,ok,,0
twonorm,classification,5000,20,True,A11 A21 A31 A41 A51 A61,A53,EN3,XGBoost,True,,4,0.9696065320525863,0.0030010841818214067,4.41,ok,,0
twonorm,classification,5000,20,True,A11 A21 A31 A41 A51 A61,A53,EN4,LightGBM,True,,2,0.9704137497776891,0.0033883124206852896,6.14,ok,,0
ring,classification,5000,20,True,A11 A21 A31 A41 A51 A61,A53,LM2,Logistic Regression,True,,10,0.7555443124957658,0.015239037767601816,0.36,ok,,0
ring,classification,5000,20,True,A11 A21 A31 A41 A51 A61,A53,TR1,Decision Tree,True,,13,0.8599085559477606,0.01171286341993885,1.43,ok,,0
ring,classification,5000,20,True,A11 A21 A31 A41 A51 A61,A53,TR2,Random Forest,True,,3,0.9478647594022076,0.009108451764260686,22.17,ok,,0
ring,classification,5000,20,True,A11 A21 A31 A41 A51 A61,A53,TR3,Extra Trees,True,,1,0.9736859855340372,0.007289450822276006,5.55,ok,,0
ring,classification,5000,20,True,A11 A21 A31 A41 A51 A61,A53,EN1,AdaBoost,True,,15,0.914436749550531,0.010824655820388027,3.1,ok,,0
ring,classification,5000,20,True,A11 A21 A31 A41 A51 A61,A53,EN2,Gradient Boosting (GBM),True,,7,0.9595862627737428,0.008559984878829615,16.45,ok,,0
ring,classification,5000,20,True,A11 A21 A31 A41 A51 A61,A53,EN6,Stacking,True,,6,0.8825882455757096,0.011387410488616512,2.34,ok,,0
ring,classification,5000,20,True,A11 A21 A31 A41 A51 A61,A53,EN7,Voting Ensemble,True,,8,0.8074997136810456,0.005296597946324807,0.98,ok,,0
ring,classification,5000,20,True,A11 A21 A31 A41 A51 A61,A53,SV1,SVM (linear),True,,12,0.7572581059949315,0.012812340083152069,0.16,ok,,0
ring,classification,5000,20,True,A11 A21 A31 A41 A51 A61,A53,SV2,Kernel SVM (RBF/Poly),True,,9,0.9757173885591325,0.0029471262330525486,0.74,ok,,0
ring,classification,5000,20,True,A11 A21 A31 A41 A51 A61,A53,PR1,Naive Bayes,True,,16,0.9791100987978982,0.004388279544101041,0.11,ok,,0
ring,classification,5000,20,True,A11 A21 A31 A41 A51 A61,A53,IB1,k-Nearest Neighbors,True,,14,0.6643792766373412,0.006399445476292647,0.77,ok,,0
ring,classification,5000,20,True,A11 A21 A31 A41 A51 A61,A53,DR4,LDA (Linear Discriminant Analysis),True,,11,0.7596815568653639,0.01381336488161425,0.38,ok,,0
ring,classification,5000,20,True,A11 A21 A31 A41 A51 A61,A53,NN1,Perceptron,True,,17,0.6467549318295884,0.07034637923593018,0.17,ok,,0
ring,classification,5000,20,True,A11 A21 A31 A41 A51 A61,A53,NN2,MLP (Feedforward),True,,5,0.9645887549584451,0.004392107902648469,22.43,ok,,0
ring,classification,5000,20,True,A11 A21 A31 A41 A51 A61,A53,EN3,XGBoost,True,,4,0.9635006392344303,0.006040589596442637,13.36,ok,,0
ring,classification,5000,20,True,A11 A21 A31 A41 A51 A61,A53,EN4,LightGBM,True,,2,0.9665848963928652,0.00751068004412605,2.42,ok,,0
ring,classification,5000,20,True,A11 A21 A31 A41 A51 A61,A53,BASE-HGB,Histogram Gradient Boosting (baseline),False,,,0.9695939905050412,0.0052308663584678,8.82,ok,,0
mushroom,classification,5000,22,True,A11 A21 A32 A41 A51 A61,A53,LM2,Logistic Regression,False,needs A31 data (yours is A32),,0.9993805912924938,0.000826233691208875,2.32,ok,,0
mushroom,classification,5000,22,True,A11 A21 A32 A41 A51 A61,A53,TR1,Decision Tree,True,,12,1.0,0.0,1.18,ok,,0
mushroom,classification,5000,22,True,A11 A21 A32 A41 A51 A61,A53,TR2,Random Forest,True,,3,1.0,0.0,5.18,ok,,0
mushroom,classification,5000,22,True,A11 A21 A32 A41 A51 A61,A53,TR3,Extra Trees,True,,1,1.0,0.0,4.2,ok,,0
mushroom,classification,5000,22,True,A11 A21 A32 A41 A51 A61,A53,EN1,AdaBoost,True,,13,0.9985918814536389,0.001481164227339455,2.9,ok,,0
mushroom,classification,5000,22,True,A11 A21 A32 A41 A51 A61,A53,EN2,Gradient Boosting (GBM),True,,7,1.0,0.0,6.17,ok,,0
mushroom,classification,5000,22,True,A11 A21 A32 A41 A51 A61,A53,EN6,Stacking,True,,6,1.0,0.0,4.67,ok,,0
mushroom,classification,5000,22,True,A11 A21 A32 A41 A51 A61,A53,EN7,Voting Ensemble,True,,8,0.999586776859504,0.0008264462809917105,2.69,ok,,0
mushroom,classification,5000,22,True,A11 A21 A32 A41 A51 A61,A53,SV1,SVM (linear),True,,11,1.0,0.0,1.2,ok,,0
mushroom,classification,5000,22,True,A11 A21 A32 A41 A51 A61,A53,SV2,Kernel SVM (RBF/Poly),True,,9,0.999586776859504,0.0008264462809917105,2.81,ok,,0
mushroom,classification,5000,22,True,A11 A21 A32 A41 A51 A61,A53,PR1,Naive Bayes,False,needs A31 data (yours is A32),,0.9544031760367275,0.007546666032827989,1.51,ok,,0
mushroom,classification,5000,22,True,A11 A21 A32 A41 A51 A61,A53,IB1,k-Nearest Neighbors,False,needs A31 data (yours is A32),,0.9993805912924938,0.000826233691208875,1.79,ok,,0
mushroom,classification,5000,22,True,A11 A21 A32 A41 A51 A61,A53,DR4,LDA (Linear Discriminant Analysis),True,,10,0.9975592496056368,0.001789401138830893,3.02,ok,,0
mushroom,classification,5000,22,True,A11 A21 A32 A41 A51 A61,A53,NN1,Perceptron,False,needs A31 data (yours is A32),,0.9992119930809149,0.0009653200489682829,1.34,ok,,0
mushroom,classification,5000,22,True,A11 A21 A32 A41 A51 A61,A53,NN2,MLP (Feedforward),True,,5,1.0,0.0,18.07,ok,,0
mushroom,classification,5000,22,True,A11 A21 A32 A41 A51 A61,A53,EN3,XGBoost,True,,4,1.0,0.0,4.58,ok,,0
mushroom,classification,5000,22,True,A11 A21 A32 A41 A51 A61,A53,EN4,LightGBM,True,,2,1.0,0.0,3.29,ok,,0
mushroom,classification,5000,22,True,A11 A21 A32 A41 A51 A61,A53,BASE-HGB,Histogram Gradient Boosting (baseline),False,,,1.0,0.0,12.03,ok,,0
agaricus_lepiota,classification,5000,22,True,A11 A21 A38 A41 A51 A61,A53,LM2,Logistic Regression,True,,10,0.9993723849372385,0.001255230125522999,2.02,ok,,0
agaricus_lepiota,classification,5000,22,True,A11 A21 A38 A41 A51 A61,A53,TR1,Decision Tree,True,,13,0.999581589958159,0.0008368200836819994,1.26,ok,,0
agaricus_lepiota,classification,5000,22,True,A11 A21 A38 A41 A51 A61,A53,TR2,Random Forest,True,,3,1.0,0.0,5.39,ok,,0
agaricus_lepiota,classification,5000,22,True,A11 A21 A38 A41 A51 A61,A53,TR3,Extra Trees,True,,1,1.0,0.0,4.73,ok,,0
agaricus_lepiota,classification,5000,22,True,A11 A21 A38 A41 A51 A61,A53,EN1,AdaBoost,True,,15,0.9989539748953975,0.0011458630910149796,3.44,ok,,0
agaricus_lepiota,classification,5000,22,True,A11 A21 A38 A41 A51 A61,A53,EN2,Gradient Boosting (GBM),True,,7,0.999581589958159,0.0008368200836819994,7.15,ok,,0
agaricus_lepiota,classification,5000,22,True,A11 A21 A38 A41 A51 A61,A53,EN6,Stacking,True,,6,0.9993723849372385,0.0008368200836819994,5.07,ok,,0
agaricus_lepiota,classification,5000,22,True,A11 A21 A38 A41 A51 A61,A53,EN7,Voting Ensemble,True,,8,0.9993723849372385,0.0008368200836819994,2.33,ok,,0
agaricus_lepiota,classification,5000,22,True,A11 A21 A38 A41 A51 A61,A53,SV1,SVM (linear),True,,12,1.0,0.0,1.02,ok,,0
agaricus_lepiota,classification,5000,22,True,A11 A21 A38 A41 A51 A61,A53,SV2,Kernel SVM (RBF/Poly),True,,9,0.999581589958159,0.0008368200836819994,2.84,ok,,0
agaricus_lepiota,classification,5000,22,True,A11 A21 A38 A41 A51 A61,A53,PR1,Naive Bayes,True,,16,0.985405344747431,0.0029861248494303287,1.3,ok,,0
agaricus_lepiota,classification,5000,22,True,A11 A21 A38 A41 A51 A61,A53,IB1,k-Nearest Neighbors,True,,14,0.999581589958159,0.0008368200836819994,1.71,ok,,0
agaricus_lepiota,classification,5000,22,True,A11 A21 A38 A41 A51 A61,A53,DR4,LDA (Linear Discriminant Analysis),True,,11,0.9993723849372385,0.0008368200836819994,5.18,ok,,0
agaricus_lepiota,classification,5000,22,True,A11 A21 A38 A41 A51 A61,A53,NN1,Perceptron,True,,17,0.999581589958159,0.0008368200836819994,1.15,ok,,0
agaricus_lepiota,classification,5000,22,True,A11 A21 A38 A41 A51 A61,A53,NN2,MLP (Feedforward),True,,5,1.0,0.0,18.91,ok,,0
agaricus_lepiota,classification,5000,22,True,A11 A21 A38 A41 A51 A61,A53,EN3,XGBoost,True,,4,1.0,0.0,3.06,ok,,0
agaricus_lepiota,classification,5000,22,True,A11 A21 A38 A41 A51 A61,A53,EN4,LightGBM,True,,2,1.0,0.0,23.38,ok,,0
coil2000,classification,5000,85,True,A11 A21 A38 A41 A52 A61,A53,LM2,Logistic Regression,True,,10,0.5130131326390802,0.012571951714570703,11.91,ok,,0
coil2000,classification,5000,85,True,A11 A21 A38 A41 A52 A61,A53,TR1,Decision Tree,True,,13,0.5425729950865543,0.019703222651710737,6.35,ok,,0
coil2000,classification,5000,85,True,A11 A21 A38 A41 A52 A61,A53,TR2,Random Forest,True,,3,0.5297196765882669,0.02330957043437804,14.38,ok,,0
coil2000,classification,5000,85,True,A11 A21 A38 A41 A52 A61,A53,TR3,Extra Trees,True,,1,0.5356818245663278,0.024541658263730594,17.32,ok,,0
coil2000,classification,5000,85,True,A11 A21 A38 A41 A52 A61,A53,EN1,AdaBoost,True,,15,0.49989384288747346,0.0002123142250530785,14.35,ok,,0
coil2000,classification,5000,85,True,A11 A21 A38 A41 A52 A61,A53,EN2,Gradient Boosting (GBM),True,,7,0.5163299656972663,0.013193641011138164,31.99,ok,,0
coil2000,classification,5000,85,True,A11 A21 A38 A41 A52 A61,A53,EN6,Stacking,True,,6,0.501617980818508,0.003507384033692269,19.79,ok,,0
coil2000,classification,5000,85,True,A11 A21 A38 A41 A52 A61,A53,EN7,Voting Ensemble,True,,8,0.510553430451988,0.004970436755214439,9.27,ok,,0
coil2000,classification,5000,85,True,A11 A21 A38 A41 A52 A61,A53,SV1,SVM (linear),True,,12,0.5117904447807966,0.012705009564770992,6.29,ok,,0
coil2000,classification,5000,85,True,A11 A21 A38 A41 A52 A61,A53,SV2,Kernel SVM (RBF/Poly),True,,9,0.5,0.0,18.08,ok,,0
coil2000,classification,5000,85,True,A11 A21 A38 A41 A52 A61,A53,PR1,Naive Bayes,True,,16,0.5193468739285271,0.015471252863446852,5.27,ok,,0
coil2000,classification,5000,85,True,A11 A21 A38 A41 A52 A61,A53,IB1,k-Nearest Neighbors,True,,14,0.5084006142723221,0.007388303317835203,4.86,ok,,0
coil2000,classification,5000,85,True,A11 A21 A38 A41 A52 A61,A53,DR4,LDA (Linear Discriminant Analysis),True,,11,0.5341037943489548,0.023338504001989373,10.83,ok,,0
coil2000,classification,5000,85,True,A11 A21 A38 A41 A52 A61,A53,NN1,Perceptron,True,,17,0.503829614417365,0.007764790718312692,4.46,ok,,0
coil2000,classification,5000,85,True,A11 A21 A38 A41 A52 A61,A53,EN3,XGBoost,True,,4,0.5528102501549247,0.024864140333443835,17.93,ok,,0
coil2000,classification,5000,85,True,A11 A21 A38 A41 A52 A61,A53,EN4,LightGBM,True,,2,0.5325598940127203,0.021389057907089865,21.28,ok,,0
pendigits,classification,5000,16,True,A11 A21 A31 A41 A51 A61,A53,LM2,Logistic Regression,True,,10,0.9470185754848502,0.005720134886294202,1.35,ok,,0
pendigits,classification,5000,16,True,A11 A21 A31 A41 A51 A61,A53,TR1,Decision Tree,True,,13,0.9388309428802215,0.0026963432871012992,0.22,ok,,0
pendigits,classification,5000,16,True,A11 A21 A31 A41 A51 A61,A53,TR2,Random Forest,True,,3,0.9848676969548975,0.003754700823873905,7.3,ok,,0
pendigits,classification,5000,16,True,A11 A21 A31 A41 A51 A61,A53,TR3,Extra Trees,True,,1,0.9893771031809904,0.003401333596068623,4.84,ok,,0
pendigits,classification,5000,16,True,A11 A21 A31 A41 A51 A61,A53,EN1,AdaBoost,True,,15,0.6350946138787477,0.07543673182384511,1.86,ok,,0
pendigits,classification,5000,16,True,A11 A21 A31 A41 A51 A61,A53,EN2,Gradient Boosting (GBM),True,,7,0.9827478307652674,0.005073323526894433,56.49,ok,,0
pendigits,classification,5000,16,True,A11 A21 A31 A41 A51 A61,A53,EN6,Stacking,True,,6,0.9911845041958836,0.0038283604577664825,5.58,ok,,0
pendigits,classification,5000,16,True,A11 A21 A31 A41 A51 A61,A53,EN7,Voting Ensemble,True,,8,0.9813950917555246,0.0038522825475819254,1.37,ok,,0
pendigits,classification,5000,16,True,A11 A21 A31 A41 A51 A61,A53,SV1,SVM (linear),True,,12,0.9272013446108508,0.007837827250314226,0.65,ok,,0
pendigits,classification,5000,16,True,A11 A21 A31 A41 A51 A61,A53,SV2,Kernel SVM (RBF/Poly),True,,9,0.9921375889171207,0.003447989404657747,1.11,ok,,0
pendigits,classification,5000,16,True,A11 A21 A31 A41 A51 A61,A53,PR1,Naive Bayes,True,,16,0.8568038673582024,0.004026921866049214,0.16,ok,,0
pendigits,classification,5000,16,True,A11 A21 A31 A41 A51 A61,A53,IB1,k-Nearest Neighbors,True,,14,0.9881447143523457,0.00584231953720108,0.82,ok,,0
pendigits,classification,5000,16,True,A11 A21 A31 A41 A51 A61,A53,DR4,LDA (Linear Discriminant Analysis),True,,11,0.8736752894475011,0.00502697578022282,1.16,ok,,0
pendigits,classification,5000,16,True,A11 A21 A31 A41 A51 A61,A53,NN1,Perceptron,True,,17,0.8866833486943276,0.018570209999926677,0.32,ok,,0
pendigits,classification,5000,16,True,A11 A21 A31 A41 A51 A61,A53,NN2,MLP (Feedforward),True,,5,0.991144061076364,0.001930879528659972,26.3,ok,,0
pendigits,classification,5000,16,True,A11 A21 A31 A41 A51 A61,A53,EN3,XGBoost,True,,4,0.9851716856158008,0.0035184310475040756,13.27,ok,,0
pendigits,classification,5000,16,True,A11 A21 A31 A41 A51 A61,A53,EN4,LightGBM,True,,2,0.9887302029867167,0.0025975991229332646,27.52,ok,,0
nursery,classification,5000,8,True,A11 A21 A32 A41 A51 A61,A53,LM2,Logistic Regression,False,needs A31 data (yours is A32),,0.838869689873017,0.012346323002186342,2.06,ok,,0
nursery,classification,5000,8,True,A11 A21 A32 A41 A51 A61,A53,TR1,Decision Tree,True,,12,0.9697407224627979,0.017635900278893637,0.73,ok,,0
nursery,classification,5000,8,True,A11 A21 A32 A41 A51 A61,A53,TR2,Random Forest,True,,3,0.8755206357823899,0.030428391572494454,5.13,ok,,0
nursery,classification,5000,8,True,A11 A21 A32 A41 A51 A61,A53,TR3,Extra Trees,True,,1,0.9031147950937604,0.02155713510320931,5.39,ok,,0
nursery,classification,5000,8,True,A11 A21 A32 A41 A51 A61,A53,EN1,AdaBoost,True,,13,0.6660424893017323,0.01003554757631546,1.81,ok,,0
nursery,classification,5000,8,True,A11 A21 A32 A41 A51 A61,A53,EN2,Gradient Boosting (GBM),True,,7,0.8404001282732274,0.023073909702251014,11.2,ok,,0
nursery,classification,5000,8,True,A11 A21 A32 A41 A51 A61,A53,EN6,Stacking,True,,6,0.9034214255212426,0.008116722670227347,3.64,ok,,0
nursery,classification,5000,8,True,A11 A21 A32 A41 A51 A61,A53,EN7,Voting Ensemble,True,,8,0.759412809373086,0.018842888700719092,1.32,ok,,0
nursery,classification,5000,8,True,A11 A21 A32 A41 A51 A61,A53,SV1,SVM (linear),True,,11,0.706570155144257,0.006727386662772777,0.51,ok,,0
nursery,classification,5000,8,True,A11 A21 A32 A41 A51 A61,A53,SV2,Kernel SVM (RBF/Poly),True,,9,0.9125955268882956,0.03054026815841577,7.06,ok,,0
nursery,classification,5000,8,True,A11 A21 A32 A41 A51 A61,A53,PR1,Naive Bayes,False,needs A31 data (yours is A32),,0.8748483619473735,0.00912194690630091,0.43,ok,,0
nursery,classification,5000,8,True,A11 A21 A32 A41 A51 A61,A53,IB1,k-Nearest Neighbors,False,needs A31 data (yours is A32),,0.7787737806161055,0.02065150098233356,0.87,ok,,0
nursery,classification,5000,8,True,A11 A21 A32 A41 A51 A61,A53,DR4,LDA (Linear Discriminant Analysis),True,,10,0.4416492951405111,0.017464690840173807,0.84,ok,,0
nursery,classification,5000,8,True,A11 A21 A32 A41 A51 A61,A53,NN1,Perceptron,False,needs A31 data (yours is A32),,0.7413953332103029,0.07605375770407288,0.61,ok,,0
nursery,classification,5000,8,True,A11 A21 A32 A41 A51 A61,A53,NN2,MLP (Feedforward),True,,5,0.9907055454308773,0.010479983819273129,16.97,ok,,0
nursery,classification,5000,8,True,A11 A21 A32 A41 A51 A61,A53,EN3,XGBoost,True,,4,0.9881334169605454,0.007385060728099768,7.06,ok,,0
magic,classification,5000,10,True,A11 A21 A31 A41 A51 A61,A53,LM2,Logistic Regression,True,,10,0.747154650747871,0.010737956178124156,0.14,ok,,0
magic,classification,5000,10,True,A11 A21 A31 A41 A51 A61,A53,TR1,Decision Tree,True,,13,0.7826182731267477,0.008386923427983516,0.35,ok,,0
magic,classification,5000,10,True,A11 A21 A31 A41 A51 A61,A53,TR2,Random Forest,True,,3,0.84267824579689,0.01136758657410394,11.75,ok,,0
magic,classification,5000,10,True,A11 A21 A31 A41 A51 A61,A53,TR3,Extra Trees,True,,1,0.8341159054379395,0.011418150376581494,4.98,ok,,0
magic,classification,5000,10,True,A11 A21 A31 A41 A51 A61,A53,EN1,AdaBoost,True,,15,0.7979440571982945,0.011301653266956103,1.98,ok,,0
magic,classification,5000,10,True,A11 A21 A31 A41 A51 A61,A53,EN2,Gradient Boosting (GBM),True,,7,0.8353705177433991,0.011614563543674761,8.83,ok,,0
magic,classification,5000,10,True,A11 A21 A31 A41 A51 A61,A53,EN6,Stacking,True,,6,0.8067373994492639,0.013688084588775424,2.71,ok,,0
magic,classification,5000,10,True,A11 A21 A31 A41 A51 A61,A53,EN7,Voting Ensemble,True,,8,0.7939195255466442,0.012265582983238833,0.67,ok,,0
magic,classification,5000,10,True,A11 A21 A31 A41 A51 A61,A53,SV1,SVM (linear),True,,12,0.7451569899027527,0.009979963777341347,0.16,ok,,0
magic,classification,5000,10,True,A11 A21 A31 A41 A51 A61,A53,SV2,Kernel SVM (RBF/Poly),True,,9,0.8181519898808034,0.016147214432870736,1.66,ok,,0
magic,classification,5000,10,True,A11 A21 A31 A41 A51 A61,A53,PR1,Naive Bayes,True,,16,0.645916618221703,0.012264020388353915,0.09,ok,,0
magic,classification,5000,10,True,A11 A21 A31 A41 A51 A61,A53,IB1,k-Nearest Neighbors,True,,14,0.768368080130792,0.01468331595567595,0.27,ok,,0
magic,classification,5000,10,True,A11 A21 A31 A41 A51 A61,A53,DR4,LDA (Linear Discriminant Analysis),True,,11,0.7361555632064107,0.01566816349710309,0.49,ok,,0
magic,classification,5000,10,True,A11 A21 A31 A41 A51 A61,A53,NN1,Perceptron,True,,17,0.6666898424864527,0.07025808434807164,0.12,ok,,0
magic,classification,5000,10,True,A11 A21 A31 A41 A51 A61,A53,NN2,MLP (Feedforward),True,,5,0.8384504999081269,0.013930576818234923,44.38,ok,,0
magic,classification,5000,10,True,A11 A21 A31 A41 A51 A61,A53,EN3,XGBoost,True,,4,0.8343515630634275,0.01112524416578687,9.33,ok,,0
magic,classification,5000,10,True,A11 A21 A31 A41 A51 A61,A53,EN4,LightGBM,True,,2,0.8407860024470193,0.012298423956347032,7.88,ok,,0
magic,classification,5000,10,True,A11 A21 A31 A41 A51 A61,A53,BASE-HGB,Histogram Gradient Boosting (baseline),False,,,0.8377555087724579,0.012030124257124976,5.11,ok,,0
letter,classification,5000,16,True,A11 A21 A31 A41 A53 A61,,LM2,Logistic Regression,True,,10,0.7578255552263207,0.007759313183448954,5.3,ok,,0
letter,classification,5000,16,True,A11 A21 A31 A41 A53 A61,,TR1,Decision Tree,True,,13,0.777145698029085,0.012480273391606437,0.26,ok,,0
letter,classification,5000,16,True,A11 A21 A31 A41 A53 A61,,TR2,Random Forest,True,,3,0.9114809908910386,0.014397421514132664,8.0,ok,,0
letter,classification,5000,16,True,A11 A21 A31 A41 A53 A61,,TR3,Extra Trees,True,,1,0.9300014096224374,0.008814998064453494,7.43,ok,,0
letter,classification,5000,16,True,A11 A21 A31 A41 A53 A61,,EN1,AdaBoost,True,,15,0.2986336095411314,0.027885291464483,1.36,ok,,0
letter,classification,5000,16,True,A11 A21 A31 A41 A53 A61,,EN6,Stacking,True,,6,0.8887960755535808,0.011964033813610492,9.97,ok,,0
letter,classification,5000,16,True,A11 A21 A31 A41 A53 A61,,EN7,Voting Ensemble,True,,8,0.8671564395066644,0.01980800004871493,1.03,ok,,0
letter,classification,5000,16,True,A11 A21 A31 A41 A53 A61,,SV1,SVM (linear),True,,12,0.685710315997699,0.007505968028482041,1.0,ok,,0
letter,classification,5000,16,True,A11 A21 A31 A41 A53 A61,,SV2,Kernel SVM (RBF/Poly),True,,9,0.8790859820469613,0.0124504779916709,3.07,ok,,0
letter,classification,5000,16,True,A11 A21 A31 A41 A53 A61,,PR1,Naive Bayes,True,,16,0.6326907327781777,0.006383307224969251,0.11,ok,,0
letter,classification,5000,16,True,A11 A21 A31 A41 A53 A61,,IB1,k-Nearest Neighbors,True,,14,0.8654366589252943,0.011770252645693256,0.46,ok,,0
letter,classification,5000,16,True,A11 A21 A31 A41 A53 A61,,DR4,LDA (Linear Discriminant Analysis),True,,11,0.6954124083821178,0.012667318043533679,0.35,ok,,0
letter,classification,5000,16,True,A11 A21 A31 A41 A53 A61,,NN1,Perceptron,True,,17,0.5168179830349322,0.023072194054206928,0.39,ok,,0
letter,classification,5000,16,True,A11 A21 A31 A41 A53 A61,,NN2,MLP (Feedforward),True,,5,0.8966888401133308,0.012818064622411226,57.72,ok,,0
letter,classification,5000,16,True,A11 A21 A31 A41 A53 A61,,EN3,XGBoost,True,,4,0.9008091338154431,0.01065365328221234,33.15,ok,,0
letter,classification,5000,16,True,A11 A21 A31 A41 A53 A61,,EN4,LightGBM,True,,2,0.912780406888911,0.013964065246760653,55.82,ok,,0
heart_disease_va_long_beach,classification,200,13,False,A11 A21 A38 A41 A51 A62,A54,LM2,Logistic Regression,True,,10,0.5793521421107628,0.05248615303184427,1.23,ok,,1
heart_disease_va_long_beach,classification,200,13,False,A11 A21 A38 A41 A51 A62,A54,LM2,Logistic Regression,True,,10,0.5796969696969697,0.0631045599879787,1.23,ok,,2
heart_disease_va_long_beach,classification,200,13,False,A11 A21 A38 A41 A51 A62,A54,TR1,Decision Tree,True,,13,0.558662486938349,0.04631583380855551,0.15,ok,,1
heart_disease_va_long_beach,classification,200,13,False,A11 A21 A38 A41 A51 A62,A54,TR1,Decision Tree,True,,13,0.5396133751306165,0.1262167070081308,0.16,ok,,2
heart_disease_va_long_beach,classification,200,13,False,A11 A21 A38 A41 A51 A62,A54,TR2,Random Forest,True,,3,0.5869278996865204,0.04395298340989258,2.43,ok,,1
heart_disease_va_long_beach,classification,200,13,False,A11 A21 A38 A41 A51 A62,A54,TR2,Random Forest,True,,3,0.5680668756530826,0.06503894650933995,3.16,ok,,2
heart_disease_va_long_beach,classification,200,13,False,A11 A21 A38 A41 A51 A62,A54,TR3,Extra Trees,True,,1,0.5733646812957158,0.061991817769059196,1.66,ok,,1
heart_disease_va_long_beach,classification,200,13,False,A11 A21 A38 A41 A51 A62,A54,TR3,Extra Trees,True,,1,0.6071577847439917,0.08608592886999596,1.95,ok,,2
heart_disease_va_long_beach,classification,200,13,False,A11 A21 A38 A41 A51 A62,A54,EN1,AdaBoost,True,,15,0.558861024033438,0.07493337992214234,0.59,ok,,1
heart_disease_va_long_beach,classification,200,13,False,A11 A21 A38 A41 A51 A62,A54,EN1,AdaBoost,True,,15,0.5603761755485894,0.043302477071237154,0.55,ok,,2
heart_disease_va_long_beach,classification,200,13,False,A11 A21 A38 A41 A51 A62,A54,EN2,Gradient Boosting (GBM),True,,7,0.5486311389759665,0.07725145761080957,0.66,ok,,1
heart_disease_va_long_beach,classification,200,13,False,A11 A21 A38 A41 A51 A62,A54,EN2,Gradient Boosting (GBM),True,,7,0.5002612330198538,0.04760287837544233,0.68,ok,,2
heart_disease_va_long_beach,classification,200,13,False,A11 A21 A38 A41 A51 A62,A54,EN6,Stacking,True,,6,0.5123092998955068,0.02373253548220431,5.24,ok,,1
heart_disease_va_long_beach,classification,200,13,False,A11 A21 A38 A41 A51 A62,A54,EN6,Stacking,True,,6,0.55,0.05163977794943222,1.27,ok,,2
heart_disease_va_long_beach,classification,200,13,False,A11 A21 A38 A41 A51 A62,A54,EN7,Voting Ensemble,True,,8,0.5478369905956113,0.03361287773822715,0.27,ok,,1
heart_disease_va_long_beach,classification,200,13,False,A11 A21 A38 A41 A51 A62,A54,EN7,Voting Ensemble,True,,8,0.5829153605015673,0.07844271087071729,0.28,ok,,2
heart_disease_va_long_beach,classification,200,13,False,A11 A21 A38 A41 A51 A62,A54,SV1,SVM (linear),True,,12,0.5469278996865204,0.07193737286307311,0.16,ok,,1
heart_disease_va_long_beach,classification,200,13,False,A11 A21 A38 A41 A51 A62,A54,SV1,SVM (linear),True,,12,0.6006060606060607,0.074069681534899,0.13,ok,,2
heart_disease_va_long_beach,classification,200,13,False,A11 A21 A38 A41 A51 A62,A54,SV2,Kernel SVM (RBF/Poly),True,,9,0.5356426332288401,0.012906472138745476,0.15,ok,,1
heart_disease_va_long_beach,classification,200,13,False,A11 A21 A38 A41 A51 A62,A54,SV2,Kernel SVM (RBF/Poly),True,,9,0.5524242424242425,0.07708890792142475,0.15,ok,,2
heart_disease_va_long_beach,classification,200,13,False,A11 A21 A38 A41 A51 A62,A54,PR1,Naive Bayes,True,,16,0.6319226750261233,0.10959990673242591,0.15,ok,,1
heart_disease_va_long_beach,classification,200,13,False,A11 A21 A38 A41 A51 A62,A54,PR1,Naive Bayes,True,,16,0.5733124346917451,0.06375076922429213,0.11,ok,,2
heart_disease_va_long_beach,classification,200,13,False,A11 A21 A38 A41 A51 A62,A54,IB1,k-Nearest Neighbors,True,,14,0.5868129571577848,0.0784205938484401,0.31,ok,,1
heart_disease_va_long_beach,classification,200,13,False,A11 A21 A38 A41 A51 A62,A54,IB1,k-Nearest Neighbors,True,,14,0.6047335423197493,0.052224348446942036,0.34,ok,,2
heart_disease_va_long_beach,classification,200,13,False,A11 A21 A38 A41 A51 A62,A54,DR4,LDA (Linear Discriminant Analysis),True,,11,0.5551097178683386,0.0925787496399051,0.11,ok,,1
heart_disease_va_long_beach,classification,200,13,False,A11 A21 A38 A41 A51 A62,A54,DR4,LDA (Linear Discriminant Analysis),True,,11,0.593939393939394,0.06753565871026083,0.11,ok,,2
heart_disease_va_long_beach,classification,200,13,False,A11 A21 A38 A41 A51 A62,A54,NN1,Perceptron,True,,17,0.5165517241379309,0.10701476592897419,0.11,ok,,1
heart_disease_va_long_beach,classification,200,13,False,A11 A21 A38 A41 A51 A62,A54,NN1,Perceptron,True,,17,0.6108986415882969,0.11262683779255216,0.11,ok,,2
heart_disease_va_long_beach,classification,200,13,False,A11 A21 A38 A41 A51 A62,A54,NN2,MLP (Feedforward),True,,5,0.5804075235109718,0.08022153932057029,2.58,ok,,1
heart_disease_va_long_beach,classification,200,13,False,A11 A21 A38 A41 A51 A62,A54,NN2,MLP (Feedforward),True,,5,0.5720062695924766,0.07471395458145093,2.47,ok,,2
heart_disease_va_long_beach,classification,200,13,False,A11 A21 A38 A41 A51 A62,A54,EN3,XGBoost,True,,4,0.5311703239289447,0.04536215643425019,6.48,ok,,1
heart_disease_va_long_beach,classification,200,13,False,A11 A21 A38 A41 A51 A62,A54,EN3,XGBoost,True,,4,0.570146290491118,0.033980375060407055,50.83,ok,,2
heart_disease_va_long_beach,classification,200,13,False,A11 A21 A38 A41 A51 A62,A54,EN4,LightGBM,True,,2,0.5351828631138976,0.06441950420993506,29.19,ok,,1
heart_disease_va_long_beach,classification,200,13,False,A11 A21 A38 A41 A51 A62,A54,EN4,LightGBM,True,,2,0.5535945663531872,0.03879221366257358,0.51,ok,,2
heart_disease_va_long_beach,classification,200,13,False,A11 A21 A38 A41 A51 A62,A54,BASE-HGB,Histogram Gradient Boosting (baseline),False,,,0.5277220480668756,0.03240392504407631,37.69,ok,,2
biomed,classification,209,8,False,A11 A21 A38 A41 A51 A61,A54,LM2,Logistic Regression,True,,10,0.8465242165242165,0.03949396224475521,0.16,ok,,1
biomed,classification,209,8,False,A11 A21 A38 A41 A51 A61,A54,LM2,Logistic Regression,True,,10,0.8367521367521368,0.05742080252056591,0.23,ok,,2
biomed,classification,209,8,False,A11 A21 A38 A41 A51 A61,A54,TR1,Decision Tree,True,,13,0.8421082621082621,0.02441008616112648,0.16,ok,,1
biomed,classification,209,8,False,A11 A21 A38 A41 A51 A61,A54,TR1,Decision Tree,True,,13,0.8452136752136752,0.04325379357183654,0.11,ok,,2
biomed,classification,209,8,False,A11 A21 A38 A41 A51 A61,A54,TR2,Random Forest,True,,3,0.8917094017094016,0.04203031464851688,1.95,ok,,1
biomed,classification,209,8,False,A11 A21 A38 A41 A51 A61,A54,TR2,Random Forest,True,,3,0.8887464387464388,0.04304389816241654,2.27,ok,,2
biomed,classification,209,8,False,A11 A21 A38 A41 A51 A61,A54,TR3,Extra Trees,True,,1,0.8925925925925926,0.042552315900281724,1.67,ok,,1
biomed,classification,209,8,False,A11 A21 A38 A41 A51 A61,A54,TR3,Extra Trees,True,,1,0.8850427350427351,0.04484243601572205,1.62,ok,,2
biomed,classification,209,8,False,A11 A21 A38 A41 A51 A61,A54,EN1,AdaBoost,True,,15,0.9118518518518519,0.03180875637567982,0.59,ok,,1
biomed,classification,209,8,False,A11 A21 A38 A41 A51 A61,A54,EN1,AdaBoost,True,,15,0.8754131054131055,0.039773508329514325,0.57,ok,,2
biomed,classification,209,8,False,A11 A21 A38 A41 A51 A61,A54,EN2,Gradient Boosting (GBM),True,,7,0.8974928774928774,0.025040385072333467,0.72,ok,,1
biomed,classification,209,8,False,A11 A21 A38 A41 A51 A61,A54,EN2,Gradient Boosting (GBM),True,,7,0.8974928774928775,0.02799304418318706,0.73,ok,,2
biomed,classification,209,8,False,A11 A21 A38 A41 A51 A61,A54,EN6,Stacking,True,,6,0.8660968660968662,0.03218389784997346,0.93,ok,,1
biomed,classification,209,8,False,A11 A21 A38 A41 A51 A61,A54,EN6,Stacking,True,,6,0.8546723646723647,0.038615330384659294,0.72,ok,,2
biomed,classification,209,8,False,A11 A21 A38 A41 A51 A61,A54,EN7,Voting Ensemble,True,,8,0.8754131054131052,0.02742120471754996,0.24,ok,,1
biomed,classification,209,8,False,A11 A21 A38 A41 A51 A61,A54,EN7,Voting Ensemble,True,,8,0.8687464387464386,0.041088863915511045,0.23,ok,,2
biomed,classification,209,8,False,A11 A21 A38 A41 A51 A61,A54,SV1,SVM (linear),True,,12,0.8428205128205128,0.02640575355695315,0.1,ok,,1
biomed,classification,209,8,False,A11 A21 A38 A41 A51 A61,A54,SV1,SVM (linear),True,,12,0.8366096866096868,0.05422034920102963,0.12,ok,,2
biomed,classification,209,8,False,A11 A21 A38 A41 A51 A61,A54,SV2,Kernel SVM (RBF/Poly),True,,9,0.8517094017094017,0.03590399252743445,0.1,ok,,1
biomed,classification,209,8,False,A11 A21 A38 A41 A51 A61,A54,SV2,Kernel SVM (RBF/Poly),True,,9,0.8487464387464387,0.05874740590724287,0.11,ok,,2
biomed,classification,209,8,False,A11 A21 A38 A41 A51 A61,A54,PR1,Naive Bayes,True,,16,0.8383760683760684,0.051365206401783506,0.1,ok,,1
biomed,classification,209,8,False,A11 A21 A38 A41 A51 A61,A54,PR1,Naive Bayes,True,,16,0.8419373219373218,0.06785135803565448,0.1,ok,,2
biomed,classification,209,8,False,A11 A21 A38 A41 A51 A61,A54,IB1,k-Nearest Neighbors,True,,14,0.7924501424501424,0.04384299742983966,0.13,ok,,1
biomed,classification,209,8,False,A11 A21 A38 A41 A51 A61,A54,IB1,k-Nearest Neighbors,True,,14,0.790968660968661,0.04606033226284732,0.11,ok,,2
biomed,classification,209,8,False,A11 A21 A38 A41 A51 A61,A54,DR4,LDA (Linear Discriminant Analysis),True,,11,0.8028205128205128,0.01998619664738928,0.11,ok,,1
biomed,classification,209,8,False,A11 A21 A38 A41 A51 A61,A54,DR4,LDA (Linear Discriminant Analysis),True,,11,0.796011396011396,0.0690573843276437,0.1,ok,,2
biomed,classification,209,8,False,A11 A21 A38 A41 A51 A61,A54,NN1,Perceptron,True,,17,0.8262678062678063,0.0727636443140678,0.1,ok,,1
biomed,classification,209,8,False,A11 A21 A38 A41 A51 A61,A54,NN1,Perceptron,True,,17,0.8321652421652421,0.030496096991604254,0.1,ok,,2
biomed,classification,209,8,False,A11 A21 A38 A41 A51 A61,A54,NN2,MLP (Feedforward),True,,5,0.8976353276353276,0.03322548115452495,2.32,ok,,1
biomed,classification,209,8,False,A11 A21 A38 A41 A51 A61,A54,NN2,MLP (Feedforward),True,,5,0.8766096866096866,0.08135429277895356,2.28,ok,,2
biomed,classification,209,8,False,A11 A21 A38 A41 A51 A61,A54,EN3,XGBoost,True,,4,0.8863817663817665,0.03060067793771316,19.46,ok,,1
biomed,classification,209,8,False,A11 A21 A38 A41 A51 A61,A54,EN3,XGBoost,True,,4,0.8767521367521368,0.035286070576513756,0.2,ok,,2
biomed,classification,209,8,False,A11 A21 A38 A41 A51 A61,A54,EN4,LightGBM,True,,2,0.9174928774928774,0.03363879809485979,0.2,ok,,1
biomed,classification,209,8,False,A11 A21 A38 A41 A51 A61,A54,EN4,LightGBM,True,,2,0.8909686609686611,0.05150061055046555,0.25,ok,,2
biomed,classification,209,8,False,A11 A21 A38 A41 A51 A61,A54,BASE-HGB,Histogram Gradient Boosting (baseline),False,,,0.9080056980056981,0.041512464557023177,38.06,ok,,1
biomed,classification,209,8,False,A11 A21 A38 A41 A51 A61,A54,BASE-HGB,Histogram Gradient Boosting (baseline),False,,,0.8814814814814815,0.04517911313178343,32.85,ok,,2
breast_cancer,classification,286,9,False,A11 A21 A38 A41 A51 A61,A53,LM2,Logistic Regression,True,,10,0.630157819225251,0.04695211223069594,0.89,ok,,1
breast_cancer,classification,286,9,False,A11 A21 A38 A41 A51 A61,A53,LM2,Logistic Regression,True,,10,0.6257711621233859,0.05761093133132229,0.97,ok,,2
breast_cancer,classification,286,9,False,A11 A21 A38 A41 A51 A61,A53,TR1,Decision Tree,True,,13,0.5754878048780487,0.059616049733581165,0.22,ok,,1
breast_cancer,classification,286,9,False,A11 A21 A38 A41 A51 A61,A53,TR1,Decision Tree,True,,13,0.5754268292682927,0.044577538205808294,0.13,ok,,2
breast_cancer,classification,286,9,False,A11 A21 A38 A41 A51 A61,A53,TR2,Random Forest,True,,3,0.6595086083213773,0.05054788397059323,2.12,ok,,1
breast_cancer,classification,286,9,False,A11 A21 A38 A41 A51 A61,A53,TR2,Random Forest,True,,3,0.6236872309899569,0.030268798166475167,2.17,ok,,2
breast_cancer,classification,286,9,False,A11 A21 A38 A41 A51 A61,A53,TR3,Extra Trees,True,,1,0.6428299856527977,0.045121317394895555,2.09,ok,,1
breast_cancer,classification,286,9,False,A11 A21 A38 A41 A51 A61,A53,TR3,Extra Trees,True,,1,0.615573888091822,0.04054355478070282,1.75,ok,,2
breast_cancer,classification,286,9,False,A11 A21 A38 A41 A51 A61,A53,EN1,AdaBoost,True,,15,0.6143974175035869,0.05712168530340484,0.55,ok,,1
breast_cancer,classification,286,9,False,A11 A21 A38 A41 A51 A61,A53,EN1,AdaBoost,True,,15,0.6420086083213774,0.05627252374862899,0.57,ok,,2
breast_cancer,classification,286,9,False,A11 A21 A38 A41 A51 A61,A53,EN2,Gradient Boosting (GBM),True,,7,0.6172274031563845,0.08086665268316866,0.69,ok,,1
breast_cancer,classification,286,9,False,A11 A21 A38 A41 A51 A61,A53,EN2,Gradient Boosting (GBM),True,,7,0.5902187948350072,0.03587955266072894,0.66,ok,,2
breast_cancer,classification,286,9,False,A11 A21 A38 A41 A51 A61,A53,EN6,Stacking,True,,6,0.5674139167862268,0.025856419150794268,0.99,ok,,1
breast_cancer,classification,286,9,False,A11 A21 A38 A41 A51 A61,A53,EN6,Stacking,True,,6,0.5809433285509327,0.008003112629302167,1.08,ok,,2
breast_cancer,classification,286,9,False,A11 A21 A38 A41 A51 A61,A53,EN7,Voting Ensemble,True,,8,0.6149497847919656,0.07565214656095715,0.26,ok,,1
breast_cancer,classification,286,9,False,A11 A21 A38 A41 A51 A61,A53,EN7,Voting Ensemble,True,,8,0.5921197991391678,0.03907246365120212,0.21,ok,,2
breast_cancer,classification,286,9,False,A11 A21 A38 A41 A51 A61,A53,SV1,SVM (linear),True,,12,0.5967503586800573,0.04150667940811482,0.12,ok,,1
breast_cancer,classification,286,9,False,A11 A21 A38 A41 A51 A61,A53,SV1,SVM (linear),True,,12,0.620771162123386,0.038407993135161134,0.12,ok,,2
breast_cancer,classification,286,9,False,A11 A21 A38 A41 A51 A61,A53,SV2,Kernel SVM (RBF/Poly),True,,9,0.6095337159253946,0.06360828396003687,0.14,ok,,1
breast_cancer,classification,286,9,False,A11 A21 A38 A41 A51 A61,A53,SV2,Kernel SVM (RBF/Poly),True,,9,0.6044727403156385,0.019899557300363756,0.14,ok,,2
breast_cancer,classification,286,9,False,A11 A21 A38 A41 A51 A61,A53,PR1,Naive Bayes,True,,16,0.5894942611190818,0.015947075893504054,0.12,ok,,1
breast_cancer,classification,286,9,False,A11 A21 A38 A41 A51 A61,A53,PR1,Naive Bayes,True,,16,0.5641535150645625,0.05271544293188589,0.11,ok,,2
breast_cancer,classification,286,9,False,A11 A21 A38 A41 A51 A61,A53,IB1,k-Nearest Neighbors,True,,14,0.5891893830703013,0.04834446424107179,0.12,ok,,1
breast_cancer,classification,286,9,False,A11 A21 A38 A41 A51 A61,A53,IB1,k-Nearest Neighbors,True,,14,0.6012984218077475,0.03645779196306662,0.25,ok,,2
breast_cancer,classification,286,9,False,A11 A21 A38 A41 A51 A61,A53,DR4,LDA (Linear Discriminant Analysis),True,,11,0.6177797704447632,0.044672583268124844,0.13,ok,,1
breast_cancer,classification,286,9,False,A11 A21 A38 A41 A51 A61,A53,DR4,LDA (Linear Discriminant Analysis),True,,11,0.6150968436154949,0.04398107221088676,0.12,ok,,2
breast_cancer,classification,286,9,False,A11 A21 A38 A41 A51 A61,A53,NN1,Perceptron,True,,17,0.5911764705882352,0.08021651065282559,0.12,ok,,1
breast_cancer,classification,286,9,False,A11 A21 A38 A41 A51 A61,A53,NN1,Perceptron,True,,17,0.5675609756097562,0.07732044242023875,0.12,ok,,2
breast_cancer,classification,286,9,False,A11 A21 A38 A41 A51 A61,A53,NN2,MLP (Feedforward),True,,5,0.6179268292682927,0.07402196418664474,4.01,ok,,1
breast_cancer,classification,286,9,False,A11 A21 A38 A41 A51 A61,A53,NN2,MLP (Feedforward),True,,5,0.6004878048780489,0.04265370308780644,3.89,ok,,2
breast_cancer,classification,286,9,False,A11 A21 A38 A41 A51 A61,A53,EN4,LightGBM,True,,2,0.6010150645624103,0.06823690800798694,45.91,ok,,1
breast_cancer,classification,286,9,False,A11 A21 A38 A41 A51 A61,A53,EN4,LightGBM,True,,2,0.602657819225251,0.05573888022578838,41.94,ok,,2
breast_cancer,classification,286,9,False,A11 A21 A38 A41 A51 A61,A53,BASE-HGB,Histogram Gradient Boosting (baseline),False,,,0.5866893830703013,0.05007517675524343,0.68,ok,,1
breast_cancer,classification,286,9,False,A11 A21 A38 A41 A51 A61,A53,BASE-HGB,Histogram Gradient Boosting (baseline),False,,,0.622596843615495,0.054805109722236664,28.31,ok,,2
schizo,classification,340,14,False,A11 A21 A38 A41 A51 A61,A54,LM2,Logistic Regression,True,,10,0.41239316239316237,0.020210106115941606,0.75,ok,,1
schizo,classification,340,14,False,A11 A21 A38 A41 A51 A61,A54,LM2,Logistic Regression,True,,10,0.4224145299145299,0.047325775001288324,0.7,ok,,2
schizo,classification,340,14,False,A11 A21 A38 A41 A51 A61,A54,TR1,Decision Tree,True,,13,0.35925213675213674,0.011896088070820028,0.15,ok,,1
schizo,classification,340,14,False,A11 A21 A38 A41 A51 A61,A54,TR1,Decision Tree,True,,13,0.3400427350427351,0.038956654117014405,0.15,ok,,2
schizo,classification,340,14,False,A11 A21 A38 A41 A51 A61,A54,TR2,Random Forest,True,,3,0.3963034188034188,0.037292758977583405,2.91,ok,,1
schizo,classification,340,14,False,A11 A21 A38 A41 A51 A61,A54,TR2,Random Forest,True,,3,0.387991452991453,0.039458679173479255,2.68,ok,,2
schizo,classification,340,14,False,A11 A21 A38 A41 A51 A61,A54,TR3,Extra Trees,True,,1,0.3866025641025641,0.02909088963475331,2.08,ok,,1
schizo,classification,340,14,False,A11 A21 A38 A41 A51 A61,A54,TR3,Extra Trees,True,,1,0.4022863247863248,0.05290166780243101,2.19,ok,,2
schizo,classification,340,14,False,A11 A21 A38 A41 A51 A61,A54,EN1,AdaBoost,True,,15,0.40061965811965816,0.0645755484763939,0.71,ok,,1
schizo,classification,340,14,False,A11 A21 A38 A41 A51 A61,A54,EN1,AdaBoost,True,,15,0.38980769230769236,0.026746094454306715,0.63,ok,,2
schizo,classification,340,14,False,A11 A21 A38 A41 A51 A61,A54,EN2,Gradient Boosting (GBM),True,,7,0.39034188034188033,0.016343095071614595,2.71,ok,,1
schizo,classification,340,14,False,A11 A21 A38 A41 A51 A61,A54,EN2,Gradient Boosting (GBM),True,,7,0.31688034188034186,0.056415314782270014,2.69,ok,,2
schizo,classification,340,14,False,A11 A21 A38 A41 A51 A61,A54,EN6,Stacking,True,,6,0.37273504273504277,0.023196351301696987,3.23,ok,,1
schizo,classification,340,14,False,A11 A21 A38 A41 A51 A61,A54,EN6,Stacking,True,,6,0.398974358974359,0.04692833093746183,2.4,ok,,2
schizo,classification,340,14,False,A11 A21 A38 A41 A51 A61,A54,EN7,Voting Ensemble,True,,8,0.4045299145299145,0.0362143620743812,0.99,ok,,1
schizo,classification,340,14,False,A11 A21 A38 A41 A51 A61,A54,EN7,Voting Ensemble,True,,8,0.39743589743589747,0.04739280594534287,0.67,ok,,2
schizo,classification,340,14,False,A11 A21 A38 A41 A51 A61,A54,SV1,SVM (linear),True,,12,0.4028205128205128,0.018101910353561852,0.14,ok,,1
schizo,classification,340,14,False,A11 A21 A38 A41 A51 A61,A54,SV1,SVM (linear),True,,12,0.4025641025641026,0.03938770910213877,0.1,ok,,2
schizo,classification,340,14,False,A11 A21 A38 A41 A51 A61,A54,SV2,Kernel SVM (RBF/Poly),True,,9,0.38576923076923075,0.025567772856453747,0.13,ok,,1
schizo,classification,340,14,False,A11 A21 A38 A41 A51 A61,A54,SV2,Kernel SVM (RBF/Poly),True,,9,0.3876068376068376,0.042816588864343585,0.13,ok,,2
schizo,classification,340,14,False,A11 A21 A38 A41 A51 A61,A54,PR1,Naive Bayes,True,,16,0.41876068376068376,0.04724018299421794,0.12,ok,,1
schizo,classification,340,14,False,A11 A21 A38 A41 A51 A61,A54,PR1,Naive Bayes,True,,16,0.4297008547008547,0.04168780966964995,0.1,ok,,2
schizo,classification,340,14,False,A11 A21 A38 A41 A51 A61,A54,IB1,k-Nearest Neighbors,True,,14,0.39715811965811965,0.03570458474219025,0.49,ok,,1
schizo,classification,340,14,False,A11 A21 A38 A41 A51 A61,A54,IB1,k-Nearest Neighbors,True,,14,0.3557692307692308,0.06257864509188052,0.55,ok,,2
schizo,classification,340,14,False,A11 A21 A38 A41 A51 A61,A54,DR4,LDA (Linear Discriminant Analysis),True,,11,0.40559829059829056,0.014447604974615023,0.11,ok,,1
schizo,classification,340,14,False,A11 A21 A38 A41 A51 A61,A54,DR4,LDA (Linear Discriminant Analysis),True,,11,0.41839743589743594,0.030052824411281764,0.11,ok,,2
schizo,classification,340,14,False,A11 A21 A38 A41 A51 A61,A54,NN1,Perceptron,True,,17,0.37604700854700857,0.06972760809643185,0.11,ok,,1
schizo,classification,340,14,False,A11 A21 A38 A41 A51 A61,A54,NN1,Perceptron,True,,17,0.38741452991452996,0.06456451780662967,0.11,ok,,2
schizo,classification,340,14,False,A11 A21 A38 A41 A51 A61,A54,NN2,MLP (Feedforward),True,,5,0.39089743589743586,0.0334893483457979,4.04,ok,,1
schizo,classification,340,14,False,A11 A21 A38 A41 A51 A61,A54,NN2,MLP (Feedforward),True,,5,0.35438034188034184,0.017386388567345226,4.21,ok,,2
schizo,classification,340,14,False,A11 A21 A38 A41 A51 A61,A54,EN3,XGBoost,True,,4,0.3681196581196581,0.024835145700735684,0.84,ok,,1
schizo,classification,340,14,False,A11 A21 A38 A41 A51 A61,A54,EN3,XGBoost,True,,4,0.3869871794871795,0.05348706749366166,0.98,ok,,2
schizo,classification,340,14,False,A11 A21 A38 A41 A51 A61,A54,EN4,LightGBM,True,,2,0.37897435897435894,0.01374039620378352,1.9,ok,,1
schizo,classification,340,14,False,A11 A21 A38 A41 A51 A61,A54,EN4,LightGBM,True,,2,0.37506410256410255,0.05400894534447592,2.41,ok,,2
schizo,classification,340,14,False,A11 A21 A38 A41 A51 A61,A54,BASE-HGB,Histogram Gradient Boosting (baseline),False,,,0.365491452991453,0.031479950588655825,1.41,ok,,1
schizo,classification,340,14,False,A11 A21 A38 A41 A51 A61,A54,BASE-HGB,Histogram Gradient Boosting (baseline),False,,,0.39587606837606837,0.05532791956701951,1.3,ok,,2
movement_libras,classification,360,90,False,A11 A21 A31 A42 A51 A61,A54,LM2,Logistic Regression,True,,10,0.76,0.04125799585804211,0.38,ok,,1
movement_libras,classification,360,90,False,A11 A21 A31 A42 A51 A61,A54,LM2,Logistic Regression,True,,10,0.7353333333333334,0.026465910988372355,0.39,ok,,2
movement_libras,classification,360,90,False,A11 A21 A31 A42 A51 A61,A54,TR1,Decision Tree,True,,13,0.6426666666666667,0.039799497484264784,0.17,ok,,1
movement_libras,classification,360,90,False,A11 A21 A31 A42 A51 A61,A54,TR1,Decision Tree,True,,13,0.6753333333333333,0.058026813725303855,0.17,ok,,2
movement_libras,classification,360,90,False,A11 A21 A31 A42 A51 A61,A54,TR2,Random Forest,True,,3,0.8226666666666667,0.05567365225630127,3.25,ok,,1
movement_libras,classification,360,90,False,A11 A21 A31 A42 A51 A61,A54,TR2,Random Forest,True,,3,0.794,0.055513762057509436,3.45,ok,,2
movement_libras,classification,360,90,False,A11 A21 A31 A42 A51 A61,A54,TR3,Extra Trees,True,,1,0.8326666666666668,0.044442222166663825,2.34,ok,,1
movement_libras,classification,360,90,False,A11 A21 A31 A42 A51 A61,A54,TR3,Extra Trees,True,,1,0.8593333333333334,0.03832028763519973,2.25,ok,,2
movement_libras,classification,360,90,False,A11 A21 A31 A42 A51 A61,A54,EN1,AdaBoost,True,,15,0.2906666666666667,0.0886791971095815,1.1,ok,,1
movement_libras,classification,360,90,False,A11 A21 A31 A42 A51 A61,A54,EN1,AdaBoost,True,,15,0.26333333333333336,0.0689283041363351,1.09,ok,,2
movement_libras,classification,360,90,False,A11 A21 A31 A42 A51 A61,A54,EN2,Gradient Boosting (GBM),True,,7,0.6906666666666667,0.07835531606442253,50.6,ok,,1
movement_libras,classification,360,90,False,A11 A21 A31 A42 A51 A61,A54,EN2,Gradient Boosting (GBM),True,,7,0.6993333333333333,0.054299580518125924,52.29,ok,,2
movement_libras,classification,360,90,False,A11 A21 A31 A42 A51 A61,A54,EN6,Stacking,True,,6,0.796,0.03460250472629588,4.96,ok,,1
movement_libras,classification,360,90,False,A11 A21 A31 A42 A51 A61,A54,EN6,Stacking,True,,6,0.7833333333333334,0.05545769158156112,2.45,ok,,2
movement_libras,classification,360,90,False,A11 A21 A31 A42 A51 A61,A54,EN7,Voting Ensemble,True,,8,0.7859999999999999,0.035987652203375395,0.55,ok,,1
movement_libras,classification,360,90,False,A11 A21 A31 A42 A51 A61,A54,EN7,Voting Ensemble,True,,8,0.7773333333333334,0.03094080369565948,0.61,ok,,2
movement_libras,classification,360,90,False,A11 A21 A31 A42 A51 A61,A54,SV1,SVM (linear),True,,12,0.72,0.05497474167490208,0.46,ok,,1
movement_libras,classification,360,90,False,A11 A21 A31 A42 A51 A61,A54,SV1,SVM (linear),True,,12,0.7106666666666668,0.045087569117095834,0.46,ok,,2
movement_libras,classification,360,90,False,A11 A21 A31 A42 A51 A61,A54,SV2,Kernel SVM (RBF/Poly),True,,9,0.7926666666666666,0.05195724738239662,0.17,ok,,1
movement_libras,classification,360,90,False,A11 A21 A31 A42 A51 A61,A54,SV2,Kernel SVM (RBF/Poly),True,,9,0.7953333333333333,0.019955506062794337,0.17,ok,,2
movement_libras,classification,360,90,False,A11 A21 A31 A42 A51 A61,A54,PR1,Naive Bayes,True,,16,0.624,0.07050295502081216,0.12,ok,,1
movement_libras,classification,360,90,False,A11 A21 A31 A42 A51 A61,A54,PR1,Naive Bayes,True,,16,0.61,0.0616080802781222,0.14,ok,,2
movement_libras,classification,360,90,False,A11 A21 A31 A42 A51 A61,A54,IB1,k-Nearest Neighbors,True,,14,0.7686666666666667,0.03166491223210112,0.23,ok,,1
movement_libras,classification,360,90,False,A11 A21 A31 A42 A51 A61,A54,IB1,k-Nearest Neighbors,True,,14,0.73,0.038930136855083855,0.11,ok,,2
movement_libras,classification,360,90,False,A11 A21 A31 A42 A51 A61,A54,DR4,LDA (Linear Discriminant Analysis),True,,11,0.6293333333333334,0.048184829332247124,0.13,ok,,1
movement_libras,classification,360,90,False,A11 A21 A31 A42 A51 A61,A54,DR4,LDA (Linear Discriminant Analysis),True,,11,0.6273333333333333,0.060530983801686235,0.13,ok,,2
movement_libras,classification,360,90,False,A11 A21 A31 A42 A51 A61,A54,NN1,Perceptron,True,,17,0.5086666666666666,0.0561980624418869,0.19,ok,,1
movement_libras,classification,360,90,False,A11 A21 A31 A42 A51 A61,A54,NN1,Perceptron,True,,17,0.542,0.03550273854851825,0.22,ok,,2
movement_libras,classification,360,90,False,A11 A21 A31 A42 A51 A61,A54,NN2,MLP (Feedforward),True,,5,0.8606666666666667,0.04100948399794582,4.89,ok,,1
movement_libras,classification,360,90,False,A11 A21 A31 A42 A51 A61,A54,NN2,MLP (Feedforward),True,,5,0.8520000000000001,0.05791181034795728,4.79,ok,,2
movement_libras,classification,360,90,False,A11 A21 A31 A42 A51 A61,A54,EN3,XGBoost,True,,4,0.7393333333333333,0.05855292003345732,4.7,ok,,1
movement_libras,classification,360,90,False,A11 A21 A31 A42 A51 A61,A54,EN3,XGBoost,True,,4,0.7380000000000001,0.0582179811856555,4.64,ok,,2
movement_libras,classification,360,90,False,A11 A21 A31 A42 A51 A61,A54,EN4,LightGBM,True,,2,0.762,0.056118921348626644,33.38,ok,,1
movement_libras,classification,360,90,False,A11 A21 A31 A42 A51 A61,A54,EN4,LightGBM,True,,2,0.7526666666666667,0.06151422599691877,38.69,ok,,2
movement_libras,classification,360,90,False,A11 A21 A31 A42 A51 A61,A54,BASE-HGB,Histogram Gradient Boosting (baseline),False,,,0.7693333333333333,0.050438080851674005,13.83,ok,,1
movement_libras,classification,360,90,False,A11 A21 A31 A42 A51 A61,A54,BASE-HGB,Histogram Gradient Boosting (baseline),False,,,0.7686666666666667,0.07804841802083853,13.46,ok,,2
cars,classification,392,8,False,A11 A21 A38 A41 A51 A61,A53,LM2,Logistic Regression,True,,10,0.6711917844060701,0.06406162222153725,0.14,ok,,1
cars,classification,392,8,False,A11 A21 A38 A41 A51 A61,A53,LM2,Logistic Regression,True,,10,0.6657583289726147,0.08368787190098712,0.14,ok,,2
cars,classification,392,8,False,A11 A21 A38 A41 A51 A61,A53,TR1,Decision Tree,True,,13,0.8298246991104132,0.033746958433467075,0.1,ok,,1
cars,classification,392,8,False,A11 A21 A38 A41 A51 A61,A53,TR1,Decision Tree,True,,13,0.8172065236350949,0.0657223762424061,0.09,ok,,2
cars,classification,392,8,False,A11 A21 A38 A41 A51 A61,A53,TR2,Random Forest,True,,3,0.8768781615210187,0.032421028445727945,2.29,ok,,1
cars,classification,392,8,False,A11 A21 A38 A41 A51 A61,A53,TR2,Random Forest,True,,3,0.8681876853305426,0.037589770819588995,2.3,ok,,2
cars,classification,392,8,False,A11 A21 A38 A41 A51 A61,A53,TR3,Extra Trees,True,,1,0.8701604744461887,0.039126666133336305,1.91,ok,,1
cars,classification,392,8,False,A11 A21 A38 A41 A51 A61,A53,TR3,Extra Trees,True,,1,0.8849982557125413,0.04071700559635394,1.87,ok,,2
cars,classification,392,8,False,A11 A21 A38 A41 A51 A61,A53,EN1,AdaBoost,True,,15,0.8030320076748648,0.032799946385525906,0.57,ok,,1
cars,classification,392,8,False,A11 A21 A38 A41 A51 A61,A53,EN1,AdaBoost,True,,15,0.8019823826966684,0.0497939349210792,0.57,ok,,2
cars,classification,392,8,False,A11 A21 A38 A41 A51 A61,A53,EN2,Gradient Boosting (GBM),True,,7,0.9590136054421767,0.040831913123735186,2.11,ok,,1
cars,classification,392,8,False,A11 A21 A38 A41 A51 A61,A53,EN2,Gradient Boosting (GBM),True,,7,0.9664477585906159,0.01943441536395882,2.17,ok,,2
cars,classification,392,8,False,A11 A21 A38 A41 A51 A61,A53,EN6,Stacking,True,,6,0.8332487353915926,0.04496051346447197,0.81,ok,,1
cars,classification,392,8,False,A11 A21 A38 A41 A51 A61,A53,EN6,Stacking,True,,6,0.7955071515785801,0.05192993762680634,0.78,ok,,2
cars,classification,392,8,False,A11 A21 A38 A41 A51 A61,A53,EN7,Voting Ensemble,True,,8,0.8318620268620268,0.038628407447491436,0.22,ok,,1
cars,classification,392,8,False,A11 A21 A38 A41 A51 A61,A53,EN7,Voting Ensemble,True,,8,0.8174912785627072,0.04746984905033749,0.26,ok,,2
cars,classification,392,8,False,A11 A21 A38 A41 A51 A61,A53,SV1,SVM (linear),True,,12,0.6973303680446536,0.09394594601616928,0.11,ok,,1
cars,classification,392,8,False,A11 A21 A38 A41 A51 A61,A53,SV1,SVM (linear),True,,12,0.681031746031746,0.07958618614702338,0.11,ok,,2
cars,classification,392,8,False,A11 A21 A38 A41 A51 A61,A53,SV2,Kernel SVM (RBF/Poly),True,,9,0.6624629338915053,0.0667082823819988,0.11,ok,,1
cars,classification,392,8,False,A11 A21 A38 A41 A51 A61,A53,SV2,Kernel SVM (RBF/Poly),True,,9,0.6690646258503402,0.047843544201506466,0.12,ok,,2
cars,classification,392,8,False,A11 A21 A38 A41 A51 A61,A53,PR1,Naive Bayes,True,,16,0.680832461189604,0.018783877949707622,0.09,ok,,1
cars,classification,392,8,False,A11 A21 A38 A41 A51 A61,A53,PR1,Naive Bayes,True,,16,0.6711316064887494,0.05030439180790199,0.1,ok,,2
cars,classification,392,8,False,A11 A21 A38 A41 A51 A61,A53,IB1,k-Nearest Neighbors,True,,14,0.6832892900750044,0.04897215033712444,0.11,ok,,1
cars,classification,392,8,False,A11 A21 A38 A41 A51 A61,A53,IB1,k-Nearest Neighbors,True,,14,0.7036045700331415,0.04655219602886295,0.1,ok,,2
cars,classification,392,8,False,A11 A21 A38 A41 A51 A61,A53,DR4,LDA (Linear Discriminant Analysis),True,,11,0.6835775335775336,0.08089877239163316,0.1,ok,,1
cars,classification,392,8,False,A11 A21 A38 A41 A51 A61,A53,DR4,LDA (Linear Discriminant Analysis),True,,11,0.6783333333333333,0.06784881998202957,0.1,ok,,2
cars,classification,392,8,False,A11 A21 A38 A41 A51 A61,A53,NN1,Perceptron,True,,17,0.6476282051282051,0.058053359129493616,0.1,ok,,1
cars,classification,392,8,False,A11 A21 A38 A41 A51 A61,A53,NN1,Perceptron,True,,17,0.6665668062096632,0.08408272794584193,0.1,ok,,2
cars,classification,392,8,False,A11 A21 A38 A41 A51 A61,A53,NN2,MLP (Feedforward),True,,5,0.7239189778475492,0.026471236819251186,3.98,ok,,1
cars,classification,392,8,False,A11 A21 A38 A41 A51 A61,A53,NN2,MLP (Feedforward),True,,5,0.7557600732600733,0.03247098194730718,4.46,ok,,2
cars,classification,392,8,False,A11 A21 A38 A41 A51 A61,A53,EN3,XGBoost,True,,4,0.9507980115122973,0.023212041660365484,0.36,ok,,1
cars,classification,392,8,False,A11 A21 A38 A41 A51 A61,A53,EN3,XGBoost,True,,4,0.9511154718297575,0.024760721747409845,0.42,ok,,2
cars,classification,392,8,False,A11 A21 A38 A41 A51 A61,A53,EN4,LightGBM,True,,2,0.9576857666143381,0.03238493185595194,1.81,ok,,1
cars,classification,392,8,False,A11 A21 A38 A41 A51 A61,A53,EN4,LightGBM,True,,2,0.959448805163091,0.02241266280255544,1.77,ok,,2
cars,classification,392,8,False,A11 A21 A38 A41 A51 A61,A53,BASE-HGB,Histogram Gradient Boosting (baseline),False,,,0.9600928833071691,0.04138541840609113,1.27,ok,,1
cars,classification,392,8,False,A11 A21 A38 A41 A51 A61,A53,BASE-HGB,Histogram Gradient Boosting (baseline),False,,,0.9744671201814059,0.017169351684180004,1.14,ok,,2
collins,classification,485,23,False,A11 A21 A38 A41 A51 A61,A54,LM2,Logistic Regression,True,,10,0.6784859584859585,0.06750550533807811,0.3,ok,,1
collins,classification,485,23,False,A11 A21 A38 A41 A51 A61,A54,LM2,Logistic Regression,True,,10,0.675558608058608,0.069668702692884,0.31,ok,,2
collins,classification,485,23,False,A11 A21 A38 A41 A51 A61,A54,TR1,Decision Tree,True,,13,0.973076923076923,0.029347495236563093,0.12,ok,,1
collins,classification,485,23,False,A11 A21 A38 A41 A51 A61,A54,TR1,Decision Tree,True,,13,0.981025641025641,0.025193530993982825,0.12,ok,,2
collins,classification,485,23,False,A11 A21 A38 A41 A51 A61,A54,TR2,Random Forest,True,,3,0.977051282051282,0.01578746079883299,2.52,ok,,1
collins,classification,485,23,False,A11 A21 A38 A41 A51 A61,A54,TR2,Random Forest,True,,3,0.9668803418803418,0.033540883539057445,2.57,ok,,2
collins,classification,485,23,False,A11 A21 A38 A41 A51 A61,A54,TR3,Extra Trees,True,,1,0.9923076923076923,0.01025641025641026,2.22,ok,,1
collins,classification,485,23,False,A11 A21 A38 A41 A51 A61,A54,TR3,Extra Trees,True,,1,0.9948717948717949,0.010256410256410265,2.16,ok,,2
collins,classification,485,23,False,A11 A21 A38 A41 A51 A61,A54,EN1,AdaBoost,True,,15,0.24615384615384617,0.05756395979652218,0.82,ok,,1
collins,classification,485,23,False,A11 A21 A38 A41 A51 A61,A54,EN1,AdaBoost,True,,15,0.24615384615384617,0.05756395979652218,0.75,ok,,2
collins,classification,485,23,False,A11 A21 A38 A41 A51 A61,A54,EN2,Gradient Boosting (GBM),True,,7,0.9729945054945055,0.011245943241157096,15.4,ok,,1
collins,classification,485,23,False,A11 A21 A38 A41 A51 A61,A54,EN2,Gradient Boosting (GBM),True,,7,0.9727136752136752,0.02423001551458937,15.13,ok,,2
collins,classification,485,23,False,A11 A21 A38 A41 A51 A61,A54,EN6,Stacking,True,,6,0.9741666666666667,0.015601568558509252,1.67,ok,,1
collins,classification,485,23,False,A11 A21 A38 A41 A51 A61,A54,EN6,Stacking,True,,6,0.9705128205128206,0.02551249838734921,1.6,ok,,2
collins,classification,485,23,False,A11 A21 A38 A41 A51 A61,A54,EN7,Voting Ensemble,True,,8,0.8976526251526252,0.019534336771238097,0.38,ok,,1
collins,classification,485,23,False,A11 A21 A38 A41 A51 A61,A54,EN7,Voting Ensemble,True,,8,0.9067765567765568,0.04906826165349788,0.43,ok,,2
collins,classification,485,23,False,A11 A21 A38 A41 A51 A61,A54,SV1,SVM (linear),True,,12,0.6521611721611722,0.0412287752837282,0.17,ok,,1
collins,classification,485,23,False,A11 A21 A38 A41 A51 A61,A54,SV1,SVM (linear),True,,12,0.6621642246642245,0.048024157527997505,0.17,ok,,2
collins,classification,485,23,False,A11 A21 A38 A41 A51 A61,A54,SV2,Kernel SVM (RBF/Poly),True,,9,0.6544261294261295,0.04376028601364029,0.18,ok,,1
collins,classification,485,23,False,A11 A21 A38 A41 A51 A61,A54,SV2,Kernel SVM (RBF/Poly),True,,9,0.645952380952381,0.03730150536851848,0.19,ok,,2
collins,classification,485,23,False,A11 A21 A38 A41 A51 A61,A54,PR1,Naive Bayes,True,,16,1.0,0.0,0.11,ok,,1
collins,classification,485,23,False,A11 A21 A38 A41 A51 A61,A54,PR1,Naive Bayes,True,,16,1.0,0.0,0.1,ok,,2
collins,classification,485,23,False,A11 A21 A38 A41 A51 A61,A54,IB1,k-Nearest Neighbors,True,,14,0.5721733821733822,0.018434759166259824,0.12,ok,,1
collins,classification,485,23,False,A11 A21 A38 A41 A51 A61,A54,IB1,k-Nearest Neighbors,True,,14,0.5639255189255189,0.06300276129609067,0.11,ok,,2
collins,classification,485,23,False,A11 A21 A38 A41 A51 A61,A54,DR4,LDA (Linear Discriminant Analysis),True,,11,1.0,0.0,0.11,ok,,1
collins,classification,485,23,False,A11 A21 A38 A41 A51 A61,A54,DR4,LDA (Linear Discriminant Analysis),True,,11,1.0,0.0,0.11,ok,,2
collins,classification,485,23,False,A11 A21 A38 A41 A51 A61,A54,NN1,Perceptron,True,,17,0.5139468864468865,0.052487458818123875,0.15,ok,,1
collins,classification,485,23,False,A11 A21 A38 A41 A51 A61,A54,NN1,Perceptron,True,,17,0.48861416361416354,0.04693645364558041,0.15,ok,,2
collins,classification,485,23,False,A11 A21 A38 A41 A51 A61,A54,NN2,MLP (Feedforward),True,,5,0.6548748473748474,0.05237597635116118,5.34,ok,,1
collins,classification,485,23,False,A11 A21 A38 A41 A51 A61,A54,NN2,MLP (Feedforward),True,,5,0.6622435897435898,0.07829179974029703,5.32,ok,,2
collins,classification,485,23,False,A11 A21 A38 A41 A51 A61,A54,EN3,XGBoost,True,,4,0.9764102564102565,0.017116224890542174,0.99,ok,,1
collins,classification,485,23,False,A11 A21 A38 A41 A51 A61,A54,EN3,XGBoost,True,,4,0.978974358974359,0.011988379207754838,0.89,ok,,2
collins,classification,485,23,False,A11 A21 A38 A41 A51 A61,A54,EN4,LightGBM,True,,2,0.9898076923076923,0.018076923076923056,1.92,ok,,1
collins,classification,485,23,False,A11 A21 A38 A41 A51 A61,A54,EN4,LightGBM,True,,2,0.9892948717948717,0.01909740078214291,1.65,ok,,2
collins,classification,485,23,False,A11 A21 A38 A41 A51 A61,A54,BASE-HGB,Histogram Gradient Boosting (baseline),False,,,0.9688278388278387,0.016726896765194385,4.3,ok,,1
collins,classification,485,23,False,A11 A21 A38 A41 A51 A61,A54,BASE-HGB,Histogram Gradient Boosting (baseline),False,,,0.9762393162393164,0.032082150377649485,4.56,ok,,2
breast_cancer_wisconsin_diagnostic,classification,569,30,False,A11 A21 A31 A41 A51 A61,A54,LM2,Logistic Regression,True,,10,0.9744210092596927,0.017067899396662107,0.09,ok,,1
breast_cancer_wisconsin_diagnostic,classification,569,30,False,A11 A21 A31 A41 A51 A61,A54,LM2,Logistic Regression,True,,10,0.9746620550174431,0.018014676785014967,0.09,ok,,2
breast_cancer_wisconsin_diagnostic,classification,569,30,False,A11 A21 A31 A41 A51 A61,A54,TR1,Decision Tree,True,,13,0.9181949578608603,0.014023457863403633,0.1,ok,,1
breast_cancer_wisconsin_diagnostic,classification,569,30,False,A11 A21 A31 A41 A51 A61,A54,TR1,Decision Tree,True,,13,0.9304162182396706,0.028303138992225016,0.09,ok,,2
breast_cancer_wisconsin_diagnostic,classification,569,30,False,A11 A21 A31 A41 A51 A61,A54,TR2,Random Forest,True,,3,0.9542707797170621,0.013214660776233947,2.3,ok,,1
breast_cancer_wisconsin_diagnostic,classification,569,30,False,A11 A21 A31 A41 A51 A61,A54,TR2,Random Forest,True,,3,0.9496945497273044,0.03010515724048087,2.37,ok,,2
breast_cancer_wisconsin_diagnostic,classification,569,30,False,A11 A21 A31 A41 A51 A61,A54,TR3,Extra Trees,True,,1,0.9668975740749406,0.013329958787085533,1.8,ok,,1
breast_cancer_wisconsin_diagnostic,classification,569,30,False,A11 A21 A31 A41 A51 A61,A54,TR3,Extra Trees,True,,1,0.9609878261818976,0.028337056495213807,1.85,ok,,2
breast_cancer_wisconsin_diagnostic,classification,569,30,False,A11 A21 A31 A41 A51 A61,A54,EN1,AdaBoost,True,,15,0.9555948741544876,0.010083422796852728,0.87,ok,,1
breast_cancer_wisconsin_diagnostic,classification,569,30,False,A11 A21 A31 A41 A51 A61,A54,EN1,AdaBoost,True,,15,0.9700756866782088,0.017600054718363407,0.87,ok,,2
breast_cancer_wisconsin_diagnostic,classification,569,30,False,A11 A21 A31 A41 A51 A61,A54,EN2,Gradient Boosting (GBM),True,,7,0.9457944046709195,0.018537113614418385,2.13,ok,,1
breast_cancer_wisconsin_diagnostic,classification,569,30,False,A11 A21 A31 A41 A51 A61,A54,EN2,Gradient Boosting (GBM),True,,7,0.9420603725713453,0.022179578356448244,2.12,ok,,2
breast_cancer_wisconsin_diagnostic,classification,569,30,False,A11 A21 A31 A41 A51 A61,A54,EN6,Stacking,True,,6,0.970215218962353,0.015543461020630919,0.65,ok,,1
breast_cancer_wisconsin_diagnostic,classification,569,30,False,A11 A21 A31 A41 A51 A61,A54,EN6,Stacking,True,,6,0.9746066840318395,0.023242019663840468,0.61,ok,,2
breast_cancer_wisconsin_diagnostic,classification,569,30,False,A11 A21 A31 A41 A51 A61,A54,EN7,Voting Ensemble,True,,8,0.9683708192306291,0.018139297055605047,0.18,ok,,1
breast_cancer_wisconsin_diagnostic,classification,569,30,False,A11 A21 A31 A41 A51 A61,A54,EN7,Voting Ensemble,True,,8,0.9686024415225202,0.018474241967582707,0.2,ok,,2
breast_cancer_wisconsin_diagnostic,classification,569,30,False,A11 A21 A31 A41 A51 A61,A54,SV1,SVM (linear),True,,12,0.9688621392437312,0.014543124197512844,0.08,ok,,1
breast_cancer_wisconsin_diagnostic,classification,569,30,False,A11 A21 A31 A41 A51 A61,A54,SV1,SVM (linear),True,,12,0.9662309126074276,0.017882666615221886,0.08,ok,,2
breast_cancer_wisconsin_diagnostic,classification,569,30,False,A11 A21 A31 A41 A51 A61,A54,SV2,Kernel SVM (RBF/Poly),True,,9,0.9740599930331342,0.006487418205771028,0.1,ok,,1
breast_cancer_wisconsin_diagnostic,classification,569,30,False,A11 A21 A31 A41 A51 A61,A54,SV2,Kernel SVM (RBF/Poly),True,,9,0.9732731661285541,0.020332897095005742,0.1,ok,,2
breast_cancer_wisconsin_diagnostic,classification,569,30,False,A11 A21 A31 A41 A51 A61,A54,PR1,Naive Bayes,True,,16,0.9279603330577781,0.020683100752562945,0.08,ok,,1
breast_cancer_wisconsin_diagnostic,classification,569,30,False,A11 A21 A31 A41 A51 A61,A54,PR1,Naive Bayes,True,,16,0.9264607021976822,0.0381679861160303,0.08,ok,,2
breast_cancer_wisconsin_diagnostic,classification,569,30,False,A11 A21 A31 A41 A51 A61,A54,IB1,k-Nearest Neighbors,True,,14,0.9603372171010559,0.015235145949198156,0.09,ok,,1
breast_cancer_wisconsin_diagnostic,classification,569,30,False,A11 A21 A31 A41 A51 A61,A54,IB1,k-Nearest Neighbors,True,,14,0.952888714717244,0.02520319902458286,0.09,ok,,2
breast_cancer_wisconsin_diagnostic,classification,569,30,False,A11 A21 A31 A41 A51 A61,A54,DR4,LDA (Linear Discriminant Analysis),True,,11,0.938379111880586,0.01908631631735589,0.08,ok,,1
breast_cancer_wisconsin_diagnostic,classification,569,30,False,A11 A21 A31 A41 A51 A61,A54,DR4,LDA (Linear Discriminant Analysis),True,,11,0.9476456282917141,0.029269985081897792,0.08,ok,,2
breast_cancer_wisconsin_diagnostic,classification,569,30,False,A11 A21 A31 A41 A51 A61,A54,NN1,Perceptron,True,,17,0.9656092888077822,0.009484386226001038,0.1,ok,,1
breast_cancer_wisconsin_diagnostic,classification,569,30,False,A11 A21 A31 A41 A51 A61,A54,NN1,Perceptron,True,,17,0.9689728812149383,0.013420351800550994,0.08,ok,,2
breast_cancer_wisconsin_diagnostic,classification,569,30,False,A11 A21 A31 A41 A51 A61,A54,NN2,MLP (Feedforward),True,,5,0.9716041078512418,0.013199256109704577,2.9,ok,,1
breast_cancer_wisconsin_diagnostic,classification,569,30,False,A11 A21 A31 A41 A51 A61,A54,NN2,MLP (Feedforward),True,,5,0.9732340424978814,0.01959797696929323,2.89,ok,,2
breast_cancer_wisconsin_diagnostic,classification,569,30,False,A11 A21 A31 A41 A51 A61,A54,EN3,XGBoost,True,,4,0.9560760558181128,0.007925799147988495,0.36,ok,,1
breast_cancer_wisconsin_diagnostic,classification,569,30,False,A11 A21 A31 A41 A51 A61,A54,EN3,XGBoost,True,,4,0.9543457125180022,0.01651743653199941,0.35,ok,,2
breast_cancer_wisconsin_diagnostic,classification,569,30,False,A11 A21 A31 A41 A51 A61,A54,EN4,LightGBM,True,,2,0.9584407608441345,0.012745555790393194,0.49,ok,,1
breast_cancer_wisconsin_diagnostic,classification,569,30,False,A11 A21 A31 A41 A51 A61,A54,EN4,LightGBM,True,,2,0.9520107076567935,0.01613439512707069,0.48,ok,,2
breast_cancer_wisconsin_diagnostic,classification,569,30,False,A11 A21 A31 A41 A51 A61,A54,BASE-HGB,Histogram Gradient Boosting (baseline),False,,,0.9584961318297381,0.011674097514778162,1.04,ok,,1
breast_cancer_wisconsin_diagnostic,classification,569,30,False,A11 A21 A31 A41 A51 A61,A54,BASE-HGB,Histogram Gradient Boosting (baseline),False,,,0.956817845054825,0.01945296508866126,1.04,ok,,2
credit_approval_australia,classification,690,15,False,A11 A21 A38 A41 A51 A62,A54,LM2,Logistic Regression,True,,10,0.8604567250779225,0.032078123449292256,0.17,ok,,1
credit_approval_australia,classification,690,15,False,A11 A21 A38 A41 A51 A62,A54,LM2,Logistic Regression,True,,10,0.8608238090780048,0.02234074745607991,0.21,ok,,2
credit_approval_australia,classification,690,15,False,A11 A21 A38 A41 A51 A62,A54,TR1,Decision Tree,True,,13,0.8181466026250185,0.020910801401853533,0.2,ok,,1
credit_approval_australia,classification,690,15,False,A11 A21 A38 A41 A51 A62,A54,TR1,Decision Tree,True,,13,0.8194530392371968,0.01722513217081561,0.15,ok,,2
credit_approval_australia,classification,690,15,False,A11 A21 A38 A41 A51 A62,A54,TR2,Random Forest,True,,3,0.8736349430858045,0.026899238178153966,2.59,ok,,1
credit_approval_australia,classification,690,15,False,A11 A21 A38 A41 A51 A62,A54,TR2,Random Forest,True,,3,0.8725975616412311,0.017006043388653115,2.8,ok,,2
credit_approval_australia,classification,690,15,False,A11 A21 A38 A41 A51 A62,A54,TR3,Extra Trees,True,,1,0.8656560124169854,0.013233437048180297,2.05,ok,,1
credit_approval_australia,classification,690,15,False,A11 A21 A38 A41 A51 A62,A54,TR3,Extra Trees,True,,1,0.8565309269761106,0.021779788429927296,2.11,ok,,2
credit_approval_australia,classification,690,15,False,A11 A21 A38 A41 A51 A62,A54,EN1,AdaBoost,True,,15,0.8493374107592426,0.03465818070373886,0.69,ok,,1
credit_approval_australia,classification,690,15,False,A11 A21 A38 A41 A51 A62,A54,EN1,AdaBoost,True,,15,0.8530311946396447,0.010839318244869103,0.71,ok,,2
credit_approval_australia,classification,690,15,False,A11 A21 A38 A41 A51 A62,A54,EN2,Gradient Boosting (GBM),True,,7,0.853365737910952,0.02325418882348247,1.14,ok,,1
credit_approval_australia,classification,690,15,False,A11 A21 A38 A41 A51 A62,A54,EN2,Gradient Boosting (GBM),True,,7,0.8572866652955161,0.024694223258432763,1.14,ok,,2
credit_approval_australia,classification,690,15,False,A11 A21 A38 A41 A51 A62,A54,EN6,Stacking,True,,6,0.8542770138653687,0.029723413660937194,0.83,ok,,1
credit_approval_australia,classification,690,15,False,A11 A21 A38 A41 A51 A62,A54,EN6,Stacking,True,,6,0.8670759484885956,0.015997326688371897,0.77,ok,,2
credit_approval_australia,classification,690,15,False,A11 A21 A38 A41 A51 A62,A54,EN7,Voting Ensemble,True,,8,0.865756905845692,0.018140505101635302,0.29,ok,,1
credit_approval_australia,classification,690,15,False,A11 A21 A38 A41 A51 A62,A54,EN7,Voting Ensemble,True,,8,0.8650556852204545,0.017851410066614976,0.27,ok,,2
credit_approval_australia,classification,690,15,False,A11 A21 A38 A41 A51 A62,A54,SV1,SVM (linear),True,,12,0.8575825500726,0.03190126308479847,0.15,ok,,1
credit_approval_australia,classification,690,15,False,A11 A21 A38 A41 A51 A62,A54,SV1,SVM (linear),True,,12,0.860253176087182,0.025888900441974286,0.15,ok,,2
credit_approval_australia,classification,690,15,False,A11 A21 A38 A41 A51 A62,A54,SV2,Kernel SVM (RBF/Poly),True,,9,0.853596541230486,0.027020648195841653,0.21,ok,,1
credit_approval_australia,classification,690,15,False,A11 A21 A38 A41 A51 A62,A54,SV2,Kernel SVM (RBF/Poly),True,,9,0.8581910192287603,0.015324433060852134,0.21,ok,,2
credit_approval_australia,classification,690,15,False,A11 A21 A38 A41 A51 A62,A54,PR1,Naive Bayes,True,,16,0.8205396429393756,0.03310079305181808,0.14,ok,,1
credit_approval_australia,classification,690,15,False,A11 A21 A38 A41 A51 A62,A54,PR1,Naive Bayes,True,,16,0.8230951338733353,0.030796051403565075,0.14,ok,,2
credit_approval_australia,classification,690,15,False,A11 A21 A38 A41 A51 A62,A54,IB1,k-Nearest Neighbors,True,,14,0.8288548970859917,0.03368673074270906,0.15,ok,,1
credit_approval_australia,classification,690,15,False,A11 A21 A38 A41 A51 A62,A54,IB1,k-Nearest Neighbors,True,,14,0.8247564551010236,0.02922024011687795,0.14,ok,,2
credit_approval_australia,classification,690,15,False,A11 A21 A38 A41 A51 A62,A54,DR4,LDA (Linear Discriminant Analysis),True,,11,0.8637171145256536,0.028255891106097893,0.16,ok,,1
credit_approval_australia,classification,690,15,False,A11 A21 A38 A41 A51 A62,A54,DR4,LDA (Linear Discriminant Analysis),True,,11,0.8657097077822675,0.018296870286452976,0.16,ok,,2
credit_approval_australia,classification,690,15,False,A11 A21 A38 A41 A51 A62,A54,NN1,Perceptron,True,,17,0.8121687776722706,0.0504493405231243,0.16,ok,,1
credit_approval_australia,classification,690,15,False,A11 A21 A38 A41 A51 A62,A54,NN1,Perceptron,True,,17,0.8330720978206296,0.04802947422347836,0.15,ok,,2
credit_approval_australia,classification,690,15,False,A11 A21 A38 A41 A51 A62,A54,NN2,MLP (Feedforward),True,,5,0.8458393140439677,0.01976486914412498,7.85,ok,,1
credit_approval_australia,classification,690,15,False,A11 A21 A38 A41 A51 A62,A54,NN2,MLP (Feedforward),True,,5,0.8270506442540174,0.019595265580879487,7.92,ok,,2
credit_approval_australia,classification,690,15,False,A11 A21 A38 A41 A51 A62,A54,EN3,XGBoost,True,,4,0.8537234690495289,0.021578400387200367,0.39,ok,,1
credit_approval_australia,classification,690,15,False,A11 A21 A38 A41 A51 A62,A54,EN3,XGBoost,True,,4,0.8542880023480652,0.01510407951682502,0.4,ok,,2
credit_approval_australia,classification,690,15,False,A11 A21 A38 A41 A51 A62,A54,EN4,LightGBM,True,,2,0.8566505261278285,0.019122150461346438,0.4,ok,,1
credit_approval_australia,classification,690,15,False,A11 A21 A38 A41 A51 A62,A54,EN4,LightGBM,True,,2,0.8542896198960939,0.0178446437179935,0.53,ok,,2
credit_approval_australia,classification,690,15,False,A11 A21 A38 A41 A51 A62,A54,BASE-HGB,Histogram Gradient Boosting (baseline),False,,,0.8608905261567458,0.01621083396451298,1.21,ok,,1
credit_approval_australia,classification,690,15,False,A11 A21 A38 A41 A51 A62,A54,BASE-HGB,Histogram Gradient Boosting (baseline),False,,,0.8601827991930694,0.02439718915157075,1.13,ok,,2
tic_tac_toe,classification,958,9,False,A11 A21 A32 A41 A51 A61,A53,LM2,Logistic Regression,False,needs A31 data (yours is A32),,0.9758480325644505,0.012161437469946629,0.14,ok,,1
tic_tac_toe,classification,958,9,False,A11 A21 A32 A41 A51 A61,A53,LM2,Logistic Regression,False,needs A31 data (yours is A32),,0.9759384893713253,0.011037352239751524,0.13,ok,,2
tic_tac_toe,classification,958,9,False,A11 A21 A32 A41 A51 A61,A53,TR1,Decision Tree,True,,12,0.9307799875083458,0.008660055089059272,0.13,ok,,1
tic_tac_toe,classification,958,9,False,A11 A21 A32 A41 A51 A61,A53,TR1,Decision Tree,True,,12,0.9373108052809546,0.01744426299067117,0.14,ok,,2
tic_tac_toe,classification,958,9,False,A11 A21 A32 A41 A51 A61,A53,TR2,Random Forest,True,,3,0.983423790140208,0.012020378912463757,2.61,ok,,1
tic_tac_toe,classification,958,9,False,A11 A21 A32 A41 A51 A61,A53,TR2,Random Forest,True,,3,0.9826753677499946,0.013000249470335894,2.5,ok,,2
tic_tac_toe,classification,958,9,False,A11 A21 A32 A41 A51 A61,A53,TR3,Extra Trees,True,,1,0.9894617819990954,0.010196823549430776,2.25,ok,,1
tic_tac_toe,classification,958,9,False,A11 A21 A32 A41 A51 A61,A53,TR3,Extra Trees,True,,1,0.9864767073722298,0.008758033927560253,2.21,ok,,2
tic_tac_toe,classification,958,9,False,A11 A21 A32 A41 A51 A61,A53,EN1,AdaBoost,True,,13,0.7672870711378172,0.02892419177226975,0.69,ok,,1
tic_tac_toe,classification,958,9,False,A11 A21 A32 A41 A51 A61,A53,EN1,AdaBoost,True,,13,0.7580160582369538,0.03191856132165602,0.65,ok,,2
tic_tac_toe,classification,958,9,False,A11 A21 A32 A41 A51 A61,A53,EN2,Gradient Boosting (GBM),True,,7,0.9689315414270638,0.01517289000334773,0.95,ok,,1
tic_tac_toe,classification,958,9,False,A11 A21 A32 A41 A51 A61,A53,EN2,Gradient Boosting (GBM),True,,7,0.9721308005427408,0.016754111355913155,0.93,ok,,2
tic_tac_toe,classification,958,9,False,A11 A21 A32 A41 A51 A61,A53,EN6,Stacking,True,,6,0.9772846848011028,0.013287907043609416,0.76,ok,,1
tic_tac_toe,classification,958,9,False,A11 A21 A32 A41 A51 A61,A53,EN6,Stacking,True,,6,0.9811538670284939,0.006710599257320557,0.75,ok,,2
tic_tac_toe,classification,958,9,False,A11 A21 A32 A41 A51 A61,A53,EN7,Voting Ensemble,True,,8,0.9689541556287825,0.013760226006562374,0.25,ok,,1
tic_tac_toe,classification,958,9,False,A11 A21 A32 A41 A51 A61,A53,EN7,Voting Ensemble,True,,8,0.9691004975124379,0.011279925133324813,0.26,ok,,2
tic_tac_toe,classification,958,9,False,A11 A21 A32 A41 A51 A61,A53,SV1,SVM (linear),True,,11,0.9758480325644505,0.012161437469946629,0.12,ok,,1
tic_tac_toe,classification,958,9,False,A11 A21 A32 A41 A51 A61,A53,SV1,SVM (linear),True,,11,0.9759384893713253,0.011037352239751524,0.12,ok,,2
tic_tac_toe,classification,958,9,False,A11 A21 A32 A41 A51 A61,A53,SV2,Kernel SVM (RBF/Poly),True,,9,0.9787708729081863,0.01304572646648875,0.3,ok,,1
tic_tac_toe,classification,958,9,False,A11 A21 A32 A41 A51 A61,A53,SV2,Kernel SVM (RBF/Poly),True,,9,0.9804387155133423,0.013152836535954454,0.28,ok,,2
tic_tac_toe,classification,958,9,False,A11 A21 A32 A41 A51 A61,A53,PR1,Naive Bayes,False,needs A31 data (yours is A32),,0.6201748314703539,0.03973617575868488,0.13,ok,,1
tic_tac_toe,classification,958,9,False,A11 A21 A32 A41 A51 A61,A53,PR1,Naive Bayes,False,needs A31 data (yours is A32),,0.6310926234627726,0.04374069508487923,0.14,ok,,2
tic_tac_toe,classification,958,9,False,A11 A21 A32 A41 A51 A61,A53,IB1,k-Nearest Neighbors,False,needs A31 data (yours is A32),,0.9045518899011438,0.03218414762855702,0.14,ok,,1
tic_tac_toe,classification,958,9,False,A11 A21 A32 A41 A51 A61,A53,IB1,k-Nearest Neighbors,False,needs A31 data (yours is A32),,0.9029402252805239,0.00769118189702643,0.18,ok,,2
tic_tac_toe,classification,958,9,False,A11 A21 A32 A41 A51 A61,A53,DR4,LDA (Linear Discriminant Analysis),True,,10,0.9758480325644505,0.012161437469946629,0.13,ok,,1
tic_tac_toe,classification,958,9,False,A11 A21 A32 A41 A51 A61,A53,DR4,LDA (Linear Discriminant Analysis),True,,10,0.9759384893713253,0.011037352239751524,0.13,ok,,2
tic_tac_toe,classification,958,9,False,A11 A21 A32 A41 A51 A61,A53,NN1,Perceptron,False,needs A31 data (yours is A32),,0.9649589799918159,0.010610270122487065,0.14,ok,,1
tic_tac_toe,classification,958,9,False,A11 A21 A32 A41 A51 A61,A53,NN1,Perceptron,False,needs A31 data (yours is A32),,0.9646790377118736,0.012686362591796846,0.13,ok,,2
tic_tac_toe,classification,958,9,False,A11 A21 A32 A41 A51 A61,A53,NN2,MLP (Feedforward),True,,5,0.9771609571191661,0.014374733200985604,4.96,ok,,1
tic_tac_toe,classification,958,9,False,A11 A21 A32 A41 A51 A61,A53,NN2,MLP (Feedforward),True,,5,0.97652991320454,0.011904368477733435,5.08,ok,,2
tic_tac_toe,classification,958,9,False,A11 A21 A32 A41 A51 A61,A53,EN3,XGBoost,True,,4,0.9789461781999096,0.009891328781602034,0.28,ok,,1
tic_tac_toe,classification,958,9,False,A11 A21 A32 A41 A51 A61,A53,EN3,XGBoost,True,,4,0.981823790140208,0.010538086397463833,0.27,ok,,2
tic_tac_toe,classification,958,9,False,A11 A21 A32 A41 A51 A61,A53,EN4,LightGBM,True,,2,0.9871755938920119,0.005564434645960254,0.39,ok,,1
tic_tac_toe,classification,958,9,False,A11 A21 A32 A41 A51 A61,A53,EN4,LightGBM,True,,2,0.9871692446856626,0.011628144713038906,0.32,ok,,2
tic_tac_toe,classification,958,9,False,A11 A21 A32 A41 A51 A61,A53,BASE-HGB,Histogram Gradient Boosting (baseline),False,,,0.9834464043419266,0.008719409812523088,1.01,ok,,1
tic_tac_toe,classification,958,9,False,A11 A21 A32 A41 A51 A61,A53,BASE-HGB,Histogram Gradient Boosting (baseline),False,,,0.9825615558570782,0.01294373103867928,1.12,ok,,2
parity5+5,classification,1124,10,False,A11 A21 A32 A41 A51 A61,A53,LM2,Logistic Regression,False,needs A31 data (yours is A32),,0.43174891531028,0.02523715798901526,0.15,ok,,1
parity5+5,classification,1124,10,False,A11 A21 A32 A41 A51 A61,A53,LM2,Logistic Regression,False,needs A31 data (yours is A32),,0.4508497423000217,0.004807809598722415,0.14,ok,,2
parity5+5,classification,1124,10,False,A11 A21 A32 A41 A51 A61,A53,TR1,Decision Tree,True,,12,0.6582365160089891,0.06810884949617396,0.16,ok,,1
parity5+5,classification,1124,10,False,A11 A21 A32 A41 A51 A61,A53,TR1,Decision Tree,True,,12,0.7552593926516843,0.12530884677225554,0.16,ok,,2
parity5+5,classification,1124,10,False,A11 A21 A32 A41 A51 A61,A53,TR2,Random Forest,True,,3,0.6102957030821493,0.04509104443883728,2.66,ok,,1
parity5+5,classification,1124,10,False,A11 A21 A32 A41 A51 A61,A53,TR2,Random Forest,True,,3,0.680862209937664,0.038287100155219224,2.69,ok,,2
parity5+5,classification,1124,10,False,A11 A21 A32 A41 A51 A61,A53,TR3,Extra Trees,True,,1,0.517675886679147,0.007559435972154,2.52,ok,,1
parity5+5,classification,1124,10,False,A11 A21 A32 A41 A51 A61,A53,TR3,Extra Trees,True,,1,0.7118998314969438,0.21239411238288203,2.31,ok,,2
parity5+5,classification,1124,10,False,A11 A21 A32 A41 A51 A61,A53,EN1,AdaBoost,True,,13,0.43086395955806756,0.024539315189683074,0.65,ok,,1
parity5+5,classification,1124,10,False,A11 A21 A32 A41 A51 A61,A53,EN1,AdaBoost,True,,13,0.4499489837665198,0.00857987917600805,0.64,ok,,2
parity5+5,classification,1124,10,False,A11 A21 A32 A41 A51 A61,A53,EN2,Gradient Boosting (GBM),True,,7,0.3173515138000466,0.017128145264211306,0.94,ok,,1
parity5+5,classification,1124,10,False,A11 A21 A32 A41 A51 A61,A53,EN2,Gradient Boosting (GBM),True,,7,0.3414448507659965,0.012127604136635576,0.95,ok,,2
parity5+5,classification,1124,10,False,A11 A21 A32 A41 A51 A61,A53,EN6,Stacking,True,,6,0.5950310855469216,0.11906657808385514,0.53,ok,,1
parity5+5,classification,1124,10,False,A11 A21 A32 A41 A51 A61,A53,EN6,Stacking,True,,6,0.5306623748140982,0.07442102033032807,0.58,ok,,2
parity5+5,classification,1124,10,False,A11 A21 A32 A41 A51 A61,A53,EN7,Voting Ensemble,True,,8,0.4407400010130564,0.035793206428390144,0.22,ok,,1
parity5+5,classification,1124,10,False,A11 A21 A32 A41 A51 A61,A53,EN7,Voting Ensemble,True,,8,0.5023773744634248,0.04565262911386085,0.22,ok,,2
parity5+5,classification,1124,10,False,A11 A21 A32 A41 A51 A61,A53,SV1,SVM (linear),True,,11,0.43086395955806756,0.024539315189683074,0.14,ok,,1
parity5+5,classification,1124,10,False,A11 A21 A32 A41 A51 A61,A53,SV1,SVM (linear),True,,11,0.4499489837665198,0.00857987917600805,0.14,ok,,2
parity5+5,classification,1124,10,False,A11 A21 A32 A41 A51 A61,A53,SV2,Kernel SVM (RBF/Poly),True,,9,0.3125712736157543,0.01752922108749196,0.35,ok,,1
parity5+5,classification,1124,10,False,A11 A21 A32 A41 A51 A61,A53,SV2,Kernel SVM (RBF/Poly),True,,9,0.33442843460600796,0.013504081796665228,0.35,ok,,2
parity5+5,classification,1124,10,False,A11 A21 A32 A41 A51 A61,A53,PR1,Naive Bayes,False,needs A31 data (yours is A32),,0.42565709298359505,0.02437594418944383,0.14,ok,,1
parity5+5,classification,1124,10,False,A11 A21 A32 A41 A51 A61,A53,PR1,Naive Bayes,False,needs A31 data (yours is A32),,0.4484013152649622,0.011400192092452598,0.14,ok,,2
parity5+5,classification,1124,10,False,A11 A21 A32 A41 A51 A61,A53,IB1,k-Nearest Neighbors,False,needs A31 data (yours is A32),,0.5309106972765566,0.02352436992526705,0.15,ok,,1
parity5+5,classification,1124,10,False,A11 A21 A32 A41 A51 A61,A53,IB1,k-Nearest Neighbors,False,needs A31 data (yours is A32),,0.5272544664399579,0.02641795597123497,0.13,ok,,2
parity5+5,classification,1124,10,False,A11 A21 A32 A41 A51 A61,A53,DR4,LDA (Linear Discriminant Analysis),True,,10,0.43086395955806756,0.024539315189683074,0.13,ok,,1
parity5+5,classification,1124,10,False,A11 A21 A32 A41 A51 A61,A53,DR4,LDA (Linear Discriminant Analysis),True,,10,0.4499489837665198,0.00857987917600805,0.13,ok,,2
parity5+5,classification,1124,10,False,A11 A21 A32 A41 A51 A61,A53,NN1,Perceptron,False,needs A31 data (yours is A32),,0.4897774400423446,0.023450028425395935,0.13,ok,,1
parity5+5,classification,1124,10,False,A11 A21 A32 A41 A51 A61,A53,NN1,Perceptron,False,needs A31 data (yours is A32),,0.5025844440987663,0.011281487914307524,0.13,ok,,2
parity5+5,classification,1124,10,False,A11 A21 A32 A41 A51 A61,A53,NN2,MLP (Feedforward),True,,5,1.0,0.0,10.16,ok,,1
parity5+5,classification,1124,10,False,A11 A21 A32 A41 A51 A61,A53,NN2,MLP (Feedforward),True,,5,1.0,0.0,10.18,ok,,2
parity5+5,classification,1124,10,False,A11 A21 A32 A41 A51 A61,A53,EN3,XGBoost,True,,4,0.9946424300406601,0.005234321418398594,0.34,ok,,1
parity5+5,classification,1124,10,False,A11 A21 A32 A41 A51 A61,A53,EN3,XGBoost,True,,4,1.0,0.0,0.33,ok,,2
parity5+5,classification,1124,10,False,A11 A21 A32 A41 A51 A61,A53,EN4,LightGBM,True,,2,0.9455378198246154,0.0684019513957366,0.45,ok,,1
parity5+5,classification,1124,10,False,A11 A21 A32 A41 A51 A61,A53,EN4,LightGBM,True,,2,0.9475580844001896,0.10488383119962065,0.33,ok,,2
parity5+5,classification,1124,10,False,A11 A21 A32 A41 A51 A61,A53,BASE-HGB,Histogram Gradient Boosting (baseline),False,,,0.9419979968157659,0.06917379688769996,1.02,ok,,1
parity5+5,classification,1124,10,False,A11 A21 A32 A41 A51 A61,A53,BASE-HGB,Histogram Gradient Boosting (baseline),False,,,1.0,0.0,1.04,ok,,2
yeast,classification,1479,8,False,A11 A21 A31 A41 A51 A61,A53,LM2,Logistic Regression,True,,10,0.5003804283702287,0.03351022683195157,0.19,ok,,1
yeast,classification,1479,8,False,A11 A21 A31 A41 A51 A61,A53,LM2,Logistic Regression,True,,10,0.5143272344545645,0.04773191232281852,0.19,ok,,2
yeast,classification,1479,8,False,A11 A21 A31 A41 A51 A61,A53,TR1,Decision Tree,True,,13,0.4209790379086538,0.040444267333963044,0.09,ok,,1
yeast,classification,1479,8,False,A11 A21 A31 A41 A51 A61,A53,TR1,Decision Tree,True,,13,0.43591769339889386,0.03221970552169713,0.09,ok,,2
yeast,classification,1479,8,False,A11 A21 A31 A41 A51 A61,A53,TR2,Random Forest,True,,3,0.5249416317984996,0.0422575262450654,3.03,ok,,1
yeast,classification,1479,8,False,A11 A21 A31 A41 A51 A61,A53,TR2,Random Forest,True,,3,0.5371057767495687,0.02279654560429471,3.07,ok,,2
yeast,classification,1479,8,False,A11 A21 A31 A41 A51 A61,A53,TR3,Extra Trees,True,,1,0.520302148322442,0.04145570782889456,2.58,ok,,1
yeast,classification,1479,8,False,A11 A21 A31 A41 A51 A61,A53,TR3,Extra Trees,True,,1,0.5169196084612574,0.03702063838087881,2.9,ok,,2
yeast,classification,1479,8,False,A11 A21 A31 A41 A51 A61,A53,EN1,AdaBoost,True,,15,0.35315415870823197,0.008274003914294841,0.62,ok,,1
yeast,classification,1479,8,False,A11 A21 A31 A41 A51 A61,A53,EN1,AdaBoost,True,,15,0.35944924914024856,0.02686740227751255,0.61,ok,,2
yeast,classification,1479,8,False,A11 A21 A31 A41 A51 A61,A53,EN2,Gradient Boosting (GBM),True,,7,0.5134984599056803,0.040175169186283534,8.56,ok,,1
yeast,classification,1479,8,False,A11 A21 A31 A41 A51 A61,A53,EN2,Gradient Boosting (GBM),True,,7,0.5103686195317978,0.028346040606879782,8.61,ok,,2
yeast,classification,1479,8,False,A11 A21 A31 A41 A51 A61,A53,EN6,Stacking,True,,6,0.5218770537721367,0.06477970034829772,1.25,ok,,1
yeast,classification,1479,8,False,A11 A21 A31 A41 A51 A61,A53,EN6,Stacking,True,,6,0.5147799853555327,0.05156663846354592,1.35,ok,,2
yeast,classification,1479,8,False,A11 A21 A31 A41 A51 A61,A53,EN7,Voting Ensemble,True,,8,0.5290335354757334,0.05935757832421732,0.32,ok,,1
yeast,classification,1479,8,False,A11 A21 A31 A41 A51 A61,A53,EN7,Voting Ensemble,True,,8,0.5246678675797268,0.05100556728182933,0.33,ok,,2
yeast,classification,1479,8,False,A11 A21 A31 A41 A51 A61,A53,SV1,SVM (linear),True,,12,0.48480560003314405,0.04134238843694207,0.1,ok,,1
yeast,classification,1479,8,False,A11 A21 A31 A41 A51 A61,A53,SV1,SVM (linear),True,,12,0.4820083369008484,0.03323186023287043,0.1,ok,,2
yeast,classification,1479,8,False,A11 A21 A31 A41 A51 A61,A53,SV2,Kernel SVM (RBF/Poly),True,,9,0.5261100445348185,0.05529254006396229,0.39,ok,,1
yeast,classification,1479,8,False,A11 A21 A31 A41 A51 A61,A53,SV2,Kernel SVM (RBF/Poly),True,,9,0.515666669914858,0.04319493152162375,0.4,ok,,2
yeast,classification,1479,8,False,A11 A21 A31 A41 A51 A61,A53,PR1,Naive Bayes,True,,16,0.35656451563729846,0.015474292863909535,0.06,ok,,1
yeast,classification,1479,8,False,A11 A21 A31 A41 A51 A61,A53,PR1,Naive Bayes,True,,16,0.3322414310646348,0.028207683163240335,0.07,ok,,2
yeast,classification,1479,8,False,A11 A21 A31 A41 A51 A61,A53,IB1,k-Nearest Neighbors,True,,14,0.5088022707244219,0.050401631401994336,0.11,ok,,1
yeast,classification,1479,8,False,A11 A21 A31 A41 A51 A61,A53,IB1,k-Nearest Neighbors,True,,14,0.4941625753028694,0.031045154357059877,0.11,ok,,2
yeast,classification,1479,8,False,A11 A21 A31 A41 A51 A61,A53,DR4,LDA (Linear Discriminant Analysis),True,,11,0.5328467063439962,0.03395000349802795,0.08,ok,,1
yeast,classification,1479,8,False,A11 A21 A31 A41 A51 A61,A53,DR4,LDA (Linear Discriminant Analysis),True,,11,0.5357199504094403,0.054502255926235824,0.09,ok,,2
yeast,classification,1479,8,False,A11 A21 A31 A41 A51 A61,A53,NN1,Perceptron,True,,17,0.3724142917129295,0.02684635972057739,0.13,ok,,1
yeast,classification,1479,8,False,A11 A21 A31 A41 A51 A61,A53,NN1,Perceptron,True,,17,0.3836176211216112,0.023021294348142943,0.11,ok,,2
yeast,classification,1479,8,False,A11 A21 A31 A41 A51 A61,A53,NN2,MLP (Feedforward),True,,5,0.5083866539782959,0.05108285107032123,13.72,ok,,1
yeast,classification,1479,8,False,A11 A21 A31 A41 A51 A61,A53,NN2,MLP (Feedforward),True,,5,0.5180701187587078,0.032639475212397705,13.68,ok,,2
yeast,classification,1479,8,False,A11 A21 A31 A41 A51 A61,A53,EN3,XGBoost,True,,4,0.5089794649314109,0.04627766814471684,1.23,ok,,1
yeast,classification,1479,8,False,A11 A21 A31 A41 A51 A61,A53,EN3,XGBoost,True,,4,0.49476064400693415,0.028027639975002624,1.23,ok,,2
yeast,classification,1479,8,False,A11 A21 A31 A41 A51 A61,A53,EN4,LightGBM,True,,2,0.4644779142855917,0.020690265126777733,3.01,ok,,1
yeast,classification,1479,8,False,A11 A21 A31 A41 A51 A61,A53,EN4,LightGBM,True,,2,0.4612421180982372,0.03357795259662475,3.01,ok,,2
yeast,classification,1479,8,False,A11 A21 A31 A41 A51 A61,A53,BASE-HGB,Histogram Gradient Boosting (baseline),False,,,0.48325976956266653,0.013438775467474486,7.67,ok,,1
yeast,classification,1479,8,False,A11 A21 A31 A41 A51 A61,A53,BASE-HGB,Histogram Gradient Boosting (baseline),False,,,0.47509829427917927,0.02564271523578612,7.25,ok,,2
mfeat_zernike,classification,2000,47,False,A11 A21 A31 A41 A51 A61,A54,LM2,Logistic Regression,True,,10,0.8240000000000001,0.014370107863199972,0.46,ok,,1
mfeat_zernike,classification,2000,47,False,A11 A21 A31 A41 A51 A61,A54,LM2,Logistic Regression,True,,10,0.8215,0.0076811457478686215,0.46,ok,,2
mfeat_zernike,classification,2000,47,False,A11 A21 A31 A41 A51 A61,A54,TR1,Decision Tree,True,,13,0.663,0.022271057451320114,0.53,ok,,1
mfeat_zernike,classification,2000,47,False,A11 A21 A31 A41 A51 A61,A54,TR1,Decision Tree,True,,13,0.655,0.013509256086106312,0.51,ok,,2
mfeat_zernike,classification,2000,47,False,A11 A21 A31 A41 A51 A61,A54,TR2,Random Forest,True,,3,0.7865,0.010198039027185616,5.16,ok,,1
mfeat_zernike,classification,2000,47,False,A11 A21 A31 A41 A51 A61,A54,TR2,Random Forest,True,,3,0.784,0.011575836902790206,5.46,ok,,2
mfeat_zernike,classification,2000,47,False,A11 A21 A31 A41 A51 A61,A54,TR3,Extra Trees,True,,1,0.786,0.007176350047203624,3.41,ok,,1
mfeat_zernike,classification,2000,47,False,A11 A21 A31 A41 A51 A61,A54,TR3,Extra Trees,True,,1,0.7879999999999999,0.0074833147735478755,3.6,ok,,2
mfeat_zernike,classification,2000,47,False,A11 A21 A31 A41 A51 A61,A54,EN1,AdaBoost,True,,15,0.5800000000000001,0.05587933428379399,3.06,ok,,1
mfeat_zernike,classification,2000,47,False,A11 A21 A31 A41 A51 A61,A54,EN1,AdaBoost,True,,15,0.5885,0.021248529360875807,3.02,ok,,2
mfeat_zernike,classification,2000,47,False,A11 A21 A31 A41 A51 A61,A54,EN6,Stacking,True,,6,0.876,0.013095800853708763,3.97,ok,,1
mfeat_zernike,classification,2000,47,False,A11 A21 A31 A41 A51 A61,A54,EN6,Stacking,True,,6,0.8779999999999999,0.01668831926827863,3.81,ok,,2
mfeat_zernike,classification,2000,47,False,A11 A21 A31 A41 A51 A61,A54,EN7,Voting Ensemble,True,,8,0.819,0.015378556499229682,0.86,ok,,1
mfeat_zernike,classification,2000,47,False,A11 A21 A31 A41 A51 A61,A54,EN7,Voting Ensemble,True,,8,0.818,0.006403124237432888,0.83,ok,,2
mfeat_zernike,classification,2000,47,False,A11 A21 A31 A41 A51 A61,A54,SV1,SVM (linear),True,,12,0.8295,0.005787918451395153,0.65,ok,,1
mfeat_zernike,classification,2000,47,False,A11 A21 A31 A41 A51 A61,A54,SV1,SVM (linear),True,,12,0.8305,0.009273618495495715,0.65,ok,,2
mfeat_zernike,classification,2000,47,False,A11 A21 A31 A41 A51 A61,A54,SV2,Kernel SVM (RBF/Poly),True,,9,0.8310000000000001,0.010074720839804948,0.9,ok,,1
mfeat_zernike,classification,2000,47,False,A11 A21 A31 A41 A51 A61,A54,SV2,Kernel SVM (RBF/Poly),True,,9,0.8399999999999999,0.0067082039324993835,0.9,ok,,2
mfeat_zernike,classification,2000,47,False,A11 A21 A31 A41 A51 A61,A54,PR1,Naive Bayes,True,,16,0.728,0.01336038921588737,0.11,ok,,1
mfeat_zernike,classification,2000,47,False,A11 A21 A31 A41 A51 A61,A54,PR1,Naive Bayes,True,,16,0.7304999999999999,0.019131126469709027,0.13,ok,,2
mfeat_zernike,classification,2000,47,False,A11 A21 A31 A41 A51 A61,A54,IB1,k-Nearest Neighbors,True,,14,0.8029999999999999,0.014949916387726084,0.15,ok,,1
mfeat_zernike,classification,2000,47,False,A11 A21 A31 A41 A51 A61,A54,IB1,k-Nearest Neighbors,True,,14,0.8020000000000002,0.017776388834631233,0.13,ok,,2
mfeat_zernike,classification,2000,47,False,A11 A21 A31 A41 A51 A61,A54,DR4,LDA (Linear Discriminant Analysis),True,,11,0.8160000000000001,0.010319883720275138,0.15,ok,,1
mfeat_zernike,classification,2000,47,False,A11 A21 A31 A41 A51 A61,A54,DR4,LDA (Linear Discriminant Analysis),True,,11,0.8160000000000001,0.005147815070493537,0.15,ok,,2
mfeat_zernike,classification,2000,47,False,A11 A21 A31 A41 A51 A61,A54,NN1,Perceptron,True,,17,0.7935,0.013285330255586366,0.24,ok,,1
mfeat_zernike,classification,2000,47,False,A11 A21 A31 A41 A51 A61,A54,NN1,Perceptron,True,,17,0.787,0.014949916387726062,0.24,ok,,2
mfeat_zernike,classification,2000,47,False,A11 A21 A31 A41 A51 A61,A54,NN2,MLP (Feedforward),True,,5,0.8105,0.010416333327999797,14.06,ok,,1
mfeat_zernike,classification,2000,47,False,A11 A21 A31 A41 A51 A61,A54,NN2,MLP (Feedforward),True,,5,0.8119999999999999,0.002915475947422718,15.32,ok,,2
mfeat_zernike,classification,2000,47,False,A11 A21 A31 A41 A51 A61,A54,EN3,XGBoost,True,,4,0.7875,0.008215838362577492,11.19,ok,,1
mfeat_zernike,classification,2000,47,False,A11 A21 A31 A41 A51 A61,A54,EN3,XGBoost,True,,4,0.7795,0.015280706789936106,11.43,ok,,2
mfeat_zernike,classification,2000,47,False,A11 A21 A31 A41 A51 A61,A54,BASE-HGB,Histogram Gradient Boosting (baseline),False,,,0.792,0.01345362404707367,22.22,ok,,1
mfeat_zernike,classification,2000,47,False,A11 A21 A31 A41 A51 A61,A54,BASE-HGB,Histogram Gradient Boosting (baseline),False,,,0.7895,0.013171939872319492,22.69,ok,,2
splice,classification,3188,60,False,A11 A21 A32 A41 A51 A61,A53,LM2,Logistic Regression,False,needs A31 data (yours is A32),,0.945844319697359,0.007785692814151355,1.97,ok,,1
splice,classification,3188,60,False,A11 A21 A32 A41 A51 A61,A53,LM2,Logistic Regression,False,needs A31 data (yours is A32),,0.9476944948882412,0.007084727217240483,1.67,ok,,2
splice,classification,3188,60,False,A11 A21 A32 A41 A51 A61,A53,TR1,Decision Tree,True,,12,0.9177160243983268,0.008891049166840975,1.36,ok,,1
splice,classification,3188,60,False,A11 A21 A32 A41 A51 A61,A53,TR1,Decision Tree,True,,12,0.9260194250536866,0.00949605526136683,1.37,ok,,2
splice,classification,3188,60,False,A11 A21 A32 A41 A51 A61,A53,TR2,Random Forest,True,,3,0.9620974516071465,0.009206438352067744,6.24,ok,,1
splice,classification,3188,60,False,A11 A21 A32 A41 A51 A61,A53,TR2,Random Forest,True,,3,0.9666948033479701,0.007783302508219992,6.24,ok,,2
splice,classification,3188,60,False,A11 A21 A32 A41 A51 A61,A53,TR3,Extra Trees,True,,1,0.9633200578946186,0.008654521760698348,7.11,ok,,1
splice,classification,3188,60,False,A11 A21 A32 A41 A51 A61,A53,TR3,Extra Trees,True,,1,0.9659101268014589,0.008104977550912051,7.16,ok,,2
splice,classification,3188,60,False,A11 A21 A32 A41 A51 A61,A53,EN1,AdaBoost,True,,13,0.9479254207163816,0.006845535828095353,3.79,ok,,1
splice,classification,3188,60,False,A11 A21 A32 A41 A51 A61,A53,EN1,AdaBoost,True,,13,0.9360515607969144,0.005122769950385435,3.82,ok,,2
splice,classification,3188,60,False,A11 A21 A32 A41 A51 A61,A53,EN2,Gradient Boosting (GBM),True,,7,0.963317892755847,0.009677903901744531,28.6,ok,,1
splice,classification,3188,60,False,A11 A21 A32 A41 A51 A61,A53,EN2,Gradient Boosting (GBM),True,,7,0.9614479091883616,0.010126537389581277,29.07,ok,,2
splice,classification,3188,60,False,A11 A21 A32 A41 A51 A61,A53,EN6,Stacking,True,,6,0.9598773643129801,0.009170240743639336,12.31,ok,,1
splice,classification,3188,60,False,A11 A21 A32 A41 A51 A61,A53,EN6,Stacking,True,,6,0.959455855996735,0.010058919876373102,7.12,ok,,2
splice,classification,3188,60,False,A11 A21 A32 A41 A51 A61,A53,EN7,Voting Ensemble,True,,8,0.9596624716467484,0.008246000812830013,2.46,ok,,1
splice,classification,3188,60,False,A11 A21 A32 A41 A51 A61,A53,EN7,Voting Ensemble,True,,8,0.960059595326588,0.0033470095718716284,2.17,ok,,2
splice,classification,3188,60,False,A11 A21 A32 A41 A51 A61,A53,SV1,SVM (linear),True,,11,0.9391726706470938,0.005979218989973655,1.44,ok,,1
splice,classification,3188,60,False,A11 A21 A32 A41 A51 A61,A53,SV1,SVM (linear),True,,11,0.9393497703380506,0.006765676489731895,1.47,ok,,2
splice,classification,3188,60,False,A11 A21 A32 A41 A51 A61,A53,SV2,Kernel SVM (RBF/Poly),True,,9,0.9634290605407309,0.00614777898947768,5.64,ok,,1
splice,classification,3188,60,False,A11 A21 A32 A41 A51 A61,A53,SV2,Kernel SVM (RBF/Poly),True,,9,0.9633990915334157,0.010083262665138499,5.53,ok,,2
splice,classification,3188,60,False,A11 A21 A32 A41 A51 A61,A53,PR1,Naive Bayes,False,needs A31 data (yours is A32),,0.7001544015008233,0.1091509986907206,1.19,ok,,1
splice,classification,3188,60,False,A11 A21 A32 A41 A51 A61,A53,PR1,Naive Bayes,False,needs A31 data (yours is A32),,0.6988528335583886,0.1073301136420291,1.21,ok,,2
splice,classification,3188,60,False,A11 A21 A32 A41 A51 A61,A53,IB1,k-Nearest Neighbors,False,needs A31 data (yours is A32),,0.8348813432194312,0.004639741803487091,1.44,ok,,1
splice,classification,3188,60,False,A11 A21 A32 A41 A51 A61,A53,IB1,k-Nearest Neighbors,False,needs A31 data (yours is A32),,0.8339748107507875,0.010248266353003152,1.38,ok,,2
splice,classification,3188,60,False,A11 A21 A32 A41 A51 A61,A53,DR4,LDA (Linear Discriminant Analysis),True,,10,0.95013317976662,0.0076672163069128624,1.77,ok,,1
splice,classification,3188,60,False,A11 A21 A32 A41 A51 A61,A53,DR4,LDA (Linear Discriminant Analysis),True,,10,0.9520475027892275,0.006472778085901275,1.74,ok,,2
splice,classification,3188,60,False,A11 A21 A32 A41 A51 A61,A53,NN1,Perceptron,False,needs A31 data (yours is A32),,0.9358177310959013,0.005581381424240898,1.48,ok,,1
splice,classification,3188,60,False,A11 A21 A32 A41 A51 A61,A53,NN1,Perceptron,False,needs A31 data (yours is A32),,0.9392851046726161,0.007701374908028836,1.51,ok,,2
splice,classification,3188,60,False,A11 A21 A32 A41 A51 A61,A53,NN2,MLP (Feedforward),True,,5,0.9519144568675495,0.008217236226679274,14.21,ok,,1
splice,classification,3188,60,False,A11 A21 A32 A41 A51 A61,A53,NN2,MLP (Feedforward),True,,5,0.9545930582425208,0.011012795899708407,14.62,ok,,2
splice,classification,3188,60,False,A11 A21 A32 A41 A51 A61,A53,EN3,XGBoost,True,,4,0.964052015955199,0.008161629783735927,3.75,ok,,1
splice,classification,3188,60,False,A11 A21 A32 A41 A51 A61,A53,EN3,XGBoost,True,,4,0.9660979794151157,0.007535514549886159,4.01,ok,,2
splice,classification,3188,60,False,A11 A21 A32 A41 A51 A61,A53,BASE-HGB,Histogram Gradient Boosting (baseline),False,,,0.964115043988399,0.006886281923195669,33.33,ok,,1
splice,classification,3188,60,False,A11 A21 A32 A41 A51 A61,A53,BASE-HGB,Histogram Gradient Boosting (baseline),False,,,0.963050699897248,0.00823433241590253,31.81,ok,,2
allhypo,classification,3770,29,False,A11 A21 A38 A41 A52 A61,A53,LM2,Logistic Regression,True,,10,0.5341112751980431,0.05764388993359897,1.28,ok,,1
allhypo,classification,3770,29,False,A11 A21 A38 A41 A52 A61,A53,LM2,Logistic Regression,True,,10,0.5286511417684164,0.02549973160070268,1.23,ok,,2
allhypo,classification,3770,29,False,A11 A21 A38 A41 A52 A61,A53,TR1,Decision Tree,True,,13,0.8411603039193543,0.030597860508776973,0.64,ok,,1
allhypo,classification,3770,29,False,A11 A21 A38 A41 A52 A61,A53,TR1,Decision Tree,True,,13,0.8333573126588696,0.06644092936572121,0.63,ok,,2
allhypo,classification,3770,29,False,A11 A21 A38 A41 A52 A61,A53,TR2,Random Forest,True,,3,0.6761904186451183,0.02422846839398205,4.48,ok,,1
allhypo,classification,3770,29,False,A11 A21 A38 A41 A52 A61,A53,TR2,Random Forest,True,,3,0.6883753349588911,0.05353918186891829,4.39,ok,,2
allhypo,classification,3770,29,False,A11 A21 A38 A41 A52 A61,A53,TR3,Extra Trees,True,,1,0.5755429134285759,0.05936780994364016,4.36,ok,,1
allhypo,classification,3770,29,False,A11 A21 A38 A41 A52 A61,A53,TR3,Extra Trees,True,,1,0.56145189472113,0.045915543038424,4.36,ok,,2
allhypo,classification,3770,29,False,A11 A21 A38 A41 A52 A61,A53,EN1,AdaBoost,True,,15,0.6241653515565303,0.056398942920096264,1.62,ok,,1
allhypo,classification,3770,29,False,A11 A21 A38 A41 A52 A61,A53,EN1,AdaBoost,True,,15,0.6064022501341372,0.040709519245840965,1.8,ok,,2
allhypo,classification,3770,29,False,A11 A21 A38 A41 A52 A61,A53,EN2,Gradient Boosting (GBM),True,,7,0.8887177582142,0.030126456062729366,9.12,ok,,1
allhypo,classification,3770,29,False,A11 A21 A38 A41 A52 A61,A53,EN2,Gradient Boosting (GBM),True,,7,0.8971519428077478,0.04371665162149379,9.05,ok,,2
allhypo,classification,3770,29,False,A11 A21 A38 A41 A52 A61,A53,EN6,Stacking,True,,6,0.7617418281848026,0.03320211464735447,4.89,ok,,1
allhypo,classification,3770,29,False,A11 A21 A38 A41 A52 A61,A53,EN6,Stacking,True,,6,0.7510361250745239,0.03896214596671004,4.91,ok,,2
allhypo,classification,3770,29,False,A11 A21 A38 A41 A52 A61,A53,EN7,Voting Ensemble,True,,8,0.5659670839344161,0.046731192640549854,1.47,ok,,1
allhypo,classification,3770,29,False,A11 A21 A38 A41 A52 A61,A53,EN7,Voting Ensemble,True,,8,0.5536416727751382,0.030810527796116732,1.92,ok,,2
allhypo,classification,3770,29,False,A11 A21 A38 A41 A52 A61,A53,SV1,SVM (linear),True,,12,0.4917822296678921,0.038536074516767424,0.75,ok,,1
allhypo,classification,3770,29,False,A11 A21 A38 A41 A52 A61,A53,SV1,SVM (linear),True,,12,0.49168117699892455,0.02422401023277095,0.74,ok,,2
allhypo,classification,3770,29,False,A11 A21 A38 A41 A52 A61,A53,SV2,Kernel SVM (RBF/Poly),True,,9,0.3333333333333333,0.0,1.45,ok,,1
allhypo,classification,3770,29,False,A11 A21 A38 A41 A52 A61,A53,SV2,Kernel SVM (RBF/Poly),True,,9,0.3333333333333333,0.0,1.57,ok,,2
allhypo,classification,3770,29,False,A11 A21 A38 A41 A52 A61,A53,PR1,Naive Bayes,True,,16,0.4059153483684856,0.019175892220044354,0.68,ok,,1
allhypo,classification,3770,29,False,A11 A21 A38 A41 A52 A61,A53,PR1,Naive Bayes,True,,16,0.4107289385587354,0.016704403833866375,0.59,ok,,2
allhypo,classification,3770,29,False,A11 A21 A38 A41 A52 A61,A53,IB1,k-Nearest Neighbors,True,,14,0.42427021819511535,0.021466905343959394,0.68,ok,,1
allhypo,classification,3770,29,False,A11 A21 A38 A41 A52 A61,A53,IB1,k-Nearest Neighbors,True,,14,0.42637398325022496,0.032077196446431505,0.73,ok,,2
allhypo,classification,3770,29,False,A11 A21 A38 A41 A52 A61,A53,DR4,LDA (Linear Discriminant Analysis),True,,11,0.5403968479062804,0.03832796016345934,0.66,ok,,1
allhypo,classification,3770,29,False,A11 A21 A38 A41 A52 A61,A53,DR4,LDA (Linear Discriminant Analysis),True,,11,0.5471833787081659,0.02298980113445284,0.68,ok,,2
allhypo,classification,3770,29,False,A11 A21 A38 A41 A52 A61,A53,NN1,Perceptron,True,,17,0.5077667643910837,0.1278883063996499,0.68,ok,,1
allhypo,classification,3770,29,False,A11 A21 A38 A41 A52 A61,A53,NN1,Perceptron,True,,17,0.4805097072453671,0.0346819265129947,0.76,ok,,2
allhypo,classification,3770,29,False,A11 A21 A38 A41 A52 A61,A53,NN2,MLP (Feedforward),True,,5,0.6541590651553755,0.05385659773859763,22.04,ok,,1
allhypo,classification,3770,29,False,A11 A21 A38 A41 A52 A61,A53,NN2,MLP (Feedforward),True,,5,0.6818421079337711,0.054798800304074045,19.51,ok,,2
allhypo,classification,3770,29,False,A11 A21 A38 A41 A52 A61,A53,EN3,XGBoost,True,,4,0.8707457725471146,0.0232925139023563,1.86,ok,,1
allhypo,classification,3770,29,False,A11 A21 A38 A41 A52 A61,A53,EN3,XGBoost,True,,4,0.8763693541871733,0.029839838065677252,1.74,ok,,2
allhypo,classification,3770,29,False,A11 A21 A38 A41 A52 A61,A53,BASE-HGB,Histogram Gradient Boosting (baseline),False,,,0.8643697795491067,0.016523179554008224,6.94,ok,,1
allhypo,classification,3770,29,False,A11 A21 A38 A41 A52 A61,A53,BASE-HGB,Histogram Gradient Boosting (baseline),False,,,0.8889037870164529,0.020945959227866094,6.63,ok,,2
spambase,classification,4601,57,False,A11 A21 A31 A43 A51 A61,A54,LM2,Logistic Regression,True,,10,0.917527518500813,0.008180106079836373,0.33,ok,,1
spambase,classification,4601,57,False,A11 A21 A31 A43 A51 A61,A54,LM2,Logistic Regression,True,,10,0.9216382841482755,0.00336322702591703,0.42,ok,,2
spambase,classification,4601,57,False,A11 A21 A31 A43 A51 A61,A54,TR1,Decision Tree,True,,13,0.9131329309748779,0.011474831319918933,0.53,ok,,1
spambase,classification,4601,57,False,A11 A21 A31 A43 A51 A61,A54,TR1,Decision Tree,True,,13,0.911141426028949,0.00518804002872128,0.52,ok,,2
spambase,classification,4601,57,False,A11 A21 A31 A43 A51 A61,A54,TR2,Random Forest,True,,3,0.9513622871435699,0.004600727271471025,6.75,ok,,1
spambase,classification,4601,57,False,A11 A21 A31 A43 A51 A61,A54,TR2,Random Forest,True,,3,0.9490706577312235,0.007727271421325895,6.8,ok,,2
spambase,classification,4601,57,False,A11 A21 A31 A43 A51 A61,A54,TR3,Extra Trees,True,,1,0.956877460250732,0.004285216739457047,5.35,ok,,1
spambase,classification,4601,57,False,A11 A21 A31 A43 A51 A61,A54,TR3,Extra Trees,True,,1,0.9537745888727504,0.0075487195992453085,5.56,ok,,2
spambase,classification,4601,57,False,A11 A21 A31 A43 A51 A61,A54,EN1,AdaBoost,True,,15,0.9249829405178864,0.011254228929867199,2.05,ok,,1
spambase,classification,4601,57,False,A11 A21 A31 A43 A51 A61,A54,EN1,AdaBoost,True,,15,0.9251855017277586,0.005313317872221853,2.1,ok,,2
spambase,classification,4601,57,False,A11 A21 A31 A43 A51 A61,A54,EN2,Gradient Boosting (GBM),True,,7,0.9386609993908934,0.0066135091165571815,7.13,ok,,1
spambase,classification,4601,57,False,A11 A21 A31 A43 A51 A61,A54,EN2,Gradient Boosting (GBM),True,,7,0.9408794728953722,0.005363469188156234,7.09,ok,,2
spambase,classification,4601,57,False,A11 A21 A31 A43 A51 A61,A54,EN6,Stacking,True,,6,0.9296875759677163,0.007217778843029696,2.71,ok,,1
spambase,classification,4601,57,False,A11 A21 A31 A43 A51 A61,A54,EN6,Stacking,True,,6,0.9272545030052427,0.00486009144354573,2.5,ok,,2
spambase,classification,4601,57,False,A11 A21 A31 A43 A51 A61,A54,EN7,Voting Ensemble,True,,8,0.9325975535613249,0.0038826053640774734,1.08,ok,,1
spambase,classification,4601,57,False,A11 A21 A31 A43 A51 A61,A54,EN7,Voting Ensemble,True,,8,0.9284129168999238,0.004096086592004039,1.08,ok,,2
spambase,classification,4601,57,False,A11 A21 A31 A43 A51 A61,A54,SV1,SVM (linear),True,,12,0.9165076524592651,0.008220801782841366,0.63,ok,,1
spambase,classification,4601,57,False,A11 A21 A31 A43 A51 A61,A54,SV1,SVM (linear),True,,12,0.9155004570184035,0.00555199261012826,0.74,ok,,2
spambase,classification,4601,57,False,A11 A21 A31 A43 A51 A61,A54,SV2,Kernel SVM (RBF/Poly),True,,9,0.9266272427427665,0.006053177349734957,2.12,ok,,1
spambase,classification,4601,57,False,A11 A21 A31 A43 A51 A61,A54,SV2,Kernel SVM (RBF/Poly),True,,9,0.9245945482042537,0.006776224212466144,2.17,ok,,2
spambase,classification,4601,57,False,A11 A21 A31 A43 A51 A61,A54,PR1,Naive Bayes,True,,16,0.844155297459279,0.00696217806484983,0.21,ok,,1
spambase,classification,4601,57,False,A11 A21 A31 A43 A51 A61,A54,PR1,Naive Bayes,True,,16,0.8462492879896562,0.007600185891194095,0.2,ok,,2
spambase,classification,4601,57,False,A11 A21 A31 A43 A51 A61,A54,IB1,k-Nearest Neighbors,True,,14,0.8995831998894458,0.006225545144193146,0.33,ok,,1
spambase,classification,4601,57,False,A11 A21 A31 A43 A51 A61,A54,IB1,k-Nearest Neighbors,True,,14,0.8993601891903908,0.00976551576499936,0.33,ok,,2
spambase,classification,4601,57,False,A11 A21 A31 A43 A51 A61,A54,DR4,LDA (Linear Discriminant Analysis),True,,11,0.8648466785831307,0.017076220508066224,0.31,ok,,1
spambase,classification,4601,57,False,A11 A21 A31 A43 A51 A61,A54,DR4,LDA (Linear Discriminant Analysis),True,,11,0.8711470926888822,0.0065860706162742125,0.31,ok,,2
spambase,classification,4601,57,False,A11 A21 A31 A43 A51 A61,A54,NN1,Perceptron,True,,17,0.8610089543664493,0.004576736758028456,0.25,ok,,1
spambase,classification,4601,57,False,A11 A21 A31 A43 A51 A61,A54,NN1,Perceptron,True,,17,0.8904203555673451,0.014109215178153242,0.23,ok,,2
spambase,classification,4601,57,False,A11 A21 A31 A43 A51 A61,A54,NN2,MLP (Feedforward),True,,5,0.9410645632428535,0.006012371050141482,31.77,ok,,1
spambase,classification,4601,57,False,A11 A21 A31 A43 A51 A61,A54,NN2,MLP (Feedforward),True,,5,0.9382010557618189,0.005044682422115694,32.61,ok,,2
spambase,classification,4601,57,False,A11 A21 A31 A43 A51 A61,A54,EN3,XGBoost,True,,4,0.951626921799307,0.003511839267018159,1.72,ok,,1
spambase,classification,4601,57,False,A11 A21 A31 A43 A51 A61,A54,EN3,XGBoost,True,,4,0.952191506717468,0.00375385861440182,1.71,ok,,2
spambase,classification,4601,57,False,A11 A21 A31 A43 A51 A61,A54,BASE-HGB,Histogram Gradient Boosting (baseline),False,,,0.9518056940126927,0.004793252809057324,3.56,ok,,1
spambase,classification,4601,57,False,A11 A21 A31 A43 A51 A61,A54,BASE-HGB,Histogram Gradient Boosting (baseline),False,,,0.9545872612268183,0.005440848001428807,3.86,ok,,2
banana,classification,5000,2,True,A11 A21 A31 A41 A51 A61,A53,LM2,Logistic Regression,True,,10,0.5223469483886128,0.016302860529594326,0.07,ok,,1
banana,classification,5000,2,True,A11 A21 A31 A41 A51 A61,A53,LM2,Logistic Regression,True,,10,0.5215088161418772,0.013919045929664458,0.08,ok,,2
banana,classification,5000,2,True,A11 A21 A31 A41 A51 A61,A53,TR1,Decision Tree,True,,13,0.8705948650159991,0.007890968096156548,0.11,ok,,1
banana,classification,5000,2,True,A11 A21 A31 A41 A51 A61,A53,TR1,Decision Tree,True,,13,0.8675696616725672,0.00513929247028069,0.1,ok,,2
banana,classification,5000,2,True,A11 A21 A31 A41 A51 A61,A53,TR2,Random Forest,True,,3,0.8870706469079458,0.008087222208848227,4.46,ok,,1
banana,classification,5000,2,True,A11 A21 A31 A41 A51 A61,A53,TR2,Random Forest,True,,3,0.8933702351846247,0.00672864402314474,4.54,ok,,2
banana,classification,5000,2,True,A11 A21 A31 A41 A51 A61,A53,TR3,Extra Trees,True,,1,0.8851479770428015,0.010150440328155153,3.06,ok,,1
banana,classification,5000,2,True,A11 A21 A31 A41 A51 A61,A53,TR3,Extra Trees,True,,1,0.8913750196511379,0.006123557904496887,3.16,ok,,2
banana,classification,5000,2,True,A11 A21 A31 A41 A51 A61,A53,EN1,AdaBoost,True,,15,0.7061886968683676,0.012362594962051235,0.79,ok,,1
banana,classification,5000,2,True,A11 A21 A31 A41 A51 A61,A53,EN1,AdaBoost,True,,15,0.7019661160563363,0.014740254355479737,0.82,ok,,2
banana,classification,5000,2,True,A11 A21 A31 A41 A51 A61,A53,EN2,Gradient Boosting (GBM),True,,7,0.8910657570781524,0.0037591239054463256,1.78,ok,,1
banana,classification,5000,2,True,A11 A21 A31 A41 A51 A61,A53,EN2,Gradient Boosting (GBM),True,,7,0.8905968221455737,0.005058224086402847,1.79,ok,,2
banana,classification,5000,2,True,A11 A21 A31 A41 A51 A61,A53,EN6,Stacking,True,,6,0.8856310315985066,0.006540078625133318,0.8,ok,,1
banana,classification,5000,2,True,A11 A21 A31 A41 A51 A61,A53,EN6,Stacking,True,,6,0.8914738816089802,0.005482734930956344,0.81,ok,,2
banana,classification,5000,2,True,A11 A21 A31 A41 A51 A61,A53,EN7,Voting Ensemble,True,,8,0.8834854678358317,0.0031830212782334496,0.27,ok,,1
banana,classification,5000,2,True,A11 A21 A31 A41 A51 A61,A53,EN7,Voting Ensemble,True,,8,0.8898325240109696,0.0075029596086374365,0.29,ok,,2
banana,classification,5000,2,True,A11 A21 A31 A41 A51 A61,A53,SV1,SVM (linear),True,,12,0.522181703821821,0.016602882500298063,0.07,ok,,1
banana,classification,5000,2,True,A11 A21 A31 A41 A51 A61,A53,SV1,SVM (linear),True,,12,0.5209804268150349,0.01447579926766131,0.07,ok,,2
banana,classification,5000,2,True,A11 A21 A31 A41 A51 A61,A53,SV2,Kernel SVM (RBF/Poly),True,,9,0.8995878440072083,0.007804249905280989,0.91,ok,,1
banana,classification,5000,2,True,A11 A21 A31 A41 A51 A61,A53,SV2,Kernel SVM (RBF/Poly),True,,9,0.8974821866052588,0.0080844438089955,0.92,ok,,2
banana,classification,5000,2,True,A11 A21 A31 A41 A51 A61,A53,PR1,Naive Bayes,True,,16,0.5867656072557355,0.01250673104083621,0.06,ok,,1
banana,classification,5000,2,True,A11 A21 A31 A41 A51 A61,A53,PR1,Naive Bayes,True,,16,0.5862183044083189,0.011089261609669278,0.06,ok,,2
banana,classification,5000,2,True,A11 A21 A31 A41 A51 A61,A53,IB1,k-Nearest Neighbors,True,,14,0.8884711992848964,0.0024532338772102246,0.09,ok,,1
banana,classification,5000,2,True,A11 A21 A31 A41 A51 A61,A53,IB1,k-Nearest Neighbors,True,,14,0.8911120599048944,0.002061606938740836,0.09,ok,,2
banana,classification,5000,2,True,A11 A21 A31 A41 A51 A61,A53,DR4,LDA (Linear Discriminant Analysis),True,,11,0.5224300638464741,0.016248667688003926,0.07,ok,,1
banana,classification,5000,2,True,A11 A21 A31 A41 A51 A61,A53,DR4,LDA (Linear Discriminant Analysis),True,,11,0.5217315332910977,0.01398698060424238,0.07,ok,,2
banana,classification,5000,2,True,A11 A21 A31 A41 A51 A61,A53,NN1,Perceptron,True,,17,0.5256333766721182,0.04379572008366843,0.07,ok,,1
banana,classification,5000,2,True,A11 A21 A31 A41 A51 A61,A53,NN1,Perceptron,True,,17,0.5408354979136686,0.028575917047951226,0.07,ok,,2
banana,classification,5000,2,True,A11 A21 A31 A41 A51 A61,A53,NN2,MLP (Feedforward),True,,5,0.8990876761694091,0.010530820438425808,20.24,ok,,1
banana,classification,5000,2,True,A11 A21 A31 A41 A51 A61,A53,NN2,MLP (Feedforward),True,,5,0.8987343190055549,0.0070157387388085175,22.31,ok,,2
banana,classification,5000,2,True,A11 A21 A31 A41 A51 A61,A53,EN3,XGBoost,True,,4,0.8857200889221228,0.0034567081367867145,0.35,ok,,1
banana,classification,5000,2,True,A11 A21 A31 A41 A51 A61,A53,EN3,XGBoost,True,,4,0.89257971203101,0.0032009346455075458,0.36,ok,,2
banana,classification,5000,2,True,A11 A21 A31 A41 A51 A61,A53,EN4,LightGBM,True,,2,0.8890392411411263,0.0020842030976091146,26.5,ok,,1
banana,classification,5000,2,True,A11 A21 A31 A41 A51 A61,A53,EN4,LightGBM,True,,2,0.8959080951354539,0.005981341560023768,16.2,ok,,2
banana,classification,5000,2,True,A11 A21 A31 A41 A51 A61,A53,BASE-HGB,Histogram Gradient Boosting (baseline),False,,,0.8881480516853241,0.005113894583755433,0.98,ok,,1
banana,classification,5000,2,True,A11 A21 A31 A41 A51 A61,A53,BASE-HGB,Histogram Gradient Boosting (baseline),False,,,0.8949198401420972,0.003814642819309387,0.98,ok,,2
satimage,classification,5000,36,True,A11 A21 A31 A41 A51 A61,A53,LM2,Logistic Regression,True,,10,0.811067807132272,0.006184586436769629,0.72,ok,,1
satimage,classification,5000,36,True,A11 A21 A31 A41 A51 A61,A53,LM2,Logistic Regression,True,,10,0.8102006932807615,0.011241074351215666,0.75,ok,,2
satimage,classification,5000,36,True,A11 A21 A31 A41 A51 A61,A53,TR1,Decision Tree,True,,13,0.8236320459355753,0.011785641876022442,0.41,ok,,1
satimage,classification,5000,36,True,A11 A21 A31 A41 A51 A61,A53,TR1,Decision Tree,True,,13,0.8182900261147186,0.007813309268107043,0.41,ok,,2
satimage,classification,5000,36,True,A11 A21 A31 A41 A51 A61,A53,TR2,Random Forest,True,,3,0.8848048320024106,0.01753543978865266,9.41,ok,,1
satimage,classification,5000,36,True,A11 A21 A31 A41 A51 A61,A53,TR2,Random Forest,True,,3,0.8818091463271374,0.006334032154144569,9.45,ok,,2
satimage,classification,5000,36,True,A11 A21 A31 A41 A51 A61,A53,TR3,Extra Trees,True,,1,0.886142731609079,0.011483253128859483,4.82,ok,,1
satimage,classification,5000,36,True,A11 A21 A31 A41 A51 A61,A53,TR3,Extra Trees,True,,1,0.8842783845763964,0.007934958133282837,5.35,ok,,2
satimage,classification,5000,36,True,A11 A21 A31 A41 A51 A61,A53,EN1,AdaBoost,True,,15,0.748573835816332,0.015078862374055842,2.22,ok,,1
satimage,classification,5000,36,True,A11 A21 A31 A41 A51 A61,A53,EN1,AdaBoost,True,,15,0.7099626921074834,0.046367032358458085,2.26,ok,,2
satimage,classification,5000,36,True,A11 A21 A31 A41 A51 A61,A53,EN2,Gradient Boosting (GBM),True,,7,0.878229649563998,0.015466018110329957,48.98,ok,,1
satimage,classification,5000,36,True,A11 A21 A31 A41 A51 A61,A53,EN2,Gradient Boosting (GBM),True,,7,0.8758287574770239,0.008210409107561564,48.23,ok,,2
satimage,classification,5000,36,True,A11 A21 A31 A41 A51 A61,A53,EN6,Stacking,True,,6,0.8884895802438427,0.014884211416351453,5.73,ok,,1
satimage,classification,5000,36,True,A11 A21 A31 A41 A51 A61,A53,EN6,Stacking,True,,6,0.8889121260404481,0.0034069284598427117,5.3,ok,,2
satimage,classification,5000,36,True,A11 A21 A31 A41 A51 A61,A53,EN7,Voting Ensemble,True,,8,0.8710141438528971,0.014092748669898557,1.13,ok,,1
satimage,classification,5000,36,True,A11 A21 A31 A41 A51 A61,A53,EN7,Voting Ensemble,True,,8,0.8702993126339722,0.00627444659963598,1.11,ok,,2
satimage,classification,5000,36,True,A11 A21 A31 A41 A51 A61,A53,SV1,SVM (linear),True,,12,0.7487304655693763,0.009024478450046359,0.7,ok,,1
satimage,classification,5000,36,True,A11 A21 A31 A41 A51 A61,A53,SV1,SVM (linear),True,,12,0.7486682817915765,0.002802847286036443,0.69,ok,,2
satimage,classification,5000,36,True,A11 A21 A31 A41 A51 A61,A53,SV2,Kernel SVM (RBF/Poly),True,,9,0.8646637834933093,0.014728143831683598,1.69,ok,,1
satimage,classification,5000,36,True,A11 A21 A31 A41 A51 A61,A53,SV2,Kernel SVM (RBF/Poly),True,,9,0.8636617535417873,0.0014022749162733489,1.63,ok,,2
satimage,classification,5000,36,True,A11 A21 A31 A41 A51 A61,A53,PR1,Naive Bayes,True,,16,0.7839860699891236,0.007767478939854387,0.13,ok,,1
satimage,classification,5000,36,True,A11 A21 A31 A41 A51 A61,A53,PR1,Naive Bayes,True,,16,0.7842140096834683,0.01575219908643714,0.16,ok,,2
satimage,classification,5000,36,True,A11 A21 A31 A41 A51 A61,A53,IB1,k-Nearest Neighbors,True,,14,0.8842514353978462,0.015220222756879034,0.28,ok,,1
satimage,classification,5000,36,True,A11 A21 A31 A41 A51 A61,A53,IB1,k-Nearest Neighbors,True,,14,0.8854280127583802,0.009679509099677372,0.27,ok,,2
satimage,classification,5000,36,True,A11 A21 A31 A41 A51 A61,A53,DR4,LDA (Linear Discriminant Analysis),True,,11,0.7788669869290034,0.010677264554761536,0.2,ok,,1
satimage,classification,5000,36,True,A11 A21 A31 A41 A51 A61,A53,DR4,LDA (Linear Discriminant Analysis),True,,11,0.77975515624144,0.01257417162537508,0.2,ok,,2
satimage,classification,5000,36,True,A11 A21 A31 A41 A51 A61,A53,NN1,Perceptron,True,,17,0.7165719705363804,0.035215507586364964,0.3,ok,,1
satimage,classification,5000,36,True,A11 A21 A31 A41 A51 A61,A53,NN1,Perceptron,True,,17,0.6907580076910402,0.026332727967106694,0.27,ok,,2
satimage,classification,5000,36,True,A11 A21 A31 A41 A51 A61,A53,NN2,MLP (Feedforward),True,,5,0.8921918562534179,0.011466509396438389,50.05,ok,,1
satimage,classification,5000,36,True,A11 A21 A31 A41 A51 A61,A53,NN2,MLP (Feedforward),True,,5,0.8890212942548599,0.005682591316864166,47.59,ok,,2
satimage,classification,5000,36,True,A11 A21 A31 A41 A51 A61,A53,EN3,XGBoost,True,,4,0.8910008219909477,0.013093107381400593,3.67,ok,,1
satimage,classification,5000,36,True,A11 A21 A31 A41 A51 A61,A53,EN3,XGBoost,True,,4,0.8846794367506184,0.012259084464751165,3.75,ok,,2
satimage,classification,5000,36,True,A11 A21 A31 A41 A51 A61,A53,BASE-HGB,Histogram Gradient Boosting (baseline),False,,,0.8968145041329072,0.012674967114492036,10.68,ok,,1
satimage,classification,5000,36,True,A11 A21 A31 A41 A51 A61,A53,BASE-HGB,Histogram Gradient Boosting (baseline),False,,,0.8922085844534916,0.009960335740933624,10.6,ok,,2
agaricus_lepiota,classification,5000,22,True,A11 A21 A38 A41 A51 A61,A53,LM2,Logistic Regression,True,,10,0.9993723849372385,0.0008368200836819994,1.04,ok,,1
agaricus_lepiota,classification,5000,22,True,A11 A21 A38 A41 A51 A61,A53,LM2,Logistic Regression,True,,10,0.9993723849372385,0.0008368200836819994,0.97,ok,,2
agaricus_lepiota,classification,5000,22,True,A11 A21 A38 A41 A51 A61,A53,TR1,Decision Tree,True,,13,0.999581589958159,0.0008368200836819994,0.86,ok,,1
agaricus_lepiota,classification,5000,22,True,A11 A21 A38 A41 A51 A61,A53,TR1,Decision Tree,True,,13,0.9997907949790795,0.0004184100418409997,0.87,ok,,2
agaricus_lepiota,classification,5000,22,True,A11 A21 A38 A41 A51 A61,A53,TR2,Random Forest,True,,3,1.0,0.0,3.55,ok,,1
agaricus_lepiota,classification,5000,22,True,A11 A21 A38 A41 A51 A61,A53,TR2,Random Forest,True,,3,1.0,0.0,3.43,ok,,2
agaricus_lepiota,classification,5000,22,True,A11 A21 A38 A41 A51 A61,A53,TR3,Extra Trees,True,,1,1.0,0.0,3.35,ok,,1
agaricus_lepiota,classification,5000,22,True,A11 A21 A38 A41 A51 A61,A53,TR3,Extra Trees,True,,1,1.0,0.0,3.5,ok,,2
agaricus_lepiota,classification,5000,22,True,A11 A21 A38 A41 A51 A61,A53,EN1,AdaBoost,True,,15,0.9979432180701838,0.0017517554796855884,2.45,ok,,1
agaricus_lepiota,classification,5000,22,True,A11 A21 A38 A41 A51 A61,A53,EN1,AdaBoost,True,,15,0.9976987447698745,0.0015373366586505137,2.39,ok,,2
agaricus_lepiota,classification,5000,22,True,A11 A21 A38 A41 A51 A61,A53,EN2,Gradient Boosting (GBM),True,,7,0.9993723849372385,0.0008368200836819994,5.29,ok,,1
agaricus_lepiota,classification,5000,22,True,A11 A21 A38 A41 A51 A61,A53,EN2,Gradient Boosting (GBM),True,,7,0.999581589958159,0.0005124455528835046,5.2,ok,,2
agaricus_lepiota,classification,5000,22,True,A11 A21 A38 A41 A51 A61,A53,EN6,Stacking,True,,6,0.999581589958159,0.0008368200836819994,3.25,ok,,1
agaricus_lepiota,classification,5000,22,True,A11 A21 A38 A41 A51 A61,A53,EN6,Stacking,True,,6,0.999581589958159,0.0005124455528835046,3.14,ok,,2
agaricus_lepiota,classification,5000,22,True,A11 A21 A38 A41 A51 A61,A53,EN7,Voting Ensemble,True,,8,0.9993723849372385,0.0008368200836819994,1.4,ok,,1
agaricus_lepiota,classification,5000,22,True,A11 A21 A38 A41 A51 A61,A53,EN7,Voting Ensemble,True,,8,0.999581589958159,0.0005124455528835046,1.46,ok,,2
agaricus_lepiota,classification,5000,22,True,A11 A21 A38 A41 A51 A61,A53,SV1,SVM (linear),True,,12,1.0,0.0,0.84,ok,,1
agaricus_lepiota,classification,5000,22,True,A11 A21 A38 A41 A51 A61,A53,SV1,SVM (linear),True,,12,1.0,0.0,0.84,ok,,2
agaricus_lepiota,classification,5000,22,True,A11 A21 A38 A41 A51 A61,A53,SV2,Kernel SVM (RBF/Poly),True,,9,1.0,0.0,2.08,ok,,1
agaricus_lepiota,classification,5000,22,True,A11 A21 A38 A41 A51 A61,A53,SV2,Kernel SVM (RBF/Poly),True,,9,1.0,0.0,2.14,ok,,2
agaricus_lepiota,classification,5000,22,True,A11 A21 A38 A41 A51 A61,A53,PR1,Naive Bayes,True,,16,0.9861716282723354,0.003141975311338038,0.85,ok,,1
agaricus_lepiota,classification,5000,22,True,A11 A21 A38 A41 A51 A61,A53,PR1,Naive Bayes,True,,16,0.985788486509883,0.0025099260822703546,0.89,ok,,2
agaricus_lepiota,classification,5000,22,True,A11 A21 A38 A41 A51 A61,A53,IB1,k-Nearest Neighbors,True,,14,1.0,0.0,1.18,ok,,1
agaricus_lepiota,classification,5000,22,True,A11 A21 A38 A41 A51 A61,A53,IB1,k-Nearest Neighbors,True,,14,1.0,0.0,1.08,ok,,2
agaricus_lepiota,classification,5000,22,True,A11 A21 A38 A41 A51 A61,A53,DR4,LDA (Linear Discriminant Analysis),True,,11,0.9993723849372385,0.0008368200836819994,1.34,ok,,1
agaricus_lepiota,classification,5000,22,True,A11 A21 A38 A41 A51 A61,A53,DR4,LDA (Linear Discriminant Analysis),True,,11,0.9993723849372385,0.0005124455528835045,1.55,ok,,2
agaricus_lepiota,classification,5000,22,True,A11 A21 A38 A41 A51 A61,A53,NN1,Perceptron,True,,17,0.9998084291187739,0.0003831417624521105,0.95,ok,,1
agaricus_lepiota,classification,5000,22,True,A11 A21 A38 A41 A51 A61,A53,NN1,Perceptron,True,,17,0.9993900190769329,0.0008287068852916791,0.92,ok,,2
agaricus_lepiota,classification,5000,22,True,A11 A21 A38 A41 A51 A61,A53,NN2,MLP (Feedforward),True,,5,1.0,0.0,5.31,ok,,1
agaricus_lepiota,classification,5000,22,True,A11 A21 A38 A41 A51 A61,A53,NN2,MLP (Feedforward),True,,5,1.0,0.0,5.34,ok,,2
agaricus_lepiota,classification,5000,22,True,A11 A21 A38 A41 A51 A61,A53,EN3,XGBoost,True,,4,1.0,0.0,1.34,ok,,1
agaricus_lepiota,classification,5000,22,True,A11 A21 A38 A41 A51 A61,A53,EN3,XGBoost,True,,4,1.0,0.0,1.41,ok,,2
agaricus_lepiota,classification,5000,22,True,A11 A21 A38 A41 A51 A61,A53,BASE-HGB,Histogram Gradient Boosting (baseline),False,,,1.0,0.0,4.29,ok,,1
agaricus_lepiota,classification,5000,22,True,A11 A21 A38 A41 A51 A61,A53,BASE-HGB,Histogram Gradient Boosting (baseline),False,,,1.0,0.0,4.29,ok,,2
letter,classification,5000,16,True,A11 A21 A31 A41 A53 A61,,LM2,Logistic Regression,True,,10,0.7609861998580331,0.006669646344036906,0.81,ok,,1
letter,classification,5000,16,True,A11 A21 A31 A41 A53 A61,,LM2,Logistic Regression,True,,10,0.7601269146223253,0.009829416648486668,0.76,ok,,2
letter,classification,5000,16,True,A11 A21 A31 A41 A53 A61,,TR1,Decision Tree,True,,13,0.7736041484611127,0.02095757005247804,0.2,ok,,1
letter,classification,5000,16,True,A11 A21 A31 A41 A53 A61,,TR1,Decision Tree,True,,13,0.7798565836617606,0.013662153820893192,0.2,ok,,2
letter,classification,5000,16,True,A11 A21 A31 A41 A53 A61,,TR2,Random Forest,True,,3,0.9118856633407155,0.004790578842772788,7.14,ok,,1
letter,classification,5000,16,True,A11 A21 A31 A41 A53 A61,,TR2,Random Forest,True,,3,0.9166758850668945,0.003316247398684625,7.21,ok,,2
letter,classification,5000,16,True,A11 A21 A31 A41 A53 A61,,TR3,Extra Trees,True,,1,0.9318816458944148,0.003876374788600432,6.98,ok,,1
letter,classification,5000,16,True,A11 A21 A31 A41 A53 A61,,TR3,Extra Trees,True,,1,0.9353807054949943,0.003371159056152044,6.68,ok,,2
letter,classification,5000,16,True,A11 A21 A31 A41 A53 A61,,EN1,AdaBoost,True,,15,0.30488533340571145,0.015672953226760725,1.21,ok,,1
letter,classification,5000,16,True,A11 A21 A31 A41 A53 A61,,EN1,AdaBoost,True,,15,0.2894532142234694,0.017203815521096844,1.16,ok,,2
letter,classification,5000,16,True,A11 A21 A31 A41 A53 A61,,EN6,Stacking,True,,6,0.8887673038504159,0.00970921191131732,9.03,ok,,1
letter,classification,5000,16,True,A11 A21 A31 A41 A53 A61,,EN6,Stacking,True,,6,0.8919707248541405,0.005288960953945382,5.75,ok,,2
letter,classification,5000,16,True,A11 A21 A31 A41 A53 A61,,EN7,Voting Ensemble,True,,8,0.8675515398359538,0.010374008673080434,1.05,ok,,1
letter,classification,5000,16,True,A11 A21 A31 A41 A53 A61,,EN7,Voting Ensemble,True,,8,0.8674225434774414,0.0033211333607256273,1.0,ok,,2
letter,classification,5000,16,True,A11 A21 A31 A41 A53 A61,,SV1,SVM (linear),True,,12,0.6867581250635906,0.010050321047995154,0.93,ok,,1
letter,classification,5000,16,True,A11 A21 A31 A41 A53 A61,,SV1,SVM (linear),True,,12,0.682960397069877,0.008254933213965145,0.93,ok,,2
letter,classification,5000,16,True,A11 A21 A31 A41 A53 A61,,SV2,Kernel SVM (RBF/Poly),True,,9,0.8803265897475056,0.011464383594080694,3.1,ok,,1
letter,classification,5000,16,True,A11 A21 A31 A41 A53 A61,,SV2,Kernel SVM (RBF/Poly),True,,9,0.8818668503548335,0.007062679305677774,3.28,ok,,2
letter,classification,5000,16,True,A11 A21 A31 A41 A53 A61,,PR1,Naive Bayes,True,,16,0.6316277800681377,0.012837744331724247,0.11,ok,,1
letter,classification,5000,16,True,A11 A21 A31 A41 A53 A61,,PR1,Naive Bayes,True,,16,0.6290095010191568,0.01172869953905741,0.11,ok,,2
letter,classification,5000,16,True,A11 A21 A31 A41 A53 A61,,IB1,k-Nearest Neighbors,True,,14,0.8653746846215125,0.011679219833502601,0.2,ok,,1
letter,classification,5000,16,True,A11 A21 A31 A41 A53 A61,,IB1,k-Nearest Neighbors,True,,14,0.8627121066332434,0.006692056636051462,0.2,ok,,2
letter,classification,5000,16,True,A11 A21 A31 A41 A53 A61,,DR4,LDA (Linear Discriminant Analysis),True,,11,0.7010453433246935,0.01155013750079617,0.14,ok,,1
letter,classification,5000,16,True,A11 A21 A31 A41 A53 A61,,DR4,LDA (Linear Discriminant Analysis),True,,11,0.6993041421629489,0.00926197268341498,0.14,ok,,2
letter,classification,5000,16,True,A11 A21 A31 A41 A53 A61,,NN1,Perceptron,True,,17,0.5130287947079953,0.014045128314732981,0.41,ok,,1
letter,classification,5000,16,True,A11 A21 A31 A41 A53 A61,,NN1,Perceptron,True,,17,0.5129142465796809,0.00918804757243554,0.37,ok,,2
letter,classification,5000,16,True,A11 A21 A31 A41 A53 A61,,NN2,MLP (Feedforward),True,,5,0.8985855397837434,0.0033438495482749136,51.23,ok,,1
letter,classification,5000,16,True,A11 A21 A31 A41 A53 A61,,NN2,MLP (Feedforward),True,,5,0.9067691433870685,0.005910967098666453,51.81,ok,,2
letter,classification,5000,16,True,A11 A21 A31 A41 A53 A61,,EN3,XGBoost,True,,4,0.9027844343437037,0.008526492517554211,5.93,ok,,1
letter,classification,5000,16,True,A11 A21 A31 A41 A53 A61,,EN3,XGBoost,True,,4,0.9028525973535275,0.008110738693582326,6.08,ok,,2
letter,classification,5000,16,True,A11 A21 A31 A41 A53 A61,,EN4,LightGBM,True,,2,0.9159810772385321,0.008509272442193573,11.76,ok,,1
letter,classification,5000,16,True,A11 A21 A31 A41 A53 A61,,EN4,LightGBM,True,,2,0.9145536648111896,0.006169024778437866,10.51,ok,,2
letter,classification,5000,16,True,A11 A21 A31 A41 A53 A61,,BASE-HGB,Histogram Gradient Boosting (baseline),False,,,0.9185639630034981,0.007901371009813923,27.54,ok,,1
letter,classification,5000,16,True,A11 A21 A31 A41 A53 A61,,BASE-HGB,Histogram Gradient Boosting (baseline),False,,,0.9173218084588675,0.007133999938770043,27.77,ok,,2
waveform_40,classification,5000,40,False,A11 A21 A31 A41 A51 A61,A53,BASE-HGB,Histogram Gradient Boosting (baseline),False,,,0.8531297729650802,0.007244055233323968,8.06,ok,,0
waveform_21,classification,5000,21,False,A11 A21 A31 A41 A51 A61,A53,EN3,XGBoost,True,,4,0.8450684687161573,0.010438778253698641,3.92,ok,,0
waveform_21,classification,5000,21,False,A11 A21 A31 A41 A51 A61,A53,EN4,LightGBM,True,,2,0.8443924675053702,0.009187913278704673,3.45,ok,,0
page_blocks,classification,5000,10,True,A11 A21 A31 A41 A52 A61,A53,BASE-HGB,Histogram Gradient Boosting (baseline),False,,,0.815756306667631,0.03298412143406988,5.98,ok,,0
texture,classification,5000,40,True,A11 A21 A31 A41 A51 A61,A53,EN2,Gradient Boosting (GBM),True,,7,,,60,timeout,over 60s,0
texture,classification,5000,40,True,A11 A21 A31 A41 A51 A61,A53,EN4,LightGBM,True,,2,0.9848302834855934,0.0014718011332576933,12.24,ok,,0
texture,classification,5000,40,True,A11 A21 A31 A41 A51 A61,A53,BASE-HGB,Histogram Gradient Boosting (baseline),False,,,0.9862158528795779,0.0022355359168477664,15.86,ok,,0
optdigits,classification,5000,64,True,A11 A21 A38 A41 A51 A61,A53,EN2,Gradient Boosting (GBM),True,,7,,,60,timeout,over 60s,0
optdigits,classification,5000,64,True,A11 A21 A38 A41 A51 A61,A53,NN2,MLP (Feedforward),True,,5,0.9827260297802216,0.0057260603425342855,14.31,ok,,0
optdigits,classification,5000,64,True,A11 A21 A38 A41 A51 A61,A53,EN4,LightGBM,True,,2,0.9800636782253491,0.00647097638863031,5.94,ok,,0
optdigits,classification,5000,64,True,A11 A21 A38 A41 A51 A61,A53,BASE-HGB,Histogram Gradient Boosting (baseline),False,,,0.9810679860624673,0.004853646523439943,25.3,ok,,0
satimage,classification,5000,36,True,A11 A21 A31 A41 A51 A61,A53,BASE-HGB,Histogram Gradient Boosting (baseline),False,,,0.9006842663361656,0.009377929167057115,9.83,ok,,0
twonorm,classification,5000,20,True,A11 A21 A31 A41 A51 A61,A53,BASE-HGB,Histogram Gradient Boosting (baseline),False,,,0.971213748177606,0.001717002455174297,1.92,ok,,0
agaricus_lepiota,classification,5000,22,True,A11 A21 A38 A41 A51 A61,A53,BASE-HGB,Histogram Gradient Boosting (baseline),False,,,1.0,0.0,3.61,ok,,0
coil2000,classification,5000,85,True,A11 A21 A38 A41 A52 A61,A53,NN2,MLP (Feedforward),True,,5,0.5593576920637721,0.0380365198797409,44.2,ok,,0
coil2000,classification,5000,85,True,A11 A21 A38 A41 A52 A61,A53,BASE-HGB,Histogram Gradient Boosting (baseline),False,,,0.5375972664557536,0.01933423755318387,19.34,ok,,0
pendigits,classification,5000,16,True,A11 A21 A31 A41 A51 A61,A53,BASE-HGB,Histogram Gradient Boosting (baseline),False,,,0.9875470104671027,0.0023990134066353293,10.07,ok,,0
nursery,classification,5000,8,True,A11 A21 A32 A41 A51 A61,A53,EN4,LightGBM,True,,2,0.9972272845613122,0.00483183931411417,2.38,ok,,0
nursery,classification,5000,8,True,A11 A21 A32 A41 A51 A61,A53,BASE-HGB,Histogram Gradient Boosting (baseline),False,,,0.9950533715178338,0.005494995752846853,6.96,ok,,0
letter,classification,5000,16,True,A11 A21 A31 A41 A53 A61,,EN2,Gradient Boosting (GBM),True,,7,,,60,timeout,over 60s,0
letter,classification,5000,16,True,A11 A21 A31 A41 A53 A61,,BASE-HGB,Histogram Gradient Boosting (baseline),False,,,0.9146916416671449,0.013712698055416257,29.6,ok,,0
heart_disease_va_long_beach,classification,200,13,False,A11 A21 A38 A41 A51 A62,A54,BASE-HGB,Histogram Gradient Boosting (baseline),False,,,0.541055381400209,0.05887542185582186,0.55,ok,,1
breast_cancer,classification,286,9,False,A11 A21 A38 A41 A51 A61,A53,EN3,XGBoost,True,,4,0.6173134863701578,0.08078304783175583,0.27,ok,,1
breast_cancer,classification,286,9,False,A11 A21 A38 A41 A51 A61,A53,EN3,XGBoost,True,,4,0.6323385939741751,0.05239602329690231,0.28,ok,,2
mfeat_zernike,classification,2000,47,False,A11 A21 A31 A41 A51 A61,A54,EN2,Gradient Boosting (GBM),True,,7,,,60,timeout,over 60s,1
mfeat_zernike,classification,2000,47,False,A11 A21 A31 A41 A51 A61,A54,EN2,Gradient Boosting (GBM),True,,7,,,60,timeout,over 60s,2
mfeat_zernike,classification,2000,47,False,A11 A21 A31 A41 A51 A61,A54,EN4,LightGBM,True,,2,0.7925,0.012649110640673525,12.15,ok,,1
mfeat_zernike,classification,2000,47,False,A11 A21 A31 A41 A51 A61,A54,EN4,LightGBM,True,,2,0.7914999999999999,0.009565563234854463,12.92,ok,,2
splice,classification,3188,60,False,A11 A21 A32 A41 A51 A61,A53,EN4,LightGBM,True,,2,0.9650279392656372,0.007605969948163975,3.48,ok,,1
splice,classification,3188,60,False,A11 A21 A32 A41 A51 A61,A53,EN4,LightGBM,True,,2,0.9613349573291302,0.00970270769870921,3.65,ok,,2
allhypo,classification,3770,29,False,A11 A21 A38 A41 A52 A61,A53,EN4,LightGBM,True,,2,0.8889094665207354,0.026185976828539067,2.26,ok,,1
allhypo,classification,3770,29,False,A11 A21 A38 A41 A52 A61,A53,EN4,LightGBM,True,,2,0.902950508594935,0.035814681336794246,2.13,ok,,2
spambase,classification,4601,57,False,A11 A21 A31 A43 A51 A61,A54,EN4,LightGBM,True,,2,0.9547157583263362,0.003889194350876946,1.87,ok,,1
spambase,classification,4601,57,False,A11 A21 A31 A43 A51 A61,A54,EN4,LightGBM,True,,2,0.9538596903148429,0.004067987485288036,1.68,ok,,2
satimage,classification,5000,36,True,A11 A21 A31 A41 A51 A61,A53,EN4,LightGBM,True,,2,0.8958410680827658,0.011128886193388877,5.08,ok,,1
satimage,classification,5000,36,True,A11 A21 A31 A41 A51 A61,A53,EN4,LightGBM,True,,2,0.8903501109344429,0.009749354262875579,5.0,ok,,2
agaricus_lepiota,classification,5000,22,True,A11 A21 A38 A41 A51 A61,A53,EN4,LightGBM,True,,2,1.0,0.0,1.51,ok,,1
agaricus_lepiota,classification,5000,22,True,A11 A21 A38 A41 A51 A61,A53,EN4,LightGBM,True,,2,1.0,0.0,1.54,ok,,2
letter,classification,5000,16,True,A11 A21 A31 A41 A53 A61,,EN2,Gradient Boosting (GBM),True,,7,,,60,timeout,over 60s,1
letter,classification,5000,16,True,A11 A21 A31 A41 A53 A61,,EN2,Gradient Boosting (GBM),True,,7,,,60,timeout,over 60s,2
229_pwLinear,regression,200,10,False,A11 A21 A32 A41 A53 A61,,LM1,Linear Regression,False,needs A31 data (yours is A32),,0.7205052532818804,0.03202853268756209,0.09,ok,,0
229_pwLinear,regression,200,10,False,A11 A21 A32 A41 A53 A61,,LM3,Ridge Regression,False,needs A31 data (yours is A32),,0.7221595539670387,0.03216271097912142,0.09,ok,,0
229_pwLinear,regression,200,10,False,A11 A21 A32 A41 A53 A61,,LM4,Lasso Regression,True,,13,0.23284733950926073,0.028188283313025086,0.1,ok,,0
229_pwLinear,regression,200,10,False,A11 A21 A32 A41 A53 A61,,LM5,Elastic Net,True,,14,0.27319362742745046,0.02917925396987289,0.1,ok,,0
229_pwLinear,regression,200,10,False,A11 A21 A32 A41 A53 A61,,LM6,Polynomial Regression,False,needs A31 data (yours is A32),,0.6334381062209171,0.10280498745689959,0.5,ok,,0
229_pwLinear,regression,200,10,False,A11 A21 A32 A41 A53 A61,,LM7,Bayesian Linear Regression,False,needs A31 data (yours is A32),,0.7235565918827885,0.0324956510905796,0.15,ok,,0
229_pwLinear,regression,200,10,False,A11 A21 A32 A41 A53 A61,,TR1,Decision Tree,True,,10,0.6966174627817141,0.046579548783040076,0.09,ok,,0
229_pwLinear,regression,200,10,False,A11 A21 A32 A41 A53 A61,,TR2,Random Forest,True,,4,0.8328092180989536,0.009843506415739405,2.63,ok,,0
229_pwLinear,regression,200,10,False,A11 A21 A32 A41 A53 A61,,TR3,Extra Trees,True,,2,0.7230524916139386,0.04040842161911346,2.28,ok,,0
229_pwLinear,regression,200,10,False,A11 A21 A32 A41 A53 A61,,EN1,AdaBoost,True,,7,0.8308518918913762,0.03318643299483953,0.77,ok,,0
229_pwLinear,regression,200,10,False,A11 A21 A32 A41 A53 A61,,EN2,Gradient Boosting (GBM),True,,1,0.8509043980804387,0.022445403660270296,0.57,ok,,0
229_pwLinear,regression,200,10,False,A11 A21 A32 A41 A53 A61,,EN6,Stacking,True,,6,0.8258711347880604,0.014559984441436895,3.87,ok,,0
229_pwLinear,regression,200,10,False,A11 A21 A32 A41 A53 A61,,EN7,Voting Ensemble,True,,8,0.7864505650846074,0.028200890582270776,0.39,ok,,0
229_pwLinear,regression,200,10,False,A11 A21 A32 A41 A53 A61,,SV1,SVM (linear),True,,12,0.7204451275603305,0.03135809723419272,0.1,ok,,0
229_pwLinear,regression,200,10,False,A11 A21 A32 A41 A53 A61,,SV2,Kernel SVM (RBF/Poly),True,,11,0.5343891239829218,0.021934754154087063,0.13,ok,,0
229_pwLinear,regression,200,10,False,A11 A21 A32 A41 A53 A61,,IB1,k-Nearest Neighbors,False,needs A31 data (yours is A32),,0.4911823029663812,0.11623032719381543,0.34,ok,,0
229_pwLinear,regression,200,10,False,A11 A21 A32 A41 A53 A61,,NN2,MLP (Feedforward),True,,9,0.7390503863053368,0.045206514859258425,2.81,ok,,0
229_pwLinear,regression,200,10,False,A11 A21 A32 A41 A53 A61,,EN3,XGBoost,True,,5,0.8099805893949952,0.024862943443807562,3.98,ok,,0
229_pwLinear,regression,200,10,False,A11 A21 A32 A41 A53 A61,,EN4,LightGBM,True,,3,0.8478436497532945,0.02576195290190403,0.96,ok,,0
229_pwLinear,regression,200,10,False,A11 A21 A32 A41 A53 A61,,BASE-HGB,Histogram Gradient Boosting (baseline),False,,,0.8478436497532945,0.02576195290190403,3.21,ok,,0
auto_insurance_price,regression,201,23,False,A11 A21 A38 A42 A54 A62,,LM1,Linear Regression,True,,15,0.8789481907358627,0.05485449634134691,0.34,ok,,0
auto_insurance_price,regression,201,23,False,A11 A21 A38 A42 A54 A62,,LM3,Ridge Regression,True,,10,0.905778741437816,0.04507742542112119,0.29,ok,,0
auto_insurance_price,regression,201,23,False,A11 A21 A38 A42 A54 A62,,LM4,Lasso Regression,True,,18,0.8885363324648544,0.05239725598419444,0.2,ok,,0
auto_insurance_price,regression,201,23,False,A11 A21 A38 A42 A54 A62,,LM5,Elastic Net,True,,19,0.8082527014664891,0.030590502531209766,0.14,ok,,0
auto_insurance_price,regression,201,23,False,A11 A21 A38 A42 A54 A62,,LM6,Polynomial Regression,True,,14,0.8785851601686121,0.07879235353359919,0.73,ok,,0
auto_insurance_price,regression,201,23,False,A11 A21 A38 A42 A54 A62,,LM7,Bayesian Linear Regression,True,,12,0.904554954729277,0.046312475380240435,0.28,ok,,0
auto_insurance_price,regression,201,23,False,A11 A21 A38 A42 A54 A62,,TR1,Decision Tree,True,,11,0.8492480648149723,0.039872604711070715,0.16,ok,,0
auto_insurance_price,regression,201,23,False,A11 A21 A38 A42 A54 A62,,TR2,Random Forest,True,,4,0.9186195723684711,0.020767568055042412,2.68,ok,,0
auto_insurance_price,regression,201,23,False,A11 A21 A38 A42 A54 A62,,TR3,Extra Trees,True,,2,0.9097898967836032,0.04664331167509413,2.26,ok,,0
auto_insurance_price,regression,201,23,False,A11 A21 A38 A42 A54 A62,,EN1,AdaBoost,True,,7,0.8977859568203576,0.01732739175258525,0.57,ok,,0
auto_insurance_price,regression,201,23,False,A11 A21 A38 A42 A54 A62,,EN2,Gradient Boosting (GBM),True,,1,0.9214193301319715,0.029708332051372768,0.67,ok,,0
auto_insurance_price,regression,201,23,False,A11 A21 A38 A42 A54 A62,,EN6,Stacking,True,,6,0.9045730721502542,0.040388942273746106,0.51,ok,,0
auto_insurance_price,regression,201,23,False,A11 A21 A38 A42 A54 A62,,EN7,Voting Ensemble,True,,8,0.9116367265407357,0.026715902655000685,0.19,ok,,0
auto_insurance_price,regression,201,23,False,A11 A21 A38 A42 A54 A62,,SV1,SVM (linear),True,,17,-2.534325089646457,0.5622488254389956,0.11,ok,,0
auto_insurance_price,regression,201,23,False,A11 A21 A38 A42 A54 A62,,SV2,Kernel SVM (RBF/Poly),True,,13,-0.13981774235663863,0.08757646164811078,0.13,ok,,0
auto_insurance_price,regression,201,23,False,A11 A21 A38 A42 A54 A62,,IB1,k-Nearest Neighbors,True,,16,0.8233560825310307,0.053935242335871686,0.13,ok,,0
auto_insurance_price,regression,201,23,False,A11 A21 A38 A42 A54 A62,,NN2,MLP (Feedforward),True,,9,-2.5874197994935697,0.5744391176051169,8.17,ok,,0
auto_insurance_price,regression,201,23,False,A11 A21 A38 A42 A54 A62,,EN3,XGBoost,True,,5,0.9009414873768191,0.020674011073326264,1.49,ok,,0
auto_insurance_price,regression,201,23,False,A11 A21 A38 A42 A54 A62,,EN4,LightGBM,True,,3,0.8737874751864656,0.025263725971727585,0.69,ok,,0
auto_insurance_price,regression,201,23,False,A11 A21 A38 A42 A54 A62,,BASE-HGB,Histogram Gradient Boosting (baseline),False,,,0.868907103349452,0.021102304125031526,2.25,ok,,0
561_cpu,regression,209,7,False,A11 A21 A31 A41 A54 A61,,LM1,Linear Regression,True,,15,0.8665010305949528,0.036569580514222697,0.06,ok,,0
561_cpu,regression,209,7,False,A11 A21 A31 A41 A54 A61,,LM3,Ridge Regression,True,,10,0.8677226038812762,0.03515021407251038,0.05,ok,,0
561_cpu,regression,209,7,False,A11 A21 A31 A41 A54 A61,,LM4,Lasso Regression,True,,18,0.8690572653569941,0.034368514196856485,0.05,ok,,0
561_cpu,regression,209,7,False,A11 A21 A31 A41 A54 A61,,LM5,Elastic Net,True,,19,0.8761036362246187,0.05889311563663215,0.05,ok,,0
561_cpu,regression,209,7,False,A11 A21 A31 A41 A54 A61,,LM6,Polynomial Regression,True,,14,0.998333408371867,0.0007943282447716078,0.06,ok,,0
561_cpu,regression,209,7,False,A11 A21 A31 A41 A54 A61,,LM7,Bayesian Linear Regression,True,,11,0.8681297992523543,0.034710996340567915,0.05,ok,,0
561_cpu,regression,209,7,False,A11 A21 A31 A41 A54 A61,,TR1,Decision Tree,True,,12,0.8784649986299368,0.11279440767318144,0.05,ok,,0
561_cpu,regression,209,7,False,A11 A21 A31 A41 A54 A61,,TR2,Random Forest,True,,4,0.9339080908925552,0.04428351153298851,1.92,ok,,0
561_cpu,regression,209,7,False,A11 A21 A31 A41 A54 A61,,TR3,Extra Trees,True,,2,0.9365740721787411,0.04601545272500294,1.31,ok,,0
561_cpu,regression,209,7,False,A11 A21 A31 A41 A54 A61,,EN1,AdaBoost,True,,7,0.8923556160717977,0.05082544377163011,0.33,ok,,0
561_cpu,regression,209,7,False,A11 A21 A31 A41 A54 A61,,EN2,Gradient Boosting (GBM),True,,1,0.9528642383899477,0.02893959096817123,0.37,ok,,0
561_cpu,regression,209,7,False,A11 A21 A31 A41 A54 A61,,EN6,Stacking,True,,6,0.8219103852757585,0.0785999490249109,0.39,ok,,0
561_cpu,regression,209,7,False,A11 A21 A31 A41 A54 A61,,EN7,Voting Ensemble,True,,8,0.9297433115424084,0.05677952656972565,0.12,ok,,0
561_cpu,regression,209,7,False,A11 A21 A31 A41 A54 A61,,SV1,SVM (linear),True,,17,0.7069678929580416,0.10638353072608646,0.05,ok,,0
561_cpu,regression,209,7,False,A11 A21 A31 A41 A54 A61,,SV2,Kernel SVM (RBF/Poly),True,,13,-0.01589270231203972,0.04135447399221315,0.06,ok,,0
561_cpu,regression,209,7,False,A11 A21 A31 A41 A54 A61,,IB1,k-Nearest Neighbors,True,,16,0.7340220063938319,0.13655523035424638,0.05,ok,,0
561_cpu,regression,209,7,False,A11 A21 A31 A41 A54 A61,,NN2,MLP (Feedforward),True,,9,0.8575043771858034,0.06605922102695594,1.85,ok,,0
561_cpu,regression,209,7,False,A11 A21 A31 A41 A54 A61,,EN3,XGBoost,True,,5,0.9490619133754116,0.03583120980586577,0.6,ok,,0
561_cpu,regression,209,7,False,A11 A21 A31 A41 A54 A61,,EN4,LightGBM,True,,3,0.6673718642787853,0.08802148259902648,0.31,ok,,0
561_cpu,regression,209,7,False,A11 A21 A31 A41 A54 A61,,BASE-HGB,Histogram Gradient Boosting (baseline),False,,,0.706087004569907,0.06143903797245242,1.78,ok,,0
230_machine_cpu,regression,209,6,False,A11 A21 A31 A41 A54 A61,,LM1,Linear Regression,True,,15,0.8058128044334897,0.09992483513446092,0.05,ok,,0
230_machine_cpu,regression,209,6,False,A11 A21 A31 A41 A54 A61,,LM3,Ridge Regression,True,,10,0.807038704222407,0.09851385626664795,0.05,ok,,0
230_machine_cpu,regression,209,6,False,A11 A21 A31 A41 A54 A61,,LM4,Lasso Regression,True,,18,0.808524913692642,0.09958779907354069,0.05,ok,,0
230_machine_cpu,regression,209,6,False,A11 A21 A31 A41 A54 A61,,LM5,Elastic Net,True,,19,0.8215416390365855,0.06679414880936939,0.05,ok,,0
230_machine_cpu,regression,209,6,False,A11 A21 A31 A41 A54 A61,,LM6,Polynomial Regression,True,,14,0.847165106438997,0.02995839482417291,0.07,ok,,0
230_machine_cpu,regression,209,6,False,A11 A21 A31 A41 A54 A61,,LM7,Bayesian Linear Regression,True,,11,0.8079320963629602,0.097525819685751,0.06,ok,,0
230_machine_cpu,regression,209,6,False,A11 A21 A31 A41 A54 A61,,TR1,Decision Tree,True,,12,0.8192688429343663,0.07290863658315926,0.05,ok,,0
230_machine_cpu,regression,209,6,False,A11 A21 A31 A41 A54 A61,,TR2,Random Forest,True,,4,0.8747657605332124,0.041038496401533266,1.77,ok,,0
230_machine_cpu,regression,209,6,False,A11 A21 A31 A41 A54 A61,,TR3,Extra Trees,True,,2,0.8885663251775456,0.05223045133019767,1.31,ok,,0
230_machine_cpu,regression,209,6,False,A11 A21 A31 A41 A54 A61,,EN1,AdaBoost,True,,7,0.8285159829677584,0.06671203153004233,0.39,ok,,0
230_machine_cpu,regression,209,6,False,A11 A21 A31 A41 A54 A61,,EN2,Gradient Boosting (GBM),True,,1,0.8920838050058159,0.041014604135553766,0.35,ok,,0
230_machine_cpu,regression,209,6,False,A11 A21 A31 A41 A54 A61,,EN6,Stacking,True,,6,0.8130958608709437,0.0765213336781048,0.41,ok,,0
230_machine_cpu,regression,209,6,False,A11 A21 A31 A41 A54 A61,,EN7,Voting Ensemble,True,,8,0.8573180546093335,0.05381071057329532,0.12,ok,,0
230_machine_cpu,regression,209,6,False,A11 A21 A31 A41 A54 A61,,SV1,SVM (linear),True,,17,0.5930160460075086,0.07379666804338514,0.05,ok,,0
230_machine_cpu,regression,209,6,False,A11 A21 A31 A41 A54 A61,,SV2,Kernel SVM (RBF/Poly),True,,13,-0.015439694450762764,0.016180039647248207,0.07,ok,,0
230_machine_cpu,regression,209,6,False,A11 A21 A31 A41 A54 A61,,IB1,k-Nearest Neighbors,True,,16,0.7465057662403636,0.11906480957746524,0.05,ok,,0
230_machine_cpu,regression,209,6,False,A11 A21 A31 A41 A54 A61,,NN2,MLP (Feedforward),True,,9,0.7777572166140463,0.06012631064962003,1.92,ok,,0
230_machine_cpu,regression,209,6,False,A11 A21 A31 A41 A54 A61,,EN3,XGBoost,True,,5,0.8542584393637205,0.0638676615807649,0.94,ok,,0
230_machine_cpu,regression,209,6,False,A11 A21 A31 A41 A54 A61,,EN4,LightGBM,True,,3,0.6869953765758482,0.07881806127000142,0.51,ok,,0
230_machine_cpu,regression,209,6,False,A11 A21 A31 A41 A54 A61,,BASE-HGB,Histogram Gradient Boosting (baseline),False,,,0.7151556948653724,0.05596756814753211,1.84,ok,,0
712_chscase_geyser1,regression,222,2,False,A11 A21 A31 A41 A54 A61,,LM1,Linear Regression,True,,15,0.7616638792566082,0.047716385582451476,0.05,ok,,0
712_chscase_geyser1,regression,222,2,False,A11 A21 A31 A41 A54 A61,,LM3,Ridge Regression,True,,10,0.761733288688893,0.04741971518673546,0.06,ok,,0
712_chscase_geyser1,regression,222,2,False,A11 A21 A31 A41 A54 A61,,LM4,Lasso Regression,True,,18,0.7554265007409767,0.04732649296731281,0.06,ok,,0
712_chscase_geyser1,regression,222,2,False,A11 A21 A31 A41 A54 A61,,LM5,Elastic Net,True,,19,0.659020111668738,0.0434104792566818,0.06,ok,,0
712_chscase_geyser1,regression,222,2,False,A11 A21 A31 A41 A54 A61,,LM6,Polynomial Regression,True,,14,0.7661018824149546,0.04083262288932533,0.06,ok,,0
712_chscase_geyser1,regression,222,2,False,A11 A21 A31 A41 A54 A61,,LM7,Bayesian Linear Regression,True,,11,0.7616989825989344,0.04756028651251131,0.06,ok,,0
712_chscase_geyser1,regression,222,2,False,A11 A21 A31 A41 A54 A61,,TR1,Decision Tree,True,,12,0.5755431556982114,0.057906927152535426,0.05,ok,,0
712_chscase_geyser1,regression,222,2,False,A11 A21 A31 A41 A54 A61,,TR2,Random Forest,True,,4,0.7148431207641052,0.03917633963376001,1.62,ok,,0
712_chscase_geyser1,regression,222,2,False,A11 A21 A31 A41 A54 A61,,TR3,Extra Trees,True,,2,0.6771955113964033,0.03669044596269428,1.29,ok,,0
712_chscase_geyser1,regression,222,2,False,A11 A21 A31 A41 A54 A61,,EN1,AdaBoost,True,,7,0.7439844976072081,0.06020568607261388,0.17,ok,,0
712_chscase_geyser1,regression,222,2,False,A11 A21 A31 A41 A54 A61,,EN2,Gradient Boosting (GBM),True,,1,0.7049130842135704,0.05840645644478347,0.32,ok,,0
712_chscase_geyser1,regression,222,2,False,A11 A21 A31 A41 A54 A61,,EN6,Stacking,True,,6,0.7652277644150287,0.039693688925482515,0.37,ok,,0
712_chscase_geyser1,regression,222,2,False,A11 A21 A31 A41 A54 A61,,EN7,Voting Ensemble,True,,8,0.7534255302710475,0.042719905031444086,0.12,ok,,0
712_chscase_geyser1,regression,222,2,False,A11 A21 A31 A41 A54 A61,,SV1,SVM (linear),True,,17,0.6895953823028845,0.07528944622367413,0.05,ok,,0
712_chscase_geyser1,regression,222,2,False,A11 A21 A31 A41 A54 A61,,SV2,Kernel SVM (RBF/Poly),True,,13,0.7341986137125385,0.047658513111610894,0.05,ok,,0
712_chscase_geyser1,regression,222,2,False,A11 A21 A31 A41 A54 A61,,IB1,k-Nearest Neighbors,True,,16,0.7462358813641463,0.03757385718732125,0.05,ok,,0
712_chscase_geyser1,regression,222,2,False,A11 A21 A31 A41 A54 A61,,NN2,MLP (Feedforward),True,,9,-1.8626564125816727,0.4226856304337719,1.81,ok,,0
712_chscase_geyser1,regression,222,2,False,A11 A21 A31 A41 A54 A61,,EN3,XGBoost,True,,5,0.6250773593139056,0.06395969513988622,1.12,ok,,0
712_chscase_geyser1,regression,222,2,False,A11 A21 A31 A41 A54 A61,,EN4,LightGBM,True,,3,0.7502760819268295,0.036954299284783804,0.33,ok,,0
712_chscase_geyser1,regression,222,2,False,A11 A21 A31 A41 A54 A61,,BASE-HGB,Histogram Gradient Boosting (baseline),False,,,0.7492993377110346,0.04021506967764616,1.47,ok,,0
695_chatfield_4,regression,235,12,False,A11 A21 A31 A41 A54 A61,,LM1,Linear Regression,True,,15,0.8436505364380199,0.0437806339646284,0.06,ok,,0
695_chatfield_4,regression,235,12,False,A11 A21 A31 A41 A54 A61,,LM3,Ridge Regression,True,,10,0.8460002411255111,0.04151918261998288,0.05,ok,,0
695_chatfield_4,regression,235,12,False,A11 A21 A31 A41 A54 A61,,LM4,Lasso Regression,True,,18,0.8547681327987613,0.040153175730159744,0.06,ok,,0
695_chatfield_4,regression,235,12,False,A11 A21 A31 A41 A54 A61,,LM5,Elastic Net,True,,19,0.8324615856262362,0.05633295217801768,0.06,ok,,0
695_chatfield_4,regression,235,12,False,A11 A21 A31 A41 A54 A61,,LM6,Polynomial Regression,True,,14,0.7834144228668698,0.07818640638312005,0.07,ok,,0
695_chatfield_4,regression,235,12,False,A11 A21 A31 A41 A54 A61,,LM7,Bayesian Linear Regression,True,,11,0.847200327209728,0.0397476110528449,0.08,ok,,0
695_chatfield_4,regression,235,12,False,A11 A21 A31 A41 A54 A61,,TR1,Decision Tree,True,,12,0.6640668057023185,0.08092590171898488,0.06,ok,,0
695_chatfield_4,regression,235,12,False,A11 A21 A31 A41 A54 A61,,TR2,Random Forest,True,,4,0.800679228584445,0.02365667882415703,2.24,ok,,0
695_chatfield_4,regression,235,12,False,A11 A21 A31 A41 A54 A61,,TR3,Extra Trees,True,,2,0.8088145041195955,0.027822336711825563,1.7,ok,,0
695_chatfield_4,regression,235,12,False,A11 A21 A31 A41 A54 A61,,EN1,AdaBoost,True,,7,0.7853875466028724,0.031031863597865746,0.45,ok,,0
695_chatfield_4,regression,235,12,False,A11 A21 A31 A41 A54 A61,,EN2,Gradient Boosting (GBM),True,,1,0.7718514285658715,0.03992693375493121,0.57,ok,,0
695_chatfield_4,regression,235,12,False,A11 A21 A31 A41 A54 A61,,EN6,Stacking,True,,6,0.8456067073156875,0.03996546531888068,0.42,ok,,0
695_chatfield_4,regression,235,12,False,A11 A21 A31 A41 A54 A61,,EN7,Voting Ensemble,True,,8,0.8105813156444558,0.043340691883907066,0.13,ok,,0
695_chatfield_4,regression,235,12,False,A11 A21 A31 A41 A54 A61,,SV1,SVM (linear),True,,17,0.8115191785619285,0.06573540609311236,0.05,ok,,0
695_chatfield_4,regression,235,12,False,A11 A21 A31 A41 A54 A61,,SV2,Kernel SVM (RBF/Poly),True,,13,0.37982745345340907,0.09839076993980223,0.08,ok,,0
695_chatfield_4,regression,235,12,False,A11 A21 A31 A41 A54 A61,,IB1,k-Nearest Neighbors,True,,16,0.7756787179294673,0.056070476850559554,0.06,ok,,0
695_chatfield_4,regression,235,12,False,A11 A21 A31 A41 A54 A61,,NN2,MLP (Feedforward),True,,9,0.6559273761645162,0.20720853551336735,2.02,ok,,0
695_chatfield_4,regression,235,12,False,A11 A21 A31 A41 A54 A61,,EN3,XGBoost,True,,5,0.7863845852831026,0.05285428572048852,5.42,ok,,0
695_chatfield_4,regression,235,12,False,A11 A21 A31 A41 A54 A61,,EN4,LightGBM,True,,3,0.8006846787417038,0.040811044711591755,0.43,ok,,0
695_chatfield_4,regression,235,12,False,A11 A21 A31 A41 A54 A61,,BASE-HGB,Histogram Gradient Boosting (baseline),False,,,0.8115708550640323,0.03843145607608066,1.97,ok,,0
first_principles_supernovae_zr,regression,236,1,False,A11 A21 A31 A41 A54 A61,,LM1,Linear Regression,True,,15,0.5179337565661123,0.1346662249418154,0.09,ok,,0
first_principles_supernovae_zr,regression,236,1,False,A11 A21 A31 A41 A54 A61,,LM3,Ridge Regression,True,,10,0.5180247531666968,0.13413829499074112,0.07,ok,,0
first_principles_supernovae_zr,regression,236,1,False,A11 A21 A31 A41 A54 A61,,LM4,Lasso Regression,True,,18,-0.016506765969054628,0.019399424754744068,0.08,ok,,0
first_principles_supernovae_zr,regression,236,1,False,A11 A21 A31 A41 A54 A61,,LM5,Elastic Net,True,,19,-0.016506765969054628,0.019399424754744068,0.05,ok,,0
first_principles_supernovae_zr,regression,236,1,False,A11 A21 A31 A41 A54 A61,,LM6,Polynomial Regression,True,,14,0.5348151896987231,0.11034794526484223,0.05,ok,,0
first_principles_supernovae_zr,regression,236,1,False,A11 A21 A31 A41 A54 A61,,LM7,Bayesian Linear Regression,True,,11,0.5179686982650814,0.13413784242710092,0.05,ok,,0
first_principles_supernovae_zr,regression,236,1,False,A11 A21 A31 A41 A54 A61,,TR1,Decision Tree,True,,12,0.9978772853991661,0.0009706852686659271,0.04,ok,,0
first_principles_supernovae_zr,regression,236,1,False,A11 A21 A31 A41 A54 A61,,TR2,Random Forest,True,,4,0.9980913573804397,0.0010575572509907234,1.84,ok,,0
first_principles_supernovae_zr,regression,236,1,False,A11 A21 A31 A41 A54 A61,,TR3,Extra Trees,True,,2,0.998998721244476,0.0001709477423109248,1.29,ok,,0
first_principles_supernovae_zr,regression,236,1,False,A11 A21 A31 A41 A54 A61,,EN1,AdaBoost,True,,7,0.9830745392088056,0.012307723080602968,0.26,ok,,0
first_principles_supernovae_zr,regression,236,1,False,A11 A21 A31 A41 A54 A61,,EN2,Gradient Boosting (GBM),True,,1,0.9980684458710762,0.0009975610324111474,0.32,ok,,0
first_principles_supernovae_zr,regression,236,1,False,A11 A21 A31 A41 A54 A61,,EN6,Stacking,True,,6,0.977574886162247,0.011061973512820168,0.38,ok,,0
first_principles_supernovae_zr,regression,236,1,False,A11 A21 A31 A41 A54 A61,,EN7,Voting Ensemble,True,,8,0.9392201665895851,0.019218259218100206,0.14,ok,,0
first_principles_supernovae_zr,regression,236,1,False,A11 A21 A31 A41 A54 A61,,SV1,SVM (linear),True,,17,0.46545455520654055,0.16087636797407306,0.06,ok,,0
first_principles_supernovae_zr,regression,236,1,False,A11 A21 A31 A41 A54 A61,,SV2,Kernel SVM (RBF/Poly),True,,13,0.8625578147271821,0.02994359473432087,0.06,ok,,0
first_principles_supernovae_zr,regression,236,1,False,A11 A21 A31 A41 A54 A61,,IB1,k-Nearest Neighbors,True,,16,0.9906328928407238,0.006268474460086597,0.05,ok,,0
first_principles_supernovae_zr,regression,236,1,False,A11 A21 A31 A41 A54 A61,,NN2,MLP (Feedforward),True,,9,0.5726594723424144,0.1306581493316713,0.25,ok,,0
first_principles_supernovae_zr,regression,236,1,False,A11 A21 A31 A41 A54 A61,,EN3,XGBoost,True,,5,0.9602836559700318,0.057576971293375245,0.48,ok,,0
first_principles_supernovae_zr,regression,236,1,False,A11 A21 A31 A41 A54 A61,,EN4,LightGBM,True,,3,0.6796751534457742,0.1301468882414327,0.3,ok,,0
first_principles_supernovae_zr,regression,236,1,False,A11 A21 A31 A41 A54 A61,,BASE-HGB,Histogram Gradient Boosting (baseline),False,,,0.6800124965105919,0.1307036608706004,1.48,ok,,0
first_principles_supernovae_zg,regression,243,1,False,A11 A21 A31 A41 A54 A61,,LM1,Linear Regression,True,,15,0.5644065697740215,0.08659783307297304,0.06,ok,,0
first_principles_supernovae_zg,regression,243,1,False,A11 A21 A31 A41 A54 A61,,LM3,Ridge Regression,True,,10,0.5644198544092275,0.08636613121062772,0.05,ok,,0
first_principles_supernovae_zg,regression,243,1,False,A11 A21 A31 A41 A54 A61,,LM4,Lasso Regression,True,,18,-0.00912685968146656,0.005322330428292978,0.07,ok,,0
first_principles_supernovae_zg,regression,243,1,False,A11 A21 A31 A41 A54 A61,,LM5,Elastic Net,True,,19,-0.00912685968146656,0.005322330428292978,0.06,ok,,0
first_principles_supernovae_zg,regression,243,1,False,A11 A21 A31 A41 A54 A61,,LM6,Polynomial Regression,True,,14,0.5938041404635825,0.10472419545325252,0.07,ok,,0
first_principles_supernovae_zg,regression,243,1,False,A11 A21 A31 A41 A54 A61,,LM7,Bayesian Linear Regression,True,,11,0.5644079420483135,0.08640690623327026,0.06,ok,,0
first_principles_supernovae_zg,regression,243,1,False,A11 A21 A31 A41 A54 A61,,TR1,Decision Tree,True,,12,0.9990830622277013,0.00040540893539676184,0.05,ok,,0
first_principles_supernovae_zg,regression,243,1,False,A11 A21 A31 A41 A54 A61,,TR2,Random Forest,True,,4,0.9993572168966548,0.00029799163821458665,1.57,ok,,0
first_principles_supernovae_zg,regression,243,1,False,A11 A21 A31 A41 A54 A61,,TR3,Extra Trees,True,,2,0.9996456763362591,6.687617727768125e-05,1.2,ok,,0
first_principles_supernovae_zg,regression,243,1,False,A11 A21 A31 A41 A54 A61,,EN1,AdaBoost,True,,7,0.9805571423783489,0.0052007637980826405,0.25,ok,,0
first_principles_supernovae_zg,regression,243,1,False,A11 A21 A31 A41 A54 A61,,EN2,Gradient Boosting (GBM),True,,1,0.9991538367299313,0.00036512168683249473,0.34,ok,,0
first_principles_supernovae_zg,regression,243,1,False,A11 A21 A31 A41 A54 A61,,EN6,Stacking,True,,6,0.8336471368182302,0.018703306646759538,0.43,ok,,0
first_principles_supernovae_zg,regression,243,1,False,A11 A21 A31 A41 A54 A61,,EN7,Voting Ensemble,True,,8,0.9448414887228997,0.013914285860438977,0.13,ok,,0
first_principles_supernovae_zg,regression,243,1,False,A11 A21 A31 A41 A54 A61,,SV1,SVM (linear),True,,17,0.42776871119604093,0.06012038775450631,0.05,ok,,0
first_principles_supernovae_zg,regression,243,1,False,A11 A21 A31 A41 A54 A61,,SV2,Kernel SVM (RBF/Poly),True,,13,0.9344990911908951,0.012814051887432648,0.05,ok,,0
first_principles_supernovae_zg,regression,243,1,False,A11 A21 A31 A41 A54 A61,,IB1,k-Nearest Neighbors,True,,16,0.9955632466531211,0.001864022489653534,0.05,ok,,0
first_principles_supernovae_zg,regression,243,1,False,A11 A21 A31 A41 A54 A61,,NN2,MLP (Feedforward),True,,9,0.642456941997484,0.09793234802962411,0.25,ok,,0
first_principles_supernovae_zg,regression,243,1,False,A11 A21 A31 A41 A54 A61,,EN3,XGBoost,True,,5,0.9900270165632404,0.005775486095761499,0.45,ok,,0
first_principles_supernovae_zg,regression,243,1,False,A11 A21 A31 A41 A54 A61,,EN4,LightGBM,True,,3,0.9405467038496818,0.022122633484549712,1.16,ok,,0
first_principles_supernovae_zg,regression,243,1,False,A11 A21 A31 A41 A54 A61,,BASE-HGB,Histogram Gradient Boosting (baseline),False,,,0.944345740160624,0.02308836087277314,1.7,ok,,0
613_fri_c3_250_5,regression,250,5,False,A11 A21 A31 A41 A53 A61,,LM1,Linear Regression,True,,15,0.23767200402326877,0.19087555299922934,0.07,ok,,0
613_fri_c3_250_5,regression,250,5,False,A11 A21 A31 A41 A53 A61,,LM3,Ridge Regression,True,,10,0.24172581694804154,0.18453761273899277,0.06,ok,,0
613_fri_c3_250_5,regression,250,5,False,A11 A21 A31 A41 A53 A61,,LM4,Lasso Regression,True,,18,-0.01113081838933554,0.009590381846510147,0.06,ok,,0
613_fri_c3_250_5,regression,250,5,False,A11 A21 A31 A41 A53 A61,,LM5,Elastic Net,True,,19,-0.004436233008704549,0.01124998141500125,0.06,ok,,0
613_fri_c3_250_5,regression,250,5,False,A11 A21 A31 A41 A53 A61,,LM6,Polynomial Regression,True,,14,0.3664008842260196,0.1586269999411867,0.06,ok,,0
613_fri_c3_250_5,regression,250,5,False,A11 A21 A31 A41 A53 A61,,LM7,Bayesian Linear Regression,True,,11,0.24665405861318285,0.1673518128158156,0.06,ok,,0
613_fri_c3_250_5,regression,250,5,False,A11 A21 A31 A41 A53 A61,,TR1,Decision Tree,True,,12,0.6325269804150097,0.17529150682667324,0.05,ok,,0
613_fri_c3_250_5,regression,250,5,False,A11 A21 A31 A41 A53 A61,,TR2,Random Forest,True,,4,0.8346872084241023,0.05682157165459417,1.98,ok,,0
613_fri_c3_250_5,regression,250,5,False,A11 A21 A31 A41 A53 A61,,TR3,Extra Trees,True,,2,0.8769449460692922,0.03270411064635799,1.43,ok,,0
613_fri_c3_250_5,regression,250,5,False,A11 A21 A31 A41 A53 A61,,EN1,AdaBoost,True,,7,0.7566146431303131,0.07814713580071017,0.44,ok,,0
613_fri_c3_250_5,regression,250,5,False,A11 A21 A31 A41 A53 A61,,EN2,Gradient Boosting (GBM),True,,1,0.8538452368000448,0.05765011689473736,0.5,ok,,0
613_fri_c3_250_5,regression,250,5,False,A11 A21 A31 A41 A53 A61,,EN6,Stacking,True,,6,0.8095927013167209,0.08475150381254608,0.38,ok,,0
613_fri_c3_250_5,regression,250,5,False,A11 A21 A31 A41 A53 A61,,EN7,Voting Ensemble,True,,8,0.7156930813074116,0.09863097604235342,0.14,ok,,0
613_fri_c3_250_5,regression,250,5,False,A11 A21 A31 A41 A53 A61,,SV1,SVM (linear),True,,17,0.20928244443785649,0.15820661721990176,0.06,ok,,0
613_fri_c3_250_5,regression,250,5,False,A11 A21 A31 A41 A53 A61,,SV2,Kernel SVM (RBF/Poly),True,,13,0.8300442343152648,0.055770542300369805,0.07,ok,,0
613_fri_c3_250_5,regression,250,5,False,A11 A21 A31 A41 A53 A61,,IB1,k-Nearest Neighbors,True,,16,0.7671412721717378,0.08691595809555464,0.06,ok,,0
613_fri_c3_250_5,regression,250,5,False,A11 A21 A31 A41 A53 A61,,NN2,MLP (Feedforward),True,,9,0.9133771445447494,0.032355499932480006,1.61,ok,,0
613_fri_c3_250_5,regression,250,5,False,A11 A21 A31 A41 A53 A61,,EN3,XGBoost,True,,5,0.8199337161565132,0.050400287917917494,1.1,ok,,0
613_fri_c3_250_5,regression,250,5,False,A11 A21 A31 A41 A53 A61,,EN4,LightGBM,True,,3,0.8381653278248813,0.07506758457225117,0.48,ok,,0
613_fri_c3_250_5,regression,250,5,False,A11 A21 A31 A41 A53 A61,,BASE-HGB,Histogram Gradient Boosting (baseline),False,,,0.8444229409050161,0.0793395930995759,1.4,ok,,0
615_fri_c4_250_10,regression,250,10,False,A11 A21 A31 A41 A54 A61,,LM1,Linear Regression,True,,15,0.3104372276417657,0.05578342261082262,0.07,ok,,0
615_fri_c4_250_10,regression,250,10,False,A11 A21 A31 A41 A54 A61,,LM3,Ridge Regression,True,,10,0.31248035081095255,0.058491617825406586,0.05,ok,,0
615_fri_c4_250_10,regression,250,10,False,A11 A21 A31 A41 A54 A61,,LM4,Lasso Regression,True,,18,-0.017135915954882154,0.02153243094526724,0.05,ok,,0
615_fri_c4_250_10,regression,250,10,False,A11 A21 A31 A41 A54 A61,,LM5,Elastic Net,True,,19,-0.00704888913861248,0.022711242748250936,0.05,ok,,0
615_fri_c4_250_10,regression,250,10,False,A11 A21 A31 A41 A54 A61,,LM6,Polynomial Regression,True,,14,0.24504325621646003,0.13064527141845358,0.08,ok,,0
615_fri_c4_250_10,regression,250,10,False,A11 A21 A31 A41 A54 A61,,LM7,Bayesian Linear Regression,True,,11,0.31044556644215715,0.07276544016454131,0.1,ok,,0
615_fri_c4_250_10,regression,250,10,False,A11 A21 A31 A41 A54 A61,,TR1,Decision Tree,True,,12,0.6435798617398836,0.09212794333822318,0.06,ok,,0
615_fri_c4_250_10,regression,250,10,False,A11 A21 A31 A41 A54 A61,,TR2,Random Forest,True,,4,0.7928798794568797,0.021031472097685723,2.23,ok,,0
615_fri_c4_250_10,regression,250,10,False,A11 A21 A31 A41 A54 A61,,TR3,Extra Trees,True,,2,0.8131078754768201,0.020679350459881736,1.56,ok,,0
615_fri_c4_250_10,regression,250,10,False,A11 A21 A31 A41 A54 A61,,EN1,AdaBoost,True,,7,0.6814225484857961,0.03672247298488885,0.51,ok,,0
615_fri_c4_250_10,regression,250,10,False,A11 A21 A31 A41 A54 A61,,EN2,Gradient Boosting (GBM),True,,1,0.8249172201967803,0.036611579575276616,0.56,ok,,0
615_fri_c4_250_10,regression,250,10,False,A11 A21 A31 A41 A54 A61,,EN6,Stacking,True,,6,0.7013207541453427,0.061990740932374014,0.5,ok,,0
615_fri_c4_250_10,regression,250,10,False,A11 A21 A31 A41 A54 A61,,EN7,Voting Ensemble,True,,8,0.6395409533438767,0.03426189875563643,0.14,ok,,0
615_fri_c4_250_10,regression,250,10,False,A11 A21 A31 A41 A54 A61,,SV1,SVM (linear),True,,17,0.25980287599079743,0.0926929716553319,0.06,ok,,0
615_fri_c4_250_10,regression,250,10,False,A11 A21 A31 A41 A54 A61,,SV2,Kernel SVM (RBF/Poly),True,,13,0.44844911457939407,0.05216800908321545,0.07,ok,,0
615_fri_c4_250_10,regression,250,10,False,A11 A21 A31 A41 A54 A61,,IB1,k-Nearest Neighbors,True,,16,0.47263313349376207,0.0773995985014346,0.06,ok,,0
615_fri_c4_250_10,regression,250,10,False,A11 A21 A31 A41 A54 A61,,NN2,MLP (Feedforward),True,,9,0.6311767066444701,0.1112801117582632,2.16,ok,,0
615_fri_c4_250_10,regression,250,10,False,A11 A21 A31 A41 A54 A61,,EN3,XGBoost,True,,5,0.8358759567397339,0.047633193045942074,16.67,ok,,0
615_fri_c4_250_10,regression,250,10,False,A11 A21 A31 A41 A54 A61,,EN4,LightGBM,True,,3,0.8084658223047013,0.06158119347079148,5.93,ok,,0
615_fri_c4_250_10,regression,250,10,False,A11 A21 A31 A41 A54 A61,,BASE-HGB,Histogram Gradient Boosting (baseline),False,,,0.8132714910360921,0.053063218283902945,4.82,ok,,0
635_fri_c0_250_10,regression,250,10,False,A11 A21 A31 A41 A53 A61,,LM1,Linear Regression,True,,15,0.6320504142315441,0.09947733118994735,0.16,ok,,0
635_fri_c0_250_10,regression,250,10,False,A11 A21 A31 A41 A53 A61,,LM3,Ridge Regression,True,,10,0.632274297115584,0.09877544381320305,0.1,ok,,0
635_fri_c0_250_10,regression,250,10,False,A11 A21 A31 A41 A53 A61,,LM4,Lasso Regression,True,,18,-0.006797061796760451,0.008950260856302641,0.13,ok,,0
635_fri_c0_250_10,regression,250,10,False,A11 A21 A31 A41 A53 A61,,LM5,Elastic Net,True,,19,0.04515194551956279,0.005399160716816534,0.08,ok,,0
635_fri_c0_250_10,regression,250,10,False,A11 A21 A31 A41 A53 A61,,LM6,Polynomial Regression,True,,14,0.8070762447884672,0.0545514215568437,0.14,ok,,0
635_fri_c0_250_10,regression,250,10,False,A11 A21 A31 A41 A53 A61,,LM7,Bayesian Linear Regression,True,,11,0.6324388132169247,0.09621932722840078,0.09,ok,,0
635_fri_c0_250_10,regression,250,10,False,A11 A21 A31 A41 A53 A61,,TR1,Decision Tree,True,,12,0.43334702705535155,0.11916115287231617,0.05,ok,,0
635_fri_c0_250_10,regression,250,10,False,A11 A21 A31 A41 A53 A61,,TR2,Random Forest,True,,4,0.7300111580970265,0.05535044520238228,2.6,ok,,0
635_fri_c0_250_10,regression,250,10,False,A11 A21 A31 A41 A53 A61,,TR3,Extra Trees,True,,2,0.7727447106196923,0.044540220145589116,2.26,ok,,0
635_fri_c0_250_10,regression,250,10,False,A11 A21 A31 A41 A53 A61,,EN1,AdaBoost,True,,7,0.6936104697427814,0.0474709439953812,0.64,ok,,0
635_fri_c0_250_10,regression,250,10,False,A11 A21 A31 A41 A53 A61,,EN2,Gradient Boosting (GBM),True,,1,0.7968548572547496,0.047927826398348895,0.77,ok,,0
635_fri_c0_250_10,regression,250,10,False,A11 A21 A31 A41 A53 A61,,EN6,Stacking,True,,6,0.6993410332822482,0.07003827266711593,0.63,ok,,0
635_fri_c0_250_10,regression,250,10,False,A11 A21 A31 A41 A53 A61,,EN7,Voting Ensemble,True,,8,0.6762175736146954,0.057188050398022404,0.2,ok,,0
635_fri_c0_250_10,regression,250,10,False,A11 A21 A31 A41 A53 A61,,SV1,SVM (linear),True,,17,0.5970484239375818,0.13986048329570974,0.11,ok,,0
635_fri_c0_250_10,regression,250,10,False,A11 A21 A31 A41 A53 A61,,SV2,Kernel SVM (RBF/Poly),True,,13,0.779018810867019,0.0662577666552005,0.12,ok,,0
635_fri_c0_250_10,regression,250,10,False,A11 A21 A31 A41 A53 A61,,IB1,k-Nearest Neighbors,True,,16,0.5706227424375572,0.05743372781528872,0.1,ok,,0
635_fri_c0_250_10,regression,250,10,False,A11 A21 A31 A41 A53 A61,,NN2,MLP (Feedforward),True,,9,0.7974286876448022,0.042797926863190616,1.65,ok,,0
635_fri_c0_250_10,regression,250,10,False,A11 A21 A31 A41 A53 A61,,EN3,XGBoost,True,,5,0.7207474250307321,0.06841051710504469,6.81,ok,,0
635_fri_c0_250_10,regression,250,10,False,A11 A21 A31 A41 A53 A61,,EN4,LightGBM,True,,3,0.8283081502658117,0.03501732943870615,3.01,ok,,0
635_fri_c0_250_10,regression,250,10,False,A11 A21 A31 A41 A53 A61,,BASE-HGB,Histogram Gradient Boosting (baseline),False,,,0.8396017838666257,0.03840101087649819,1.45,ok,,0
579_fri_c0_250_5,regression,250,5,False,A11 A21 A31 A41 A53 A61,,LM1,Linear Regression,True,,15,0.6987119275056918,0.020719043010921298,0.11,ok,,0
579_fri_c0_250_5,regression,250,5,False,A11 A21 A31 A41 A53 A61,,LM3,Ridge Regression,True,,10,0.698681471808649,0.020900518743020728,0.06,ok,,0
579_fri_c0_250_5,regression,250,5,False,A11 A21 A31 A41 A53 A61,,LM4,Lasso Regression,True,,18,-0.03359561730447687,0.04602902638770859,0.11,ok,,0
579_fri_c0_250_5,regression,250,5,False,A11 A21 A31 A41 A53 A61,,LM5,Elastic Net,True,,19,-0.0014631731323101471,0.0384958844746295,0.06,ok,,0
579_fri_c0_250_5,regression,250,5,False,A11 A21 A31 A41 A53 A61,,LM6,Polynomial Regression,True,,14,0.8656460725310225,0.03241878137622862,0.09,ok,,0
579_fri_c0_250_5,regression,250,5,False,A11 A21 A31 A41 A53 A61,,LM7,Bayesian Linear Regression,True,,11,0.6985726472490416,0.021062200639418494,0.06,ok,,0
579_fri_c0_250_5,regression,250,5,False,A11 A21 A31 A41 A53 A61,,TR1,Decision Tree,True,,12,0.526554777431677,0.05947569298593901,0.05,ok,,0
579_fri_c0_250_5,regression,250,5,False,A11 A21 A31 A41 A53 A61,,TR2,Random Forest,True,,4,0.7554411036377128,0.03703017358129655,2.53,ok,,0
579_fri_c0_250_5,regression,250,5,False,A11 A21 A31 A41 A53 A61,,TR3,Extra Trees,True,,2,0.77837265606302,0.04611377126912992,1.67,ok,,0
579_fri_c0_250_5,regression,250,5,False,A11 A21 A31 A41 A53 A61,,EN1,AdaBoost,True,,7,0.6853170436941532,0.053804080283497334,0.52,ok,,0
579_fri_c0_250_5,regression,250,5,False,A11 A21 A31 A41 A53 A61,,EN2,Gradient Boosting (GBM),True,,1,0.8196806354408908,0.029000197811610815,0.65,ok,,0
579_fri_c0_250_5,regression,250,5,False,A11 A21 A31 A41 A53 A61,,EN6,Stacking,True,,6,0.793389326443919,0.02483988606126763,0.57,ok,,0
579_fri_c0_250_5,regression,250,5,False,A11 A21 A31 A41 A53 A61,,EN7,Voting Ensemble,True,,8,0.7567537986815062,0.008696347342957945,0.2,ok,,0
579_fri_c0_250_5,regression,250,5,False,A11 A21 A31 A41 A53 A61,,SV1,SVM (linear),True,,17,0.6900959288539441,0.020528198121826196,0.06,ok,,0
579_fri_c0_250_5,regression,250,5,False,A11 A21 A31 A41 A53 A61,,SV2,Kernel SVM (RBF/Poly),True,,13,0.8860491800339674,0.022978205853530904,0.06,ok,,0
579_fri_c0_250_5,regression,250,5,False,A11 A21 A31 A41 A53 A61,,IB1,k-Nearest Neighbors,True,,16,0.7587942751305089,0.022093742148272397,0.05,ok,,0
579_fri_c0_250_5,regression,250,5,False,A11 A21 A31 A41 A53 A61,,NN2,MLP (Feedforward),True,,9,0.8871791786455342,0.02453044434012023,1.76,ok,,0
579_fri_c0_250_5,regression,250,5,False,A11 A21 A31 A41 A53 A61,,EN3,XGBoost,True,,5,0.7564766423210296,0.045901316108387,1.22,ok,,0
579_fri_c0_250_5,regression,250,5,False,A11 A21 A31 A41 A53 A61,,EN4,LightGBM,True,,3,0.8360849651375956,0.028854592056221328,0.48,ok,,0
579_fri_c0_250_5,regression,250,5,False,A11 A21 A31 A41 A53 A61,,BASE-HGB,Histogram Gradient Boosting (baseline),False,,,0.8436058280839381,0.027118767980123176,3.89,ok,,0
602_fri_c3_250_10,regression,250,10,False,A11 A21 A31 A41 A53 A61,,LM1,Linear Regression,True,,15,0.18075487333818457,0.10925310832716394,0.06,ok,,0
602_fri_c3_250_10,regression,250,10,False,A11 A21 A31 A41 A53 A61,,LM3,Ridge Regression,True,,10,0.1817148224659352,0.11381565419196522,0.09,ok,,0
602_fri_c3_250_10,regression,250,10,False,A11 A21 A31 A41 A53 A61,,LM4,Lasso Regression,True,,18,-0.024789085822990043,0.02450908860079712,0.13,ok,,0
602_fri_c3_250_10,regression,250,10,False,A11 A21 A31 A41 A53 A61,,LM5,Elastic Net,True,,19,-0.024789085822990043,0.02450908860079712,0.12,ok,,0
602_fri_c3_250_10,regression,250,10,False,A11 A21 A31 A41 A53 A61,,LM6,Polynomial Regression,True,,14,0.17561092552834173,0.18507477820636875,0.15,ok,,0
602_fri_c3_250_10,regression,250,10,False,A11 A21 A31 A41 A53 A61,,LM7,Bayesian Linear Regression,True,,11,0.1687644421363182,0.13099323541467645,0.06,ok,,0
602_fri_c3_250_10,regression,250,10,False,A11 A21 A31 A41 A53 A61,,TR1,Decision Tree,True,,12,0.5535620089375165,0.11421902813919375,0.06,ok,,0
602_fri_c3_250_10,regression,250,10,False,A11 A21 A31 A41 A53 A61,,TR2,Random Forest,True,,4,0.8119749975713042,0.043900307563483607,2.88,ok,,0
602_fri_c3_250_10,regression,250,10,False,A11 A21 A31 A41 A53 A61,,TR3,Extra Trees,True,,2,0.846703155492494,0.03324444466269335,1.94,ok,,0
602_fri_c3_250_10,regression,250,10,False,A11 A21 A31 A41 A53 A61,,EN1,AdaBoost,True,,7,0.7041898069311333,0.09556103085480203,0.53,ok,,0
602_fri_c3_250_10,regression,250,10,False,A11 A21 A31 A41 A53 A61,,EN2,Gradient Boosting (GBM),True,,1,0.8220051147921831,0.04808730509966215,0.81,ok,,0
602_fri_c3_250_10,regression,250,10,False,A11 A21 A31 A41 A53 A61,,EN6,Stacking,True,,6,0.6274137248875027,0.09173991474675713,0.62,ok,,0
602_fri_c3_250_10,regression,250,10,False,A11 A21 A31 A41 A53 A61,,EN7,Voting Ensemble,True,,8,0.5353579431050115,0.06660731988181903,0.17,ok,,0
602_fri_c3_250_10,regression,250,10,False,A11 A21 A31 A41 A53 A61,,SV1,SVM (linear),True,,17,0.14918333177306659,0.07241033574529518,0.06,ok,,0
602_fri_c3_250_10,regression,250,10,False,A11 A21 A31 A41 A53 A61,,SV2,Kernel SVM (RBF/Poly),True,,13,0.36654487524823753,0.09740444151803268,0.07,ok,,0
602_fri_c3_250_10,regression,250,10,False,A11 A21 A31 A41 A53 A61,,IB1,k-Nearest Neighbors,True,,16,0.3474833314305549,0.12988993029649343,0.08,ok,,0
602_fri_c3_250_10,regression,250,10,False,A11 A21 A31 A41 A53 A61,,NN2,MLP (Feedforward),True,,9,0.5106492582457294,0.07564118026958645,2.21,ok,,0
602_fri_c3_250_10,regression,250,10,False,A11 A21 A31 A41 A53 A61,,EN3,XGBoost,True,,5,0.8159251625993107,0.05767503973899174,25.62,ok,,0
602_fri_c3_250_10,regression,250,10,False,A11 A21 A31 A41 A53 A61,,EN4,LightGBM,True,,3,0.8354674864500925,0.020269005730809565,2.98,ok,,0
602_fri_c3_250_10,regression,250,10,False,A11 A21 A31 A41 A53 A61,,BASE-HGB,Histogram Gradient Boosting (baseline),False,,,0.8364217461672908,0.018674952619100117,5.42,ok,,0
603_fri_c0_250_50,regression,250,50,False,A11 A21 A31 A42 A54 A61,,LM1,Linear Regression,True,,15,0.6454951225518586,0.03895846802847782,0.43,ok,,0
603_fri_c0_250_50,regression,250,50,False,A11 A21 A31 A42 A54 A61,,LM3,Ridge Regression,True,,10,0.6468832395740105,0.03800926927052019,0.12,ok,,0
603_fri_c0_250_50,regression,250,50,False,A11 A21 A31 A42 A54 A61,,LM4,Lasso Regression,True,,18,-0.032401005582353724,0.03553548321387248,0.12,ok,,0
603_fri_c0_250_50,regression,250,50,False,A11 A21 A31 A42 A54 A61,,LM5,Elastic Net,True,,19,0.021763032207428055,0.03769983010186821,0.1,ok,,0
603_fri_c0_250_50,regression,250,50,False,A11 A21 A31 A42 A54 A61,,LM6,Polynomial Regression,True,,14,0.18334210458871297,0.08727386199940228,0.59,ok,,0
603_fri_c0_250_50,regression,250,50,False,A11 A21 A31 A42 A54 A61,,LM7,Bayesian Linear Regression,True,,11,0.6523760061822881,0.03006422065308375,0.63,ok,,0
603_fri_c0_250_50,regression,250,50,False,A11 A21 A31 A42 A54 A61,,TR1,Decision Tree,True,,12,0.11671339183574214,0.22744057001372733,0.13,ok,,0
603_fri_c0_250_50,regression,250,50,False,A11 A21 A31 A42 A54 A61,,TR2,Random Forest,True,,4,0.6261478037132099,0.052185947018516164,4.8,ok,,0
603_fri_c0_250_50,regression,250,50,False,A11 A21 A31 A42 A54 A61,,TR3,Extra Trees,True,,2,0.6734978160286138,0.024524297005092982,3.5,ok,,0
603_fri_c0_250_50,regression,250,50,False,A11 A21 A31 A42 A54 A61,,EN1,AdaBoost,True,,7,0.6587181239790085,0.008511436183482353,0.98,ok,,0
603_fri_c0_250_50,regression,250,50,False,A11 A21 A31 A42 A54 A61,,EN2,Gradient Boosting (GBM),True,,1,0.7436029491949337,0.0387252692596519,1.79,ok,,0
603_fri_c0_250_50,regression,250,50,False,A11 A21 A31 A42 A54 A61,,EN6,Stacking,True,,6,0.6720211197869734,0.04184290007630382,0.8,ok,,0
603_fri_c0_250_50,regression,250,50,False,A11 A21 A31 A42 A54 A61,,EN7,Voting Ensemble,True,,8,0.5939907822146299,0.07682900651164967,0.31,ok,,0
603_fri_c0_250_50,regression,250,50,False,A11 A21 A31 A42 A54 A61,,SV1,SVM (linear),True,,17,0.6197291747183693,0.05734688494393296,0.41,ok,,0
603_fri_c0_250_50,regression,250,50,False,A11 A21 A31 A42 A54 A61,,SV2,Kernel SVM (RBF/Poly),True,,13,0.4724127697304417,0.027140128398488082,0.13,ok,,0
603_fri_c0_250_50,regression,250,50,False,A11 A21 A31 A42 A54 A61,,IB1,k-Nearest Neighbors,True,,16,0.2574739026932251,0.05957644002444927,0.3,ok,,0
603_fri_c0_250_50,regression,250,50,False,A11 A21 A31 A42 A54 A61,,NN2,MLP (Feedforward),True,,9,0.38097165853612064,0.08239526772106094,0.65,ok,,0
603_fri_c0_250_50,regression,250,50,False,A11 A21 A31 A42 A54 A61,,EN3,XGBoost,True,,5,0.5995006772000828,0.09202155626773152,3.68,ok,,0
603_fri_c0_250_50,regression,250,50,False,A11 A21 A31 A42 A54 A61,,EN4,LightGBM,True,,3,0.794812830331279,0.011838976982080788,0.47,ok,,0
603_fri_c0_250_50,regression,250,50,False,A11 A21 A31 A42 A54 A61,,BASE-HGB,Histogram Gradient Boosting (baseline),False,,,0.7834312534177247,0.007334497403386961,3.85,ok,,0
601_fri_c1_250_5,regression,250,5,False,A11 A21 A31 A41 A53 A61,,LM1,Linear Regression,True,,15,0.26925133101166654,0.1501663328821465,0.05,ok,,0
601_fri_c1_250_5,regression,250,5,False,A11 A21 A31 A41 A53 A61,,LM3,Ridge Regression,True,,10,0.2709666981688774,0.14955789218714619,0.05,ok,,0
601_fri_c1_250_5,regression,250,5,False,A11 A21 A31 A41 A53 A61,,LM4,Lasso Regression,True,,18,-0.027951168960665563,0.026440032812109052,0.06,ok,,0
601_fri_c1_250_5,regression,250,5,False,A11 A21 A31 A41 A53 A61,,LM5,Elastic Net,True,,19,-0.027951168960665563,0.026440032812109052,0.06,ok,,0
601_fri_c1_250_5,regression,250,5,False,A11 A21 A31 A41 A53 A61,,LM6,Polynomial Regression,True,,14,0.3169259873508454,0.15908917422011126,0.12,ok,,0
601_fri_c1_250_5,regression,250,5,False,A11 A21 A31 A41 A53 A61,,LM7,Bayesian Linear Regression,True,,11,0.2711849125819769,0.1433091276494443,0.06,ok,,0
601_fri_c1_250_5,regression,250,5,False,A11 A21 A31 A41 A53 A61,,TR1,Decision Tree,True,,12,0.6070027645206182,0.036119976526515704,0.05,ok,,0
601_fri_c1_250_5,regression,250,5,False,A11 A21 A31 A41 A53 A61,,TR2,Random Forest,True,,4,0.859042356623495,0.015189671693820888,2.04,ok,,0
601_fri_c1_250_5,regression,250,5,False,A11 A21 A31 A41 A53 A61,,TR3,Extra Trees,True,,2,0.8976936146085365,0.023466430344355367,1.69,ok,,0
601_fri_c1_250_5,regression,250,5,False,A11 A21 A31 A41 A53 A61,,EN1,AdaBoost,True,,7,0.7893236602697918,0.02505598319532332,0.61,ok,,0
601_fri_c1_250_5,regression,250,5,False,A11 A21 A31 A41 A53 A61,,EN2,Gradient Boosting (GBM),True,,1,0.8821585150867175,0.01863143294492026,0.59,ok,,0
601_fri_c1_250_5,regression,250,5,False,A11 A21 A31 A41 A53 A61,,EN6,Stacking,True,,6,0.7783617135671362,0.020020758217580325,0.58,ok,,0
601_fri_c1_250_5,regression,250,5,False,A11 A21 A31 A41 A53 A61,,EN7,Voting Ensemble,True,,8,0.7102046040029529,0.04369051629531103,0.15,ok,,0
601_fri_c1_250_5,regression,250,5,False,A11 A21 A31 A41 A53 A61,,SV1,SVM (linear),True,,17,0.22371842228481223,0.18317161688546366,0.06,ok,,0
601_fri_c1_250_5,regression,250,5,False,A11 A21 A31 A41 A53 A61,,SV2,Kernel SVM (RBF/Poly),True,,13,0.7775709941300114,0.03184500878403981,0.06,ok,,0
601_fri_c1_250_5,regression,250,5,False,A11 A21 A31 A41 A53 A61,,IB1,k-Nearest Neighbors,True,,16,0.714544186196001,0.025486178215195172,0.06,ok,,0
601_fri_c1_250_5,regression,250,5,False,A11 A21 A31 A41 A53 A61,,NN2,MLP (Feedforward),True,,9,0.9013665736109132,0.020484819818226675,1.91,ok,,0
601_fri_c1_250_5,regression,250,5,False,A11 A21 A31 A41 A53 A61,,EN3,XGBoost,True,,5,0.8475160603646964,0.009148806384000292,1.34,ok,,0
601_fri_c1_250_5,regression,250,5,False,A11 A21 A31 A41 A53 A61,,EN4,LightGBM,True,,3,0.870398743648949,0.025125804660019492,1.57,ok,,0
601_fri_c1_250_5,regression,250,5,False,A11 A21 A31 A41 A53 A61,,BASE-HGB,Histogram Gradient Boosting (baseline),False,,,0.8883414302046534,0.01311864779527738,1.75,ok,,0
596_fri_c2_250_5,regression,250,5,False,A11 A21 A31 A41 A54 A61,,LM1,Linear Regression,True,,15,0.2532867529997684,0.10191484353562819,0.06,ok,,0
596_fri_c2_250_5,regression,250,5,False,A11 A21 A31 A41 A54 A61,,LM3,Ridge Regression,True,,10,0.2540880021775907,0.09969715261205478,0.07,ok,,0
596_fri_c2_250_5,regression,250,5,False,A11 A21 A31 A41 A54 A61,,LM4,Lasso Regression,True,,18,-0.023097583893322993,0.015898351681584072,0.06,ok,,0
596_fri_c2_250_5,regression,250,5,False,A11 A21 A31 A41 A54 A61,,LM5,Elastic Net,True,,19,-0.023097583893322993,0.015898351681584072,0.06,ok,,0
596_fri_c2_250_5,regression,250,5,False,A11 A21 A31 A41 A54 A61,,LM6,Polynomial Regression,True,,14,0.2750743584526544,0.10256800114873563,0.06,ok,,0
596_fri_c2_250_5,regression,250,5,False,A11 A21 A31 A41 A54 A61,,LM7,Bayesian Linear Regression,True,,11,0.2529597147345669,0.0889720841339939,0.06,ok,,0
596_fri_c2_250_5,regression,250,5,False,A11 A21 A31 A41 A54 A61,,TR1,Decision Tree,True,,12,0.6333434676799764,0.0747840609931739,0.05,ok,,0
596_fri_c2_250_5,regression,250,5,False,A11 A21 A31 A41 A54 A61,,TR2,Random Forest,True,,4,0.8264206687811239,0.050714320994122215,1.89,ok,,0
596_fri_c2_250_5,regression,250,5,False,A11 A21 A31 A41 A54 A61,,TR3,Extra Trees,True,,2,0.8958908211884097,0.021211374476092604,1.35,ok,,0
596_fri_c2_250_5,regression,250,5,False,A11 A21 A31 A41 A54 A61,,EN1,AdaBoost,True,,7,0.7504105873662889,0.020877152786566242,0.42,ok,,0
596_fri_c2_250_5,regression,250,5,False,A11 A21 A31 A41 A54 A61,,EN2,Gradient Boosting (GBM),True,,1,0.8778177380104093,0.020352927704555736,0.46,ok,,0
596_fri_c2_250_5,regression,250,5,False,A11 A21 A31 A41 A54 A61,,EN6,Stacking,True,,6,0.751187734733473,0.07099542904582691,0.38,ok,,0
596_fri_c2_250_5,regression,250,5,False,A11 A21 A31 A41 A54 A61,,EN7,Voting Ensemble,True,,8,0.6972204374743851,0.046583131506301674,0.13,ok,,0
596_fri_c2_250_5,regression,250,5,False,A11 A21 A31 A41 A54 A61,,SV1,SVM (linear),True,,17,0.2248942265426055,0.09985946324268691,0.05,ok,,0
596_fri_c2_250_5,regression,250,5,False,A11 A21 A31 A41 A54 A61,,SV2,Kernel SVM (RBF/Poly),True,,13,0.7145801762740097,0.03734583161358998,0.07,ok,,0
596_fri_c2_250_5,regression,250,5,False,A11 A21 A31 A41 A54 A61,,IB1,k-Nearest Neighbors,True,,16,0.7102418191415437,0.09112873312641191,0.05,ok,,0
596_fri_c2_250_5,regression,250,5,False,A11 A21 A31 A41 A54 A61,,NN2,MLP (Feedforward),True,,9,0.8553926382013186,0.045649141200191014,1.6,ok,,0
596_fri_c2_250_5,regression,250,5,False,A11 A21 A31 A41 A54 A61,,EN3,XGBoost,True,,5,0.8258248380854631,0.06415019335856191,1.26,ok,,0
596_fri_c2_250_5,regression,250,5,False,A11 A21 A31 A41 A54 A61,,EN4,LightGBM,True,,3,0.8551931549443721,0.04403808706453246,0.62,ok,,0
596_fri_c2_250_5,regression,250,5,False,A11 A21 A31 A41 A54 A61,,BASE-HGB,Histogram Gradient Boosting (baseline),False,,,0.8593259874838071,0.03901205442594388,1.85,ok,,0
647_fri_c1_250_10,regression,250,10,False,A11 A21 A31 A41 A54 A61,,LM1,Linear Regression,True,,15,0.18951405363080628,0.140008251910621,0.06,ok,,0
647_fri_c1_250_10,regression,250,10,False,A11 A21 A31 A41 A54 A61,,LM3,Ridge Regression,True,,10,0.19175143115916388,0.1425578460619197,0.06,ok,,0
647_fri_c1_250_10,regression,250,10,False,A11 A21 A31 A41 A54 A61,,LM4,Lasso Regression,True,,18,-0.047741062799664655,0.05909130212898299,0.07,ok,,0
647_fri_c1_250_10,regression,250,10,False,A11 A21 A31 A41 A54 A61,,LM5,Elastic Net,True,,19,-0.047741062799664655,0.05909130212898299,0.06,ok,,0
647_fri_c1_250_10,regression,250,10,False,A11 A21 A31 A41 A54 A61,,LM6,Polynomial Regression,True,,14,-0.0001191708841020045,0.17565686447009696,0.07,ok,,0
647_fri_c1_250_10,regression,250,10,False,A11 A21 A31 A41 A54 A61,,LM7,Bayesian Linear Regression,True,,11,0.19933552759014558,0.13423802510883484,0.11,ok,,0
647_fri_c1_250_10,regression,250,10,False,A11 A21 A31 A41 A54 A61,,TR1,Decision Tree,True,,12,0.48775234807659196,0.12503374341533685,0.05,ok,,0
647_fri_c1_250_10,regression,250,10,False,A11 A21 A31 A41 A54 A61,,TR2,Random Forest,True,,4,0.7819459874757875,0.055311111226167095,2.33,ok,,0
647_fri_c1_250_10,regression,250,10,False,A11 A21 A31 A41 A54 A61,,TR3,Extra Trees,True,,2,0.8493617426722517,0.030333672116647836,1.61,ok,,0
647_fri_c1_250_10,regression,250,10,False,A11 A21 A31 A41 A54 A61,,EN1,AdaBoost,True,,7,0.7567396418125216,0.032839148289516236,0.49,ok,,0
647_fri_c1_250_10,regression,250,10,False,A11 A21 A31 A41 A54 A61,,EN2,Gradient Boosting (GBM),True,,1,0.8582523087502054,0.025086851410061003,0.57,ok,,0
647_fri_c1_250_10,regression,250,10,False,A11 A21 A31 A41 A54 A61,,EN6,Stacking,True,,6,0.6045877114020848,0.08448164223164449,0.37,ok,,0
647_fri_c1_250_10,regression,250,10,False,A11 A21 A31 A41 A54 A61,,EN7,Voting Ensemble,True,,8,0.5275575566017624,0.08417567084368685,0.14,ok,,0
647_fri_c1_250_10,regression,250,10,False,A11 A21 A31 A41 A54 A61,,SV1,SVM (linear),True,,17,0.13008776157529955,0.12334219631968878,0.06,ok,,0
647_fri_c1_250_10,regression,250,10,False,A11 A21 A31 A41 A54 A61,,SV2,Kernel SVM (RBF/Poly),True,,13,0.28132549226842307,0.13802897564764965,0.07,ok,,0
647_fri_c1_250_10,regression,250,10,False,A11 A21 A31 A41 A54 A61,,IB1,k-Nearest Neighbors,True,,16,0.2714336098278268,0.14775195585566434,0.05,ok,,0
647_fri_c1_250_10,regression,250,10,False,A11 A21 A31 A41 A54 A61,,NN2,MLP (Feedforward),True,,9,0.19982544171651626,0.18850070812203715,1.97,ok,,0
647_fri_c1_250_10,regression,250,10,False,A11 A21 A31 A41 A54 A61,,EN3,XGBoost,True,,5,0.7685267678981365,0.06466030453044569,1.32,ok,,0
647_fri_c1_250_10,regression,250,10,False,A11 A21 A31 A41 A54 A61,,EN4,LightGBM,True,,3,0.8566558422292271,0.03785816522093683,0.34,ok,,0
647_fri_c1_250_10,regression,250,10,False,A11 A21 A31 A41 A54 A61,,BASE-HGB,Histogram Gradient Boosting (baseline),False,,,0.850494513111513,0.0399780893402519,1.62,ok,,0
648_fri_c1_250_50,regression,250,50,False,A11 A21 A31 A42 A54 A61,,LM1,Linear Regression,True,,15,0.18693281441952964,0.21645481371255426,0.08,ok,,0
648_fri_c1_250_50,regression,250,50,False,A11 A21 A31 A42 A54 A61,,LM3,Ridge Regression,True,,10,0.1920879432202313,0.21297929537320862,0.11,ok,,0
648_fri_c1_250_50,regression,250,50,False,A11 A21 A31 A42 A54 A61,,LM4,Lasso Regression,True,,18,-0.03348267199088695,0.04918899332858227,0.07,ok,,0
648_fri_c1_250_50,regression,250,50,False,A11 A21 A31 A42 A54 A61,,LM5,Elastic Net,True,,19,-0.03348267199088695,0.04918899332858227,0.07,ok,,0
648_fri_c1_250_50,regression,250,50,False,A11 A21 A31 A42 A54 A61,,LM6,Polynomial Regression,True,,14,0.01703640123253336,0.09966369060857339,0.38,ok,,0
648_fri_c1_250_50,regression,250,50,False,A11 A21 A31 A42 A54 A61,,LM7,Bayesian Linear Regression,True,,11,0.23436055778473067,0.15709902316859126,0.12,ok,,0
648_fri_c1_250_50,regression,250,50,False,A11 A21 A31 A42 A54 A61,,TR1,Decision Tree,True,,12,0.4194431286350677,0.15549522698597576,0.09,ok,,0
648_fri_c1_250_50,regression,250,50,False,A11 A21 A31 A42 A54 A61,,TR2,Random Forest,True,,4,0.7330671255970046,0.08562933875577247,4.46,ok,,0
648_fri_c1_250_50,regression,250,50,False,A11 A21 A31 A42 A54 A61,,TR3,Extra Trees,True,,2,0.7832954906012339,0.04391481585913137,3.15,ok,,0
648_fri_c1_250_50,regression,250,50,False,A11 A21 A31 A42 A54 A61,,EN1,AdaBoost,True,,7,0.6775063465445861,0.065710934580091,0.85,ok,,0
648_fri_c1_250_50,regression,250,50,False,A11 A21 A31 A42 A54 A61,,EN2,Gradient Boosting (GBM),True,,1,0.8361448742481953,0.04417776814127086,1.99,ok,,0
648_fri_c1_250_50,regression,250,50,False,A11 A21 A31 A42 A54 A61,,EN6,Stacking,True,,6,0.5437519304902376,0.10230701681393635,0.84,ok,,0
648_fri_c1_250_50,regression,250,50,False,A11 A21 A31 A42 A54 A61,,EN7,Voting Ensemble,True,,8,0.4702979051346231,0.10520764898476294,0.24,ok,,0
648_fri_c1_250_50,regression,250,50,False,A11 A21 A31 A42 A54 A61,,SV1,SVM (linear),True,,17,-0.02098476650419554,0.2773294849187149,0.39,ok,,0
648_fri_c1_250_50,regression,250,50,False,A11 A21 A31 A42 A54 A61,,SV2,Kernel SVM (RBF/Poly),True,,13,0.21818262236478986,0.12843277639628,0.09,ok,,0
648_fri_c1_250_50,regression,250,50,False,A11 A21 A31 A42 A54 A61,,IB1,k-Nearest Neighbors,True,,16,0.013809097638741209,0.16706343546470626,0.14,ok,,0
648_fri_c1_250_50,regression,250,50,False,A11 A21 A31 A42 A54 A61,,NN2,MLP (Feedforward),True,,9,-0.008408123907422915,0.19338668137783313,0.75,ok,,0
648_fri_c1_250_50,regression,250,50,False,A11 A21 A31 A42 A54 A61,,EN3,XGBoost,True,,5,0.7453631920950335,0.08164518934727964,4.46,ok,,0
648_fri_c1_250_50,regression,250,50,False,A11 A21 A31 A42 A54 A61,,EN4,LightGBM,True,,3,0.8378658289627877,0.06114405845921081,1.12,ok,,0
648_fri_c1_250_50,regression,250,50,False,A11 A21 A31 A42 A54 A61,,BASE-HGB,Histogram Gradient Boosting (baseline),False,,,0.8414370126409679,0.056019583052031925,2.94,ok,,0
644_fri_c4_250_25,regression,250,25,False,A11 A21 A31 A41 A54 A61,,LM1,Linear Regression,True,,15,0.07280275322323218,0.1182784267277902,0.06,ok,,0
644_fri_c4_250_25,regression,250,25,False,A11 A21 A31 A41 A54 A61,,LM3,Ridge Regression,True,,10,0.07761687064431093,0.11426079113209292,0.06,ok,,0
644_fri_c4_250_25,regression,250,25,False,A11 A21 A31 A41 A54 A61,,LM4,Lasso Regression,True,,18,-0.008033414268141258,0.003930518022048712,0.06,ok,,0
644_fri_c4_250_25,regression,250,25,False,A11 A21 A31 A41 A54 A61,,LM5,Elastic Net,True,,19,-0.008033414268141258,0.003930518022048712,0.06,ok,,0
644_fri_c4_250_25,regression,250,25,False,A11 A21 A31 A41 A54 A61,,LM6,Polynomial Regression,True,,14,-1.257838710958687,0.25986806869250006,0.29,ok,,0
644_fri_c4_250_25,regression,250,25,False,A11 A21 A31 A41 A54 A61,,LM7,Bayesian Linear Regression,True,,11,0.12860120683618026,0.05177137196872247,0.11,ok,,0
644_fri_c4_250_25,regression,250,25,False,A11 A21 A31 A41 A54 A61,,TR1,Decision Tree,True,,12,0.35938131746717394,0.17325221606341862,0.07,ok,,0
644_fri_c4_250_25,regression,250,25,False,A11 A21 A31 A41 A54 A61,,TR2,Random Forest,True,,4,0.7306410270012217,0.07393618402292812,3.08,ok,,0
644_fri_c4_250_25,regression,250,25,False,A11 A21 A31 A41 A54 A61,,TR3,Extra Trees,True,,2,0.7939512200693302,0.02058580784101715,2.26,ok,,0
644_fri_c4_250_25,regression,250,25,False,A11 A21 A31 A41 A54 A61,,EN1,AdaBoost,True,,7,0.6137615153909858,0.07387305080956198,0.62,ok,,0
644_fri_c4_250_25,regression,250,25,False,A11 A21 A31 A41 A54 A61,,EN2,Gradient Boosting (GBM),True,,1,0.7912537850815697,0.07185349308347386,0.96,ok,,0
644_fri_c4_250_25,regression,250,25,False,A11 A21 A31 A41 A54 A61,,EN6,Stacking,True,,6,0.4866479385804885,0.1591356425069947,0.57,ok,,0
644_fri_c4_250_25,regression,250,25,False,A11 A21 A31 A41 A54 A61,,EN7,Voting Ensemble,True,,8,0.44004624840079287,0.07633141515978453,0.15,ok,,0
644_fri_c4_250_25,regression,250,25,False,A11 A21 A31 A41 A54 A61,,SV1,SVM (linear),True,,17,-0.09691898406304567,0.1706272033991589,0.1,ok,,0
644_fri_c4_250_25,regression,250,25,False,A11 A21 A31 A41 A54 A61,,SV2,Kernel SVM (RBF/Poly),True,,13,0.13016444106570388,0.04546578055714088,0.08,ok,,0
644_fri_c4_250_25,regression,250,25,False,A11 A21 A31 A41 A54 A61,,IB1,k-Nearest Neighbors,True,,16,0.12746117039684987,0.10156237001423278,0.06,ok,,0
644_fri_c4_250_25,regression,250,25,False,A11 A21 A31 A41 A54 A61,,NN2,MLP (Feedforward),True,,9,-0.3381792944041342,0.1639663292432366,1.15,ok,,0
644_fri_c4_250_25,regression,250,25,False,A11 A21 A31 A41 A54 A61,,EN3,XGBoost,True,,5,0.7334547308954025,0.0656044373025739,2.86,ok,,0
644_fri_c4_250_25,regression,250,25,False,A11 A21 A31 A41 A54 A61,,EN4,LightGBM,True,,3,0.7589736251340853,0.08541026499522561,1.13,ok,,0
644_fri_c4_250_25,regression,250,25,False,A11 A21 A31 A41 A54 A61,,BASE-HGB,Histogram Gradient Boosting (baseline),False,,,0.7733518055454154,0.08425618845962381,2.83,ok,,0
605_fri_c2_250_25,regression,250,25,False,A11 A21 A31 A41 A54 A61,,LM1,Linear Regression,True,,15,0.2712135961326045,0.12880246883061097,0.07,ok,,0
605_fri_c2_250_25,regression,250,25,False,A11 A21 A31 A41 A54 A61,,LM3,Ridge Regression,True,,10,0.2724888212370101,0.12728119082969125,0.06,ok,,0
605_fri_c2_250_25,regression,250,25,False,A11 A21 A31 A41 A54 A61,,LM4,Lasso Regression,True,,18,-0.013403970595010995,0.009963714733993332,0.06,ok,,0
605_fri_c2_250_25,regression,250,25,False,A11 A21 A31 A41 A54 A61,,LM5,Elastic Net,True,,19,-0.013403970595010995,0.009963714733993332,0.07,ok,,0
605_fri_c2_250_25,regression,250,25,False,A11 A21 A31 A41 A54 A61,,LM6,Polynomial Regression,True,,14,-0.2858981713973089,0.2297277062061875,0.61,ok,,0
605_fri_c2_250_25,regression,250,25,False,A11 A21 A31 A41 A54 A61,,LM7,Bayesian Linear Regression,True,,11,0.2746019428988505,0.09722051438632082,0.09,ok,,0
605_fri_c2_250_25,regression,250,25,False,A11 A21 A31 A41 A54 A61,,TR1,Decision Tree,True,,12,0.30758280833875695,0.21788020135808095,0.08,ok,,0
605_fri_c2_250_25,regression,250,25,False,A11 A21 A31 A41 A54 A61,,TR2,Random Forest,True,,4,0.7314498380084826,0.04675763164043649,3.25,ok,,0
605_fri_c2_250_25,regression,250,25,False,A11 A21 A31 A41 A54 A61,,TR3,Extra Trees,True,,2,0.7922329517548311,0.04488860517306711,2.22,ok,,0
605_fri_c2_250_25,regression,250,25,False,A11 A21 A31 A41 A54 A61,,EN1,AdaBoost,True,,7,0.7186493137097525,0.057747580213345404,0.6,ok,,0
605_fri_c2_250_25,regression,250,25,False,A11 A21 A31 A41 A54 A61,,EN2,Gradient Boosting (GBM),True,,1,0.855334349544084,0.03784173709386891,1.02,ok,,0
605_fri_c2_250_25,regression,250,25,False,A11 A21 A31 A41 A54 A61,,EN6,Stacking,True,,6,0.5314145381862141,0.15002784578836342,0.52,ok,,0
605_fri_c2_250_25,regression,250,25,False,A11 A21 A31 A41 A54 A61,,EN7,Voting Ensemble,True,,8,0.48682572073926844,0.110769268871475,0.16,ok,,0
605_fri_c2_250_25,regression,250,25,False,A11 A21 A31 A41 A54 A61,,SV1,SVM (linear),True,,17,0.1813510832618765,0.1659030789818192,0.09,ok,,0
605_fri_c2_250_25,regression,250,25,False,A11 A21 A31 A41 A54 A61,,SV2,Kernel SVM (RBF/Poly),True,,13,0.31111351235101486,0.12831691335095344,0.08,ok,,0
605_fri_c2_250_25,regression,250,25,False,A11 A21 A31 A41 A54 A61,,IB1,k-Nearest Neighbors,True,,16,0.16995535268127887,0.12797598555398582,0.25,ok,,0
605_fri_c2_250_25,regression,250,25,False,A11 A21 A31 A41 A54 A61,,NN2,MLP (Feedforward),True,,9,0.199785593447844,0.14804532289916128,1.15,ok,,0
605_fri_c2_250_25,regression,250,25,False,A11 A21 A31 A41 A54 A61,,EN3,XGBoost,True,,5,0.7801111765840231,0.0837033347049524,3.26,ok,,0
605_fri_c2_250_25,regression,250,25,False,A11 A21 A31 A41 A54 A61,,EN4,LightGBM,True,,3,0.8191397339210356,0.051178551381446474,0.49,ok,,0
605_fri_c2_250_25,regression,250,25,False,A11 A21 A31 A41 A54 A61,,BASE-HGB,Histogram Gradient Boosting (baseline),False,,,0.8281996888350627,0.03789316952980931,2.32,ok,,0
658_fri_c3_250_25,regression,250,25,False,A11 A21 A31 A41 A54 A61,,LM1,Linear Regression,True,,15,0.08724802790925104,0.2527512587565971,0.06,ok,,0
658_fri_c3_250_25,regression,250,25,False,A11 A21 A31 A41 A54 A61,,LM3,Ridge Regression,True,,10,0.09119588279988174,0.25059023528152147,0.06,ok,,0
658_fri_c3_250_25,regression,250,25,False,A11 A21 A31 A41 A54 A61,,LM4,Lasso Regression,True,,18,-0.0055361905909845355,0.006514310816447797,0.06,ok,,0
658_fri_c3_250_25,regression,250,25,False,A11 A21 A31 A41 A54 A61,,LM5,Elastic Net,True,,19,-0.005325712900270241,0.006675673730601692,0.06,ok,,0
658_fri_c3_250_25,regression,250,25,False,A11 A21 A31 A41 A54 A61,,LM6,Polynomial Regression,True,,14,-0.9017743898203114,0.5411811389578018,0.44,ok,,0
658_fri_c3_250_25,regression,250,25,False,A11 A21 A31 A41 A54 A61,,LM7,Bayesian Linear Regression,True,,11,0.13118694466683406,0.182283148255932,0.07,ok,,0
658_fri_c3_250_25,regression,250,25,False,A11 A21 A31 A41 A54 A61,,TR1,Decision Tree,True,,12,0.4707350902871926,0.0861646785345007,0.07,ok,,0
658_fri_c3_250_25,regression,250,25,False,A11 A21 A31 A41 A54 A61,,TR2,Random Forest,True,,4,0.7446996845161205,0.01872860572498986,3.06,ok,,0
658_fri_c3_250_25,regression,250,25,False,A11 A21 A31 A41 A54 A61,,TR3,Extra Trees,True,,2,0.7620043708308686,0.038765965977218556,2.27,ok,,0
658_fri_c3_250_25,regression,250,25,False,A11 A21 A31 A41 A54 A61,,EN1,AdaBoost,True,,7,0.6504944943776476,0.05568352001444216,0.68,ok,,0
658_fri_c3_250_25,regression,250,25,False,A11 A21 A31 A41 A54 A61,,EN2,Gradient Boosting (GBM),True,,1,0.8011933239110741,0.030135538509114154,0.9,ok,,0
658_fri_c3_250_25,regression,250,25,False,A11 A21 A31 A41 A54 A61,,EN6,Stacking,True,,6,0.5561491237707765,0.062229959590285856,0.6,ok,,0
658_fri_c3_250_25,regression,250,25,False,A11 A21 A31 A41 A54 A61,,EN7,Voting Ensemble,True,,8,0.484938580984054,0.09578661616495829,0.15,ok,,0
658_fri_c3_250_25,regression,250,25,False,A11 A21 A31 A41 A54 A61,,SV1,SVM (linear),True,,17,-0.09657243968087106,0.34490188642268094,0.11,ok,,0
658_fri_c3_250_25,regression,250,25,False,A11 A21 A31 A41 A54 A61,,SV2,Kernel SVM (RBF/Poly),True,,13,0.1711633736032514,0.10808802546671949,0.1,ok,,0
658_fri_c3_250_25,regression,250,25,False,A11 A21 A31 A41 A54 A61,,IB1,k-Nearest Neighbors,True,,16,0.15593415285047196,0.1298938021553186,0.12,ok,,0
658_fri_c3_250_25,regression,250,25,False,A11 A21 A31 A41 A54 A61,,NN2,MLP (Feedforward),True,,9,-0.20710202407786005,0.2976700810325047,1.16,ok,,0
658_fri_c3_250_25,regression,250,25,False,A11 A21 A31 A41 A54 A61,,EN3,XGBoost,True,,5,0.7314170405549052,0.021847083615695557,14.58,ok,,0
658_fri_c3_250_25,regression,250,25,False,A11 A21 A31 A41 A54 A61,,EN4,LightGBM,True,,3,0.7610589913151564,0.05961990020586001,1.01,ok,,0
658_fri_c3_250_25,regression,250,25,False,A11 A21 A31 A41 A54 A61,,BASE-HGB,Histogram Gradient Boosting (baseline),False,,,0.7578490947514174,0.04683236289666405,40.2,ok,,0
653_fri_c0_250_25,regression,250,25,False,A11 A21 A31 A41 A54 A61,,LM1,Linear Regression,True,,15,0.6934455105692452,0.056749411207222884,0.07,ok,,0
653_fri_c0_250_25,regression,250,25,False,A11 A21 A31 A41 A54 A61,,LM3,Ridge Regression,True,,10,0.6943348253124276,0.05617788419917737,0.09,ok,,0
653_fri_c0_250_25,regression,250,25,False,A11 A21 A31 A41 A54 A61,,LM4,Lasso Regression,True,,18,-0.018263969566775718,0.02471050589950003,0.16,ok,,0
653_fri_c0_250_25,regression,250,25,False,A11 A21 A31 A41 A54 A61,,LM5,Elastic Net,True,,19,0.03771000635939692,0.024066142895423626,0.15,ok,,0
653_fri_c0_250_25,regression,250,25,False,A11 A21 A31 A41 A54 A61,,LM6,Polynomial Regression,True,,14,0.1898747689111495,0.11080694100526274,0.21,ok,,0
653_fri_c0_250_25,regression,250,25,False,A11 A21 A31 A41 A54 A61,,LM7,Bayesian Linear Regression,True,,11,0.6984047522689787,0.05307661053786649,0.14,ok,,0
653_fri_c0_250_25,regression,250,25,False,A11 A21 A31 A41 A54 A61,,TR1,Decision Tree,True,,12,0.3488465889758192,0.21227359092913944,0.07,ok,,0
653_fri_c0_250_25,regression,250,25,False,A11 A21 A31 A41 A54 A61,,TR2,Random Forest,True,,4,0.7036301372594109,0.047592386623071185,3.58,ok,,0
653_fri_c0_250_25,regression,250,25,False,A11 A21 A31 A41 A54 A61,,TR3,Extra Trees,True,,2,0.7397470805878026,0.038103199139136956,2.75,ok,,0
653_fri_c0_250_25,regression,250,25,False,A11 A21 A31 A41 A54 A61,,EN1,AdaBoost,True,,7,0.7116569285462869,0.0338346333497381,0.81,ok,,0
653_fri_c0_250_25,regression,250,25,False,A11 A21 A31 A41 A54 A61,,EN2,Gradient Boosting (GBM),True,,1,0.797903150629761,0.015296557307255544,1.14,ok,,0
653_fri_c0_250_25,regression,250,25,False,A11 A21 A31 A41 A54 A61,,EN6,Stacking,True,,6,0.7240722794405673,0.05909047609496273,0.68,ok,,0
653_fri_c0_250_25,regression,250,25,False,A11 A21 A31 A41 A54 A61,,EN7,Voting Ensemble,True,,8,0.6776489065364916,0.06789759798049641,0.19,ok,,0
653_fri_c0_250_25,regression,250,25,False,A11 A21 A31 A41 A54 A61,,SV1,SVM (linear),True,,17,0.6856864337043582,0.05223362361625124,0.12,ok,,0
653_fri_c0_250_25,regression,250,25,False,A11 A21 A31 A41 A54 A61,,SV2,Kernel SVM (RBF/Poly),True,,13,0.643194263942916,0.042176183438383974,0.12,ok,,0
653_fri_c0_250_25,regression,250,25,False,A11 A21 A31 A41 A54 A61,,IB1,k-Nearest Neighbors,True,,16,0.3737645831455077,0.09139520432385229,0.12,ok,,0
653_fri_c0_250_25,regression,250,25,False,A11 A21 A31 A41 A54 A61,,NN2,MLP (Feedforward),True,,9,0.5732726053339323,0.06475570701286953,1.22,ok,,0
653_fri_c0_250_25,regression,250,25,False,A11 A21 A31 A41 A54 A61,,EN3,XGBoost,True,,5,0.6717681769072248,0.055881428287533196,33.22,ok,,0
653_fri_c0_250_25,regression,250,25,False,A11 A21 A31 A41 A54 A61,,EN4,LightGBM,True,,3,0.8133827956630743,0.02658126602719488,7.72,ok,,0
653_fri_c0_250_25,regression,250,25,False,A11 A21 A31 A41 A54 A61,,BASE-HGB,Histogram Gradient Boosting (baseline),False,,,0.8130932543543624,0.024846631643559342,30.11,ok,,0
657_fri_c2_250_10,regression,250,10,False,A11 A21 A31 A41 A54 A61,,LM1,Linear Regression,True,,15,0.19112698710561038,0.12988414835470258,0.08,ok,,0
657_fri_c2_250_10,regression,250,10,False,A11 A21 A31 A41 A54 A61,,LM3,Ridge Regression,True,,10,0.19253542727181777,0.1278796521460846,0.06,ok,,0
657_fri_c2_250_10,regression,250,10,False,A11 A21 A31 A41 A54 A61,,LM4,Lasso Regression,True,,18,-0.06217330410837039,0.07190941183173219,0.12,ok,,0
657_fri_c2_250_10,regression,250,10,False,A11 A21 A31 A41 A54 A61,,LM5,Elastic Net,True,,19,-0.06217330410837039,0.07190941183173219,0.06,ok,,0
657_fri_c2_250_10,regression,250,10,False,A11 A21 A31 A41 A54 A61,,LM6,Polynomial Regression,True,,14,-0.02135259755573442,0.2307855850869322,0.09,ok,,0
657_fri_c2_250_10,regression,250,10,False,A11 A21 A31 A41 A54 A61,,LM7,Bayesian Linear Regression,True,,11,0.20321564990398028,0.09691371902627373,0.1,ok,,0
657_fri_c2_250_10,regression,250,10,False,A11 A21 A31 A41 A54 A61,,TR1,Decision Tree,True,,12,0.6332042118102352,0.11100857216662986,0.06,ok,,0
657_fri_c2_250_10,regression,250,10,False,A11 A21 A31 A41 A54 A61,,TR2,Random Forest,True,,4,0.8391642152791704,0.05561597480916689,2.77,ok,,0
657_fri_c2_250_10,regression,250,10,False,A11 A21 A31 A41 A54 A61,,TR3,Extra Trees,True,,2,0.8806648774672613,0.03041179040122977,1.92,ok,,0
657_fri_c2_250_10,regression,250,10,False,A11 A21 A31 A41 A54 A61,,EN1,AdaBoost,True,,7,0.8022932862516463,0.042997557457564894,0.57,ok,,0
657_fri_c2_250_10,regression,250,10,False,A11 A21 A31 A41 A54 A61,,EN2,Gradient Boosting (GBM),True,,1,0.8665550741980732,0.04843250695115914,0.75,ok,,0
657_fri_c2_250_10,regression,250,10,False,A11 A21 A31 A41 A54 A61,,EN6,Stacking,True,,6,0.7399528071427284,0.04945752267898312,0.55,ok,,0
657_fri_c2_250_10,regression,250,10,False,A11 A21 A31 A41 A54 A61,,EN7,Voting Ensemble,True,,8,0.6206984235593124,0.03630850469009286,0.18,ok,,0
657_fri_c2_250_10,regression,250,10,False,A11 A21 A31 A41 A54 A61,,SV1,SVM (linear),True,,17,0.11696112759740551,0.1342727856935135,0.13,ok,,0
657_fri_c2_250_10,regression,250,10,False,A11 A21 A31 A41 A54 A61,,SV2,Kernel SVM (RBF/Poly),True,,13,0.4309196773756504,0.03086074453376387,0.07,ok,,0
657_fri_c2_250_10,regression,250,10,False,A11 A21 A31 A41 A54 A61,,IB1,k-Nearest Neighbors,True,,16,0.39221118635864477,0.06998075173792508,0.07,ok,,0
657_fri_c2_250_10,regression,250,10,False,A11 A21 A31 A41 A54 A61,,NN2,MLP (Feedforward),True,,9,0.3610311806545802,0.16357303747252588,2.53,ok,,0
657_fri_c2_250_10,regression,250,10,False,A11 A21 A31 A41 A54 A61,,EN3,XGBoost,True,,5,0.8408032019718881,0.04886841096235235,19.71,ok,,0
657_fri_c2_250_10,regression,250,10,False,A11 A21 A31 A41 A54 A61,,EN4,LightGBM,True,,3,0.8490514731959424,0.072965681383506,4.45,ok,,0
657_fri_c2_250_10,regression,250,10,False,A11 A21 A31 A41 A54 A61,,BASE-HGB,Histogram Gradient Boosting (baseline),False,,,0.8574348866894974,0.0697259592314395,2.33,ok,,0
560_bodyfat,regression,252,14,False,A11 A21 A31 A41 A54 A61,,LM1,Linear Regression,True,,15,0.9689155262396856,0.0346775292108222,0.07,ok,,0
560_bodyfat,regression,252,14,False,A11 A21 A31 A41 A54 A61,,LM3,Ridge Regression,True,,10,0.9691465428713247,0.033034552549531436,0.07,ok,,0
560_bodyfat,regression,252,14,False,A11 A21 A31 A41 A54 A61,,LM4,Lasso Regression,True,,18,0.9579971090448464,0.025360602575309775,0.07,ok,,0
560_bodyfat,regression,252,14,False,A11 A21 A31 A41 A54 A61,,LM5,Elastic Net,True,,19,0.8609030187222926,0.02221143168529751,0.06,ok,,0
560_bodyfat,regression,252,14,False,A11 A21 A31 A41 A54 A61,,LM6,Polynomial Regression,True,,14,0.8774912713353858,0.17340378301801015,0.07,ok,,0
560_bodyfat,regression,252,14,False,A11 A21 A31 A41 A54 A61,,LM7,Bayesian Linear Regression,True,,11,0.9688177894359132,0.03438010462560852,0.06,ok,,0
560_bodyfat,regression,252,14,False,A11 A21 A31 A41 A54 A61,,TR1,Decision Tree,True,,12,0.9375300268694282,0.025834596812025473,0.06,ok,,0
560_bodyfat,regression,252,14,False,A11 A21 A31 A41 A54 A61,,TR2,Random Forest,True,,4,0.9604952161952086,0.01709232810415121,2.67,ok,,0
560_bodyfat,regression,252,14,False,A11 A21 A31 A41 A54 A61,,TR3,Extra Trees,True,,2,0.969486087809452,0.013737552744829453,1.74,ok,,0
560_bodyfat,regression,252,14,False,A11 A21 A31 A41 A54 A61,,EN1,AdaBoost,True,,7,0.9405648184627442,0.01589160310402438,0.59,ok,,0
560_bodyfat,regression,252,14,False,A11 A21 A31 A41 A54 A61,,EN2,Gradient Boosting (GBM),True,,1,0.9588566418857887,0.026762909474486358,0.71,ok,,0
560_bodyfat,regression,252,14,False,A11 A21 A31 A41 A54 A61,,EN6,Stacking,True,,6,0.9662179929357564,0.03215814445080502,0.5,ok,,0
560_bodyfat,regression,252,14,False,A11 A21 A31 A41 A54 A61,,EN7,Voting Ensemble,True,,8,0.9551446146106761,0.014496247499147545,0.22,ok,,0
560_bodyfat,regression,252,14,False,A11 A21 A31 A41 A54 A61,,SV1,SVM (linear),True,,17,0.9731642250848148,0.035438032429977014,0.11,ok,,0
560_bodyfat,regression,252,14,False,A11 A21 A31 A41 A54 A61,,SV2,Kernel SVM (RBF/Poly),True,,13,0.7845070924910551,0.08578139763678397,0.09,ok,,0
560_bodyfat,regression,252,14,False,A11 A21 A31 A41 A54 A61,,IB1,k-Nearest Neighbors,True,,16,0.8251184595916294,0.04576488443932543,0.11,ok,,0
560_bodyfat,regression,252,14,False,A11 A21 A31 A41 A54 A61,,NN2,MLP (Feedforward),True,,9,0.8521221998383239,0.08401566433319306,3.35,ok,,0
560_bodyfat,regression,252,14,False,A11 A21 A31 A41 A54 A61,,EN3,XGBoost,True,,5,0.940274369697072,0.019720999604718025,3.2,ok,,0
560_bodyfat,regression,252,14,False,A11 A21 A31 A41 A54 A61,,EN4,LightGBM,True,,3,0.9525003912418241,0.01553146518810943,0.82,ok,,0
560_bodyfat,regression,252,14,False,A11 A21 A31 A41 A54 A61,,BASE-HGB,Histogram Gradient Boosting (baseline),False,,,0.9551383992033925,0.018126482739079738,2.09,ok,,0
690_visualizing_galaxy,regression,323,4,False,A11 A21 A31 A41 A54 A61,,LM1,Linear Regression,True,,15,0.891274915260835,0.013912794062898602,0.06,ok,,0
690_visualizing_galaxy,regression,323,4,False,A11 A21 A31 A41 A54 A61,,LM3,Ridge Regression,True,,10,0.8913873178072127,0.013428488453327121,0.06,ok,,0
690_visualizing_galaxy,regression,323,4,False,A11 A21 A31 A41 A54 A61,,LM4,Lasso Regression,True,,18,0.8912048401502236,0.01238610472554568,0.06,ok,,0
690_visualizing_galaxy,regression,323,4,False,A11 A21 A31 A41 A54 A61,,LM5,Elastic Net,True,,19,0.8218440568559515,0.025781295596606794,0.06,ok,,0
690_visualizing_galaxy,regression,323,4,False,A11 A21 A31 A41 A54 A61,,LM6,Polynomial Regression,True,,14,0.8874420820647746,0.01436090469332011,0.06,ok,,0
690_visualizing_galaxy,regression,323,4,False,A11 A21 A31 A41 A54 A61,,LM7,Bayesian Linear Regression,True,,11,0.8913361583743826,0.013622517085685492,0.06,ok,,0
690_visualizing_galaxy,regression,323,4,False,A11 A21 A31 A41 A54 A61,,TR1,Decision Tree,True,,12,0.9447453501126241,0.018980399230166523,0.05,ok,,0
690_visualizing_galaxy,regression,323,4,False,A11 A21 A31 A41 A54 A61,,TR2,Random Forest,True,,4,0.9698649312155796,0.010532218530822259,2.05,ok,,0
690_visualizing_galaxy,regression,323,4,False,A11 A21 A31 A41 A54 A61,,TR3,Extra Trees,True,,2,0.9728960261765621,0.008502157168774001,1.54,ok,,0
690_visualizing_galaxy,regression,323,4,False,A11 A21 A31 A41 A54 A61,,EN1,AdaBoost,True,,7,0.958632942809117,0.007310506740448259,0.44,ok,,0
690_visualizing_galaxy,regression,323,4,False,A11 A21 A31 A41 A54 A61,,EN2,Gradient Boosting (GBM),True,,1,0.9717521110696958,0.00695239979829969,0.42,ok,,0
690_visualizing_galaxy,regression,323,4,False,A11 A21 A31 A41 A54 A61,,EN6,Stacking,True,,6,0.9606938646596067,0.006796685126240677,0.42,ok,,0
690_visualizing_galaxy,regression,323,4,False,A11 A21 A31 A41 A54 A61,,EN7,Voting Ensemble,True,,8,0.9634557048516827,0.008680854366437308,0.13,ok,,0
690_visualizing_galaxy,regression,323,4,False,A11 A21 A31 A41 A54 A61,,SV1,SVM (linear),True,,17,-207.4158224301822,14.993017222408358,0.05,ok,,0
690_visualizing_galaxy,regression,323,4,False,A11 A21 A31 A41 A54 A61,,SV2,Kernel SVM (RBF/Poly),True,,13,0.45659057123829927,0.05214402773913994,0.07,ok,,0
690_visualizing_galaxy,regression,323,4,False,A11 A21 A31 A41 A54 A61,,IB1,k-Nearest Neighbors,True,,16,0.9710507569859409,0.006472838328556994,0.06,ok,,0
690_visualizing_galaxy,regression,323,4,False,A11 A21 A31 A41 A54 A61,,NN2,MLP (Feedforward),True,,9,-171.83401968268583,13.31301446986088,2.98,ok,,0
690_visualizing_galaxy,regression,323,4,False,A11 A21 A31 A41 A54 A61,,EN3,XGBoost,True,,5,0.9698629778278283,0.011840108918145478,1.61,ok,,0
690_visualizing_galaxy,regression,323,4,False,A11 A21 A31 A41 A54 A61,,EN4,LightGBM,True,,3,0.9696718267789372,0.007446736113151112,0.3,ok,,0
690_visualizing_galaxy,regression,323,4,False,A11 A21 A31 A41 A54 A61,,BASE-HGB,Histogram Gradient Boosting (baseline),False,,,0.9679725226361618,0.007915006143949044,1.53,ok,,0
nikuradse_2,regression,362,1,False,A11 A21 A31 A41 A54 A61,,LM1,Linear Regression,True,,15,-0.04526669031406261,0.050481063313216,0.07,ok,,0
nikuradse_2,regression,362,1,False,A11 A21 A31 A41 A54 A61,,LM3,Ridge Regression,True,,10,-0.04515314958000412,0.05036350396775494,0.06,ok,,0
nikuradse_2,regression,362,1,False,A11 A21 A31 A41 A54 A61,,LM4,Lasso Regression,True,,18,-0.02269170235203517,0.024887518630353413,0.08,ok,,0
nikuradse_2,regression,362,1,False,A11 A21 A31 A41 A54 A61,,LM5,Elastic Net,True,,19,-0.02269170235203517,0.024887518630353413,0.05,ok,,0
nikuradse_2,regression,362,1,False,A11 A21 A31 A41 A54 A61,,LM6,Polynomial Regression,True,,14,0.2609463082570701,0.12997552208451976,0.08,ok,,0
nikuradse_2,regression,362,1,False,A11 A21 A31 A41 A54 A61,,LM7,Bayesian Linear Regression,True,,11,-0.035946935828471235,0.043275848237785686,0.08,ok,,0
nikuradse_2,regression,362,1,False,A11 A21 A31 A41 A54 A61,,TR1,Decision Tree,True,,12,0.9531160441423386,0.007510901697306406,0.09,ok,,0
nikuradse_2,regression,362,1,False,A11 A21 A31 A41 A54 A61,,TR2,Random Forest,True,,4,0.9656913023585794,0.0028832891566608863,1.79,ok,,0
nikuradse_2,regression,362,1,False,A11 A21 A31 A41 A54 A61,,TR3,Extra Trees,True,,2,0.9613752077609103,0.005763209286092494,1.26,ok,,0
nikuradse_2,regression,362,1,False,A11 A21 A31 A41 A54 A61,,EN1,AdaBoost,True,,7,0.9597322752841814,0.007619228998223106,0.27,ok,,0
nikuradse_2,regression,362,1,False,A11 A21 A31 A41 A54 A61,,EN2,Gradient Boosting (GBM),True,,1,0.9700924524245478,0.004603082907422001,0.48,ok,,0
nikuradse_2,regression,362,1,False,A11 A21 A31 A41 A54 A61,,EN6,Stacking,True,,6,0.9705632645041401,0.0029539879539089093,0.47,ok,,0
nikuradse_2,regression,362,1,False,A11 A21 A31 A41 A54 A61,,EN7,Voting Ensemble,True,,8,0.8592724484678298,0.013573093403532967,0.12,ok,,0
nikuradse_2,regression,362,1,False,A11 A21 A31 A41 A54 A61,,SV1,SVM (linear),True,,17,-0.1812129367698152,0.1689949960106544,0.06,ok,,0
nikuradse_2,regression,362,1,False,A11 A21 A31 A41 A54 A61,,SV2,Kernel SVM (RBF/Poly),True,,13,0.9595974163871729,0.004714930130996103,0.05,ok,,0
nikuradse_2,regression,362,1,False,A11 A21 A31 A41 A54 A61,,IB1,k-Nearest Neighbors,True,,16,0.9674199160908087,0.004674457147228375,0.05,ok,,0
nikuradse_2,regression,362,1,False,A11 A21 A31 A41 A54 A61,,NN2,MLP (Feedforward),True,,9,0.699607598614163,0.05398815198420923,1.41,ok,,0
nikuradse_2,regression,362,1,False,A11 A21 A31 A41 A54 A61,,EN3,XGBoost,True,,5,0.9536412130213758,0.010758654857482612,1.03,ok,,0
nikuradse_2,regression,362,1,False,A11 A21 A31 A41 A54 A61,,EN4,LightGBM,True,,3,0.9051971390598711,0.06423473353218977,0.45,ok,,0
nikuradse_2,regression,362,1,False,A11 A21 A31 A41 A54 A61,,BASE-HGB,Histogram Gradient Boosting (baseline),False,,,0.9118543147687564,0.06270179612510515,2.3,ok,,0
nikuradse_1,regression,362,2,False,A11 A21 A31 A41 A54 A61,,LM1,Linear Regression,True,,15,0.6498400655227756,0.02129832122112355,0.05,ok,,0
nikuradse_1,regression,362,2,False,A11 A21 A31 A41 A54 A61,,LM3,Ridge Regression,True,,10,0.649888282573255,0.02105952983649306,0.05,ok,,0
nikuradse_1,regression,362,2,False,A11 A21 A31 A41 A54 A61,,LM4,Lasso Regression,True,,18,-0.008256538215613984,0.005983771329978539,0.05,ok,,0
nikuradse_1,regression,362,2,False,A11 A21 A31 A41 A54 A61,,LM5,Elastic Net,True,,19,-0.008256538215613984,0.005983771329978539,0.08,ok,,0
nikuradse_1,regression,362,2,False,A11 A21 A31 A41 A54 A61,,LM6,Polynomial Regression,True,,14,0.8798304682536013,0.009121342007377613,0.07,ok,,0
nikuradse_1,regression,362,2,False,A11 A21 A31 A41 A54 A61,,LM7,Bayesian Linear Regression,True,,11,0.649883739181069,0.021036364637348346,0.06,ok,,0
nikuradse_1,regression,362,2,False,A11 A21 A31 A41 A54 A61,,TR1,Decision Tree,True,,12,0.9978304773355395,0.0005823848265761544,0.05,ok,,0
nikuradse_1,regression,362,2,False,A11 A21 A31 A41 A54 A61,,TR2,Random Forest,True,,4,0.9984709458787957,0.00045820318421329096,1.71,ok,,0
nikuradse_1,regression,362,2,False,A11 A21 A31 A41 A54 A61,,TR3,Extra Trees,True,,2,0.9988050621944293,0.0004144452580928662,1.25,ok,,0
nikuradse_1,regression,362,2,False,A11 A21 A31 A41 A54 A61,,EN1,AdaBoost,True,,7,0.9762119478643042,0.0010170552299263733,0.31,ok,,0
nikuradse_1,regression,362,2,False,A11 A21 A31 A41 A54 A61,,EN2,Gradient Boosting (GBM),True,,1,0.9964435721342572,0.0009215555485742807,0.38,ok,,0
nikuradse_1,regression,362,2,False,A11 A21 A31 A41 A54 A61,,EN6,Stacking,True,,6,0.9648070241332738,0.02294259472802825,0.4,ok,,0
nikuradse_1,regression,362,2,False,A11 A21 A31 A41 A54 A61,,EN7,Voting Ensemble,True,,8,0.941645260238875,0.005278487506952887,0.12,ok,,0
nikuradse_1,regression,362,2,False,A11 A21 A31 A41 A54 A61,,SV1,SVM (linear),True,,17,0.620244950245727,0.014965903009032715,0.07,ok,,0
nikuradse_1,regression,362,2,False,A11 A21 A31 A41 A54 A61,,SV2,Kernel SVM (RBF/Poly),True,,13,0.7997492910250129,0.015293768699135743,0.05,ok,,0
nikuradse_1,regression,362,2,False,A11 A21 A31 A41 A54 A61,,IB1,k-Nearest Neighbors,True,,16,0.9420431943468406,0.020299208412442107,0.05,ok,,0
nikuradse_1,regression,362,2,False,A11 A21 A31 A41 A54 A61,,NN2,MLP (Feedforward),True,,9,0.8129307583137659,0.029550673090528744,0.42,ok,,0
nikuradse_1,regression,362,2,False,A11 A21 A31 A41 A54 A61,,EN3,XGBoost,True,,5,0.9977283388415236,0.0006643670326536336,0.38,ok,,0
nikuradse_1,regression,362,2,False,A11 A21 A31 A41 A54 A61,,EN4,LightGBM,True,,3,0.9937130191959511,0.0013120205257335315,0.73,ok,,0
nikuradse_1,regression,362,2,False,A11 A21 A31 A41 A54 A61,,BASE-HGB,Histogram Gradient Boosting (baseline),False,,,0.994087801927115,0.0014879864939341537,2.28,ok,,0
519_vinnie,regression,380,2,False,A11 A21 A38 A41 A54 A61,,LM1,Linear Regression,True,,15,0.7362739451579989,0.07476209685675357,0.08,ok,,0
519_vinnie,regression,380,2,False,A11 A21 A38 A41 A54 A61,,LM3,Ridge Regression,True,,10,0.7363292132444931,0.07447265711034458,0.08,ok,,0
519_vinnie,regression,380,2,False,A11 A21 A38 A41 A54 A61,,LM4,Lasso Regression,True,,18,0.6320319348134736,0.034753876165263056,0.08,ok,,0
519_vinnie,regression,380,2,False,A11 A21 A38 A41 A54 A61,,LM5,Elastic Net,True,,19,0.5806828305619477,0.030474623637557055,0.08,ok,,0
519_vinnie,regression,380,2,False,A11 A21 A38 A41 A54 A61,,LM6,Polynomial Regression,True,,14,0.7329662000230457,0.07293088219742931,0.09,ok,,0
519_vinnie,regression,380,2,False,A11 A21 A38 A41 A54 A61,,LM7,Bayesian Linear Regression,True,,12,0.7363056934306089,0.07441611986608693,0.08,ok,,0
519_vinnie,regression,380,2,False,A11 A21 A38 A41 A54 A61,,TR1,Decision Tree,True,,11,0.6672300109224416,0.09836807408376885,0.08,ok,,0
519_vinnie,regression,380,2,False,A11 A21 A38 A41 A54 A61,,TR2,Random Forest,True,,4,0.6781027613228137,0.10011041758855134,1.71,ok,,0
519_vinnie,regression,380,2,False,A11 A21 A38 A41 A54 A61,,TR3,Extra Trees,True,,2,0.6700283329096288,0.09881475696602883,1.2,ok,,0
519_vinnie,regression,380,2,False,A11 A21 A38 A41 A54 A61,,EN1,AdaBoost,True,,7,0.7074796723750586,0.06254552355545984,0.18,ok,,0
519_vinnie,regression,380,2,False,A11 A21 A38 A41 A54 A61,,EN2,Gradient Boosting (GBM),True,,1,0.7013133473200507,0.07457957921229566,0.44,ok,,0
519_vinnie,regression,380,2,False,A11 A21 A38 A41 A54 A61,,EN6,Stacking,True,,6,0.7302202135952554,0.07413579138151621,0.43,ok,,0
519_vinnie,regression,380,2,False,A11 A21 A38 A41 A54 A61,,EN7,Voting Ensemble,True,,8,0.7156414192732997,0.08304978435055413,0.18,ok,,0
519_vinnie,regression,380,2,False,A11 A21 A38 A41 A54 A61,,SV1,SVM (linear),True,,17,0.7346460230830798,0.07458059431306144,0.09,ok,,0
519_vinnie,regression,380,2,False,A11 A21 A38 A41 A54 A61,,SV2,Kernel SVM (RBF/Poly),True,,13,0.7099311644456359,0.06330170318425904,0.11,ok,,0
519_vinnie,regression,380,2,False,A11 A21 A38 A41 A54 A61,,IB1,k-Nearest Neighbors,True,,16,0.6786077722111082,0.10330218924949239,0.09,ok,,0
519_vinnie,regression,380,2,False,A11 A21 A38 A41 A54 A61,,NN2,MLP (Feedforward),True,,9,0.7327361924507947,0.07641767505650444,1.97,ok,,0
519_vinnie,regression,380,2,False,A11 A21 A38 A41 A54 A61,,EN3,XGBoost,True,,5,0.6667464376692996,0.09756004387405993,1.24,ok,,0
519_vinnie,regression,380,2,False,A11 A21 A38 A41 A54 A61,,EN4,LightGBM,True,,3,0.7075743478949917,0.0782657863794664,0.72,ok,,0
519_vinnie,regression,380,2,False,A11 A21 A38 A41 A54 A61,,BASE-HGB,Histogram Gradient Boosting (baseline),False,,,0.7075743478949917,0.0782657863794664,1.92,ok,,0
strogatz_bacres1,regression,400,2,False,A11 A21 A31 A41 A53 A61,,LM1,Linear Regression,True,,15,0.9890515112410521,0.0022549856462514453,0.05,ok,,0
strogatz_bacres1,regression,400,2,False,A11 A21 A31 A41 A53 A61,,LM3,Ridge Regression,True,,10,0.9890460007606015,0.0022093708566597588,0.05,ok,,0
strogatz_bacres1,regression,400,2,False,A11 A21 A31 A41 A53 A61,,LM4,Lasso Regression,True,,18,0.6759180251715962,0.03072738309398668,0.05,ok,,0
strogatz_bacres1,regression,400,2,False,A11 A21 A31 A41 A53 A61,,LM5,Elastic Net,True,,19,0.7207120644747329,0.01884352807571588,0.06,ok,,0
strogatz_bacres1,regression,400,2,False,A11 A21 A31 A41 A53 A61,,LM6,Polynomial Regression,True,,14,0.9992157904577912,0.0004596284247727789,0.06,ok,,0
strogatz_bacres1,regression,400,2,False,A11 A21 A31 A41 A53 A61,,LM7,Bayesian Linear Regression,True,,11,0.9890514905475003,0.002253897656467726,0.06,ok,,0
strogatz_bacres1,regression,400,2,False,A11 A21 A31 A41 A53 A61,,TR1,Decision Tree,True,,12,0.9967644247636855,0.0010126126822231705,0.06,ok,,0
strogatz_bacres1,regression,400,2,False,A11 A21 A31 A41 A53 A61,,TR2,Random Forest,True,,4,0.9981633143448857,0.0006984606244323448,2.01,ok,,0
strogatz_bacres1,regression,400,2,False,A11 A21 A31 A41 A53 A61,,TR3,Extra Trees,True,,2,0.9998230265249732,4.056537932410959e-05,1.42,ok,,0
strogatz_bacres1,regression,400,2,False,A11 A21 A31 A41 A53 A61,,EN1,AdaBoost,True,,7,0.9856760550368687,0.004226910912758675,0.39,ok,,0
strogatz_bacres1,regression,400,2,False,A11 A21 A31 A41 A53 A61,,EN2,Gradient Boosting (GBM),True,,1,0.9983256753253841,0.0007510724527026032,0.45,ok,,0
strogatz_bacres1,regression,400,2,False,A11 A21 A31 A41 A53 A61,,EN6,Stacking,True,,6,0.9980717884880027,0.0006015640301373202,0.44,ok,,0
strogatz_bacres1,regression,400,2,False,A11 A21 A31 A41 A53 A61,,EN7,Voting Ensemble,True,,8,0.9979505147686949,0.00035986074254253103,0.13,ok,,0
strogatz_bacres1,regression,400,2,False,A11 A21 A31 A41 A53 A61,,SV1,SVM (linear),True,,17,0.9876695872591081,0.0026530807230883786,0.06,ok,,0
strogatz_bacres1,regression,400,2,False,A11 A21 A31 A41 A53 A61,,SV2,Kernel SVM (RBF/Poly),True,,13,0.9869041106840026,0.011467295503595272,0.07,ok,,0
strogatz_bacres1,regression,400,2,False,A11 A21 A31 A41 A53 A61,,IB1,k-Nearest Neighbors,True,,16,0.9970812129538376,0.0013231765635015184,0.05,ok,,0
strogatz_bacres1,regression,400,2,False,A11 A21 A31 A41 A53 A61,,NN2,MLP (Feedforward),True,,9,0.9977982983174375,0.0009414681456912323,0.78,ok,,0
strogatz_bacres1,regression,400,2,False,A11 A21 A31 A41 A53 A61,,EN3,XGBoost,True,,5,0.9972106266240728,0.0008802258112151826,1.34,ok,,0
strogatz_bacres1,regression,400,2,False,A11 A21 A31 A41 A53 A61,,EN4,LightGBM,True,,3,0.9784535647385665,0.010786357951506615,0.59,ok,,0
strogatz_bacres1,regression,400,2,False,A11 A21 A31 A41 A53 A61,,BASE-HGB,Histogram Gradient Boosting (baseline),False,,,0.9761604206738059,0.008530999333610633,2.42,ok,,0
strogatz_bacres2,regression,400,2,False,A11 A21 A31 A41 A53 A61,,LM1,Linear Regression,True,,15,0.985731204683425,0.002403886004628848,0.06,ok,,0
strogatz_bacres2,regression,400,2,False,A11 A21 A31 A41 A53 A61,,LM3,Ridge Regression,True,,10,0.9857205721290734,0.002396580877333987,0.05,ok,,0
strogatz_bacres2,regression,400,2,False,A11 A21 A31 A41 A53 A61,,LM4,Lasso Regression,True,,18,0.6565859520323193,0.028674187122362495,0.05,ok,,0
strogatz_bacres2,regression,400,2,False,A11 A21 A31 A41 A53 A61,,LM5,Elastic Net,True,,19,0.6881543196822205,0.025732111878392847,0.05,ok,,0
strogatz_bacres2,regression,400,2,False,A11 A21 A31 A41 A53 A61,,LM6,Polynomial Regression,True,,14,0.9990857022882282,0.0009295844295115109,0.06,ok,,0
strogatz_bacres2,regression,400,2,False,A11 A21 A31 A41 A53 A61,,LM7,Bayesian Linear Regression,True,,11,0.9857311779727163,0.002403726397012697,0.05,ok,,0
strogatz_bacres2,regression,400,2,False,A11 A21 A31 A41 A53 A61,,TR1,Decision Tree,True,,12,0.9965728562950039,0.0010359975249148096,0.06,ok,,0
strogatz_bacres2,regression,400,2,False,A11 A21 A31 A41 A53 A61,,TR2,Random Forest,True,,4,0.9958344386920561,0.0030143329483576136,1.76,ok,,0
strogatz_bacres2,regression,400,2,False,A11 A21 A31 A41 A53 A61,,TR3,Extra Trees,True,,2,0.9988903510091051,0.0014462773275518595,1.36,ok,,0
strogatz_bacres2,regression,400,2,False,A11 A21 A31 A41 A53 A61,,EN1,AdaBoost,True,,7,0.9838718869698384,0.005035988388689443,0.19,ok,,0
strogatz_bacres2,regression,400,2,False,A11 A21 A31 A41 A53 A61,,EN2,Gradient Boosting (GBM),True,,1,0.9968269458375822,0.00257666893194607,0.42,ok,,0
strogatz_bacres2,regression,400,2,False,A11 A21 A31 A41 A53 A61,,EN6,Stacking,True,,6,0.9936111836915422,0.0018042879659247411,0.42,ok,,0
strogatz_bacres2,regression,400,2,False,A11 A21 A31 A41 A53 A61,,EN7,Voting Ensemble,True,,8,0.9944585437567038,0.003429881319560741,0.14,ok,,0
strogatz_bacres2,regression,400,2,False,A11 A21 A31 A41 A53 A61,,SV1,SVM (linear),True,,17,0.9838610703092435,0.0023218810609549577,0.07,ok,,0
strogatz_bacres2,regression,400,2,False,A11 A21 A31 A41 A53 A61,,SV2,Kernel SVM (RBF/Poly),True,,13,0.9956158004519307,0.002856826944833552,0.08,ok,,0
strogatz_bacres2,regression,400,2,False,A11 A21 A31 A41 A53 A61,,IB1,k-Nearest Neighbors,True,,16,0.9917684157731479,0.007489942306010416,0.09,ok,,0
strogatz_bacres2,regression,400,2,False,A11 A21 A31 A41 A53 A61,,NN2,MLP (Feedforward),True,,9,0.9936605680398444,0.0067146363457711855,1.76,ok,,0
strogatz_bacres2,regression,400,2,False,A11 A21 A31 A41 A53 A61,,EN3,XGBoost,True,,5,0.992303463933969,0.010510109828010313,0.96,ok,,0
strogatz_bacres2,regression,400,2,False,A11 A21 A31 A41 A53 A61,,EN4,LightGBM,True,,3,0.9832917951442152,0.013175189499980733,0.4,ok,,0
strogatz_bacres2,regression,400,2,False,A11 A21 A31 A41 A53 A61,,BASE-HGB,Histogram Gradient Boosting (baseline),False,,,0.983679441236468,0.013036209422987362,2.48,ok,,0
strogatz_barmag1,regression,400,2,False,A11 A21 A31 A41 A54 A61,,LM1,Linear Regression,True,,15,0.8429545870405242,0.07334522540205363,0.05,ok,,0
strogatz_barmag1,regression,400,2,False,A11 A21 A31 A41 A54 A61,,LM3,Ridge Regression,True,,10,0.843056976330779,0.07389015897260819,0.05,ok,,0
strogatz_barmag1,regression,400,2,False,A11 A21 A31 A41 A54 A61,,LM4,Lasso Regression,True,,18,-0.04051198368351212,0.05567269632910819,0.06,ok,,0
strogatz_barmag1,regression,400,2,False,A11 A21 A31 A41 A54 A61,,LM5,Elastic Net,True,,19,-0.04051198368351212,0.05567269632910819,0.05,ok,,0
strogatz_barmag1,regression,400,2,False,A11 A21 A31 A41 A54 A61,,LM6,Polynomial Regression,True,,14,0.8771456080169994,0.04857782837716658,0.05,ok,,0
strogatz_barmag1,regression,400,2,False,A11 A21 A31 A41 A54 A61,,LM7,Bayesian Linear Regression,True,,11,0.8430282056903383,0.07354694917333222,0.05,ok,,0
strogatz_barmag1,regression,400,2,False,A11 A21 A31 A41 A54 A61,,TR1,Decision Tree,True,,12,0.9763217020252825,0.023628682558692566,0.05,ok,,0
strogatz_barmag1,regression,400,2,False,A11 A21 A31 A41 A54 A61,,TR2,Random Forest,True,,4,0.9748408304111089,0.012851403177178151,2.34,ok,,0
strogatz_barmag1,regression,400,2,False,A11 A21 A31 A41 A54 A61,,TR3,Extra Trees,True,,2,0.9816937537369286,0.011271573604036281,1.76,ok,,0
strogatz_barmag1,regression,400,2,False,A11 A21 A31 A41 A54 A61,,EN1,AdaBoost,True,,7,0.9508698569945194,0.016319628485613316,0.45,ok,,0
strogatz_barmag1,regression,400,2,False,A11 A21 A31 A41 A54 A61,,EN2,Gradient Boosting (GBM),True,,1,0.9861560521463282,0.0091916104600968,0.5,ok,,0
strogatz_barmag1,regression,400,2,False,A11 A21 A31 A41 A54 A61,,EN6,Stacking,True,,6,0.8756579048456754,0.0707825944471734,0.53,ok,,0
strogatz_barmag1,regression,400,2,False,A11 A21 A31 A41 A54 A61,,EN7,Voting Ensemble,True,,8,0.9525864056274667,0.02647857316637099,0.23,ok,,0
strogatz_barmag1,regression,400,2,False,A11 A21 A31 A41 A54 A61,,SV1,SVM (linear),True,,17,0.84564504657206,0.08638188750852481,0.09,ok,,0
strogatz_barmag1,regression,400,2,False,A11 A21 A31 A41 A54 A61,,SV2,Kernel SVM (RBF/Poly),True,,13,0.8763476011388764,0.03268451332058403,0.06,ok,,0
strogatz_barmag1,regression,400,2,False,A11 A21 A31 A41 A54 A61,,IB1,k-Nearest Neighbors,True,,16,0.9586076649549085,0.03277465633564399,0.1,ok,,0
strogatz_barmag1,regression,400,2,False,A11 A21 A31 A41 A54 A61,,NN2,MLP (Feedforward),True,,9,0.7981843994931991,0.07754104638292021,0.32,ok,,0
strogatz_barmag1,regression,400,2,False,A11 A21 A31 A41 A54 A61,,EN3,XGBoost,True,,5,0.9693426567383131,0.028480112062065046,3.56,ok,,0
strogatz_barmag1,regression,400,2,False,A11 A21 A31 A41 A54 A61,,EN4,LightGBM,True,,3,0.9564832939315121,0.027705331486510703,4.77,ok,,0
strogatz_barmag1,regression,400,2,False,A11 A21 A31 A41 A54 A61,,BASE-HGB,Histogram Gradient Boosting (baseline),False,,,0.9628730441567803,0.02397185803303983,3.22,ok,,0
strogatz_glider2,regression,400,2,False,A11 A21 A31 A41 A54 A61,,LM1,Linear Regression,True,,15,0.6504133887285974,0.15413438120717474,0.06,ok,,0
strogatz_glider2,regression,400,2,False,A11 A21 A31 A41 A54 A61,,LM3,Ridge Regression,True,,10,0.6504547507051444,0.15353432977132717,0.05,ok,,0
strogatz_glider2,regression,400,2,False,A11 A21 A31 A41 A54 A61,,LM4,Lasso Regression,True,,18,-0.04704990178738484,0.056728664500038085,0.05,ok,,0
strogatz_glider2,regression,400,2,False,A11 A21 A31 A41 A54 A61,,LM5,Elastic Net,True,,19,0.26069950535705644,0.014080773369227535,0.05,ok,,0
strogatz_glider2,regression,400,2,False,A11 A21 A31 A41 A54 A61,,LM6,Polynomial Regression,True,,14,0.7469367117883998,0.10026415438759607,0.06,ok,,0
strogatz_glider2,regression,400,2,False,A11 A21 A31 A41 A54 A61,,LM7,Bayesian Linear Regression,True,,11,0.6503488577618309,0.15349584723995982,0.05,ok,,0
strogatz_glider2,regression,400,2,False,A11 A21 A31 A41 A54 A61,,TR1,Decision Tree,True,,12,0.9636787642597098,0.005661804949074987,0.05,ok,,0
strogatz_glider2,regression,400,2,False,A11 A21 A31 A41 A54 A61,,TR2,Random Forest,True,,4,0.9613286952169003,0.016068064483506186,1.97,ok,,0
strogatz_glider2,regression,400,2,False,A11 A21 A31 A41 A54 A61,,TR3,Extra Trees,True,,2,0.9796067317147109,0.008083039373483682,1.48,ok,,0
strogatz_glider2,regression,400,2,False,A11 A21 A31 A41 A54 A61,,EN1,AdaBoost,True,,7,0.8672258150188942,0.01815407822431301,0.22,ok,,0
strogatz_glider2,regression,400,2,False,A11 A21 A31 A41 A54 A61,,EN2,Gradient Boosting (GBM),True,,1,0.9714447501502246,0.008066816541600772,0.43,ok,,0
strogatz_glider2,regression,400,2,False,A11 A21 A31 A41 A54 A61,,EN6,Stacking,True,,6,0.9196684712804755,0.031168066700096354,0.49,ok,,0
strogatz_glider2,regression,400,2,False,A11 A21 A31 A41 A54 A61,,EN7,Voting Ensemble,True,,8,0.9091494922075782,0.034371114357269736,0.17,ok,,0
strogatz_glider2,regression,400,2,False,A11 A21 A31 A41 A54 A61,,SV1,SVM (linear),True,,17,0.6245885244108518,0.1958457817262285,0.06,ok,,0
strogatz_glider2,regression,400,2,False,A11 A21 A31 A41 A54 A61,,SV2,Kernel SVM (RBF/Poly),True,,13,0.8018249658679135,0.10135864607058766,0.08,ok,,0
strogatz_glider2,regression,400,2,False,A11 A21 A31 A41 A54 A61,,IB1,k-Nearest Neighbors,True,,16,0.8938982648819463,0.07631810279174121,0.06,ok,,0
strogatz_glider2,regression,400,2,False,A11 A21 A31 A41 A54 A61,,NN2,MLP (Feedforward),True,,9,0.7773393866818861,0.09961501804271947,1.83,ok,,0
strogatz_glider2,regression,400,2,False,A11 A21 A31 A41 A54 A61,,EN3,XGBoost,True,,5,0.9433912727189234,0.03938244965766527,1.29,ok,,0
strogatz_glider2,regression,400,2,False,A11 A21 A31 A41 A54 A61,,EN4,LightGBM,True,,3,0.8831920526454665,0.05246969568825752,0.86,ok,,0
strogatz_glider2,regression,400,2,False,A11 A21 A31 A41 A54 A61,,BASE-HGB,Histogram Gradient Boosting (baseline),False,,,0.8817489497568027,0.04702950472066119,2.12,ok,,0
strogatz_predprey2,regression,400,2,False,A11 A21 A31 A41 A53 A61,,LM1,Linear Regression,True,,15,0.908679697926846,0.018308735721610684,0.08,ok,,0
strogatz_predprey2,regression,400,2,False,A11 A21 A31 A41 A53 A61,,LM3,Ridge Regression,True,,10,0.9086502814446078,0.018537637498276947,0.05,ok,,0
strogatz_predprey2,regression,400,2,False,A11 A21 A31 A41 A53 A61,,LM4,Lasso Regression,True,,18,-0.023228409954802444,0.02169695517729084,0.05,ok,,0
strogatz_predprey2,regression,400,2,False,A11 A21 A31 A41 A53 A61,,LM5,Elastic Net,True,,19,0.3172326253964698,0.030299505406895695,0.09,ok,,0
strogatz_predprey2,regression,400,2,False,A11 A21 A31 A41 A53 A61,,LM6,Polynomial Regression,True,,14,0.9744836123594116,0.006126565016047568,0.1,ok,,0
strogatz_predprey2,regression,400,2,False,A11 A21 A31 A41 A53 A61,,LM7,Bayesian Linear Regression,True,,11,0.9086788718120345,0.018334146458054097,0.1,ok,,0
strogatz_predprey2,regression,400,2,False,A11 A21 A31 A41 A53 A61,,TR1,Decision Tree,True,,12,0.9792809766253064,0.014518906943031368,0.09,ok,,0
strogatz_predprey2,regression,400,2,False,A11 A21 A31 A41 A53 A61,,TR2,Random Forest,True,,4,0.9877146431152223,0.0077705576553591975,2.07,ok,,0
strogatz_predprey2,regression,400,2,False,A11 A21 A31 A41 A53 A61,,TR3,Extra Trees,True,,2,0.9974200994448197,0.0020179224198822775,1.52,ok,,0
strogatz_predprey2,regression,400,2,False,A11 A21 A31 A41 A53 A61,,EN1,AdaBoost,True,,7,0.9509541646607962,0.008502462178893333,0.42,ok,,0
strogatz_predprey2,regression,400,2,False,A11 A21 A31 A41 A53 A61,,EN2,Gradient Boosting (GBM),True,,1,0.9892631439187708,0.005263133088295096,0.39,ok,,0
strogatz_predprey2,regression,400,2,False,A11 A21 A31 A41 A53 A61,,EN6,Stacking,True,,6,0.9755702536443149,0.002421656012502677,0.37,ok,,0
strogatz_predprey2,regression,400,2,False,A11 A21 A31 A41 A53 A61,,EN7,Voting Ensemble,True,,8,0.9791846931213948,0.002763343956583327,0.13,ok,,0
strogatz_predprey2,regression,400,2,False,A11 A21 A31 A41 A53 A61,,SV1,SVM (linear),True,,17,0.9084173335975594,0.01902789568398468,0.06,ok,,0
strogatz_predprey2,regression,400,2,False,A11 A21 A31 A41 A53 A61,,SV2,Kernel SVM (RBF/Poly),True,,13,0.9894070973440972,0.009822655711501411,0.08,ok,,0
strogatz_predprey2,regression,400,2,False,A11 A21 A31 A41 A53 A61,,IB1,k-Nearest Neighbors,True,,16,0.9839292035674145,0.00908823117941053,0.06,ok,,0
strogatz_predprey2,regression,400,2,False,A11 A21 A31 A41 A53 A61,,NN2,MLP (Feedforward),True,,9,0.9899021364727641,0.0016928197306271871,1.37,ok,,0
strogatz_predprey2,regression,400,2,False,A11 A21 A31 A41 A53 A61,,EN3,XGBoost,True,,5,0.9903688381423951,0.003534478297656733,1.32,ok,,0
strogatz_predprey2,regression,400,2,False,A11 A21 A31 A41 A53 A61,,EN4,LightGBM,True,,3,0.9860800942426275,0.006261496975867378,0.62,ok,,0
strogatz_predprey2,regression,400,2,False,A11 A21 A31 A41 A53 A61,,BASE-HGB,Histogram Gradient Boosting (baseline),False,,,0.9868795765639644,0.007295362355476431,2.49,ok,,0
strogatz_predprey1,regression,400,2,False,A11 A21 A31 A41 A53 A61,,LM1,Linear Regression,True,,15,0.2887056011318455,0.332871063684601,0.09,ok,,0
strogatz_predprey1,regression,400,2,False,A11 A21 A31 A41 A53 A61,,LM3,Ridge Regression,True,,10,0.28960627412399265,0.3309331302771273,0.05,ok,,0
strogatz_predprey1,regression,400,2,False,A11 A21 A31 A41 A53 A61,,LM4,Lasso Regression,True,,18,0.23087156287159044,0.08521094327030453,0.07,ok,,0
strogatz_predprey1,regression,400,2,False,A11 A21 A31 A41 A53 A61,,LM5,Elastic Net,True,,19,0.30613912206900273,0.05695965409081797,0.06,ok,,0
strogatz_predprey1,regression,400,2,False,A11 A21 A31 A41 A53 A61,,LM6,Polynomial Regression,True,,14,0.9845572789060508,0.0087866210581265,0.06,ok,,0
strogatz_predprey1,regression,400,2,False,A11 A21 A31 A41 A53 A61,,LM7,Bayesian Linear Regression,True,,11,0.29156545366605224,0.32664928524573944,0.06,ok,,0
strogatz_predprey1,regression,400,2,False,A11 A21 A31 A41 A53 A61,,TR1,Decision Tree,True,,12,0.8731697869795116,0.058011011986255044,0.05,ok,,0
strogatz_predprey1,regression,400,2,False,A11 A21 A31 A41 A53 A61,,TR2,Random Forest,True,,4,0.9572612451094462,0.04064569839895975,1.9,ok,,0
strogatz_predprey1,regression,400,2,False,A11 A21 A31 A41 A53 A61,,TR3,Extra Trees,True,,2,0.9862009044458837,0.021603688799757645,1.57,ok,,0
strogatz_predprey1,regression,400,2,False,A11 A21 A31 A41 A53 A61,,EN1,AdaBoost,True,,7,0.8473523349305234,0.1263349069944606,0.44,ok,,0
strogatz_predprey1,regression,400,2,False,A11 A21 A31 A41 A53 A61,,EN2,Gradient Boosting (GBM),True,,1,0.9561930266357047,0.026896462571267873,0.4,ok,,0
strogatz_predprey1,regression,400,2,False,A11 A21 A31 A41 A53 A61,,EN6,Stacking,True,,6,0.9221622919861708,0.05035709999648987,0.43,ok,,0
strogatz_predprey1,regression,400,2,False,A11 A21 A31 A41 A53 A61,,EN7,Voting Ensemble,True,,8,0.8699914538242911,0.0630654754836246,0.14,ok,,0
strogatz_predprey1,regression,400,2,False,A11 A21 A31 A41 A53 A61,,SV1,SVM (linear),True,,17,0.31895051809914665,0.12271293448925423,0.07,ok,,0
strogatz_predprey1,regression,400,2,False,A11 A21 A31 A41 A53 A61,,SV2,Kernel SVM (RBF/Poly),True,,13,0.6646877890881688,0.20760008740839783,0.09,ok,,0
strogatz_predprey1,regression,400,2,False,A11 A21 A31 A41 A53 A61,,IB1,k-Nearest Neighbors,True,,16,0.9385069077426375,0.06966026733528584,0.07,ok,,0
strogatz_predprey1,regression,400,2,False,A11 A21 A31 A41 A53 A61,,NN2,MLP (Feedforward),True,,9,0.9865201813680793,0.008747450605437336,3.43,ok,,0
strogatz_predprey1,regression,400,2,False,A11 A21 A31 A41 A53 A61,,EN3,XGBoost,True,,5,0.9027346480600832,0.07144664344573716,0.89,ok,,0
strogatz_predprey1,regression,400,2,False,A11 A21 A31 A41 A53 A61,,EN4,LightGBM,True,,3,0.5293388813981864,0.3176506022553876,0.7,ok,,0
strogatz_predprey1,regression,400,2,False,A11 A21 A31 A41 A53 A61,,BASE-HGB,Histogram Gradient Boosting (baseline),False,,,0.5315252601236772,0.3113321081754618,1.74,ok,,0
strogatz_lv1,regression,400,2,False,A11 A21 A31 A41 A54 A61,,LM1,Linear Regression,True,,15,-7.682577657646715,11.223412981893697,0.08,ok,,0
strogatz_lv1,regression,400,2,False,A11 A21 A31 A41 A54 A61,,LM3,Ridge Regression,True,,10,-7.293067611257858,10.839859349592803,0.05,ok,,0
strogatz_lv1,regression,400,2,False,A11 A21 A31 A41 A54 A61,,LM4,Lasso Regression,True,,18,-6.4350259977796895,12.566768284182762,0.05,ok,,0
strogatz_lv1,regression,400,2,False,A11 A21 A31 A41 A54 A61,,LM5,Elastic Net,True,,19,-5.71085432968637,11.38881385790898,0.09,ok,,0
strogatz_lv1,regression,400,2,False,A11 A21 A31 A41 A54 A61,,LM6,Polynomial Regression,True,,14,0.9964715213762979,0.0026721561471477204,0.06,ok,,0
strogatz_lv1,regression,400,2,False,A11 A21 A31 A41 A54 A61,,LM7,Bayesian Linear Regression,True,,11,-7.662329297183336,11.199963714167009,0.08,ok,,0
strogatz_lv1,regression,400,2,False,A11 A21 A31 A41 A54 A61,,TR1,Decision Tree,True,,12,0.5965295204383362,0.23443395768775538,0.06,ok,,0
strogatz_lv1,regression,400,2,False,A11 A21 A31 A41 A54 A61,,TR2,Random Forest,True,,4,0.6658642691919983,0.2968698138442818,2.63,ok,,0
strogatz_lv1,regression,400,2,False,A11 A21 A31 A41 A54 A61,,TR3,Extra Trees,True,,2,0.7295225316053185,0.2569329018458998,1.69,ok,,0
strogatz_lv1,regression,400,2,False,A11 A21 A31 A41 A54 A61,,EN1,AdaBoost,True,,7,-0.027357558113787307,0.7901047693524461,0.14,ok,,0
strogatz_lv1,regression,400,2,False,A11 A21 A31 A41 A54 A61,,EN2,Gradient Boosting (GBM),True,,1,0.608188545505287,0.2329141139769094,0.38,ok,,0
strogatz_lv1,regression,400,2,False,A11 A21 A31 A41 A54 A61,,EN6,Stacking,True,,6,-15.857371433628657,25.09948701491721,0.37,ok,,0
strogatz_lv1,regression,400,2,False,A11 A21 A31 A41 A54 A61,,EN7,Voting Ensemble,True,,8,0.11529205690305107,1.1050180351741012,0.14,ok,,0
strogatz_lv1,regression,400,2,False,A11 A21 A31 A41 A54 A61,,SV1,SVM (linear),True,,17,0.19088248415121895,0.4825354488639838,0.09,ok,,0
strogatz_lv1,regression,400,2,False,A11 A21 A31 A41 A54 A61,,SV2,Kernel SVM (RBF/Poly),True,,13,0.35242794119387205,0.26216412757763474,0.05,ok,,0
strogatz_lv1,regression,400,2,False,A11 A21 A31 A41 A54 A61,,IB1,k-Nearest Neighbors,True,,16,0.38696985940272743,0.30010982143360504,0.13,ok,,0
strogatz_lv1,regression,400,2,False,A11 A21 A31 A41 A54 A61,,NN2,MLP (Feedforward),True,,9,-0.6323134091975392,2.477948610226332,3.53,ok,,0
strogatz_lv1,regression,400,2,False,A11 A21 A31 A41 A54 A61,,EN3,XGBoost,True,,5,-5.807227112916712,9.347875133946346,0.61,ok,,0
strogatz_lv1,regression,400,2,False,A11 A21 A31 A41 A54 A61,,EN4,LightGBM,True,,3,-9.33589173448792,19.322703673940577,0.3,ok,,0
strogatz_lv1,regression,400,2,False,A11 A21 A31 A41 A54 A61,,BASE-HGB,Histogram Gradient Boosting (baseline),False,,,-6.7168170604911905,13.979038112820838,3.56,ok,,0
strogatz_lv2,regression,400,2,False,A11 A21 A31 A41 A54 A61,,LM1,Linear Regression,True,,15,-0.7426219543058742,3.157038241067451,0.08,ok,,0
strogatz_lv2,regression,400,2,False,A11 A21 A31 A41 A54 A61,,LM3,Ridge Regression,True,,10,-0.6702086190000964,3.025668482937991,0.06,ok,,0
strogatz_lv2,regression,400,2,False,A11 A21 A31 A41 A54 A61,,LM4,Lasso Regression,True,,18,-0.9877237692082937,1.9726555534916808,0.05,ok,,0
strogatz_lv2,regression,400,2,False,A11 A21 A31 A41 A54 A61,,LM5,Elastic Net,True,,19,-0.9877237692082937,1.9726555534916808,0.07,ok,,0
strogatz_lv2,regression,400,2,False,A11 A21 A31 A41 A54 A61,,LM6,Polynomial Regression,True,,14,0.9816725462293195,0.014349159465126531,0.14,ok,,0
strogatz_lv2,regression,400,2,False,A11 A21 A31 A41 A54 A61,,LM7,Bayesian Linear Regression,True,,11,-0.7413463192338872,3.154740090331407,0.06,ok,,0
strogatz_lv2,regression,400,2,False,A11 A21 A31 A41 A54 A61,,TR1,Decision Tree,True,,12,-0.9304048607837977,3.2389055309087063,0.07,ok,,0
strogatz_lv2,regression,400,2,False,A11 A21 A31 A41 A54 A61,,TR2,Random Forest,True,,4,0.606328283114913,0.2903416159963694,2.0,ok,,0
strogatz_lv2,regression,400,2,False,A11 A21 A31 A41 A54 A61,,TR3,Extra Trees,True,,2,0.8099421671100189,0.19382384989468918,1.42,ok,,0
strogatz_lv2,regression,400,2,False,A11 A21 A31 A41 A54 A61,,EN1,AdaBoost,True,,7,-1.4763777263246716,2.6498885423340894,0.19,ok,,0
strogatz_lv2,regression,400,2,False,A11 A21 A31 A41 A54 A61,,EN2,Gradient Boosting (GBM),True,,1,-0.5550030052900686,2.536967754953915,0.37,ok,,0
strogatz_lv2,regression,400,2,False,A11 A21 A31 A41 A54 A61,,EN6,Stacking,True,,6,-0.5027195222273094,1.7966738170778291,0.39,ok,,0
strogatz_lv2,regression,400,2,False,A11 A21 A31 A41 A54 A61,,EN7,Voting Ensemble,True,,8,0.5844081967185957,0.22898724068418963,0.13,ok,,0
strogatz_lv2,regression,400,2,False,A11 A21 A31 A41 A54 A61,,SV1,SVM (linear),True,,17,0.11364417610424571,0.9951918448064813,0.12,ok,,0
strogatz_lv2,regression,400,2,False,A11 A21 A31 A41 A54 A61,,SV2,Kernel SVM (RBF/Poly),True,,13,0.3781704890557278,0.40166091718291136,0.05,ok,,0
strogatz_lv2,regression,400,2,False,A11 A21 A31 A41 A54 A61,,IB1,k-Nearest Neighbors,True,,16,0.5707500735480634,0.20623783519533093,0.05,ok,,0
strogatz_lv2,regression,400,2,False,A11 A21 A31 A41 A54 A61,,NN2,MLP (Feedforward),True,,9,0.8113982012373281,0.21199878695303326,0.99,ok,,0
strogatz_lv2,regression,400,2,False,A11 A21 A31 A41 A54 A61,,EN3,XGBoost,True,,5,0.7151620429509069,0.22465294044546757,0.58,ok,,0
strogatz_lv2,regression,400,2,False,A11 A21 A31 A41 A54 A61,,EN4,LightGBM,True,,3,-2.621742682184463,6.1546561240104,0.94,ok,,0
strogatz_lv2,regression,400,2,False,A11 A21 A31 A41 A54 A61,,BASE-HGB,Histogram Gradient Boosting (baseline),False,,,-2.0182265258354355,4.8662636076609065,2.08,ok,,0
strogatz_vdp2,regression,400,2,False,A11 A21 A31 A41 A53 A61,,LM1,Linear Regression,True,,15,1.0,0.0,0.06,ok,,0
strogatz_vdp2,regression,400,2,False,A11 A21 A31 A41 A53 A61,,LM3,Ridge Regression,True,,10,0.9999866315906211,2.1020755061070515e-06,0.06,ok,,0
strogatz_vdp2,regression,400,2,False,A11 A21 A31 A41 A53 A61,,LM4,Lasso Regression,True,,18,-0.0046651785696108835,0.005693265921620273,0.06,ok,,0
strogatz_vdp2,regression,400,2,False,A11 A21 A31 A41 A53 A61,,LM5,Elastic Net,True,,19,-0.0046651785696108835,0.005693265921620273,0.06,ok,,0
strogatz_vdp2,regression,400,2,False,A11 A21 A31 A41 A53 A61,,LM6,Polynomial Regression,True,,14,0.999914942265616,4.1753722350767795e-05,0.06,ok,,0
strogatz_vdp2,regression,400,2,False,A11 A21 A31 A41 A53 A61,,LM7,Bayesian Linear Regression,True,,11,1.0,0.0,0.06,ok,,0
strogatz_vdp2,regression,400,2,False,A11 A21 A31 A41 A53 A61,,TR1,Decision Tree,True,,12,0.9995119738712743,0.0002072900964388239,0.05,ok,,0
strogatz_vdp2,regression,400,2,False,A11 A21 A31 A41 A53 A61,,TR2,Random Forest,True,,4,0.9998112361920187,6.848886354949768e-05,1.87,ok,,0
strogatz_vdp2,regression,400,2,False,A11 A21 A31 A41 A53 A61,,TR3,Extra Trees,True,,2,0.9999362637888517,3.779867801623789e-05,1.4,ok,,0
strogatz_vdp2,regression,400,2,False,A11 A21 A31 A41 A53 A61,,EN1,AdaBoost,True,,7,0.9981624366588365,0.00024595267906488057,0.42,ok,,0
strogatz_vdp2,regression,400,2,False,A11 A21 A31 A41 A53 A61,,EN2,Gradient Boosting (GBM),True,,1,0.9998352250058717,7.333243238686516e-05,0.38,ok,,0
strogatz_vdp2,regression,400,2,False,A11 A21 A31 A41 A53 A61,,EN6,Stacking,True,,6,0.9870179368609943,0.0007363488550835102,0.38,ok,,0
strogatz_vdp2,regression,400,2,False,A11 A21 A31 A41 A53 A61,,EN7,Voting Ensemble,True,,8,0.9994636173302581,0.0003589347175686925,0.14,ok,,0
strogatz_vdp2,regression,400,2,False,A11 A21 A31 A41 A53 A61,,SV1,SVM (linear),True,,17,1.0,0.0,0.05,ok,,0
strogatz_vdp2,regression,400,2,False,A11 A21 A31 A41 A53 A61,,SV2,Kernel SVM (RBF/Poly),True,,13,0.33883261287723004,0.03076868198146982,0.06,ok,,0
strogatz_vdp2,regression,400,2,False,A11 A21 A31 A41 A53 A61,,IB1,k-Nearest Neighbors,True,,16,0.9958528447812689,0.0032662325403427814,0.05,ok,,0
strogatz_vdp2,regression,400,2,False,A11 A21 A31 A41 A53 A61,,NN2,MLP (Feedforward),True,,9,0.9721832254616235,0.0062530200018977135,0.2,ok,,0
strogatz_vdp2,regression,400,2,False,A11 A21 A31 A41 A53 A61,,EN3,XGBoost,True,,5,0.999283403188598,0.0004095152841381283,0.42,ok,,0
strogatz_vdp2,regression,400,2,False,A11 A21 A31 A41 A53 A61,,EN4,LightGBM,True,,3,0.99765222291688,0.002011034377433647,0.72,ok,,0
strogatz_vdp2,regression,400,2,False,A11 A21 A31 A41 A53 A61,,BASE-HGB,Histogram Gradient Boosting (baseline),False,,,0.9981182799688044,0.001316389734820287,1.75,ok,,0
strogatz_shearflow1,regression,400,2,False,A11 A21 A31 A41 A54 A61,,LM1,Linear Regression,True,,15,0.04430977856537908,0.11201686424262972,0.05,ok,,0
strogatz_shearflow1,regression,400,2,False,A11 A21 A31 A41 A54 A61,,LM3,Ridge Regression,True,,10,0.04506813018225793,0.11036053190083038,0.05,ok,,0
strogatz_shearflow1,regression,400,2,False,A11 A21 A31 A41 A54 A61,,LM4,Lasso Regression,True,,18,-0.01373241457086256,0.015000192399530375,0.05,ok,,0
strogatz_shearflow1,regression,400,2,False,A11 A21 A31 A41 A54 A61,,LM5,Elastic Net,True,,19,-0.01373241457086256,0.015000192399530375,0.05,ok,,0
strogatz_shearflow1,regression,400,2,False,A11 A21 A31 A41 A54 A61,,LM6,Polynomial Regression,True,,14,0.43408406846982145,0.03586740334867212,0.06,ok,,0
strogatz_shearflow1,regression,400,2,False,A11 A21 A31 A41 A54 A61,,LM7,Bayesian Linear Regression,True,,11,0.05060146933865992,0.0960613851655399,0.05,ok,,0
strogatz_shearflow1,regression,400,2,False,A11 A21 A31 A41 A54 A61,,TR1,Decision Tree,True,,12,0.9283178557235174,0.044163385064100134,0.05,ok,,0
strogatz_shearflow1,regression,400,2,False,A11 A21 A31 A41 A54 A61,,TR2,Random Forest,True,,4,0.9397187553180611,0.03937298690224543,1.82,ok,,0
strogatz_shearflow1,regression,400,2,False,A11 A21 A31 A41 A54 A61,,TR3,Extra Trees,True,,2,0.9898824314527307,0.0039167009299047924,1.42,ok,,0
strogatz_shearflow1,regression,400,2,False,A11 A21 A31 A41 A54 A61,,EN1,AdaBoost,True,,7,0.851382846629981,0.08051436773182999,0.17,ok,,0
strogatz_shearflow1,regression,400,2,False,A11 A21 A31 A41 A54 A61,,EN2,Gradient Boosting (GBM),True,,1,0.9022396687531151,0.1418292053013705,0.41,ok,,0
strogatz_shearflow1,regression,400,2,False,A11 A21 A31 A41 A54 A61,,EN6,Stacking,True,,6,-0.30434934178565287,0.5459836671266056,0.43,ok,,0
strogatz_shearflow1,regression,400,2,False,A11 A21 A31 A41 A54 A61,,EN7,Voting Ensemble,True,,8,0.8166255305857864,0.10105722723642539,0.14,ok,,0
strogatz_shearflow1,regression,400,2,False,A11 A21 A31 A41 A54 A61,,SV1,SVM (linear),True,,17,0.01205522195268136,0.015281526406673268,0.08,ok,,0
strogatz_shearflow1,regression,400,2,False,A11 A21 A31 A41 A54 A61,,SV2,Kernel SVM (RBF/Poly),True,,13,0.6278029930935736,0.1799022916613696,0.09,ok,,0
strogatz_shearflow1,regression,400,2,False,A11 A21 A31 A41 A54 A61,,IB1,k-Nearest Neighbors,True,,16,0.7143073516658813,0.15308601462886198,0.05,ok,,0
strogatz_shearflow1,regression,400,2,False,A11 A21 A31 A41 A54 A61,,NN2,MLP (Feedforward),True,,9,0.624480864429701,0.12971250091960956,2.57,ok,,0
strogatz_shearflow1,regression,400,2,False,A11 A21 A31 A41 A54 A61,,EN3,XGBoost,True,,5,0.860671326000794,0.14168718593827787,1.33,ok,,0
strogatz_shearflow1,regression,400,2,False,A11 A21 A31 A41 A54 A61,,EN4,LightGBM,True,,3,0.7465480155325053,0.08574914866904867,0.43,ok,,0
strogatz_shearflow1,regression,400,2,False,A11 A21 A31 A41 A54 A61,,BASE-HGB,Histogram Gradient Boosting (baseline),False,,,0.7409364232623838,0.05630964559355549,1.93,ok,,0
strogatz_shearflow2,regression,400,2,False,A11 A21 A31 A41 A54 A61,,LM1,Linear Regression,True,,15,0.2228222422100164,0.07903806891736818,0.06,ok,,0
strogatz_shearflow2,regression,400,2,False,A11 A21 A31 A41 A54 A61,,LM3,Ridge Regression,True,,10,0.22275755369498454,0.0788399489714791,0.06,ok,,0
strogatz_shearflow2,regression,400,2,False,A11 A21 A31 A41 A54 A61,,LM4,Lasso Regression,True,,18,-0.0167432464616172,0.01420106083882856,0.06,ok,,0
strogatz_shearflow2,regression,400,2,False,A11 A21 A31 A41 A54 A61,,LM5,Elastic Net,True,,19,-0.0167432464616172,0.01420106083882856,0.06,ok,,0
strogatz_shearflow2,regression,400,2,False,A11 A21 A31 A41 A54 A61,,LM6,Polynomial Regression,True,,14,0.43373037012246163,0.1191078245158134,0.07,ok,,0
strogatz_shearflow2,regression,400,2,False,A11 A21 A31 A41 A54 A61,,LM7,Bayesian Linear Regression,True,,11,0.22251151795229912,0.0784708493659344,0.06,ok,,0
strogatz_shearflow2,regression,400,2,False,A11 A21 A31 A41 A54 A61,,TR1,Decision Tree,True,,12,0.8782551245764394,0.18486012384597814,0.05,ok,,0
strogatz_shearflow2,regression,400,2,False,A11 A21 A31 A41 A54 A61,,TR2,Random Forest,True,,4,0.963355665039112,0.04704167635772938,1.98,ok,,0
strogatz_shearflow2,regression,400,2,False,A11 A21 A31 A41 A54 A61,,TR3,Extra Trees,True,,2,0.9946892124679995,0.005867948724110389,1.39,ok,,0
strogatz_shearflow2,regression,400,2,False,A11 A21 A31 A41 A54 A61,,EN1,AdaBoost,True,,7,0.8302369307397752,0.05963407334664039,0.12,ok,,0
strogatz_shearflow2,regression,400,2,False,A11 A21 A31 A41 A54 A61,,EN2,Gradient Boosting (GBM),True,,1,0.9359156689844376,0.08072369913985364,0.42,ok,,0
strogatz_shearflow2,regression,400,2,False,A11 A21 A31 A41 A54 A61,,EN6,Stacking,True,,6,0.9443825782553678,0.018641134869945605,0.37,ok,,0
strogatz_shearflow2,regression,400,2,False,A11 A21 A31 A41 A54 A61,,EN7,Voting Ensemble,True,,8,0.8568487828959956,0.055096996111202154,0.13,ok,,0
strogatz_shearflow2,regression,400,2,False,A11 A21 A31 A41 A54 A61,,SV1,SVM (linear),True,,17,0.19668954650072248,0.08961241066123898,0.07,ok,,0
strogatz_shearflow2,regression,400,2,False,A11 A21 A31 A41 A54 A61,,SV2,Kernel SVM (RBF/Poly),True,,13,0.7785924781492183,0.04324847353995457,0.07,ok,,0
strogatz_shearflow2,regression,400,2,False,A11 A21 A31 A41 A54 A61,,IB1,k-Nearest Neighbors,True,,16,0.9842185309098263,0.006798745714572327,0.06,ok,,0
strogatz_shearflow2,regression,400,2,False,A11 A21 A31 A41 A54 A61,,NN2,MLP (Feedforward),True,,9,0.4201423254053772,0.08519866333905964,0.34,ok,,0
strogatz_shearflow2,regression,400,2,False,A11 A21 A31 A41 A54 A61,,EN3,XGBoost,True,,5,0.9694732065189703,0.023854376456683445,0.74,ok,,0
strogatz_shearflow2,regression,400,2,False,A11 A21 A31 A41 A54 A61,,EN4,LightGBM,True,,3,0.9131445825160063,0.06686536890550082,0.96,ok,,0
strogatz_shearflow2,regression,400,2,False,A11 A21 A31 A41 A54 A61,,BASE-HGB,Histogram Gradient Boosting (baseline),False,,,0.9225169283535589,0.08599631614870878,2.54,ok,,0
strogatz_vdp1,regression,400,2,False,A11 A21 A31 A41 A53 A61,,LM1,Linear Regression,True,,15,0.08761136603095239,0.06627528019977325,0.08,ok,,0
strogatz_vdp1,regression,400,2,False,A11 A21 A31 A41 A53 A61,,LM3,Ridge Regression,True,,10,0.08790124531288937,0.06582531982943221,0.05,ok,,0
strogatz_vdp1,regression,400,2,False,A11 A21 A31 A41 A53 A61,,LM4,Lasso Regression,True,,18,-0.0018928914012063646,0.0023995329312453853,0.05,ok,,0
strogatz_vdp1,regression,400,2,False,A11 A21 A31 A41 A53 A61,,LM5,Elastic Net,True,,19,-0.0018928914012063646,0.0023995329312453853,0.06,ok,,0
strogatz_vdp1,regression,400,2,False,A11 A21 A31 A41 A53 A61,,LM6,Polynomial Regression,True,,14,0.3464388189251103,0.2831393283650398,0.06,ok,,0
strogatz_vdp1,regression,400,2,False,A11 A21 A31 A41 A53 A61,,LM7,Bayesian Linear Regression,True,,11,0.08964062969874556,0.06119318305207591,0.05,ok,,0
strogatz_vdp1,regression,400,2,False,A11 A21 A31 A41 A53 A61,,TR1,Decision Tree,True,,12,0.7839185921839869,0.25833408180850476,0.05,ok,,0
strogatz_vdp1,regression,400,2,False,A11 A21 A31 A41 A53 A61,,TR2,Random Forest,True,,4,0.8841457643799201,0.07089886577884878,2.01,ok,,0
strogatz_vdp1,regression,400,2,False,A11 A21 A31 A41 A53 A61,,TR3,Extra Trees,True,,2,0.984383444089727,0.008337599433539475,1.42,ok,,0
strogatz_vdp1,regression,400,2,False,A11 A21 A31 A41 A53 A61,,EN1,AdaBoost,True,,7,0.832456227995609,0.07627104893017367,0.31,ok,,0
strogatz_vdp1,regression,400,2,False,A11 A21 A31 A41 A53 A61,,EN2,Gradient Boosting (GBM),True,,1,0.9076837824697634,0.08527543474078081,0.38,ok,,0
strogatz_vdp1,regression,400,2,False,A11 A21 A31 A41 A53 A61,,EN6,Stacking,True,,6,0.8172520268910457,0.08883501739315912,0.36,ok,,0
strogatz_vdp1,regression,400,2,False,A11 A21 A31 A41 A53 A61,,EN7,Voting Ensemble,True,,8,0.7246353773353598,0.11322188630489224,0.14,ok,,0
strogatz_vdp1,regression,400,2,False,A11 A21 A31 A41 A53 A61,,SV1,SVM (linear),True,,17,0.056252005809099836,0.028407509472707388,0.07,ok,,0
strogatz_vdp1,regression,400,2,False,A11 A21 A31 A41 A53 A61,,SV2,Kernel SVM (RBF/Poly),True,,13,0.6610768340956514,0.1126844849076795,0.07,ok,,0
strogatz_vdp1,regression,400,2,False,A11 A21 A31 A41 A53 A61,,IB1,k-Nearest Neighbors,True,,16,0.8880166649398504,0.050514591010048224,0.05,ok,,0
strogatz_vdp1,regression,400,2,False,A11 A21 A31 A41 A53 A61,,NN2,MLP (Feedforward),True,,9,0.9281711039156484,0.023981576830755694,4.05,ok,,0
strogatz_vdp1,regression,400,2,False,A11 A21 A31 A41 A53 A61,,EN3,XGBoost,True,,5,0.9168060899254634,0.04337791508364335,11.47,ok,,0
strogatz_vdp1,regression,400,2,False,A11 A21 A31 A41 A53 A61,,EN4,LightGBM,True,,3,0.772490519584533,0.057459341690543696,1.91,ok,,0
strogatz_vdp1,regression,400,2,False,A11 A21 A31 A41 A53 A61,,BASE-HGB,Histogram Gradient Boosting (baseline),False,,,0.7718644667667224,0.06796241133914144,21.49,ok,,0
strogatz_glider1,regression,400,2,False,A11 A21 A31 A41 A54 A61,,LM1,Linear Regression,True,,15,0.10654987570272736,0.06212381602714217,0.05,ok,,0
strogatz_glider1,regression,400,2,False,A11 A21 A31 A41 A54 A61,,LM3,Ridge Regression,True,,10,0.1065718456705584,0.06212858457540706,0.05,ok,,0
strogatz_glider1,regression,400,2,False,A11 A21 A31 A41 A54 A61,,LM4,Lasso Regression,True,,18,-0.03947812856592754,0.03246140727812226,0.05,ok,,0
strogatz_glider1,regression,400,2,False,A11 A21 A31 A41 A54 A61,,LM5,Elastic Net,True,,19,-0.03947812856592754,0.03246140727812226,0.05,ok,,0
strogatz_glider1,regression,400,2,False,A11 A21 A31 A41 A54 A61,,LM6,Polynomial Regression,True,,14,0.10577206436056015,0.05406018929155635,0.06,ok,,0
strogatz_glider1,regression,400,2,False,A11 A21 A31 A41 A54 A61,,LM7,Bayesian Linear Regression,True,,11,0.10650328552261475,0.0620673842100503,0.05,ok,,0
strogatz_glider1,regression,400,2,False,A11 A21 A31 A41 A54 A61,,TR1,Decision Tree,True,,12,0.9463238232747587,0.011536053559923586,0.05,ok,,0
strogatz_glider1,regression,400,2,False,A11 A21 A31 A41 A54 A61,,TR2,Random Forest,True,,4,0.9653877704659621,0.013841537643639712,2.11,ok,,0
strogatz_glider1,regression,400,2,False,A11 A21 A31 A41 A54 A61,,TR3,Extra Trees,True,,2,0.9772502967171356,0.009511653765227676,1.53,ok,,0
strogatz_glider1,regression,400,2,False,A11 A21 A31 A41 A54 A61,,EN1,AdaBoost,True,,7,0.36299327712344975,0.0868770122646452,0.19,ok,,0
strogatz_glider1,regression,400,2,False,A11 A21 A31 A41 A54 A61,,EN2,Gradient Boosting (GBM),True,,1,0.964742079035393,0.010945081658753799,0.49,ok,,0
strogatz_glider1,regression,400,2,False,A11 A21 A31 A41 A54 A61,,EN6,Stacking,True,,6,0.8366480097378869,0.052311333217142715,0.47,ok,,0
strogatz_glider1,regression,400,2,False,A11 A21 A31 A41 A54 A61,,EN7,Voting Ensemble,True,,8,0.7715960142015726,0.02978570737410628,0.19,ok,,0
strogatz_glider1,regression,400,2,False,A11 A21 A31 A41 A54 A61,,SV1,SVM (linear),True,,17,0.06673129138037559,0.08686652064219805,0.1,ok,,0
strogatz_glider1,regression,400,2,False,A11 A21 A31 A41 A54 A61,,SV2,Kernel SVM (RBF/Poly),True,,13,0.02174406597259384,0.06578647163216692,0.09,ok,,0
strogatz_glider1,regression,400,2,False,A11 A21 A31 A41 A54 A61,,IB1,k-Nearest Neighbors,True,,16,0.8535205810449114,0.043052154892145714,0.08,ok,,0
strogatz_glider1,regression,400,2,False,A11 A21 A31 A41 A54 A61,,NN2,MLP (Feedforward),True,,9,0.11334683116428237,0.06127986337880568,1.4,ok,,0
strogatz_glider1,regression,400,2,False,A11 A21 A31 A41 A54 A61,,EN3,XGBoost,True,,5,0.9570575406286885,0.011293728532659687,2.74,ok,,0
strogatz_glider1,regression,400,2,False,A11 A21 A31 A41 A54 A61,,EN4,LightGBM,True,,3,0.9291543771300969,0.027541534816791346,0.39,ok,,0
strogatz_glider1,regression,400,2,False,A11 A21 A31 A41 A54 A61,,BASE-HGB,Histogram Gradient Boosting (baseline),False,,,0.935155263304798,0.027351960189459772,2.03,ok,,0
strogatz_barmag2,regression,400,2,False,A11 A21 A31 A41 A54 A61,,LM1,Linear Regression,True,,15,0.01590677040268318,0.12682184564507426,0.07,ok,,0
strogatz_barmag2,regression,400,2,False,A11 A21 A31 A41 A54 A61,,LM3,Ridge Regression,True,,10,0.01626267183527099,0.1262006873046832,0.06,ok,,0
strogatz_barmag2,regression,400,2,False,A11 A21 A31 A41 A54 A61,,LM4,Lasso Regression,True,,18,-0.028364170423252632,0.019424234543010066,0.05,ok,,0
strogatz_barmag2,regression,400,2,False,A11 A21 A31 A41 A54 A61,,LM5,Elastic Net,True,,19,-0.028364170423252632,0.019424234543010066,0.05,ok,,0
strogatz_barmag2,regression,400,2,False,A11 A21 A31 A41 A54 A61,,LM6,Polynomial Regression,True,,14,0.7387014188184826,0.0502745908701089,0.06,ok,,0
strogatz_barmag2,regression,400,2,False,A11 A21 A31 A41 A54 A61,,LM7,Bayesian Linear Regression,True,,11,0.01837766339432898,0.1189737373668387,0.06,ok,,0
strogatz_barmag2,regression,400,2,False,A11 A21 A31 A41 A54 A61,,TR1,Decision Tree,True,,12,0.9916299577021856,0.005696113516228667,0.07,ok,,0
strogatz_barmag2,regression,400,2,False,A11 A21 A31 A41 A54 A61,,TR2,Random Forest,True,,4,0.9843825238362702,0.016845246551562897,1.98,ok,,0
strogatz_barmag2,regression,400,2,False,A11 A21 A31 A41 A54 A61,,TR3,Extra Trees,True,,2,0.9970931530775685,0.0021658975868140288,1.44,ok,,0
strogatz_barmag2,regression,400,2,False,A11 A21 A31 A41 A54 A61,,EN1,AdaBoost,True,,7,0.9344610406453796,0.030690087324436992,0.24,ok,,0
strogatz_barmag2,regression,400,2,False,A11 A21 A31 A41 A54 A61,,EN2,Gradient Boosting (GBM),True,,1,0.9898121059203848,0.006334288944534757,0.39,ok,,0
strogatz_barmag2,regression,400,2,False,A11 A21 A31 A41 A54 A61,,EN6,Stacking,True,,6,-1.9962112492210213,0.12798614565927943,0.39,ok,,0
strogatz_barmag2,regression,400,2,False,A11 A21 A31 A41 A54 A61,,EN7,Voting Ensemble,True,,8,0.8150528201325994,0.031162506896726706,0.13,ok,,0
strogatz_barmag2,regression,400,2,False,A11 A21 A31 A41 A54 A61,,SV1,SVM (linear),True,,17,-0.06109169616289878,0.0768221971854014,0.08,ok,,0
strogatz_barmag2,regression,400,2,False,A11 A21 A31 A41 A54 A61,,SV2,Kernel SVM (RBF/Poly),True,,13,0.9087103864143089,0.0238337873597162,0.06,ok,,0
strogatz_barmag2,regression,400,2,False,A11 A21 A31 A41 A54 A61,,IB1,k-Nearest Neighbors,True,,16,0.8919053892916923,0.02706957209603658,0.05,ok,,0
strogatz_barmag2,regression,400,2,False,A11 A21 A31 A41 A54 A61,,NN2,MLP (Feedforward),True,,9,0.8244999170866969,0.06045542989471362,1.05,ok,,0
strogatz_barmag2,regression,400,2,False,A11 A21 A31 A41 A54 A61,,EN3,XGBoost,True,,5,0.831359615052104,0.2685438021967012,0.87,ok,,0
strogatz_barmag2,regression,400,2,False,A11 A21 A31 A41 A54 A61,,EN4,LightGBM,True,,3,0.8039868959896642,0.14024574429444148,0.25,ok,,0
strogatz_barmag2,regression,400,2,False,A11 A21 A31 A41 A54 A61,,BASE-HGB,Histogram Gradient Boosting (baseline),False,,,0.93734274876801,0.009686956689280305,2.1,ok,,0
556_analcatdata_apnea2,regression,475,3,False,A11 A21 A38 A41 A54 A61,,LM1,Linear Regression,True,,15,0.23657218812594927,0.16578506389481953,0.12,ok,,0
556_analcatdata_apnea2,regression,475,3,False,A11 A21 A38 A41 A54 A61,,LM3,Ridge Regression,True,,10,0.2386360173433267,0.16140482029978223,0.1,ok,,0
556_analcatdata_apnea2,regression,475,3,False,A11 A21 A38 A41 A54 A61,,LM4,Lasso Regression,True,,18,0.23689497708777307,0.1651168482533533,0.1,ok,,0
556_analcatdata_apnea2,regression,475,3,False,A11 A21 A38 A41 A54 A61,,LM5,Elastic Net,True,,19,0.1353694392735731,0.02139174607391966,0.09,ok,,0
556_analcatdata_apnea2,regression,475,3,False,A11 A21 A38 A41 A54 A61,,LM6,Polynomial Regression,True,,14,0.9051918502843181,0.030067689370022684,0.11,ok,,0
556_analcatdata_apnea2,regression,475,3,False,A11 A21 A38 A41 A54 A61,,LM7,Bayesian Linear Regression,True,,12,0.24273751824879614,0.15051003900816703,0.15,ok,,0
556_analcatdata_apnea2,regression,475,3,False,A11 A21 A38 A41 A54 A61,,TR1,Decision Tree,True,,11,0.878490514224557,0.062432261600205194,0.1,ok,,0
556_analcatdata_apnea2,regression,475,3,False,A11 A21 A38 A41 A54 A61,,TR2,Random Forest,True,,4,0.9054618921054564,0.041386772516449,2.1,ok,,0
556_analcatdata_apnea2,regression,475,3,False,A11 A21 A38 A41 A54 A61,,TR3,Extra Trees,True,,2,0.9089525655783779,0.026700057383165728,1.51,ok,,0
556_analcatdata_apnea2,regression,475,3,False,A11 A21 A38 A41 A54 A61,,EN1,AdaBoost,True,,7,0.8884509001930988,0.03778506927563217,0.24,ok,,0
556_analcatdata_apnea2,regression,475,3,False,A11 A21 A38 A41 A54 A61,,EN2,Gradient Boosting (GBM),True,,1,0.9135073012741785,0.024975893378741048,0.42,ok,,0
556_analcatdata_apnea2,regression,475,3,False,A11 A21 A38 A41 A54 A61,,EN6,Stacking,True,,6,0.9002734148381155,0.033235339363963244,0.48,ok,,0
556_analcatdata_apnea2,regression,475,3,False,A11 A21 A38 A41 A54 A61,,EN7,Voting Ensemble,True,,8,0.8333865062352335,0.04385905635895748,0.17,ok,,0
556_analcatdata_apnea2,regression,475,3,False,A11 A21 A38 A41 A54 A61,,SV1,SVM (linear),True,,17,-0.0678581598284019,0.027706095016097092,0.09,ok,,0
556_analcatdata_apnea2,regression,475,3,False,A11 A21 A38 A41 A54 A61,,SV2,Kernel SVM (RBF/Poly),True,,13,-0.07183653192070624,0.027243759302498314,0.14,ok,,0
556_analcatdata_apnea2,regression,475,3,False,A11 A21 A38 A41 A54 A61,,IB1,k-Nearest Neighbors,True,,16,0.8995401377587526,0.042211291772256555,0.11,ok,,0
556_analcatdata_apnea2,regression,475,3,False,A11 A21 A38 A41 A54 A61,,NN2,MLP (Feedforward),True,,9,0.021426173308616448,0.029926875489071664,3.75,ok,,0
556_analcatdata_apnea2,regression,475,3,False,A11 A21 A38 A41 A54 A61,,EN3,XGBoost,True,,5,0.8909469600677683,0.051491227969868145,0.79,ok,,0
556_analcatdata_apnea2,regression,475,3,False,A11 A21 A38 A41 A54 A61,,EN4,LightGBM,True,,3,0.743511493930774,0.03170610560381223,0.6,ok,,0
556_analcatdata_apnea2,regression,475,3,False,A11 A21 A38 A41 A54 A61,,BASE-HGB,Histogram Gradient Boosting (baseline),False,,,0.7435100555154568,0.0317064487245953,2.94,ok,,0
557_analcatdata_apnea1,regression,475,3,False,A11 A21 A38 A41 A54 A61,,LM1,Linear Regression,True,,15,0.2079014755951047,0.18378790008911286,0.09,ok,,0
557_analcatdata_apnea1,regression,475,3,False,A11 A21 A38 A41 A54 A61,,LM3,Ridge Regression,True,,10,0.21051064939167058,0.17925502350648465,0.09,ok,,0
557_analcatdata_apnea1,regression,475,3,False,A11 A21 A38 A41 A54 A61,,LM4,Lasso Regression,True,,18,0.20832787987834012,0.18301260553941567,0.09,ok,,0
557_analcatdata_apnea1,regression,475,3,False,A11 A21 A38 A41 A54 A61,,LM5,Elastic Net,True,,19,0.12704959304668512,0.03854091210120815,0.09,ok,,0
557_analcatdata_apnea1,regression,475,3,False,A11 A21 A38 A41 A54 A61,,LM6,Polynomial Regression,True,,14,0.8963444910537971,0.05787041533956448,0.11,ok,,0
557_analcatdata_apnea1,regression,475,3,False,A11 A21 A38 A41 A54 A61,,LM7,Bayesian Linear Regression,True,,12,0.21628622535229597,0.16732729362979498,0.13,ok,,0
557_analcatdata_apnea1,regression,475,3,False,A11 A21 A38 A41 A54 A61,,TR1,Decision Tree,True,,11,0.8676232625725522,0.05067435686773914,0.09,ok,,0
557_analcatdata_apnea1,regression,475,3,False,A11 A21 A38 A41 A54 A61,,TR2,Random Forest,True,,4,0.8929145004318974,0.042349748635033754,2.12,ok,,0
557_analcatdata_apnea1,regression,475,3,False,A11 A21 A38 A41 A54 A61,,TR3,Extra Trees,True,,2,0.9028139558187978,0.02967064332287984,1.88,ok,,0
557_analcatdata_apnea1,regression,475,3,False,A11 A21 A38 A41 A54 A61,,EN1,AdaBoost,True,,7,0.8718939477407348,0.069553366053298,0.33,ok,,0
557_analcatdata_apnea1,regression,475,3,False,A11 A21 A38 A41 A54 A61,,EN2,Gradient Boosting (GBM),True,,1,0.9040723247865536,0.04029217384001651,0.61,ok,,0
557_analcatdata_apnea1,regression,475,3,False,A11 A21 A38 A41 A54 A61,,EN6,Stacking,True,,6,0.9056222059463881,0.06203325103461868,0.45,ok,,0
557_analcatdata_apnea1,regression,475,3,False,A11 A21 A38 A41 A54 A61,,EN7,Voting Ensemble,True,,8,0.8354865798604993,0.02303659947362941,0.17,ok,,0
557_analcatdata_apnea1,regression,475,3,False,A11 A21 A38 A41 A54 A61,,SV1,SVM (linear),True,,17,-0.06689282654009912,0.02653133813687526,0.1,ok,,0
557_analcatdata_apnea1,regression,475,3,False,A11 A21 A38 A41 A54 A61,,SV2,Kernel SVM (RBF/Poly),True,,13,-0.06956348068340437,0.025892735086982945,0.13,ok,,0
557_analcatdata_apnea1,regression,475,3,False,A11 A21 A38 A41 A54 A61,,IB1,k-Nearest Neighbors,True,,16,0.8992846117339841,0.06556256360309835,0.11,ok,,0
557_analcatdata_apnea1,regression,475,3,False,A11 A21 A38 A41 A54 A61,,NN2,MLP (Feedforward),True,,9,0.019631998408114183,0.028110627997658646,3.75,ok,,0
557_analcatdata_apnea1,regression,475,3,False,A11 A21 A38 A41 A54 A61,,EN3,XGBoost,True,,5,0.9060396205866741,0.053184314714995254,1.26,ok,,0
557_analcatdata_apnea1,regression,475,3,False,A11 A21 A38 A41 A54 A61,,EN4,LightGBM,True,,3,0.7140755217972485,0.0830804931964151,0.74,ok,,0
557_analcatdata_apnea1,regression,475,3,False,A11 A21 A38 A41 A54 A61,,BASE-HGB,Histogram Gradient Boosting (baseline),False,,,0.7140755217972485,0.0830804931964151,2.18,ok,,0
1027_ESL,regression,488,4,False,A11 A21 A32 A41 A53 A61,,LM1,Linear Regression,False,needs A31 data (yours is A32),,0.840772926857802,0.0198350426332176,0.19,ok,,0
1027_ESL,regression,488,4,False,A11 A21 A32 A41 A53 A61,,LM3,Ridge Regression,False,needs A31 data (yours is A32),,0.8433775448724328,0.028815347168748284,0.18,ok,,0
1027_ESL,regression,488,4,False,A11 A21 A32 A41 A53 A61,,LM4,Lasso Regression,True,,13,-0.016119123187491223,0.010243542416010007,0.08,ok,,0
1027_ESL,regression,488,4,False,A11 A21 A32 A41 A53 A61,,LM5,Elastic Net,True,,14,-0.016119123187491223,0.010243542416010007,0.09,ok,,0
1027_ESL,regression,488,4,False,A11 A21 A32 A41 A53 A61,,LM6,Polynomial Regression,False,needs A31 data (yours is A32),,0.819609755270006,0.041883119333582075,0.6,ok,,0
1027_ESL,regression,488,4,False,A11 A21 A32 A41 A53 A61,,LM7,Bayesian Linear Regression,False,needs A31 data (yours is A32),,0.8437345558423088,0.025574889762632915,0.3,ok,,0
1027_ESL,regression,488,4,False,A11 A21 A32 A41 A53 A61,,TR1,Decision Tree,True,,10,0.7062010518083603,0.0712592253303749,0.13,ok,,0
1027_ESL,regression,488,4,False,A11 A21 A32 A41 A53 A61,,TR2,Random Forest,True,,4,0.8099023852103377,0.037385942391138564,2.12,ok,,0
1027_ESL,regression,488,4,False,A11 A21 A32 A41 A53 A61,,TR3,Extra Trees,True,,2,0.7227573840567075,0.054362715807183326,1.84,ok,,0
1027_ESL,regression,488,4,False,A11 A21 A32 A41 A53 A61,,EN1,AdaBoost,True,,7,0.7223777933579317,0.02965453545604272,0.53,ok,,0
1027_ESL,regression,488,4,False,A11 A21 A32 A41 A53 A61,,EN2,Gradient Boosting (GBM),True,,1,0.8345475275365841,0.02880430738636708,0.47,ok,,0
1027_ESL,regression,488,4,False,A11 A21 A32 A41 A53 A61,,EN6,Stacking,True,,6,0.8416765223990739,0.030209789248081192,0.72,ok,,0
1027_ESL,regression,488,4,False,A11 A21 A32 A41 A53 A61,,EN7,Voting Ensemble,True,,8,0.8158488955296253,0.03794280022321711,0.6,ok,,0
1027_ESL,regression,488,4,False,A11 A21 A32 A41 A53 A61,,SV1,SVM (linear),True,,12,0.8381028009296434,0.024947373505930726,0.08,ok,,0
1027_ESL,regression,488,4,False,A11 A21 A32 A41 A53 A61,,SV2,Kernel SVM (RBF/Poly),True,,11,0.8009777965836717,0.03514670564215585,0.13,ok,,0
1027_ESL,regression,488,4,False,A11 A21 A32 A41 A53 A61,,IB1,k-Nearest Neighbors,False,needs A31 data (yours is A32),,0.7688628019517784,0.05107394393387281,0.08,ok,,0
1027_ESL,regression,488,4,False,A11 A21 A32 A41 A53 A61,,NN2,MLP (Feedforward),True,,9,0.8463527982039916,0.027493342172378286,1.94,ok,,0
1027_ESL,regression,488,4,False,A11 A21 A32 A41 A53 A61,,EN3,XGBoost,True,,5,0.7801328715837299,0.050228189275701954,0.52,ok,,0
1027_ESL,regression,488,4,False,A11 A21 A32 A41 A53 A61,,EN4,LightGBM,True,,3,0.7898055421127059,0.052055853500058036,0.93,ok,,0
1027_ESL,regression,488,4,False,A11 A21 A32 A41 A53 A61,,BASE-HGB,Histogram Gradient Boosting (baseline),False,,,0.7897775678643811,0.052054563086104996,2.67,ok,,0
650_fri_c0_500_50,regression,500,50,False,A11 A21 A31 A41 A53 A61,,LM1,Linear Regression,True,,15,0.7211894998010271,0.02680857998384258,0.22,ok,,0
650_fri_c0_500_50,regression,500,50,False,A11 A21 A31 A41 A53 A61,,LM3,Ridge Regression,True,,10,0.7213669698722135,0.026677895967487694,0.13,ok,,0
650_fri_c0_500_50,regression,500,50,False,A11 A21 A31 A41 A53 A61,,LM4,Lasso Regression,True,,18,-0.0029900633749826875,0.0022144716478042334,0.1,ok,,0
650_fri_c0_500_50,regression,500,50,False,A11 A21 A31 A41 A53 A61,,LM5,Elastic Net,True,,19,0.06929037756083437,0.007167544667760515,0.12,ok,,0
650_fri_c0_500_50,regression,500,50,False,A11 A21 A31 A41 A53 A61,,LM6,Polynomial Regression,True,,14,0.289846093205458,0.07392307709606341,0.64,ok,,0
650_fri_c0_500_50,regression,500,50,False,A11 A21 A31 A41 A53 A61,,LM7,Bayesian Linear Regression,True,,11,0.7221504626487869,0.02496216725965951,0.16,ok,,0
650_fri_c0_500_50,regression,500,50,False,A11 A21 A31 A41 A53 A61,,TR1,Decision Tree,True,,12,0.45737482200533036,0.06536849846735196,0.18,ok,,0
650_fri_c0_500_50,regression,500,50,False,A11 A21 A31 A41 A53 A61,,TR2,Random Forest,True,,4,0.7375357644539597,0.02655949980962299,7.98,ok,,0
650_fri_c0_500_50,regression,500,50,False,A11 A21 A31 A41 A53 A61,,TR3,Extra Trees,True,,2,0.7760003046234216,0.027410478583405694,6.01,ok,,0
650_fri_c0_500_50,regression,500,50,False,A11 A21 A31 A41 A53 A61,,EN1,AdaBoost,True,,7,0.7270341669427431,0.022592839178573545,1.54,ok,,0
650_fri_c0_500_50,regression,500,50,False,A11 A21 A31 A41 A53 A61,,EN2,Gradient Boosting (GBM),True,,1,0.8566276849425443,0.017451470082624154,3.54,ok,,0
650_fri_c0_500_50,regression,500,50,False,A11 A21 A31 A41 A53 A61,,EN6,Stacking,True,,6,0.7479002652605625,0.02798957634005323,0.93,ok,,0
650_fri_c0_500_50,regression,500,50,False,A11 A21 A31 A41 A53 A61,,EN7,Voting Ensemble,True,,8,0.6887315830666779,0.03579393385833264,0.37,ok,,0
650_fri_c0_500_50,regression,500,50,False,A11 A21 A31 A41 A53 A61,,SV1,SVM (linear),True,,17,0.7239438765413908,0.03422210368904179,0.46,ok,,0
650_fri_c0_500_50,regression,500,50,False,A11 A21 A31 A41 A53 A61,,SV2,Kernel SVM (RBF/Poly),True,,13,0.6579849819918099,0.03145862754198515,0.17,ok,,0
650_fri_c0_500_50,regression,500,50,False,A11 A21 A31 A41 A53 A61,,IB1,k-Nearest Neighbors,True,,16,0.3322334198852688,0.05423987567143193,0.54,ok,,0
650_fri_c0_500_50,regression,500,50,False,A11 A21 A31 A41 A53 A61,,NN2,MLP (Feedforward),True,,9,0.5634700095432561,0.06553207560621464,1.43,ok,,0
650_fri_c0_500_50,regression,500,50,False,A11 A21 A31 A41 A53 A61,,EN3,XGBoost,True,,5,0.7520250418084272,0.034054477695971655,25.89,ok,,0
650_fri_c0_500_50,regression,500,50,False,A11 A21 A31 A41 A53 A61,,EN4,LightGBM,True,,3,0.8459078788918266,0.02238922179660856,16.88,ok,,0
650_fri_c0_500_50,regression,500,50,False,A11 A21 A31 A41 A53 A61,,BASE-HGB,Histogram Gradient Boosting (baseline),False,,,0.8450354316440366,0.025668393897181393,27.82,ok,,0
654_fri_c0_500_10,regression,500,10,False,A11 A21 A31 A41 A53 A61,,LM1,Linear Regression,True,,15,0.6713432250399434,0.053952102522148195,0.07,ok,,0
654_fri_c0_500_10,regression,500,10,False,A11 A21 A31 A41 A53 A61,,LM3,Ridge Regression,True,,10,0.6713917148356103,0.05377178178626411,0.06,ok,,0
654_fri_c0_500_10,regression,500,10,False,A11 A21 A31 A41 A53 A61,,LM4,Lasso Regression,True,,18,-0.008600939690245068,0.007174379614098274,0.07,ok,,0
654_fri_c0_500_10,regression,500,10,False,A11 A21 A31 A41 A53 A61,,LM5,Elastic Net,True,,19,0.04049481358603935,0.008791013531314687,0.06,ok,,0
654_fri_c0_500_10,regression,500,10,False,A11 A21 A31 A41 A53 A61,,LM6,Polynomial Regression,True,,14,0.8536585141903041,0.020271874469959168,0.07,ok,,0
654_fri_c0_500_10,regression,500,10,False,A11 A21 A31 A41 A53 A61,,LM7,Bayesian Linear Regression,True,,11,0.6714515158291758,0.05313005413493088,0.1,ok,,0
654_fri_c0_500_10,regression,500,10,False,A11 A21 A31 A41 A53 A61,,TR1,Decision Tree,True,,12,0.5589879684246059,0.09332253786855631,0.07,ok,,0
654_fri_c0_500_10,regression,500,10,False,A11 A21 A31 A41 A53 A61,,TR2,Random Forest,True,,4,0.77872622402945,0.020060164815062412,4.38,ok,,0
654_fri_c0_500_10,regression,500,10,False,A11 A21 A31 A41 A53 A61,,TR3,Extra Trees,True,,2,0.7964708734899758,0.022274536002701316,3.45,ok,,0
654_fri_c0_500_10,regression,500,10,False,A11 A21 A31 A41 A53 A61,,EN1,AdaBoost,True,,7,0.7404402683760919,0.02117876587283901,1.2,ok,,0
654_fri_c0_500_10,regression,500,10,False,A11 A21 A31 A41 A53 A61,,EN2,Gradient Boosting (GBM),True,,1,0.8621466709499364,0.021186533539540503,0.9,ok,,0
654_fri_c0_500_10,regression,500,10,False,A11 A21 A31 A41 A53 A61,,EN6,Stacking,True,,6,0.7482049700835218,0.03288619995927937,0.61,ok,,0
654_fri_c0_500_10,regression,500,10,False,A11 A21 A31 A41 A53 A61,,EN7,Voting Ensemble,True,,8,0.7358450279732429,0.021148986271143592,0.24,ok,,0
654_fri_c0_500_10,regression,500,10,False,A11 A21 A31 A41 A53 A61,,SV1,SVM (linear),True,,17,0.6679982033840656,0.05060727799074271,0.13,ok,,0
654_fri_c0_500_10,regression,500,10,False,A11 A21 A31 A41 A53 A61,,SV2,Kernel SVM (RBF/Poly),True,,13,0.8226275246137258,0.015798585859567674,0.17,ok,,0
654_fri_c0_500_10,regression,500,10,False,A11 A21 A31 A41 A53 A61,,IB1,k-Nearest Neighbors,True,,16,0.6087454401651845,0.036884858673241434,0.08,ok,,0
654_fri_c0_500_10,regression,500,10,False,A11 A21 A31 A41 A53 A61,,NN2,MLP (Feedforward),True,,9,0.8750566163809108,0.020730042099056375,2.85,ok,,0
654_fri_c0_500_10,regression,500,10,False,A11 A21 A31 A41 A53 A61,,EN3,XGBoost,True,,5,0.801105220817847,0.02648013943885902,3.47,ok,,0
654_fri_c0_500_10,regression,500,10,False,A11 A21 A31 A41 A53 A61,,EN4,LightGBM,True,,3,0.8796844138972428,0.01074980038766158,2.59,ok,,0
654_fri_c0_500_10,regression,500,10,False,A11 A21 A31 A41 A53 A61,,BASE-HGB,Histogram Gradient Boosting (baseline),False,,,0.8714328532891742,0.010131268915562605,5.71,ok,,0
645_fri_c3_500_50,regression,500,50,False,A11 A21 A31 A41 A53 A61,,LM1,Linear Regression,True,,15,0.2185834289576106,0.0715766593080826,0.1,ok,,0
645_fri_c3_500_50,regression,500,50,False,A11 A21 A31 A41 A53 A61,,LM3,Ridge Regression,True,,10,0.21909454170828954,0.07133244128172886,0.1,ok,,0
645_fri_c3_500_50,regression,500,50,False,A11 A21 A31 A41 A53 A61,,LM4,Lasso Regression,True,,18,-0.020901687518115476,0.02870630040573922,0.11,ok,,0
645_fri_c3_500_50,regression,500,50,False,A11 A21 A31 A41 A53 A61,,LM5,Elastic Net,True,,19,-0.019292047242335908,0.025688749921441927,0.08,ok,,0
645_fri_c3_500_50,regression,500,50,False,A11 A21 A31 A41 A53 A61,,LM6,Polynomial Regression,True,,14,0.0235253034308474,0.11634871455073051,0.43,ok,,0
645_fri_c3_500_50,regression,500,50,False,A11 A21 A31 A41 A53 A61,,LM7,Bayesian Linear Regression,True,,11,0.20478108586102764,0.058197235629457895,0.25,ok,,0
645_fri_c3_500_50,regression,500,50,False,A11 A21 A31 A41 A53 A61,,TR1,Decision Tree,True,,12,0.6340944331920486,0.08295633043702359,0.22,ok,,0
645_fri_c3_500_50,regression,500,50,False,A11 A21 A31 A41 A53 A61,,TR2,Random Forest,True,,4,0.832752495110018,0.025259255890833925,8.2,ok,,0
645_fri_c3_500_50,regression,500,50,False,A11 A21 A31 A41 A53 A61,,TR3,Extra Trees,True,,2,0.817614953907704,0.022040741001666673,5.23,ok,,0
645_fri_c3_500_50,regression,500,50,False,A11 A21 A31 A41 A53 A61,,EN1,AdaBoost,True,,7,0.7419857280210748,0.024595799266131414,1.2,ok,,0
645_fri_c3_500_50,regression,500,50,False,A11 A21 A31 A41 A53 A61,,EN2,Gradient Boosting (GBM),True,,1,0.8577968045150397,0.011582425821256407,2.84,ok,,0
645_fri_c3_500_50,regression,500,50,False,A11 A21 A31 A41 A53 A61,,EN6,Stacking,True,,6,0.7605967995676234,0.05041091267422919,0.79,ok,,0
645_fri_c3_500_50,regression,500,50,False,A11 A21 A31 A41 A53 A61,,EN7,Voting Ensemble,True,,8,0.5966870297525462,0.049140703690763336,0.35,ok,,0
645_fri_c3_500_50,regression,500,50,False,A11 A21 A31 A41 A53 A61,,SV1,SVM (linear),True,,17,0.11972824483575432,0.13293618794047127,0.3,ok,,0
645_fri_c3_500_50,regression,500,50,False,A11 A21 A31 A41 A53 A61,,SV2,Kernel SVM (RBF/Poly),True,,13,0.19898010004197283,0.07114683402083231,0.16,ok,,0
645_fri_c3_500_50,regression,500,50,False,A11 A21 A31 A41 A53 A61,,IB1,k-Nearest Neighbors,True,,16,0.16635238310390316,0.0817367924929693,0.08,ok,,0
645_fri_c3_500_50,regression,500,50,False,A11 A21 A31 A41 A53 A61,,NN2,MLP (Feedforward),True,,9,-0.10725751274937553,0.17108913817530344,1.56,ok,,0
645_fri_c3_500_50,regression,500,50,False,A11 A21 A31 A41 A53 A61,,EN3,XGBoost,True,,5,0.843348867413221,0.020655260901583202,9.09,ok,,0
645_fri_c3_500_50,regression,500,50,False,A11 A21 A31 A41 A53 A61,,EN4,LightGBM,True,,3,0.8483852532738506,0.02288784207948394,2.45,ok,,0
645_fri_c3_500_50,regression,500,50,False,A11 A21 A31 A41 A53 A61,,BASE-HGB,Histogram Gradient Boosting (baseline),False,,,0.850856900223004,0.027507163910931245,4.39,ok,,0
649_fri_c0_500_5,regression,500,5,False,A11 A21 A31 A41 A53 A61,,LM1,Linear Regression,True,,15,0.7121773286480627,0.055684421034604165,0.06,ok,,0
649_fri_c0_500_5,regression,500,5,False,A11 A21 A31 A41 A53 A61,,LM3,Ridge Regression,True,,10,0.7122668105902841,0.05526523379664291,0.06,ok,,0
649_fri_c0_500_5,regression,500,5,False,A11 A21 A31 A41 A53 A61,,LM4,Lasso Regression,True,,18,-0.016581827283525287,0.024759998147644402,0.06,ok,,0
649_fri_c0_500_5,regression,500,5,False,A11 A21 A31 A41 A53 A61,,LM5,Elastic Net,True,,19,0.06976508521359528,0.017406520593337874,0.05,ok,,0
649_fri_c0_500_5,regression,500,5,False,A11 A21 A31 A41 A53 A61,,LM6,Polynomial Regression,True,,14,0.8856257949529018,0.03997495531773007,0.06,ok,,0
649_fri_c0_500_5,regression,500,5,False,A11 A21 A31 A41 A53 A61,,LM7,Bayesian Linear Regression,True,,11,0.7122892295513299,0.054959339992873654,0.05,ok,,0
649_fri_c0_500_5,regression,500,5,False,A11 A21 A31 A41 A53 A61,,TR1,Decision Tree,True,,12,0.5804438993143077,0.06551405863238075,0.06,ok,,0
649_fri_c0_500_5,regression,500,5,False,A11 A21 A31 A41 A53 A61,,TR2,Random Forest,True,,4,0.8302528128818327,0.015265700581569728,2.48,ok,,0
649_fri_c0_500_5,regression,500,5,False,A11 A21 A31 A41 A53 A61,,TR3,Extra Trees,True,,2,0.8474879251003656,0.019715182917011194,1.93,ok,,0
649_fri_c0_500_5,regression,500,5,False,A11 A21 A31 A41 A53 A61,,EN1,AdaBoost,True,,7,0.7675311018400744,0.006829374894036235,0.5,ok,,0
649_fri_c0_500_5,regression,500,5,False,A11 A21 A31 A41 A53 A61,,EN2,Gradient Boosting (GBM),True,,1,0.8930728278581471,0.01076680096000244,0.6,ok,,0
649_fri_c0_500_5,regression,500,5,False,A11 A21 A31 A41 A53 A61,,EN6,Stacking,True,,6,0.8294753479636043,0.025201780136987043,0.4,ok,,0
649_fri_c0_500_5,regression,500,5,False,A11 A21 A31 A41 A53 A61,,EN7,Voting Ensemble,True,,8,0.7967912130048911,0.02865138228242024,0.12,ok,,0
649_fri_c0_500_5,regression,500,5,False,A11 A21 A31 A41 A53 A61,,SV1,SVM (linear),True,,17,0.7114010864146117,0.062260376058093606,0.06,ok,,0
649_fri_c0_500_5,regression,500,5,False,A11 A21 A31 A41 A53 A61,,SV2,Kernel SVM (RBF/Poly),True,,13,0.92577746649158,0.011245266585020843,0.1,ok,,0
649_fri_c0_500_5,regression,500,5,False,A11 A21 A31 A41 A53 A61,,IB1,k-Nearest Neighbors,True,,16,0.8228829088887881,0.024856655853570712,0.06,ok,,0
649_fri_c0_500_5,regression,500,5,False,A11 A21 A31 A41 A53 A61,,NN2,MLP (Feedforward),True,,9,0.9198017157781015,0.021616191422817947,1.85,ok,,0
649_fri_c0_500_5,regression,500,5,False,A11 A21 A31 A41 A53 A61,,EN3,XGBoost,True,,5,0.8558412266709248,0.008526834626653856,2.03,ok,,0
649_fri_c0_500_5,regression,500,5,False,A11 A21 A31 A41 A53 A61,,EN4,LightGBM,True,,3,0.8937378950462053,0.008843814082965001,0.65,ok,,0
649_fri_c0_500_5,regression,500,5,False,A11 A21 A31 A41 A53 A61,,BASE-HGB,Histogram Gradient Boosting (baseline),False,,,0.8957491609899165,0.0069693836554285335,3.06,ok,,0
597_fri_c2_500_5,regression,500,5,False,A11 A21 A31 A41 A53 A61,,LM1,Linear Regression,True,,15,0.2391846484175419,0.04517946829568319,0.06,ok,,0
597_fri_c2_500_5,regression,500,5,False,A11 A21 A31 A41 A53 A61,,LM3,Ridge Regression,True,,10,0.2393019510169397,0.04499664288769427,0.09,ok,,0
597_fri_c2_500_5,regression,500,5,False,A11 A21 A31 A41 A53 A61,,LM4,Lasso Regression,True,,18,-0.04482537847930841,0.03563453964928097,0.07,ok,,0
597_fri_c2_500_5,regression,500,5,False,A11 A21 A31 A41 A53 A61,,LM5,Elastic Net,True,,19,-0.04482537847930841,0.03563453964928097,0.05,ok,,0
597_fri_c2_500_5,regression,500,5,False,A11 A21 A31 A41 A53 A61,,LM6,Polynomial Regression,True,,14,0.2897713971586535,0.10864242463982236,0.06,ok,,0
597_fri_c2_500_5,regression,500,5,False,A11 A21 A31 A41 A53 A61,,LM7,Bayesian Linear Regression,True,,11,0.2390690483267015,0.043649764001405605,0.05,ok,,0
597_fri_c2_500_5,regression,500,5,False,A11 A21 A31 A41 A53 A61,,TR1,Decision Tree,True,,12,0.7515407981463689,0.009666890657585123,0.05,ok,,0
597_fri_c2_500_5,regression,500,5,False,A11 A21 A31 A41 A53 A61,,TR2,Random Forest,True,,4,0.8911912340878508,0.017447804782915518,2.71,ok,,0
597_fri_c2_500_5,regression,500,5,False,A11 A21 A31 A41 A53 A61,,TR3,Extra Trees,True,,2,0.9280088245378255,0.009033472423500487,1.96,ok,,0
597_fri_c2_500_5,regression,500,5,False,A11 A21 A31 A41 A53 A61,,EN1,AdaBoost,True,,7,0.8188437842629057,0.01712374584664779,0.48,ok,,0
597_fri_c2_500_5,regression,500,5,False,A11 A21 A31 A41 A53 A61,,EN2,Gradient Boosting (GBM),True,,1,0.917267011881906,0.01097694460933611,0.65,ok,,0
597_fri_c2_500_5,regression,500,5,False,A11 A21 A31 A41 A53 A61,,EN6,Stacking,True,,6,0.8869412148459732,0.014411195619338273,0.39,ok,,0
597_fri_c2_500_5,regression,500,5,False,A11 A21 A31 A41 A53 A61,,EN7,Voting Ensemble,True,,8,0.7839283829909498,0.007819114559673483,0.14,ok,,0
597_fri_c2_500_5,regression,500,5,False,A11 A21 A31 A41 A53 A61,,SV1,SVM (linear),True,,17,0.20015361849385344,0.039160240059237066,0.08,ok,,0
597_fri_c2_500_5,regression,500,5,False,A11 A21 A31 A41 A53 A61,,SV2,Kernel SVM (RBF/Poly),True,,13,0.8821142343102906,0.020281291117109083,0.11,ok,,0
597_fri_c2_500_5,regression,500,5,False,A11 A21 A31 A41 A53 A61,,IB1,k-Nearest Neighbors,True,,16,0.847814556061965,0.021313336716634275,0.06,ok,,0
597_fri_c2_500_5,regression,500,5,False,A11 A21 A31 A41 A53 A61,,NN2,MLP (Feedforward),True,,9,0.9407025428146596,0.019501295355708055,2.19,ok,,0
597_fri_c2_500_5,regression,500,5,False,A11 A21 A31 A41 A53 A61,,EN3,XGBoost,True,,5,0.9022613395697553,0.01736097296606573,1.57,ok,,0
597_fri_c2_500_5,regression,500,5,False,A11 A21 A31 A41 A53 A61,,EN4,LightGBM,True,,3,0.9240446808767363,0.01499072766134983,1.17,ok,,0
597_fri_c2_500_5,regression,500,5,False,A11 A21 A31 A41 A53 A61,,BASE-HGB,Histogram Gradient Boosting (baseline),False,,,0.9239578740614934,0.00980230714762118,2.59,ok,,0
604_fri_c4_500_10,regression,500,10,False,A11 A21 A31 A41 A53 A61,,LM1,Linear Regression,True,,15,0.242562245879049,0.10983790549176432,0.19,ok,,0
604_fri_c4_500_10,regression,500,10,False,A11 A21 A31 A41 A53 A61,,LM3,Ridge Regression,True,,10,0.24310122850995725,0.10837236352490012,0.18,ok,,0
604_fri_c4_500_10,regression,500,10,False,A11 A21 A31 A41 A53 A61,,LM4,Lasso Regression,True,,18,-0.008710578134238256,0.011970871439949923,0.07,ok,,0
604_fri_c4_500_10,regression,500,10,False,A11 A21 A31 A41 A53 A61,,LM5,Elastic Net,True,,19,-0.008710578134238256,0.011970871439949923,0.06,ok,,0
604_fri_c4_500_10,regression,500,10,False,A11 A21 A31 A41 A53 A61,,LM6,Polynomial Regression,True,,14,0.26875322730186885,0.1358867204687455,0.21,ok,,0
604_fri_c4_500_10,regression,500,10,False,A11 A21 A31 A41 A53 A61,,LM7,Bayesian Linear Regression,True,,11,0.23985677331894295,0.09859912258028547,0.1,ok,,0
604_fri_c4_500_10,regression,500,10,False,A11 A21 A31 A41 A53 A61,,TR1,Decision Tree,True,,12,0.6915839352754922,0.08254772581786161,0.1,ok,,0
604_fri_c4_500_10,regression,500,10,False,A11 A21 A31 A41 A53 A61,,TR2,Random Forest,True,,4,0.8742627792899416,0.03663486942961157,3.82,ok,,0
604_fri_c4_500_10,regression,500,10,False,A11 A21 A31 A41 A53 A61,,TR3,Extra Trees,True,,2,0.9128029450910076,0.01513162022783234,2.87,ok,,0
604_fri_c4_500_10,regression,500,10,False,A11 A21 A31 A41 A53 A61,,EN1,AdaBoost,True,,7,0.7544420151111474,0.04032955759894295,0.59,ok,,0
604_fri_c4_500_10,regression,500,10,False,A11 A21 A31 A41 A53 A61,,EN2,Gradient Boosting (GBM),True,,1,0.8976232280783544,0.025079223579181496,0.96,ok,,0
604_fri_c4_500_10,regression,500,10,False,A11 A21 A31 A41 A53 A61,,EN6,Stacking,True,,6,0.77621935320745,0.0408602603650075,0.51,ok,,0
604_fri_c4_500_10,regression,500,10,False,A11 A21 A31 A41 A53 A61,,EN7,Voting Ensemble,True,,8,0.6733231507358787,0.037794175531831085,0.15,ok,,0
604_fri_c4_500_10,regression,500,10,False,A11 A21 A31 A41 A53 A61,,SV1,SVM (linear),True,,17,0.14947262498106725,0.09036101262488834,0.06,ok,,0
604_fri_c4_500_10,regression,500,10,False,A11 A21 A31 A41 A53 A61,,SV2,Kernel SVM (RBF/Poly),True,,13,0.532546981358581,0.12059083447762722,0.12,ok,,0
604_fri_c4_500_10,regression,500,10,False,A11 A21 A31 A41 A53 A61,,IB1,k-Nearest Neighbors,True,,16,0.5314566380286987,0.05613947095388836,0.06,ok,,0
604_fri_c4_500_10,regression,500,10,False,A11 A21 A31 A41 A53 A61,,NN2,MLP (Feedforward),True,,9,0.8718406464646955,0.021701455419148162,3.66,ok,,0
604_fri_c4_500_10,regression,500,10,False,A11 A21 A31 A41 A53 A61,,EN3,XGBoost,True,,5,0.8799908978983033,0.020815098158119574,2.83,ok,,0
604_fri_c4_500_10,regression,500,10,False,A11 A21 A31 A41 A53 A61,,EN4,LightGBM,True,,3,0.9065909315839435,0.01545305361607301,0.89,ok,,0
604_fri_c4_500_10,regression,500,10,False,A11 A21 A31 A41 A53 A61,,BASE-HGB,Histogram Gradient Boosting (baseline),False,,,0.9000312056366525,0.016919705592280843,2.72,ok,,0
616_fri_c4_500_50,regression,500,50,False,A11 A21 A31 A41 A53 A61,,LM1,Linear Regression,True,,15,0.11912612777264522,0.10672977786563513,0.09,ok,,0
616_fri_c4_500_50,regression,500,50,False,A11 A21 A31 A41 A53 A61,,LM3,Ridge Regression,True,,10,0.11964627283112028,0.10561028592314042,0.1,ok,,0
616_fri_c4_500_50,regression,500,50,False,A11 A21 A31 A41 A53 A61,,LM4,Lasso Regression,True,,18,-0.01612855201232266,0.009660858302019674,0.09,ok,,0
616_fri_c4_500_50,regression,500,50,False,A11 A21 A31 A41 A53 A61,,LM5,Elastic Net,True,,19,-0.01612855201232266,0.009660858302019674,0.12,ok,,0
616_fri_c4_500_50,regression,500,50,False,A11 A21 A31 A41 A53 A61,,LM6,Polynomial Regression,True,,14,-0.28665748583769396,0.09716702537637342,0.71,ok,,0
616_fri_c4_500_50,regression,500,50,False,A11 A21 A31 A41 A53 A61,,LM7,Bayesian Linear Regression,True,,11,0.1225771191738179,0.0584768818294058,0.19,ok,,0
616_fri_c4_500_50,regression,500,50,False,A11 A21 A31 A41 A53 A61,,TR1,Decision Tree,True,,12,0.6405351106221895,0.041827688324642176,0.32,ok,,0
616_fri_c4_500_50,regression,500,50,False,A11 A21 A31 A41 A53 A61,,TR2,Random Forest,True,,4,0.8184542924138494,0.0439882642648007,8.22,ok,,0
616_fri_c4_500_50,regression,500,50,False,A11 A21 A31 A41 A53 A61,,TR3,Extra Trees,True,,2,0.8383598546662936,0.03407239112934128,5.55,ok,,0
616_fri_c4_500_50,regression,500,50,False,A11 A21 A31 A41 A53 A61,,EN1,AdaBoost,True,,7,0.7069294178312677,0.05287367475886101,1.51,ok,,0
616_fri_c4_500_50,regression,500,50,False,A11 A21 A31 A41 A53 A61,,EN2,Gradient Boosting (GBM),True,,1,0.8477887573480606,0.051781017341743805,3.56,ok,,0
616_fri_c4_500_50,regression,500,50,False,A11 A21 A31 A41 A53 A61,,EN6,Stacking,True,,6,0.6714121177432244,0.07202491988271695,1.1,ok,,0
616_fri_c4_500_50,regression,500,50,False,A11 A21 A31 A41 A53 A61,,EN7,Voting Ensemble,True,,8,0.4973843947910578,0.043891835224313835,0.31,ok,,0
616_fri_c4_500_50,regression,500,50,False,A11 A21 A31 A41 A53 A61,,SV1,SVM (linear),True,,17,0.013019812561563482,0.11696969113986865,0.35,ok,,0
616_fri_c4_500_50,regression,500,50,False,A11 A21 A31 A41 A53 A61,,SV2,Kernel SVM (RBF/Poly),True,,13,0.1266386243159887,0.018196596706915914,0.21,ok,,0
616_fri_c4_500_50,regression,500,50,False,A11 A21 A31 A41 A53 A61,,IB1,k-Nearest Neighbors,True,,16,0.04874997830080854,0.10681986992813695,0.19,ok,,0
616_fri_c4_500_50,regression,500,50,False,A11 A21 A31 A41 A53 A61,,NN2,MLP (Feedforward),True,,9,-0.10705602675498867,0.09358254158809874,1.93,ok,,0
616_fri_c4_500_50,regression,500,50,False,A11 A21 A31 A41 A53 A61,,EN3,XGBoost,True,,5,0.8481420051107245,0.029449824327215303,16.96,ok,,0
616_fri_c4_500_50,regression,500,50,False,A11 A21 A31 A41 A53 A61,,EN4,LightGBM,True,,3,0.8462110160012711,0.03834111104157147,6.26,ok,,0
616_fri_c4_500_50,regression,500,50,False,A11 A21 A31 A41 A53 A61,,BASE-HGB,Histogram Gradient Boosting (baseline),False,,,0.8488908618732516,0.04221248987798461,17.02,ok,,0
627_fri_c2_500_10,regression,500,10,False,A11 A21 A31 A41 A53 A61,,LM1,Linear Regression,True,,15,0.2402696496425225,0.10095720082813053,0.09,ok,,0
627_fri_c2_500_10,regression,500,10,False,A11 A21 A31 A41 A53 A61,,LM3,Ridge Regression,True,,10,0.24058408863612693,0.10033588775279353,0.07,ok,,0
627_fri_c2_500_10,regression,500,10,False,A11 A21 A31 A41 A53 A61,,LM4,Lasso Regression,True,,18,-0.007516622827447384,0.008628660414096889,0.07,ok,,0
627_fri_c2_500_10,regression,500,10,False,A11 A21 A31 A41 A53 A61,,LM5,Elastic Net,True,,19,-0.007516622827447384,0.008628660414096889,0.09,ok,,0
627_fri_c2_500_10,regression,500,10,False,A11 A21 A31 A41 A53 A61,,LM6,Polynomial Regression,True,,14,0.18046180528799133,0.1075559668673966,0.23,ok,,0
627_fri_c2_500_10,regression,500,10,False,A11 A21 A31 A41 A53 A61,,LM7,Bayesian Linear Regression,True,,11,0.241530637067591,0.0898838164135993,0.12,ok,,0
627_fri_c2_500_10,regression,500,10,False,A11 A21 A31 A41 A53 A61,,TR1,Decision Tree,True,,12,0.7324802211637943,0.08057186519343894,0.07,ok,,0
627_fri_c2_500_10,regression,500,10,False,A11 A21 A31 A41 A53 A61,,TR2,Random Forest,True,,4,0.8753064563118441,0.009462649585281008,4.39,ok,,0
627_fri_c2_500_10,regression,500,10,False,A11 A21 A31 A41 A53 A61,,TR3,Extra Trees,True,,2,0.9027271844507077,0.010112938980541029,3.05,ok,,0
627_fri_c2_500_10,regression,500,10,False,A11 A21 A31 A41 A53 A61,,EN1,AdaBoost,True,,7,0.7896212368945369,0.013763185283720406,0.63,ok,,0
627_fri_c2_500_10,regression,500,10,False,A11 A21 A31 A41 A53 A61,,EN2,Gradient Boosting (GBM),True,,1,0.9103913663779716,0.004771936041233224,1.06,ok,,0
627_fri_c2_500_10,regression,500,10,False,A11 A21 A31 A41 A53 A61,,EN6,Stacking,True,,6,0.771878302276279,0.051461227250379805,0.66,ok,,0
627_fri_c2_500_10,regression,500,10,False,A11 A21 A31 A41 A53 A61,,EN7,Voting Ensemble,True,,8,0.6298671266749425,0.05664084177036516,0.28,ok,,0
627_fri_c2_500_10,regression,500,10,False,A11 A21 A31 A41 A53 A61,,SV1,SVM (linear),True,,17,0.20000949575140456,0.0617967925287399,0.12,ok,,0
627_fri_c2_500_10,regression,500,10,False,A11 A21 A31 A41 A53 A61,,SV2,Kernel SVM (RBF/Poly),True,,13,0.4521830595783382,0.1098026613808591,0.17,ok,,0
627_fri_c2_500_10,regression,500,10,False,A11 A21 A31 A41 A53 A61,,IB1,k-Nearest Neighbors,True,,16,0.4051762863571485,0.11791542770870803,0.14,ok,,0
627_fri_c2_500_10,regression,500,10,False,A11 A21 A31 A41 A53 A61,,NN2,MLP (Feedforward),True,,9,0.7917400185034791,0.04805581412117633,4.94,ok,,0
627_fri_c2_500_10,regression,500,10,False,A11 A21 A31 A41 A53 A61,,EN3,XGBoost,True,,5,0.9019350231441059,0.01791366221465485,21.43,ok,,0
627_fri_c2_500_10,regression,500,10,False,A11 A21 A31 A41 A53 A61,,EN4,LightGBM,True,,3,0.9043981837186472,0.006914969953276357,0.93,ok,,0
627_fri_c2_500_10,regression,500,10,False,A11 A21 A31 A41 A53 A61,,BASE-HGB,Histogram Gradient Boosting (baseline),False,,,0.8972463923291467,0.009407786679571832,29.67,ok,,0
631_fri_c1_500_5,regression,500,5,False,A11 A21 A31 A41 A53 A61,,LM1,Linear Regression,True,,15,0.26376875634166264,0.05179092817572336,0.06,ok,,0
631_fri_c1_500_5,regression,500,5,False,A11 A21 A31 A41 A53 A61,,LM3,Ridge Regression,True,,10,0.2643933253399114,0.05189794494771882,0.06,ok,,0
631_fri_c1_500_5,regression,500,5,False,A11 A21 A31 A41 A53 A61,,LM4,Lasso Regression,True,,18,-0.006676614765326372,0.0050527488091097325,0.14,ok,,0
631_fri_c1_500_5,regression,500,5,False,A11 A21 A31 A41 A53 A61,,LM5,Elastic Net,True,,19,-0.006676614765326372,0.0050527488091097325,0.13,ok,,0
631_fri_c1_500_5,regression,500,5,False,A11 A21 A31 A41 A53 A61,,LM6,Polynomial Regression,True,,14,0.265809342337924,0.060254151194144914,0.1,ok,,0
631_fri_c1_500_5,regression,500,5,False,A11 A21 A31 A41 A53 A61,,LM7,Bayesian Linear Regression,True,,11,0.2658294281735634,0.051796515250581855,0.05,ok,,0
631_fri_c1_500_5,regression,500,5,False,A11 A21 A31 A41 A53 A61,,TR1,Decision Tree,True,,12,0.6821817709713615,0.05224993632863361,0.12,ok,,0
631_fri_c1_500_5,regression,500,5,False,A11 A21 A31 A41 A53 A61,,TR2,Random Forest,True,,4,0.8665452132234988,0.02168038008647282,3.3,ok,,0
631_fri_c1_500_5,regression,500,5,False,A11 A21 A31 A41 A53 A61,,TR3,Extra Trees,True,,2,0.9218824098293397,0.013395679099286096,2.32,ok,,0
631_fri_c1_500_5,regression,500,5,False,A11 A21 A31 A41 A53 A61,,EN1,AdaBoost,True,,7,0.7336341033013248,0.02981019378522732,0.6,ok,,0
631_fri_c1_500_5,regression,500,5,False,A11 A21 A31 A41 A53 A61,,EN2,Gradient Boosting (GBM),True,,1,0.8961821762576765,0.016931505365259027,0.74,ok,,0
631_fri_c1_500_5,regression,500,5,False,A11 A21 A31 A41 A53 A61,,EN6,Stacking,True,,6,0.7927044284935096,0.028973380023425803,0.61,ok,,0
631_fri_c1_500_5,regression,500,5,False,A11 A21 A31 A41 A53 A61,,EN7,Voting Ensemble,True,,8,0.7119240127318773,0.02799324417565558,0.21,ok,,0
631_fri_c1_500_5,regression,500,5,False,A11 A21 A31 A41 A53 A61,,SV1,SVM (linear),True,,17,0.2398038336087729,0.06548696907759032,0.08,ok,,0
631_fri_c1_500_5,regression,500,5,False,A11 A21 A31 A41 A53 A61,,SV2,Kernel SVM (RBF/Poly),True,,13,0.82396114437901,0.02704478896532138,0.1,ok,,0
631_fri_c1_500_5,regression,500,5,False,A11 A21 A31 A41 A53 A61,,IB1,k-Nearest Neighbors,True,,16,0.732208012787588,0.028047325827081374,0.12,ok,,0
631_fri_c1_500_5,regression,500,5,False,A11 A21 A31 A41 A53 A61,,NN2,MLP (Feedforward),True,,9,0.929650419784321,0.014341896287607802,3.49,ok,,0
631_fri_c1_500_5,regression,500,5,False,A11 A21 A31 A41 A53 A61,,EN3,XGBoost,True,,5,0.8779669917198358,0.018169332702458414,1.88,ok,,0
631_fri_c1_500_5,regression,500,5,False,A11 A21 A31 A41 A53 A61,,EN4,LightGBM,True,,3,0.893482115340998,0.024882260682196858,16.65,ok,,0
631_fri_c1_500_5,regression,500,5,False,A11 A21 A31 A41 A53 A61,,BASE-HGB,Histogram Gradient Boosting (baseline),False,,,0.8942094011915749,0.028411511590818953,22.72,ok,,0
626_fri_c2_500_50,regression,500,50,False,A11 A21 A31 A41 A53 A61,,LM1,Linear Regression,True,,15,0.134682534037681,0.07956211182043688,1.19,ok,,0
626_fri_c2_500_50,regression,500,50,False,A11 A21 A31 A41 A53 A61,,LM3,Ridge Regression,True,,10,0.13561632325223322,0.07873665903457995,0.08,ok,,0
626_fri_c2_500_50,regression,500,50,False,A11 A21 A31 A41 A53 A61,,LM4,Lasso Regression,True,,18,-0.009762495487004808,0.00718700239200627,0.08,ok,,0
626_fri_c2_500_50,regression,500,50,False,A11 A21 A31 A41 A53 A61,,LM5,Elastic Net,True,,19,-0.009762495487004808,0.00718700239200627,0.08,ok,,0
626_fri_c2_500_50,regression,500,50,False,A11 A21 A31 A41 A53 A61,,LM6,Polynomial Regression,True,,14,-0.28776558865715335,0.08951778227391055,0.69,ok,,0
626_fri_c2_500_50,regression,500,50,False,A11 A21 A31 A41 A53 A61,,LM7,Bayesian Linear Regression,True,,11,0.17684216868524988,0.0369787874092685,0.2,ok,,0
626_fri_c2_500_50,regression,500,50,False,A11 A21 A31 A41 A53 A61,,TR1,Decision Tree,True,,12,0.5682478566210774,0.10627343498726008,0.16,ok,,0
626_fri_c2_500_50,regression,500,50,False,A11 A21 A31 A41 A53 A61,,TR2,Random Forest,True,,4,0.8181454294895364,0.03283190701854746,10.19,ok,,0
626_fri_c2_500_50,regression,500,50,False,A11 A21 A31 A41 A53 A61,,TR3,Extra Trees,True,,2,0.8561406142149849,0.02054550609539685,5.85,ok,,0
626_fri_c2_500_50,regression,500,50,False,A11 A21 A31 A41 A53 A61,,EN1,AdaBoost,True,,7,0.7794475306097649,0.022324280266510788,1.34,ok,,0
626_fri_c2_500_50,regression,500,50,False,A11 A21 A31 A41 A53 A61,,EN2,Gradient Boosting (GBM),True,,1,0.8890786369908061,0.00974603245800556,3.03,ok,,0
626_fri_c2_500_50,regression,500,50,False,A11 A21 A31 A41 A53 A61,,EN6,Stacking,True,,6,0.6781316288664925,0.07233644685039092,0.79,ok,,0
626_fri_c2_500_50,regression,500,50,False,A11 A21 A31 A41 A53 A61,,EN7,Voting Ensemble,True,,8,0.5240065903599824,0.025266416352141007,0.3,ok,,0
626_fri_c2_500_50,regression,500,50,False,A11 A21 A31 A41 A53 A61,,SV1,SVM (linear),True,,17,0.07936610886024727,0.1172400749237288,0.36,ok,,0
626_fri_c2_500_50,regression,500,50,False,A11 A21 A31 A41 A53 A61,,SV2,Kernel SVM (RBF/Poly),True,,13,0.17638879754259632,0.0453937717946145,0.21,ok,,0
626_fri_c2_500_50,regression,500,50,False,A11 A21 A31 A41 A53 A61,,IB1,k-Nearest Neighbors,True,,16,0.10052482018046334,0.06338760365661585,0.18,ok,,0
626_fri_c2_500_50,regression,500,50,False,A11 A21 A31 A41 A53 A61,,NN2,MLP (Feedforward),True,,9,-0.17631810564363087,0.20096019803391119,1.65,ok,,0
626_fri_c2_500_50,regression,500,50,False,A11 A21 A31 A41 A53 A61,,EN3,XGBoost,True,,5,0.862515605396035,0.02162509361311261,9.28,ok,,0
626_fri_c2_500_50,regression,500,50,False,A11 A21 A31 A41 A53 A61,,EN4,LightGBM,True,,3,0.8798895956928365,0.023604603628808334,1.88,ok,,0
626_fri_c2_500_50,regression,500,50,False,A11 A21 A31 A41 A53 A61,,BASE-HGB,Histogram Gradient Boosting (baseline),False,,,0.8800418191391559,0.025829539202869293,4.18,ok,,0
617_fri_c3_500_5,regression,500,5,False,A11 A21 A31 A41 A53 A61,,LM1,Linear Regression,True,,15,0.22005111469989655,0.11460144956700413,0.07,ok,,0
617_fri_c3_500_5,regression,500,5,False,A11 A21 A31 A41 A53 A61,,LM3,Ridge Regression,True,,10,0.2203718527336999,0.11441513243529484,0.06,ok,,0
617_fri_c3_500_5,regression,500,5,False,A11 A21 A31 A41 A53 A61,,LM4,Lasso Regression,True,,18,-0.0059962203541536144,0.005660920215259433,0.06,ok,,0
617_fri_c3_500_5,regression,500,5,False,A11 A21 A31 A41 A53 A61,,LM5,Elastic Net,True,,19,-0.0059962203541536144,0.005660920215259433,0.05,ok,,0
617_fri_c3_500_5,regression,500,5,False,A11 A21 A31 A41 A53 A61,,LM6,Polynomial Regression,True,,14,0.33947490181001017,0.17914838559242055,0.06,ok,,0
617_fri_c3_500_5,regression,500,5,False,A11 A21 A31 A41 A53 A61,,LM7,Bayesian Linear Regression,True,,11,0.2204349514337593,0.11340268605974262,0.06,ok,,0
617_fri_c3_500_5,regression,500,5,False,A11 A21 A31 A41 A53 A61,,TR1,Decision Tree,True,,12,0.7337618878400434,0.08531486102657033,0.06,ok,,0
617_fri_c3_500_5,regression,500,5,False,A11 A21 A31 A41 A53 A61,,TR2,Random Forest,True,,4,0.8703711909937997,0.03557992030122963,2.61,ok,,0
617_fri_c3_500_5,regression,500,5,False,A11 A21 A31 A41 A53 A61,,TR3,Extra Trees,True,,2,0.9154115751125502,0.021454055920020535,1.74,ok,,0
617_fri_c3_500_5,regression,500,5,False,A11 A21 A31 A41 A53 A61,,EN1,AdaBoost,True,,7,0.7700384949538165,0.03591620314903875,0.51,ok,,0
617_fri_c3_500_5,regression,500,5,False,A11 A21 A31 A41 A53 A61,,EN2,Gradient Boosting (GBM),True,,1,0.9024236782673991,0.028120148772970196,0.63,ok,,0
617_fri_c3_500_5,regression,500,5,False,A11 A21 A31 A41 A53 A61,,EN6,Stacking,True,,6,0.8390986730036177,0.0720229985792699,0.45,ok,,0
617_fri_c3_500_5,regression,500,5,False,A11 A21 A31 A41 A53 A61,,EN7,Voting Ensemble,True,,8,0.7504163366502701,0.07924236339355539,0.14,ok,,0
617_fri_c3_500_5,regression,500,5,False,A11 A21 A31 A41 A53 A61,,SV1,SVM (linear),True,,17,0.16613318783315056,0.0704766768890312,0.06,ok,,0
617_fri_c3_500_5,regression,500,5,False,A11 A21 A31 A41 A53 A61,,SV2,Kernel SVM (RBF/Poly),True,,13,0.8390010158081965,0.04937532855070762,0.09,ok,,0
617_fri_c3_500_5,regression,500,5,False,A11 A21 A31 A41 A53 A61,,IB1,k-Nearest Neighbors,True,,16,0.8307254497613918,0.07108640730183433,0.05,ok,,0
617_fri_c3_500_5,regression,500,5,False,A11 A21 A31 A41 A53 A61,,NN2,MLP (Feedforward),True,,9,0.8935463380541069,0.05548076525187088,3.17,ok,,0
617_fri_c3_500_5,regression,500,5,False,A11 A21 A31 A41 A53 A61,,EN3,XGBoost,True,,5,0.8881238634650593,0.03324651272691441,1.5,ok,,0
617_fri_c3_500_5,regression,500,5,False,A11 A21 A31 A41 A53 A61,,EN4,LightGBM,True,,3,0.9011812353688983,0.018688521925285983,1.01,ok,,0
617_fri_c3_500_5,regression,500,5,False,A11 A21 A31 A41 A53 A61,,BASE-HGB,Histogram Gradient Boosting (baseline),False,,,0.9062611450129701,0.017469723392307276,2.4,ok,,0
633_fri_c0_500_25,regression,500,25,False,A11 A21 A31 A41 A53 A61,,LM1,Linear Regression,True,,15,0.69111972684283,0.056863918221952796,0.08,ok,,0
633_fri_c0_500_25,regression,500,25,False,A11 A21 A31 A41 A53 A61,,LM3,Ridge Regression,True,,10,0.6912593523128587,0.05692671275710512,0.07,ok,,0
633_fri_c0_500_25,regression,500,25,False,A11 A21 A31 A41 A53 A61,,LM4,Lasso Regression,True,,18,-0.004015805871491374,0.0030369273529820833,0.07,ok,,0
633_fri_c0_500_25,regression,500,25,False,A11 A21 A31 A41 A53 A61,,LM5,Elastic Net,True,,19,0.0628065885260373,0.00577184313902283,0.08,ok,,0
633_fri_c0_500_25,regression,500,25,False,A11 A21 A31 A41 A53 A61,,LM6,Polynomial Regression,True,,14,0.31757599416826576,0.1609417674481113,0.55,ok,,0
633_fri_c0_500_25,regression,500,25,False,A11 A21 A31 A41 A53 A61,,LM7,Bayesian Linear Regression,True,,11,0.6919370173031331,0.05744799997661381,0.11,ok,,0
633_fri_c0_500_25,regression,500,25,False,A11 A21 A31 A41 A53 A61,,TR1,Decision Tree,True,,12,0.5379369721230052,0.10277514358079072,0.13,ok,,0
633_fri_c0_500_25,regression,500,25,False,A11 A21 A31 A41 A53 A61,,TR2,Random Forest,True,,4,0.7735337878712698,0.022686545051752764,5.32,ok,,0
633_fri_c0_500_25,regression,500,25,False,A11 A21 A31 A41 A53 A61,,TR3,Extra Trees,True,,2,0.7977047583517731,0.03207019885448233,3.38,ok,,0
633_fri_c0_500_25,regression,500,25,False,A11 A21 A31 A41 A53 A61,,EN1,AdaBoost,True,,7,0.7407139775989353,0.038567375439623686,0.83,ok,,0
633_fri_c0_500_25,regression,500,25,False,A11 A21 A31 A41 A53 A61,,EN2,Gradient Boosting (GBM),True,,1,0.8701611936660377,0.021684089515242217,1.55,ok,,0
633_fri_c0_500_25,regression,500,25,False,A11 A21 A31 A41 A53 A61,,EN6,Stacking,True,,6,0.7313082971474808,0.04621337405643398,0.53,ok,,0
633_fri_c0_500_25,regression,500,25,False,A11 A21 A31 A41 A53 A61,,EN7,Voting Ensemble,True,,8,0.6939166897976795,0.04171280157464462,0.16,ok,,0
633_fri_c0_500_25,regression,500,25,False,A11 A21 A31 A41 A53 A61,,SV1,SVM (linear),True,,17,0.6710198207328005,0.061026025649806796,0.13,ok,,0
633_fri_c0_500_25,regression,500,25,False,A11 A21 A31 A41 A53 A61,,SV2,Kernel SVM (RBF/Poly),True,,13,0.7144469619062772,0.042375173968478425,0.14,ok,,0
633_fri_c0_500_25,regression,500,25,False,A11 A21 A31 A41 A53 A61,,IB1,k-Nearest Neighbors,True,,16,0.34502812011256634,0.04432436412060898,0.08,ok,,0
633_fri_c0_500_25,regression,500,25,False,A11 A21 A31 A41 A53 A61,,NN2,MLP (Feedforward),True,,9,0.6732662424876972,0.06003184562131285,1.79,ok,,0
633_fri_c0_500_25,regression,500,25,False,A11 A21 A31 A41 A53 A61,,EN3,XGBoost,True,,5,0.7959195539458588,0.019305186079214463,5.59,ok,,0
633_fri_c0_500_25,regression,500,25,False,A11 A21 A31 A41 A53 A61,,EN4,LightGBM,True,,3,0.8743259744893177,0.01633602627065506,1.48,ok,,0
633_fri_c0_500_25,regression,500,25,False,A11 A21 A31 A41 A53 A61,,BASE-HGB,Histogram Gradient Boosting (baseline),False,,,0.8772540335148793,0.020513137962942345,3.45,ok,,0
581_fri_c3_500_25,regression,500,25,False,A11 A21 A31 A41 A53 A61,,LM1,Linear Regression,True,,15,0.21692886522597568,0.11568056704788054,0.2,ok,,0
581_fri_c3_500_25,regression,500,25,False,A11 A21 A31 A41 A53 A61,,LM3,Ridge Regression,True,,10,0.21813914643386348,0.11310509956058079,0.11,ok,,0
581_fri_c3_500_25,regression,500,25,False,A11 A21 A31 A41 A53 A61,,LM4,Lasso Regression,True,,18,-0.026462538318629037,0.027865171033198063,0.07,ok,,0
581_fri_c3_500_25,regression,500,25,False,A11 A21 A31 A41 A53 A61,,LM5,Elastic Net,True,,19,-0.026462538318629037,0.027865171033198063,0.07,ok,,0
581_fri_c3_500_25,regression,500,25,False,A11 A21 A31 A41 A53 A61,,LM6,Polynomial Regression,True,,14,-2.576807821966752,0.7372572635306026,0.33,ok,,0
581_fri_c3_500_25,regression,500,25,False,A11 A21 A31 A41 A53 A61,,LM7,Bayesian Linear Regression,True,,11,0.21359772503069677,0.07286527800544033,0.12,ok,,0
581_fri_c3_500_25,regression,500,25,False,A11 A21 A31 A41 A53 A61,,TR1,Decision Tree,True,,12,0.657951099357857,0.053979130479963146,0.1,ok,,0
581_fri_c3_500_25,regression,500,25,False,A11 A21 A31 A41 A53 A61,,TR2,Random Forest,True,,4,0.8596560352485113,0.008685186961270311,5.69,ok,,0
581_fri_c3_500_25,regression,500,25,False,A11 A21 A31 A41 A53 A61,,TR3,Extra Trees,True,,2,0.8839432667156967,0.009914205984436849,4.13,ok,,0
581_fri_c3_500_25,regression,500,25,False,A11 A21 A31 A41 A53 A61,,EN1,AdaBoost,True,,7,0.7497821594624942,0.011356145719905154,0.99,ok,,0
581_fri_c3_500_25,regression,500,25,False,A11 A21 A31 A41 A53 A61,,EN2,Gradient Boosting (GBM),True,,1,0.892878768130608,0.007296375149186904,1.54,ok,,0
581_fri_c3_500_25,regression,500,25,False,A11 A21 A31 A41 A53 A61,,EN6,Stacking,True,,6,0.738705361937814,0.01876035686518807,0.63,ok,,0
581_fri_c3_500_25,regression,500,25,False,A11 A21 A31 A41 A53 A61,,EN7,Voting Ensemble,True,,8,0.5929301233735832,0.0323732770099891,0.18,ok,,0
581_fri_c3_500_25,regression,500,25,False,A11 A21 A31 A41 A53 A61,,SV1,SVM (linear),True,,17,0.13109064871241957,0.08668408869409128,0.12,ok,,0
581_fri_c3_500_25,regression,500,25,False,A11 A21 A31 A41 A53 A61,,SV2,Kernel SVM (RBF/Poly),True,,13,0.26530059033487696,0.050740987459088754,0.13,ok,,0
581_fri_c3_500_25,regression,500,25,False,A11 A21 A31 A41 A53 A61,,IB1,k-Nearest Neighbors,True,,16,0.2747176471404824,0.040318251504073546,0.08,ok,,0
581_fri_c3_500_25,regression,500,25,False,A11 A21 A31 A41 A53 A61,,NN2,MLP (Feedforward),True,,9,-0.23840684697260883,0.14375296970051704,3.11,ok,,0
581_fri_c3_500_25,regression,500,25,False,A11 A21 A31 A41 A53 A61,,EN3,XGBoost,True,,5,0.8761441125598175,0.02369264191556298,6.18,ok,,0
581_fri_c3_500_25,regression,500,25,False,A11 A21 A31 A41 A53 A61,,EN4,LightGBM,True,,3,0.8893247904818832,0.007667067934662806,1.15,ok,,0
581_fri_c3_500_25,regression,500,25,False,A11 A21 A31 A41 A53 A61,,BASE-HGB,Histogram Gradient Boosting (baseline),False,,,0.8799571232535209,0.01146645934662234,9.89,ok,,0
547_no2,regression,500,7,False,A11 A21 A31 A41 A53 A61,,LM1,Linear Regression,True,,15,0.48983361336667175,0.03464598862246907,0.11,ok,,0
547_no2,regression,500,7,False,A11 A21 A31 A41 A53 A61,,LM3,Ridge Regression,True,,10,0.4899213170298829,0.03436311814992779,0.06,ok,,0
547_no2,regression,500,7,False,A11 A21 A31 A41 A53 A61,,LM4,Lasso Regression,True,,18,-0.006789895488449016,0.008155531448527098,0.06,ok,,0
547_no2,regression,500,7,False,A11 A21 A31 A41 A53 A61,,LM5,Elastic Net,True,,19,-0.006789895488449016,0.008155531448527098,0.1,ok,,0
547_no2,regression,500,7,False,A11 A21 A31 A41 A53 A61,,LM6,Polynomial Regression,True,,14,0.5099445480214498,0.01883547927732518,0.18,ok,,0
547_no2,regression,500,7,False,A11 A21 A31 A41 A53 A61,,LM7,Bayesian Linear Regression,True,,11,0.48999192961296306,0.033332290472110435,0.19,ok,,0
547_no2,regression,500,7,False,A11 A21 A31 A41 A53 A61,,TR1,Decision Tree,True,,12,0.23804583869161622,0.10976955376669692,0.15,ok,,0
547_no2,regression,500,7,False,A11 A21 A31 A41 A53 A61,,TR2,Random Forest,True,,4,0.5791507764086306,0.05949587672524835,3.93,ok,,0
547_no2,regression,500,7,False,A11 A21 A31 A41 A53 A61,,TR3,Extra Trees,True,,2,0.5605535813926841,0.051252746372005074,3.04,ok,,0
547_no2,regression,500,7,False,A11 A21 A31 A41 A53 A61,,EN1,AdaBoost,True,,7,0.513033065376448,0.05910286248156419,0.68,ok,,0
547_no2,regression,500,7,False,A11 A21 A31 A41 A53 A61,,EN2,Gradient Boosting (GBM),True,,1,0.5692617876208032,0.05336145740351823,0.85,ok,,0
547_no2,regression,500,7,False,A11 A21 A31 A41 A53 A61,,EN6,Stacking,True,,6,0.5438514473211125,0.04617743601947329,0.69,ok,,0
547_no2,regression,500,7,False,A11 A21 A31 A41 A53 A61,,EN7,Voting Ensemble,True,,8,0.5395477931463268,0.048611072592022464,0.23,ok,,0
547_no2,regression,500,7,False,A11 A21 A31 A41 A53 A61,,SV1,SVM (linear),True,,17,0.4806321539437367,0.03305872110316829,0.13,ok,,0
547_no2,regression,500,7,False,A11 A21 A31 A41 A53 A61,,SV2,Kernel SVM (RBF/Poly),True,,13,0.5111033791563294,0.034517996505260565,0.14,ok,,0
547_no2,regression,500,7,False,A11 A21 A31 A41 A53 A61,,IB1,k-Nearest Neighbors,True,,16,0.4433019185804186,0.06507058736866542,0.13,ok,,0
547_no2,regression,500,7,False,A11 A21 A31 A41 A53 A61,,NN2,MLP (Feedforward),True,,9,0.44798881306347377,0.06955018637175846,6.16,ok,,0
547_no2,regression,500,7,False,A11 A21 A31 A41 A53 A61,,EN3,XGBoost,True,,5,0.5553265907046113,0.06610533671234338,1.39,ok,,0
547_no2,regression,500,7,False,A11 A21 A31 A41 A53 A61,,EN4,LightGBM,True,,3,0.5697090569332761,0.049837594346378314,25.8,ok,,0
547_no2,regression,500,7,False,A11 A21 A31 A41 A53 A61,,BASE-HGB,Histogram Gradient Boosting (baseline),False,,,0.5735858602460195,0.04916994076463448,36.91,ok,,0
582_fri_c1_500_25,regression,500,25,False,A11 A21 A31 A41 A53 A61,,LM1,Linear Regression,True,,15,0.2123445437024003,0.11636149807600282,0.3,ok,,0
582_fri_c1_500_25,regression,500,25,False,A11 A21 A31 A41 A53 A61,,LM3,Ridge Regression,True,,10,0.2140306447667883,0.11733742655179866,0.11,ok,,0
582_fri_c1_500_25,regression,500,25,False,A11 A21 A31 A41 A53 A61,,LM4,Lasso Regression,True,,18,-0.002331650001634289,0.0021735275286243337,0.07,ok,,0
582_fri_c1_500_25,regression,500,25,False,A11 A21 A31 A41 A53 A61,,LM5,Elastic Net,True,,19,-0.002331650001634289,0.0021735275286243337,0.09,ok,,0
582_fri_c1_500_25,regression,500,25,False,A11 A21 A31 A41 A53 A61,,LM6,Polynomial Regression,True,,14,-2.552597315816427,0.5162354675157647,1.41,ok,,0
582_fri_c1_500_25,regression,500,25,False,A11 A21 A31 A41 A53 A61,,LM7,Bayesian Linear Regression,True,,11,0.2232269252894731,0.10251603386589578,0.37,ok,,0
582_fri_c1_500_25,regression,500,25,False,A11 A21 A31 A41 A53 A61,,TR1,Decision Tree,True,,12,0.579355440147566,0.10363307168082464,0.2,ok,,0
582_fri_c1_500_25,regression,500,25,False,A11 A21 A31 A41 A53 A61,,TR2,Random Forest,True,,4,0.8304645606563181,0.01778789676344443,6.14,ok,,0
582_fri_c1_500_25,regression,500,25,False,A11 A21 A31 A41 A53 A61,,TR3,Extra Trees,True,,2,0.8579460011311694,0.01857039556920879,4.02,ok,,0
582_fri_c1_500_25,regression,500,25,False,A11 A21 A31 A41 A53 A61,,EN1,AdaBoost,True,,7,0.7831723750903677,0.010534041603305299,1.06,ok,,0
582_fri_c1_500_25,regression,500,25,False,A11 A21 A31 A41 A53 A61,,EN2,Gradient Boosting (GBM),True,,1,0.885172083521255,0.015344692159243153,2.21,ok,,0
582_fri_c1_500_25,regression,500,25,False,A11 A21 A31 A41 A53 A61,,EN6,Stacking,True,,6,0.6830570791045455,0.052295793174266664,0.86,ok,,0
582_fri_c1_500_25,regression,500,25,False,A11 A21 A31 A41 A53 A61,,EN7,Voting Ensemble,True,,8,0.5531813792305696,0.02918597633484219,0.3,ok,,0
582_fri_c1_500_25,regression,500,25,False,A11 A21 A31 A41 A53 A61,,SV1,SVM (linear),True,,17,0.15514993052755682,0.1309901559922969,0.16,ok,,0
582_fri_c1_500_25,regression,500,25,False,A11 A21 A31 A41 A53 A61,,SV2,Kernel SVM (RBF/Poly),True,,13,0.23229297225302492,0.08839798242698868,0.2,ok,,0
582_fri_c1_500_25,regression,500,25,False,A11 A21 A31 A41 A53 A61,,IB1,k-Nearest Neighbors,True,,16,0.19676287350120666,0.06647563157883218,0.26,ok,,0
582_fri_c1_500_25,regression,500,25,False,A11 A21 A31 A41 A53 A61,,NN2,MLP (Feedforward),True,,9,-0.11289624170921934,0.10277923771852479,3.61,ok,,0
582_fri_c1_500_25,regression,500,25,False,A11 A21 A31 A41 A53 A61,,EN3,XGBoost,True,,5,0.8532858679399526,0.020349452395883903,10.68,ok,,0
582_fri_c1_500_25,regression,500,25,False,A11 A21 A31 A41 A53 A61,,EN4,LightGBM,True,,3,0.8790206577867657,0.021711336763811515,2.94,ok,,0
582_fri_c1_500_25,regression,500,25,False,A11 A21 A31 A41 A53 A61,,BASE-HGB,Histogram Gradient Boosting (baseline),False,,,0.8757917634288891,0.02611349658594797,36.42,ok,,0
522_pm10,regression,500,7,False,A11 A21 A31 A41 A53 A61,,LM1,Linear Regression,True,,15,0.15380493656062919,0.03722774508733952,0.05,ok,,0
522_pm10,regression,500,7,False,A11 A21 A31 A41 A53 A61,,LM3,Ridge Regression,True,,10,0.15383687469203716,0.03707564999017393,0.06,ok,,0
522_pm10,regression,500,7,False,A11 A21 A31 A41 A53 A61,,LM4,Lasso Regression,True,,18,-0.00782631385165895,0.009044652319742266,0.08,ok,,0
522_pm10,regression,500,7,False,A11 A21 A31 A41 A53 A61,,LM5,Elastic Net,True,,19,-0.00782631385165895,0.009044652319742266,0.1,ok,,0
522_pm10,regression,500,7,False,A11 A21 A31 A41 A53 A61,,LM6,Polynomial Regression,True,,14,0.20438554084799657,0.10945536825420728,0.21,ok,,0
522_pm10,regression,500,7,False,A11 A21 A31 A41 A53 A61,,LM7,Bayesian Linear Regression,True,,11,0.15266300766766797,0.03286439548174387,0.1,ok,,0
522_pm10,regression,500,7,False,A11 A21 A31 A41 A53 A61,,TR1,Decision Tree,True,,12,-0.1401158588724496,0.24709513815861528,0.06,ok,,0
522_pm10,regression,500,7,False,A11 A21 A31 A41 A53 A61,,TR2,Random Forest,True,,4,0.3683041378890227,0.0744147443300844,3.26,ok,,0
522_pm10,regression,500,7,False,A11 A21 A31 A41 A53 A61,,TR3,Extra Trees,True,,2,0.37367299892715505,0.06660913833963884,2.45,ok,,0
522_pm10,regression,500,7,False,A11 A21 A31 A41 A53 A61,,EN1,AdaBoost,True,,7,0.33072242250309297,0.041560740229255815,0.69,ok,,0
522_pm10,regression,500,7,False,A11 A21 A31 A41 A53 A61,,EN2,Gradient Boosting (GBM),True,,1,0.4312791830482043,0.06230783197970831,0.8,ok,,0
522_pm10,regression,500,7,False,A11 A21 A31 A41 A53 A61,,EN6,Stacking,True,,6,0.3171745880634102,0.05936852416156243,0.65,ok,,0
522_pm10,regression,500,7,False,A11 A21 A31 A41 A53 A61,,EN7,Voting Ensemble,True,,8,0.326673378057626,0.059460481732615776,0.23,ok,,0
522_pm10,regression,500,7,False,A11 A21 A31 A41 A53 A61,,SV1,SVM (linear),True,,17,0.1427001566400636,0.023156280726355546,0.07,ok,,0
522_pm10,regression,500,7,False,A11 A21 A31 A41 A53 A61,,SV2,Kernel SVM (RBF/Poly),True,,13,0.30893372917319156,0.06566716515402284,0.14,ok,,0
522_pm10,regression,500,7,False,A11 A21 A31 A41 A53 A61,,IB1,k-Nearest Neighbors,True,,16,0.23113054890425708,0.10321343346916835,0.07,ok,,0
522_pm10,regression,500,7,False,A11 A21 A31 A41 A53 A61,,NN2,MLP (Feedforward),True,,9,0.18544234632947226,0.09315649243482023,5.33,ok,,0
522_pm10,regression,500,7,False,A11 A21 A31 A41 A53 A61,,EN3,XGBoost,True,,5,0.3505829233076169,0.1082625434870894,8.63,ok,,0
522_pm10,regression,500,7,False,A11 A21 A31 A41 A53 A61,,EN4,LightGBM,True,,3,0.45679409109642793,0.09661240933363686,0.92,ok,,0
522_pm10,regression,500,7,False,A11 A21 A31 A41 A53 A61,,BASE-HGB,Histogram Gradient Boosting (baseline),False,,,0.4587973632565762,0.07374703154844245,2.07,ok,,0
584_fri_c4_500_25,regression,500,25,False,A11 A21 A31 A41 A53 A61,,LM1,Linear Regression,True,,15,0.25414729493723937,0.04701544760214389,0.31,ok,,0
584_fri_c4_500_25,regression,500,25,False,A11 A21 A31 A41 A53 A61,,LM3,Ridge Regression,True,,10,0.25480041831915956,0.04491855083351573,0.12,ok,,0
584_fri_c4_500_25,regression,500,25,False,A11 A21 A31 A41 A53 A61,,LM4,Lasso Regression,True,,18,-0.01463329982184276,0.01936184860561076,0.1,ok,,0
584_fri_c4_500_25,regression,500,25,False,A11 A21 A31 A41 A53 A61,,LM5,Elastic Net,True,,19,-0.01463329982184276,0.01936184860561076,0.07,ok,,0
584_fri_c4_500_25,regression,500,25,False,A11 A21 A31 A41 A53 A61,,LM6,Polynomial Regression,True,,14,-1.6317617079225883,0.6183344623993154,1.24,ok,,0
584_fri_c4_500_25,regression,500,25,False,A11 A21 A31 A41 A53 A61,,LM7,Bayesian Linear Regression,True,,11,0.24138650033531178,0.04079955792971355,0.38,ok,,0
584_fri_c4_500_25,regression,500,25,False,A11 A21 A31 A41 A53 A61,,TR1,Decision Tree,True,,12,0.558082978486552,0.06417185298871633,0.21,ok,,0
584_fri_c4_500_25,regression,500,25,False,A11 A21 A31 A41 A53 A61,,TR2,Random Forest,True,,4,0.8229811802428355,0.03570844495170759,6.32,ok,,0
584_fri_c4_500_25,regression,500,25,False,A11 A21 A31 A41 A53 A61,,TR3,Extra Trees,True,,2,0.8591671463601145,0.017717589667517884,3.83,ok,,0
584_fri_c4_500_25,regression,500,25,False,A11 A21 A31 A41 A53 A61,,EN1,AdaBoost,True,,7,0.7321582656107232,0.04138035857851223,1.16,ok,,0
584_fri_c4_500_25,regression,500,25,False,A11 A21 A31 A41 A53 A61,,EN2,Gradient Boosting (GBM),True,,1,0.8685383529276137,0.03799022602905502,2.05,ok,,0
584_fri_c4_500_25,regression,500,25,False,A11 A21 A31 A41 A53 A61,,EN6,Stacking,True,,6,0.683611302944168,0.03436398984832711,0.81,ok,,0
584_fri_c4_500_25,regression,500,25,False,A11 A21 A31 A41 A53 A61,,EN7,Voting Ensemble,True,,8,0.5686709498850732,0.020075105518861613,0.45,ok,,0
584_fri_c4_500_25,regression,500,25,False,A11 A21 A31 A41 A53 A61,,SV1,SVM (linear),True,,17,0.21362879392670667,0.046038080938399145,0.16,ok,,0
584_fri_c4_500_25,regression,500,25,False,A11 A21 A31 A41 A53 A61,,SV2,Kernel SVM (RBF/Poly),True,,13,0.2892625220394436,0.016608717654321224,0.18,ok,,0
584_fri_c4_500_25,regression,500,25,False,A11 A21 A31 A41 A53 A61,,IB1,k-Nearest Neighbors,True,,16,0.24711108182027725,0.0624438040164882,0.11,ok,,0
584_fri_c4_500_25,regression,500,25,False,A11 A21 A31 A41 A53 A61,,NN2,MLP (Feedforward),True,,9,-0.10854470566820781,0.1803399492092678,3.36,ok,,0
584_fri_c4_500_25,regression,500,25,False,A11 A21 A31 A41 A53 A61,,EN3,XGBoost,True,,5,0.847452256818273,0.034513266807396886,12.17,ok,,0
584_fri_c4_500_25,regression,500,25,False,A11 A21 A31 A41 A53 A61,,EN4,LightGBM,True,,3,0.8730066528651894,0.033314535552949595,1.03,ok,,0
584_fri_c4_500_25,regression,500,25,False,A11 A21 A31 A41 A53 A61,,BASE-HGB,Histogram Gradient Boosting (baseline),False,,,0.879983667936125,0.031030863621881188,3.94,ok,,0
637_fri_c1_500_50,regression,500,50,False,A11 A21 A31 A41 A53 A61,,LM1,Linear Regression,True,,15,0.05858323144953499,0.2195330436982587,0.14,ok,,0
637_fri_c1_500_50,regression,500,50,False,A11 A21 A31 A41 A53 A61,,LM3,Ridge Regression,True,,10,0.06093878440628651,0.21945485544492963,0.11,ok,,0
637_fri_c1_500_50,regression,500,50,False,A11 A21 A31 A41 A53 A61,,LM4,Lasso Regression,True,,18,-0.01992648700077524,0.0278434868236793,0.09,ok,,0
637_fri_c1_500_50,regression,500,50,False,A11 A21 A31 A41 A53 A61,,LM5,Elastic Net,True,,19,-0.01992648700077524,0.0278434868236793,0.09,ok,,0
637_fri_c1_500_50,regression,500,50,False,A11 A21 A31 A41 A53 A61,,LM6,Polynomial Regression,True,,14,-0.2748527565154567,0.2504698862243916,0.55,ok,,0
637_fri_c1_500_50,regression,500,50,False,A11 A21 A31 A41 A53 A61,,LM7,Bayesian Linear Regression,True,,11,0.11551965676337501,0.13478524332778608,0.89,ok,,0
637_fri_c1_500_50,regression,500,50,False,A11 A21 A31 A41 A53 A61,,TR1,Decision Tree,True,,12,0.5271387632869995,0.12483801795698153,0.19,ok,,0
637_fri_c1_500_50,regression,500,50,False,A11 A21 A31 A41 A53 A61,,TR2,Random Forest,True,,4,0.7924359540547737,0.044444900731442985,9.25,ok,,0
637_fri_c1_500_50,regression,500,50,False,A11 A21 A31 A41 A53 A61,,TR3,Extra Trees,True,,2,0.8476321018080124,0.012659762696184358,5.36,ok,,0
637_fri_c1_500_50,regression,500,50,False,A11 A21 A31 A41 A53 A61,,EN1,AdaBoost,True,,7,0.7432905280275469,0.043489220479078224,1.35,ok,,0
637_fri_c1_500_50,regression,500,50,False,A11 A21 A31 A41 A53 A61,,EN2,Gradient Boosting (GBM),True,,1,0.8794095761919529,0.030959964853980938,2.87,ok,,0
637_fri_c1_500_50,regression,500,50,False,A11 A21 A31 A41 A53 A61,,EN6,Stacking,True,,6,0.655996483240218,0.11009616269048203,0.89,ok,,0
637_fri_c1_500_50,regression,500,50,False,A11 A21 A31 A41 A53 A61,,EN7,Voting Ensemble,True,,8,0.45766103964944715,0.1106081500122964,0.21,ok,,0
637_fri_c1_500_50,regression,500,50,False,A11 A21 A31 A41 A53 A61,,SV1,SVM (linear),True,,17,-0.08207178229936889,0.283607599475509,0.31,ok,,0
637_fri_c1_500_50,regression,500,50,False,A11 A21 A31 A41 A53 A61,,SV2,Kernel SVM (RBF/Poly),True,,13,0.11460500176559005,0.119944677647023,0.16,ok,,0
637_fri_c1_500_50,regression,500,50,False,A11 A21 A31 A41 A53 A61,,IB1,k-Nearest Neighbors,True,,16,-0.07054818593088182,0.2220268906684034,0.09,ok,,0
637_fri_c1_500_50,regression,500,50,False,A11 A21 A31 A41 A53 A61,,NN2,MLP (Feedforward),True,,9,-0.15563840494325046,0.2946143778070053,1.37,ok,,0
637_fri_c1_500_50,regression,500,50,False,A11 A21 A31 A41 A53 A61,,EN3,XGBoost,True,,5,0.8432286842141477,0.034064833497057787,8.15,ok,,0
637_fri_c1_500_50,regression,500,50,False,A11 A21 A31 A41 A53 A61,,EN4,LightGBM,True,,3,0.8615982008422641,0.039961835975598624,2.23,ok,,0
637_fri_c1_500_50,regression,500,50,False,A11 A21 A31 A41 A53 A61,,BASE-HGB,Histogram Gradient Boosting (baseline),False,,,0.8632384933337217,0.032915478788636196,5.31,ok,,0
641_fri_c1_500_10,regression,500,10,False,A11 A21 A31 A41 A53 A61,,LM1,Linear Regression,True,,15,0.2342618132048142,0.06288957820745791,0.06,ok,,0
641_fri_c1_500_10,regression,500,10,False,A11 A21 A31 A41 A53 A61,,LM3,Ridge Regression,True,,10,0.2352066244149434,0.06274808986887896,0.07,ok,,0
641_fri_c1_500_10,regression,500,10,False,A11 A21 A31 A41 A53 A61,,LM4,Lasso Regression,True,,18,-0.016817337634248954,0.015984769192292445,0.07,ok,,0
641_fri_c1_500_10,regression,500,10,False,A11 A21 A31 A41 A53 A61,,LM5,Elastic Net,True,,19,-0.016817337634248954,0.015984769192292445,0.07,ok,,0
641_fri_c1_500_10,regression,500,10,False,A11 A21 A31 A41 A53 A61,,LM6,Polynomial Regression,True,,14,0.1396880306755436,0.04480809094936816,0.09,ok,,0
641_fri_c1_500_10,regression,500,10,False,A11 A21 A31 A41 A53 A61,,LM7,Bayesian Linear Regression,True,,11,0.23876070474018957,0.057733125402977654,0.12,ok,,0
641_fri_c1_500_10,regression,500,10,False,A11 A21 A31 A41 A53 A61,,TR1,Decision Tree,True,,12,0.6934932757605317,0.09837247664731585,0.08,ok,,0
641_fri_c1_500_10,regression,500,10,False,A11 A21 A31 A41 A53 A61,,TR2,Random Forest,True,,4,0.8739493891574199,0.03450643952411077,3.35,ok,,0
641_fri_c1_500_10,regression,500,10,False,A11 A21 A31 A41 A53 A61,,TR3,Extra Trees,True,,2,0.9122128047400881,0.024502779560479488,2.38,ok,,0
641_fri_c1_500_10,regression,500,10,False,A11 A21 A31 A41 A53 A61,,EN1,AdaBoost,True,,7,0.7910448040592217,0.03192286406545624,0.58,ok,,0
641_fri_c1_500_10,regression,500,10,False,A11 A21 A31 A41 A53 A61,,EN2,Gradient Boosting (GBM),True,,1,0.9106599239848965,0.022639762396892086,0.83,ok,,0
641_fri_c1_500_10,regression,500,10,False,A11 A21 A31 A41 A53 A61,,EN6,Stacking,True,,6,0.7455973392924461,0.06454453627914725,0.46,ok,,0
641_fri_c1_500_10,regression,500,10,False,A11 A21 A31 A41 A53 A61,,EN7,Voting Ensemble,True,,8,0.6165051848575708,0.03592469502393786,0.15,ok,,0
641_fri_c1_500_10,regression,500,10,False,A11 A21 A31 A41 A53 A61,,SV1,SVM (linear),True,,17,0.18575426438044396,0.07061733760513116,0.06,ok,,0
641_fri_c1_500_10,regression,500,10,False,A11 A21 A31 A41 A53 A61,,SV2,Kernel SVM (RBF/Poly),True,,13,0.4298283367987354,0.054987837506363026,0.1,ok,,0
641_fri_c1_500_10,regression,500,10,False,A11 A21 A31 A41 A53 A61,,IB1,k-Nearest Neighbors,True,,16,0.36909358428141853,0.04148599697279081,0.06,ok,,0
641_fri_c1_500_10,regression,500,10,False,A11 A21 A31 A41 A53 A61,,NN2,MLP (Feedforward),True,,9,0.8266993670120837,0.04750643265262761,3.33,ok,,0
641_fri_c1_500_10,regression,500,10,False,A11 A21 A31 A41 A53 A61,,EN3,XGBoost,True,,5,0.8937707984565689,0.028942088178806044,3.34,ok,,0
641_fri_c1_500_10,regression,500,10,False,A11 A21 A31 A41 A53 A61,,EN4,LightGBM,True,,3,0.9099742952340684,0.026026399844482146,1.38,ok,,0
641_fri_c1_500_10,regression,500,10,False,A11 A21 A31 A41 A53 A61,,BASE-HGB,Histogram Gradient Boosting (baseline),False,,,0.9086102646410741,0.02096359068784778,2.82,ok,,0
643_fri_c2_500_25,regression,500,25,False,A11 A21 A31 A41 A53 A61,,LM1,Linear Regression,True,,15,0.16145082538167435,0.05345245325039721,0.08,ok,,0
643_fri_c2_500_25,regression,500,25,False,A11 A21 A31 A41 A53 A61,,LM3,Ridge Regression,True,,10,0.1619447791576342,0.05330519791031328,0.13,ok,,0
643_fri_c2_500_25,regression,500,25,False,A11 A21 A31 A41 A53 A61,,LM4,Lasso Regression,True,,18,-0.0037298509139971348,0.0031271794630224553,0.07,ok,,0
643_fri_c2_500_25,regression,500,25,False,A11 A21 A31 A41 A53 A61,,LM5,Elastic Net,True,,19,-0.0037298509139971348,0.0031271794630224553,0.07,ok,,0
643_fri_c2_500_25,regression,500,25,False,A11 A21 A31 A41 A53 A61,,LM6,Polynomial Regression,True,,14,-2.8909669879044886,0.559336582560745,0.66,ok,,0
643_fri_c2_500_25,regression,500,25,False,A11 A21 A31 A41 A53 A61,,LM7,Bayesian Linear Regression,True,,11,0.16540953137662912,0.03959067151351843,0.25,ok,,0
643_fri_c2_500_25,regression,500,25,False,A11 A21 A31 A41 A53 A61,,TR1,Decision Tree,True,,12,0.6422392555413815,0.07321947138818356,0.15,ok,,0
643_fri_c2_500_25,regression,500,25,False,A11 A21 A31 A41 A53 A61,,TR2,Random Forest,True,,4,0.8289870806524469,0.019477291866468602,5.52,ok,,0
643_fri_c2_500_25,regression,500,25,False,A11 A21 A31 A41 A53 A61,,TR3,Extra Trees,True,,2,0.875083833609783,0.010742379124077807,3.46,ok,,0
643_fri_c2_500_25,regression,500,25,False,A11 A21 A31 A41 A53 A61,,EN1,AdaBoost,True,,7,0.7714731557820417,0.016503103738160323,0.84,ok,,0
643_fri_c2_500_25,regression,500,25,False,A11 A21 A31 A41 A53 A61,,EN2,Gradient Boosting (GBM),True,,1,0.8924649259133629,0.01722763374917436,1.58,ok,,0
643_fri_c2_500_25,regression,500,25,False,A11 A21 A31 A41 A53 A61,,EN6,Stacking,True,,6,0.7074205777100402,0.06268731884947608,0.63,ok,,0
643_fri_c2_500_25,regression,500,25,False,A11 A21 A31 A41 A53 A61,,EN7,Voting Ensemble,True,,8,0.5197275959050897,0.03850609599396767,0.34,ok,,0
643_fri_c2_500_25,regression,500,25,False,A11 A21 A31 A41 A53 A61,,SV1,SVM (linear),True,,17,0.057122213602734326,0.05729990455088322,0.17,ok,,0
643_fri_c2_500_25,regression,500,25,False,A11 A21 A31 A41 A53 A61,,SV2,Kernel SVM (RBF/Poly),True,,13,0.12171747942529679,0.07516971615122325,0.18,ok,,0
643_fri_c2_500_25,regression,500,25,False,A11 A21 A31 A41 A53 A61,,IB1,k-Nearest Neighbors,True,,16,0.09464489735645029,0.07630205602524967,0.2,ok,,0
643_fri_c2_500_25,regression,500,25,False,A11 A21 A31 A41 A53 A61,,NN2,MLP (Feedforward),True,,9,-0.5020838094924871,0.2252488670125727,4.04,ok,,0
643_fri_c2_500_25,regression,500,25,False,A11 A21 A31 A41 A53 A61,,EN3,XGBoost,True,,5,0.8410958948825551,0.01690722573287469,5.16,ok,,0
643_fri_c2_500_25,regression,500,25,False,A11 A21 A31 A41 A53 A61,,EN4,LightGBM,True,,3,0.8890887295967461,0.014202636538563978,1.19,ok,,0
643_fri_c2_500_25,regression,500,25,False,A11 A21 A31 A41 A53 A61,,BASE-HGB,Histogram Gradient Boosting (baseline),False,,,0.8876562512997437,0.016169018965829406,7.14,ok,,0
646_fri_c3_500_10,regression,500,10,False,A11 A21 A31 A41 A53 A61,,LM1,Linear Regression,True,,15,0.284633896395748,0.14403509183721977,0.07,ok,,0
646_fri_c3_500_10,regression,500,10,False,A11 A21 A31 A41 A53 A61,,LM3,Ridge Regression,True,,10,0.28484239348282026,0.14268580431729935,0.06,ok,,0
646_fri_c3_500_10,regression,500,10,False,A11 A21 A31 A41 A53 A61,,LM4,Lasso Regression,True,,18,-0.015363837054647967,0.020949495407725883,0.06,ok,,0
646_fri_c3_500_10,regression,500,10,False,A11 A21 A31 A41 A53 A61,,LM5,Elastic Net,True,,19,-0.013130340294229437,0.022600418211227585,0.07,ok,,0
646_fri_c3_500_10,regression,500,10,False,A11 A21 A31 A41 A53 A61,,LM6,Polynomial Regression,True,,14,0.27507055288957694,0.23954775597605862,0.08,ok,,0
646_fri_c3_500_10,regression,500,10,False,A11 A21 A31 A41 A53 A61,,LM7,Bayesian Linear Regression,True,,11,0.2825702624219737,0.1361483847738941,0.12,ok,,0
646_fri_c3_500_10,regression,500,10,False,A11 A21 A31 A41 A53 A61,,TR1,Decision Tree,True,,12,0.7041926934510777,0.11529068745108557,0.08,ok,,0
646_fri_c3_500_10,regression,500,10,False,A11 A21 A31 A41 A53 A61,,TR2,Random Forest,True,,4,0.8854266243406009,0.01816031924392187,3.41,ok,,0
646_fri_c3_500_10,regression,500,10,False,A11 A21 A31 A41 A53 A61,,TR3,Extra Trees,True,,2,0.9051709230734257,0.021638570442891445,2.18,ok,,0
646_fri_c3_500_10,regression,500,10,False,A11 A21 A31 A41 A53 A61,,EN1,AdaBoost,True,,7,0.7693042764508189,0.019701658986771065,0.69,ok,,0
646_fri_c3_500_10,regression,500,10,False,A11 A21 A31 A41 A53 A61,,EN2,Gradient Boosting (GBM),True,,1,0.9096940954753453,0.012681190282162826,0.85,ok,,0
646_fri_c3_500_10,regression,500,10,False,A11 A21 A31 A41 A53 A61,,EN6,Stacking,True,,6,0.7588600486256419,0.06258565412384237,0.38,ok,,0
646_fri_c3_500_10,regression,500,10,False,A11 A21 A31 A41 A53 A61,,EN7,Voting Ensemble,True,,8,0.6500623023637214,0.0666207981462221,0.14,ok,,0
646_fri_c3_500_10,regression,500,10,False,A11 A21 A31 A41 A53 A61,,SV1,SVM (linear),True,,17,0.2503579064370406,0.1877734201947507,0.07,ok,,0
646_fri_c3_500_10,regression,500,10,False,A11 A21 A31 A41 A53 A61,,SV2,Kernel SVM (RBF/Poly),True,,13,0.5272123539651576,0.10576250878300773,0.11,ok,,0
646_fri_c3_500_10,regression,500,10,False,A11 A21 A31 A41 A53 A61,,IB1,k-Nearest Neighbors,True,,16,0.46286107739555027,0.10621414655114632,0.06,ok,,0
646_fri_c3_500_10,regression,500,10,False,A11 A21 A31 A41 A53 A61,,NN2,MLP (Feedforward),True,,9,0.8335370439657297,0.047040003493781304,3.41,ok,,0
646_fri_c3_500_10,regression,500,10,False,A11 A21 A31 A41 A53 A61,,EN3,XGBoost,True,,5,0.8969801812009109,0.020653841857551737,3.97,ok,,0
646_fri_c3_500_10,regression,500,10,False,A11 A21 A31 A41 A53 A61,,EN4,LightGBM,True,,3,0.8926338665227839,0.01637089540191811,1.03,ok,,0
646_fri_c3_500_10,regression,500,10,False,A11 A21 A31 A41 A53 A61,,BASE-HGB,Histogram Gradient Boosting (baseline),False,,,0.8998526753961256,0.017536677591731144,2.78,ok,,0
666_rmftsa_ladata,regression,508,10,False,A11 A21 A31 A41 A54 A61,,LM1,Linear Regression,True,,15,0.5449099444569738,0.10396037576576889,0.07,ok,,0
666_rmftsa_ladata,regression,508,10,False,A11 A21 A31 A41 A54 A61,,LM3,Ridge Regression,True,,10,0.5459805747410307,0.10084927914314286,0.07,ok,,0
666_rmftsa_ladata,regression,508,10,False,A11 A21 A31 A41 A54 A61,,LM4,Lasso Regression,True,,18,0.3932144618476872,0.010485481218533578,0.07,ok,,0
666_rmftsa_ladata,regression,508,10,False,A11 A21 A31 A41 A54 A61,,LM5,Elastic Net,True,,19,0.3966089365142689,0.015709952464692176,0.06,ok,,0
666_rmftsa_ladata,regression,508,10,False,A11 A21 A31 A41 A54 A61,,LM6,Polynomial Regression,True,,14,0.6159871859609792,0.11327364994252985,0.08,ok,,0
666_rmftsa_ladata,regression,508,10,False,A11 A21 A31 A41 A54 A61,,LM7,Bayesian Linear Regression,True,,11,0.5463017819128038,0.09630289971119013,0.08,ok,,0
666_rmftsa_ladata,regression,508,10,False,A11 A21 A31 A41 A54 A61,,TR1,Decision Tree,True,,12,0.2259150020061019,0.12899421432482827,0.09,ok,,0
666_rmftsa_ladata,regression,508,10,False,A11 A21 A31 A41 A54 A61,,TR2,Random Forest,True,,4,0.5587689924580751,0.06969887711819704,3.79,ok,,0
666_rmftsa_ladata,regression,508,10,False,A11 A21 A31 A41 A54 A61,,TR3,Extra Trees,True,,2,0.5741162212143729,0.09010636595503742,2.31,ok,,0
666_rmftsa_ladata,regression,508,10,False,A11 A21 A31 A41 A54 A61,,EN1,AdaBoost,True,,7,0.4958074540393964,0.07185832707691164,0.55,ok,,0
666_rmftsa_ladata,regression,508,10,False,A11 A21 A31 A41 A54 A61,,EN2,Gradient Boosting (GBM),True,,1,0.543834885084794,0.059633868078520336,0.84,ok,,0
666_rmftsa_ladata,regression,508,10,False,A11 A21 A31 A41 A54 A61,,EN6,Stacking,True,,6,0.5547961033499387,0.07898850236806174,0.45,ok,,0
666_rmftsa_ladata,regression,508,10,False,A11 A21 A31 A41 A54 A61,,EN7,Voting Ensemble,True,,8,0.5680645832407143,0.06636973629910241,0.17,ok,,0
666_rmftsa_ladata,regression,508,10,False,A11 A21 A31 A41 A54 A61,,SV1,SVM (linear),True,,17,0.5303307522455152,0.05922536449230009,0.07,ok,,0
666_rmftsa_ladata,regression,508,10,False,A11 A21 A31 A41 A54 A61,,SV2,Kernel SVM (RBF/Poly),True,,13,0.49328643789321225,0.03692493730563873,0.11,ok,,0
666_rmftsa_ladata,regression,508,10,False,A11 A21 A31 A41 A54 A61,,IB1,k-Nearest Neighbors,True,,16,0.47585416046123435,0.055948809610218905,0.07,ok,,0
666_rmftsa_ladata,regression,508,10,False,A11 A21 A31 A41 A54 A61,,NN2,MLP (Feedforward),True,,9,0.5757587345902527,0.07746797068844244,3.85,ok,,0
666_rmftsa_ladata,regression,508,10,False,A11 A21 A31 A41 A54 A61,,EN3,XGBoost,True,,5,0.47110787067693705,0.10314198034741945,3.34,ok,,0
666_rmftsa_ladata,regression,508,10,False,A11 A21 A31 A41 A54 A61,,EN4,LightGBM,True,,3,0.4545732497472237,0.10307821683156429,1.25,ok,,0
666_rmftsa_ladata,regression,508,10,False,A11 A21 A31 A41 A54 A61,,BASE-HGB,Histogram Gradient Boosting (baseline),False,,,0.4508505688246804,0.10314516254170121,4.28,ok,,0
1029_LEV,regression,1000,4,False,A11 A21 A32 A41 A53 A61,,LM1,Linear Regression,False,needs A31 data (yours is A32),,0.5532867091287306,0.04966823151051017,0.21,ok,,0
1029_LEV,regression,1000,4,False,A11 A21 A32 A41 A53 A61,,LM3,Ridge Regression,False,needs A31 data (yours is A32),,0.5533272569413282,0.04917178859813857,0.1,ok,,0
1029_LEV,regression,1000,4,False,A11 A21 A32 A41 A53 A61,,LM4,Lasso Regression,True,,13,-0.006699163604698066,0.0045200283945131,0.09,ok,,0
1029_LEV,regression,1000,4,False,A11 A21 A32 A41 A53 A61,,LM5,Elastic Net,True,,14,-0.006699163604698066,0.0045200283945131,0.09,ok,,0
1029_LEV,regression,1000,4,False,A11 A21 A32 A41 A53 A61,,LM6,Polynomial Regression,False,needs A31 data (yours is A32),,0.5127388700939901,0.07058299588609364,0.37,ok,,0
1029_LEV,regression,1000,4,False,A11 A21 A32 A41 A53 A61,,LM7,Bayesian Linear Regression,False,needs A31 data (yours is A32),,0.5532262554350921,0.04856396428273761,0.18,ok,,0
1029_LEV,regression,1000,4,False,A11 A21 A32 A41 A53 A61,,TR1,Decision Tree,True,,10,0.502882120492058,0.07275191591512711,0.09,ok,,0
1029_LEV,regression,1000,4,False,A11 A21 A32 A41 A53 A61,,TR2,Random Forest,True,,4,0.5025043932634338,0.07148492955376153,2.37,ok,,0
1029_LEV,regression,1000,4,False,A11 A21 A32 A41 A53 A61,,TR3,Extra Trees,True,,2,0.5028821204920585,0.07275191591512732,1.85,ok,,0
1029_LEV,regression,1000,4,False,A11 A21 A32 A41 A53 A61,,EN1,AdaBoost,True,,7,0.4314964099241707,0.04746170542201908,0.22,ok,,0
1029_LEV,regression,1000,4,False,A11 A21 A32 A41 A53 A61,,EN2,Gradient Boosting (GBM),True,,1,0.5309885198311417,0.06887601116829943,0.57,ok,,0
1029_LEV,regression,1000,4,False,A11 A21 A32 A41 A53 A61,,EN6,Stacking,True,,6,0.550837733115152,0.05326971270706492,0.79,ok,,0
1029_LEV,regression,1000,4,False,A11 A21 A32 A41 A53 A61,,EN7,Voting Ensemble,True,,8,0.5341544733848901,0.06073478787550273,0.26,ok,,0
1029_LEV,regression,1000,4,False,A11 A21 A32 A41 A53 A61,,SV1,SVM (linear),True,,12,0.4858041044975807,0.07082343825948345,0.11,ok,,0
1029_LEV,regression,1000,4,False,A11 A21 A32 A41 A53 A61,,SV2,Kernel SVM (RBF/Poly),True,,11,0.5171139572892093,0.06196246637491887,0.23,ok,,0
1029_LEV,regression,1000,4,False,A11 A21 A32 A41 A53 A61,,IB1,k-Nearest Neighbors,False,needs A31 data (yours is A32),,0.4850733911729117,0.07412473872229804,0.1,ok,,0
1029_LEV,regression,1000,4,False,A11 A21 A32 A41 A53 A61,,NN2,MLP (Feedforward),True,,9,0.526489451133646,0.06644226710765931,2.65,ok,,0
1029_LEV,regression,1000,4,False,A11 A21 A32 A41 A53 A61,,EN3,XGBoost,True,,5,0.503060787754648,0.07277509063584263,0.89,ok,,0
1029_LEV,regression,1000,4,False,A11 A21 A32 A41 A53 A61,,EN4,LightGBM,True,,3,0.5140592210102082,0.06860034935266711,0.91,ok,,0
1029_LEV,regression,1000,4,False,A11 A21 A32 A41 A53 A61,,BASE-HGB,Histogram Gradient Boosting (baseline),False,,,0.5140592210102082,0.06860034935266711,13.77,ok,,0
589_fri_c2_1000_25,regression,1000,25,False,A11 A21 A31 A41 A53 A61,,LM1,Linear Regression,True,,15,0.26874431492589657,0.06376276965668139,0.13,ok,,0
589_fri_c2_1000_25,regression,1000,25,False,A11 A21 A31 A41 A53 A61,,LM3,Ridge Regression,True,,10,0.2687919063191878,0.06365249951673767,0.19,ok,,0
589_fri_c2_1000_25,regression,1000,25,False,A11 A21 A31 A41 A53 A61,,LM4,Lasso Regression,True,,18,-0.016711955359871623,0.01949526075786265,0.09,ok,,0
589_fri_c2_1000_25,regression,1000,25,False,A11 A21 A31 A41 A53 A61,,LM5,Elastic Net,True,,19,-0.016711955359871623,0.01949526075786265,0.1,ok,,0
589_fri_c2_1000_25,regression,1000,25,False,A11 A21 A31 A41 A53 A61,,LM6,Polynomial Regression,True,,14,-0.22242533048111243,0.1173886096989487,0.93,ok,,0
589_fri_c2_1000_25,regression,1000,25,False,A11 A21 A31 A41 A53 A61,,LM7,Bayesian Linear Regression,True,,11,0.2668360113965626,0.05858368526617657,0.29,ok,,0
589_fri_c2_1000_25,regression,1000,25,False,A11 A21 A31 A41 A53 A61,,TR1,Decision Tree,True,,12,0.7434649057088214,0.02112969479283956,0.28,ok,,0
589_fri_c2_1000_25,regression,1000,25,False,A11 A21 A31 A41 A53 A61,,TR2,Random Forest,True,,4,0.877896967706757,0.01455755639130427,11.92,ok,,0
589_fri_c2_1000_25,regression,1000,25,False,A11 A21 A31 A41 A53 A61,,TR3,Extra Trees,True,,2,0.9142135118807196,0.005332133400524762,6.99,ok,,0
589_fri_c2_1000_25,regression,1000,25,False,A11 A21 A31 A41 A53 A61,,EN1,AdaBoost,True,,7,0.8001087230374377,0.022001939857181588,1.58,ok,,0
589_fri_c2_1000_25,regression,1000,25,False,A11 A21 A31 A41 A53 A61,,EN2,Gradient Boosting (GBM),True,,1,0.9219379600918345,0.010778012690564472,3.69,ok,,0
589_fri_c2_1000_25,regression,1000,25,False,A11 A21 A31 A41 A53 A61,,EN6,Stacking,True,,6,0.7805085727837249,0.022319169916264918,0.79,ok,,0
589_fri_c2_1000_25,regression,1000,25,False,A11 A21 A31 A41 A53 A61,,EN7,Voting Ensemble,True,,8,0.6175931472082887,0.026183105150857863,0.36,ok,,0
589_fri_c2_1000_25,regression,1000,25,False,A11 A21 A31 A41 A53 A61,,SV1,SVM (linear),True,,17,0.23300174748747868,0.07398181087274334,0.17,ok,,0
589_fri_c2_1000_25,regression,1000,25,False,A11 A21 A31 A41 A53 A61,,SV2,Kernel SVM (RBF/Poly),True,,13,0.304101487410316,0.06816272274520008,0.39,ok,,0
589_fri_c2_1000_25,regression,1000,25,False,A11 A21 A31 A41 A53 A61,,IB1,k-Nearest Neighbors,True,,16,0.2737799132745836,0.06559365038386826,0.52,ok,,0
589_fri_c2_1000_25,regression,1000,25,False,A11 A21 A31 A41 A53 A61,,NN2,MLP (Feedforward),True,,9,-0.1940057800273874,0.13345405578388245,8.08,ok,,0
589_fri_c2_1000_25,regression,1000,25,False,A11 A21 A31 A41 A53 A61,,EN3,XGBoost,True,,5,0.9107298903287825,0.012072721472489304,35.11,ok,,0
589_fri_c2_1000_25,regression,1000,25,False,A11 A21 A31 A41 A53 A61,,EN4,LightGBM,True,,3,0.9178751620912002,0.00845932084238961,16.47,ok,,0
589_fri_c2_1000_25,regression,1000,25,False,A11 A21 A31 A41 A53 A61,,BASE-HGB,Histogram Gradient Boosting (baseline),False,,,0.9203481606637922,0.008879395601507313,4.62,ok,,0
590_fri_c0_1000_50,regression,1000,50,False,A11 A21 A31 A41 A53 A61,,LM1,Linear Regression,True,,15,0.6918274455920838,0.05728474831043043,0.22,ok,,0
590_fri_c0_1000_50,regression,1000,50,False,A11 A21 A31 A41 A53 A61,,LM3,Ridge Regression,True,,10,0.6918906979638215,0.057183158454485315,0.11,ok,,0
590_fri_c0_1000_50,regression,1000,50,False,A11 A21 A31 A41 A53 A61,,LM4,Lasso Regression,True,,18,-0.0032135614298743676,0.003937900707015408,0.1,ok,,0
590_fri_c0_1000_50,regression,1000,50,False,A11 A21 A31 A41 A53 A61,,LM5,Elastic Net,True,,19,0.05258192603067278,0.017859101658659653,0.1,ok,,0
590_fri_c0_1000_50,regression,1000,50,False,A11 A21 A31 A41 A53 A61,,LM6,Polynomial Regression,True,,14,0.3580821825827048,0.09896588482771645,1.04,ok,,0
590_fri_c0_1000_50,regression,1000,50,False,A11 A21 A31 A41 A53 A61,,LM7,Bayesian Linear Regression,True,,11,0.6925140205274705,0.05537217742563537,0.3,ok,,0
590_fri_c0_1000_50,regression,1000,50,False,A11 A21 A31 A41 A53 A61,,TR1,Decision Tree,True,,12,0.45543841262919244,0.08358830618652491,0.28,ok,,0
590_fri_c0_1000_50,regression,1000,50,False,A11 A21 A31 A41 A53 A61,,TR2,Random Forest,True,,4,0.7819683170101637,0.02095244777982661,16.83,ok,,0
590_fri_c0_1000_50,regression,1000,50,False,A11 A21 A31 A41 A53 A61,,TR3,Extra Trees,True,,2,0.8113836842338527,0.02040293698147813,9.18,ok,,0
590_fri_c0_1000_50,regression,1000,50,False,A11 A21 A31 A41 A53 A61,,EN1,AdaBoost,True,,7,0.7461460376071634,0.013032735419826405,2.73,ok,,0
590_fri_c0_1000_50,regression,1000,50,False,A11 A21 A31 A41 A53 A61,,EN2,Gradient Boosting (GBM),True,,1,0.8873665111835459,0.012613018533988366,5.85,ok,,0
590_fri_c0_1000_50,regression,1000,50,False,A11 A21 A31 A41 A53 A61,,EN6,Stacking,True,,6,0.7279655308042694,0.04017251247564624,1.18,ok,,0
590_fri_c0_1000_50,regression,1000,50,False,A11 A21 A31 A41 A53 A61,,EN7,Voting Ensemble,True,,8,0.6878783382479028,0.02563055097247471,0.43,ok,,0
590_fri_c0_1000_50,regression,1000,50,False,A11 A21 A31 A41 A53 A61,,SV1,SVM (linear),True,,17,0.6792595168862887,0.057354222630560156,0.48,ok,,0
590_fri_c0_1000_50,regression,1000,50,False,A11 A21 A31 A41 A53 A61,,SV2,Kernel SVM (RBF/Poly),True,,13,0.6918223234174843,0.04938445051378121,0.4,ok,,0
590_fri_c0_1000_50,regression,1000,50,False,A11 A21 A31 A41 A53 A61,,IB1,k-Nearest Neighbors,True,,16,0.3195486194602744,0.04379284940882935,0.18,ok,,0
590_fri_c0_1000_50,regression,1000,50,False,A11 A21 A31 A41 A53 A61,,NN2,MLP (Feedforward),True,,9,0.5591741857399539,0.06546858728590281,2.63,ok,,0
590_fri_c0_1000_50,regression,1000,50,False,A11 A21 A31 A41 A53 A61,,EN3,XGBoost,True,,5,0.8294687094700203,0.018922015258391784,14.66,ok,,0
590_fri_c0_1000_50,regression,1000,50,False,A11 A21 A31 A41 A53 A61,,EN4,LightGBM,True,,3,0.8808509350896963,0.01378240429088587,6.39,ok,,0
590_fri_c0_1000_50,regression,1000,50,False,A11 A21 A31 A41 A53 A61,,BASE-HGB,Histogram Gradient Boosting (baseline),False,,,0.8801898055290287,0.010752382610820078,42.89,ok,,0
608_fri_c3_1000_10,regression,1000,10,False,A11 A21 A31 A41 A53 A61,,LM1,Linear Regression,True,,15,0.2769486479937967,0.038933204139643296,0.2,ok,,0
608_fri_c3_1000_10,regression,1000,10,False,A11 A21 A31 A41 A53 A61,,LM3,Ridge Regression,True,,10,0.27702563679684217,0.03877776100655864,0.25,ok,,0
608_fri_c3_1000_10,regression,1000,10,False,A11 A21 A31 A41 A53 A61,,LM4,Lasso Regression,True,,18,-0.0029469585240196492,0.003929011819234659,0.14,ok,,0
608_fri_c3_1000_10,regression,1000,10,False,A11 A21 A31 A41 A53 A61,,LM5,Elastic Net,True,,19,-0.0029469585240196492,0.003929011819234659,0.25,ok,,0
608_fri_c3_1000_10,regression,1000,10,False,A11 A21 A31 A41 A53 A61,,LM6,Polynomial Regression,True,,14,0.3903342607688936,0.0357372158858985,0.21,ok,,0
608_fri_c3_1000_10,regression,1000,10,False,A11 A21 A31 A41 A53 A61,,LM7,Bayesian Linear Regression,True,,11,0.27619321091898946,0.038008844410271775,0.14,ok,,0
608_fri_c3_1000_10,regression,1000,10,False,A11 A21 A31 A41 A53 A61,,TR1,Decision Tree,True,,12,0.7897022912043805,0.022571773379893228,0.09,ok,,0
608_fri_c3_1000_10,regression,1000,10,False,A11 A21 A31 A41 A53 A61,,TR2,Random Forest,True,,4,0.9054458402407949,0.02312917513713789,6.64,ok,,0
608_fri_c3_1000_10,regression,1000,10,False,A11 A21 A31 A41 A53 A61,,TR3,Extra Trees,True,,2,0.9366413395632772,0.01120863325804321,3.96,ok,,0
608_fri_c3_1000_10,regression,1000,10,False,A11 A21 A31 A41 A53 A61,,EN1,AdaBoost,True,,7,0.7700973242885814,0.03563969066600709,1.05,ok,,0
608_fri_c3_1000_10,regression,1000,10,False,A11 A21 A31 A41 A53 A61,,EN2,Gradient Boosting (GBM),True,,1,0.9244335300865674,0.01237762076179857,1.79,ok,,0
608_fri_c3_1000_10,regression,1000,10,False,A11 A21 A31 A41 A53 A61,,EN6,Stacking,True,,6,0.7976017101926576,0.032666943623101796,0.65,ok,,0
608_fri_c3_1000_10,regression,1000,10,False,A11 A21 A31 A41 A53 A61,,EN7,Voting Ensemble,True,,8,0.7013365062564736,0.025846200531264078,0.27,ok,,0
608_fri_c3_1000_10,regression,1000,10,False,A11 A21 A31 A41 A53 A61,,SV1,SVM (linear),True,,17,0.22892666969383563,0.04008157800665286,0.11,ok,,0
608_fri_c3_1000_10,regression,1000,10,False,A11 A21 A31 A41 A53 A61,,SV2,Kernel SVM (RBF/Poly),True,,13,0.6545470786237335,0.05691821662235918,0.38,ok,,0
608_fri_c3_1000_10,regression,1000,10,False,A11 A21 A31 A41 A53 A61,,IB1,k-Nearest Neighbors,True,,16,0.6099587441531115,0.07578620367337842,0.11,ok,,0
608_fri_c3_1000_10,regression,1000,10,False,A11 A21 A31 A41 A53 A61,,NN2,MLP (Feedforward),True,,9,0.9103916935336018,0.020970166181738685,7.09,ok,,0
608_fri_c3_1000_10,regression,1000,10,False,A11 A21 A31 A41 A53 A61,,EN3,XGBoost,True,,5,0.918746891995425,0.011784100738891027,3.04,ok,,0
608_fri_c3_1000_10,regression,1000,10,False,A11 A21 A31 A41 A53 A61,,EN4,LightGBM,True,,3,0.9284205967084957,0.016303192293023894,2.45,ok,,0
608_fri_c3_1000_10,regression,1000,10,False,A11 A21 A31 A41 A53 A61,,BASE-HGB,Histogram Gradient Boosting (baseline),False,,,0.9230668961351322,0.01414712130131816,4.3,ok,,0
592_fri_c4_1000_25,regression,1000,25,False,A11 A21 A31 A41 A53 A61,,LM1,Linear Regression,True,,15,0.24846079572246263,0.01580372979682333,0.18,ok,,0
592_fri_c4_1000_25,regression,1000,25,False,A11 A21 A31 A41 A53 A61,,LM3,Ridge Regression,True,,10,0.24857845725724909,0.015548151201517943,0.15,ok,,0
592_fri_c4_1000_25,regression,1000,25,False,A11 A21 A31 A41 A53 A61,,LM4,Lasso Regression,True,,18,-0.0073667806744021295,0.003170473488645397,0.11,ok,,0
592_fri_c4_1000_25,regression,1000,25,False,A11 A21 A31 A41 A53 A61,,LM5,Elastic Net,True,,19,-0.0073667806744021295,0.003170473488645397,0.07,ok,,0
592_fri_c4_1000_25,regression,1000,25,False,A11 A21 A31 A41 A53 A61,,LM6,Polynomial Regression,True,,14,-0.0247274512396664,0.16420926286936333,1.35,ok,,0
592_fri_c4_1000_25,regression,1000,25,False,A11 A21 A31 A41 A53 A61,,LM7,Bayesian Linear Regression,True,,11,0.24332909337304445,0.012730828676701224,0.22,ok,,0
592_fri_c4_1000_25,regression,1000,25,False,A11 A21 A31 A41 A53 A61,,TR1,Decision Tree,True,,12,0.7306231103038359,0.06407699026573149,0.31,ok,,0
592_fri_c4_1000_25,regression,1000,25,False,A11 A21 A31 A41 A53 A61,,TR2,Random Forest,True,,4,0.8847270062383439,0.02502793178988528,10.79,ok,,0
592_fri_c4_1000_25,regression,1000,25,False,A11 A21 A31 A41 A53 A61,,TR3,Extra Trees,True,,2,0.9152114044353012,0.013225445634492176,5.61,ok,,0
592_fri_c4_1000_25,regression,1000,25,False,A11 A21 A31 A41 A53 A61,,EN1,AdaBoost,True,,7,0.7572870670814698,0.04431344671047737,1.33,ok,,0
592_fri_c4_1000_25,regression,1000,25,False,A11 A21 A31 A41 A53 A61,,EN2,Gradient Boosting (GBM),True,,1,0.9059549586606834,0.01803825275718388,2.89,ok,,0
592_fri_c4_1000_25,regression,1000,25,False,A11 A21 A31 A41 A53 A61,,EN6,Stacking,True,,6,0.7650312984291558,0.044181629868546526,0.69,ok,,0
592_fri_c4_1000_25,regression,1000,25,False,A11 A21 A31 A41 A53 A61,,EN7,Voting Ensemble,True,,8,0.60057177136148,0.028835374357036453,0.43,ok,,0
592_fri_c4_1000_25,regression,1000,25,False,A11 A21 A31 A41 A53 A61,,SV1,SVM (linear),True,,17,0.1910259560030916,0.02347454005642414,0.14,ok,,0
592_fri_c4_1000_25,regression,1000,25,False,A11 A21 A31 A41 A53 A61,,SV2,Kernel SVM (RBF/Poly),True,,13,0.29487038725460557,0.07356431252520652,0.33,ok,,0
592_fri_c4_1000_25,regression,1000,25,False,A11 A21 A31 A41 A53 A61,,IB1,k-Nearest Neighbors,True,,16,0.23029771389052653,0.07384852343150132,0.17,ok,,0
592_fri_c4_1000_25,regression,1000,25,False,A11 A21 A31 A41 A53 A61,,NN2,MLP (Feedforward),True,,9,0.24023896271823747,0.15799279367795768,6.93,ok,,0
592_fri_c4_1000_25,regression,1000,25,False,A11 A21 A31 A41 A53 A61,,EN3,XGBoost,True,,5,0.9086002667316471,0.019646584675236476,11.23,ok,,0
592_fri_c4_1000_25,regression,1000,25,False,A11 A21 A31 A41 A53 A61,,EN4,LightGBM,True,,3,0.9143566812542894,0.014472955600977675,4.25,ok,,0
592_fri_c4_1000_25,regression,1000,25,False,A11 A21 A31 A41 A53 A61,,BASE-HGB,Histogram Gradient Boosting (baseline),False,,,0.91398178695678,0.014288279022991355,8.37,ok,,0
599_fri_c2_1000_5,regression,1000,5,False,A11 A21 A31 A41 A53 A61,,LM1,Linear Regression,True,,15,0.288600313138761,0.024412565249908907,0.06,ok,,0
599_fri_c2_1000_5,regression,1000,5,False,A11 A21 A31 A41 A53 A61,,LM3,Ridge Regression,True,,10,0.2886425356572756,0.024418700716301627,0.11,ok,,0
599_fri_c2_1000_5,regression,1000,5,False,A11 A21 A31 A41 A53 A61,,LM4,Lasso Regression,True,,18,-0.006610899964222971,0.005828673541729267,0.08,ok,,0
599_fri_c2_1000_5,regression,1000,5,False,A11 A21 A31 A41 A53 A61,,LM5,Elastic Net,True,,19,-0.006610899964222971,0.005828673541729267,0.07,ok,,0
599_fri_c2_1000_5,regression,1000,5,False,A11 A21 A31 A41 A53 A61,,LM6,Polynomial Regression,True,,14,0.3294903460686266,0.03903676428211274,0.12,ok,,0
599_fri_c2_1000_5,regression,1000,5,False,A11 A21 A31 A41 A53 A61,,LM7,Bayesian Linear Regression,True,,11,0.28879336325814736,0.024459766090729064,0.07,ok,,0
599_fri_c2_1000_5,regression,1000,5,False,A11 A21 A31 A41 A53 A61,,TR1,Decision Tree,True,,12,0.8258816304561218,0.014037705120466834,0.08,ok,,0
599_fri_c2_1000_5,regression,1000,5,False,A11 A21 A31 A41 A53 A61,,TR2,Random Forest,True,,4,0.9244203414185664,0.0064169450085915375,4.26,ok,,0
599_fri_c2_1000_5,regression,1000,5,False,A11 A21 A31 A41 A53 A61,,TR3,Extra Trees,True,,2,0.9486016837957505,0.00865490969660944,2.87,ok,,0
599_fri_c2_1000_5,regression,1000,5,False,A11 A21 A31 A41 A53 A61,,EN1,AdaBoost,True,,7,0.8345972168495523,0.014060788865790418,0.78,ok,,0
599_fri_c2_1000_5,regression,1000,5,False,A11 A21 A31 A41 A53 A61,,EN2,Gradient Boosting (GBM),True,,1,0.9396537024139517,0.008682133504114568,1.06,ok,,0
599_fri_c2_1000_5,regression,1000,5,False,A11 A21 A31 A41 A53 A61,,EN6,Stacking,True,,6,0.9021810601086964,0.008839082015813779,0.62,ok,,0
599_fri_c2_1000_5,regression,1000,5,False,A11 A21 A31 A41 A53 A61,,EN7,Voting Ensemble,True,,8,0.8094234957541048,0.019951555101346698,0.18,ok,,0
599_fri_c2_1000_5,regression,1000,5,False,A11 A21 A31 A41 A53 A61,,SV1,SVM (linear),True,,17,0.2603260621056312,0.023260441372215446,0.1,ok,,0
599_fri_c2_1000_5,regression,1000,5,False,A11 A21 A31 A41 A53 A61,,SV2,Kernel SVM (RBF/Poly),True,,13,0.9005127239894428,0.025491353822234445,0.32,ok,,0
599_fri_c2_1000_5,regression,1000,5,False,A11 A21 A31 A41 A53 A61,,IB1,k-Nearest Neighbors,True,,16,0.8766659815175313,0.011786423798540736,0.07,ok,,0
599_fri_c2_1000_5,regression,1000,5,False,A11 A21 A31 A41 A53 A61,,NN2,MLP (Feedforward),True,,9,0.9486828470360603,0.014532902023065121,3.63,ok,,0
599_fri_c2_1000_5,regression,1000,5,False,A11 A21 A31 A41 A53 A61,,EN3,XGBoost,True,,5,0.9350735584354763,0.0038465738802505936,21.99,ok,,0
599_fri_c2_1000_5,regression,1000,5,False,A11 A21 A31 A41 A53 A61,,EN4,LightGBM,True,,3,0.9444580410250397,0.008051430626739523,33.68,ok,,0
599_fri_c2_1000_5,regression,1000,5,False,A11 A21 A31 A41 A53 A61,,BASE-HGB,Histogram Gradient Boosting (baseline),False,,,0.9446470103994324,0.008057638114914367,1.65,ok,,0
598_fri_c0_1000_25,regression,1000,25,False,A11 A21 A31 A41 A53 A61,,LM1,Linear Regression,True,,15,0.6911793634524377,0.017318636027582424,0.13,ok,,0
598_fri_c0_1000_25,regression,1000,25,False,A11 A21 A31 A41 A53 A61,,LM3,Ridge Regression,True,,10,0.6912152888119567,0.01733520336026709,0.12,ok,,0
598_fri_c0_1000_25,regression,1000,25,False,A11 A21 A31 A41 A53 A61,,LM4,Lasso Regression,True,,18,-0.0018549048064634643,0.0015655964268132874,0.09,ok,,0
598_fri_c0_1000_25,regression,1000,25,False,A11 A21 A31 A41 A53 A61,,LM5,Elastic Net,True,,19,0.05299344578624641,0.007935266205731836,0.1,ok,,0
598_fri_c0_1000_25,regression,1000,25,False,A11 A21 A31 A41 A53 A61,,LM6,Polynomial Regression,True,,14,0.8040874234937536,0.01552155845507776,0.49,ok,,0
598_fri_c0_1000_25,regression,1000,25,False,A11 A21 A31 A41 A53 A61,,LM7,Bayesian Linear Regression,True,,11,0.6914255221218615,0.0174891872107232,0.18,ok,,0
598_fri_c0_1000_25,regression,1000,25,False,A11 A21 A31 A41 A53 A61,,TR1,Decision Tree,True,,12,0.5957655935520773,0.039764630731326495,0.15,ok,,0
598_fri_c0_1000_25,regression,1000,25,False,A11 A21 A31 A41 A53 A61,,TR2,Random Forest,True,,4,0.8029318341708951,0.017719865057733927,11.7,ok,,0
598_fri_c0_1000_25,regression,1000,25,False,A11 A21 A31 A41 A53 A61,,TR3,Extra Trees,True,,2,0.8222429532878051,0.015507387784563747,7.29,ok,,0
598_fri_c0_1000_25,regression,1000,25,False,A11 A21 A31 A41 A53 A61,,EN1,AdaBoost,True,,7,0.7617146513741005,0.01836842707328529,1.92,ok,,0
598_fri_c0_1000_25,regression,1000,25,False,A11 A21 A31 A41 A53 A61,,EN2,Gradient Boosting (GBM),True,,1,0.8985700251350079,0.007273604200828794,3.56,ok,,0
598_fri_c0_1000_25,regression,1000,25,False,A11 A21 A31 A41 A53 A61,,EN6,Stacking,True,,6,0.7565976619985438,0.012720818688710398,0.74,ok,,0
598_fri_c0_1000_25,regression,1000,25,False,A11 A21 A31 A41 A53 A61,,EN7,Voting Ensemble,True,,8,0.7214441091966796,0.01095520345480579,0.28,ok,,0
598_fri_c0_1000_25,regression,1000,25,False,A11 A21 A31 A41 A53 A61,,SV1,SVM (linear),True,,17,0.6850334158072808,0.02099644941870456,0.21,ok,,0
598_fri_c0_1000_25,regression,1000,25,False,A11 A21 A31 A41 A53 A61,,SV2,Kernel SVM (RBF/Poly),True,,13,0.745352448682107,0.015059881212834315,0.39,ok,,0
598_fri_c0_1000_25,regression,1000,25,False,A11 A21 A31 A41 A53 A61,,IB1,k-Nearest Neighbors,True,,16,0.42354192490239695,0.033080132140874324,0.13,ok,,0
598_fri_c0_1000_25,regression,1000,25,False,A11 A21 A31 A41 A53 A61,,NN2,MLP (Feedforward),True,,9,0.7509270138421549,0.014581141658008034,4.04,ok,,0
598_fri_c0_1000_25,regression,1000,25,False,A11 A21 A31 A41 A53 A61,,EN3,XGBoost,True,,5,0.8445565802819764,0.009167558309819138,8.28,ok,,0
598_fri_c0_1000_25,regression,1000,25,False,A11 A21 A31 A41 A53 A61,,EN4,LightGBM,True,,3,0.8919133980641414,0.01104675815920262,3.62,ok,,0
598_fri_c0_1000_25,regression,1000,25,False,A11 A21 A31 A41 A53 A61,,BASE-HGB,Histogram Gradient Boosting (baseline),False,,,0.8917770829245966,0.008746727574682282,6.06,ok,,0
623_fri_c4_1000_10,regression,1000,10,False,A11 A21 A31 A41 A53 A61,,LM1,Linear Regression,True,,15,0.28235741707828,0.04647576649512817,0.08,ok,,0
623_fri_c4_1000_10,regression,1000,10,False,A11 A21 A31 A41 A53 A61,,LM3,Ridge Regression,True,,10,0.2824336319471879,0.04648494249792455,0.06,ok,,0
623_fri_c4_1000_10,regression,1000,10,False,A11 A21 A31 A41 A53 A61,,LM4,Lasso Regression,True,,18,-0.0032247275150342424,0.0034410206976249534,0.08,ok,,0
623_fri_c4_1000_10,regression,1000,10,False,A11 A21 A31 A41 A53 A61,,LM5,Elastic Net,True,,19,-0.0032247275150342424,0.0034410206976249534,0.1,ok,,0
623_fri_c4_1000_10,regression,1000,10,False,A11 A21 A31 A41 A53 A61,,LM6,Polynomial Regression,True,,14,0.37600099605321124,0.04876971399779891,0.27,ok,,0
623_fri_c4_1000_10,regression,1000,10,False,A11 A21 A31 A41 A53 A61,,LM7,Bayesian Linear Regression,True,,11,0.28201300333107004,0.04639735732898261,0.06,ok,,0
623_fri_c4_1000_10,regression,1000,10,False,A11 A21 A31 A41 A53 A61,,TR1,Decision Tree,True,,12,0.7973303235816876,0.03821450275329583,0.11,ok,,0
623_fri_c4_1000_10,regression,1000,10,False,A11 A21 A31 A41 A53 A61,,TR2,Random Forest,True,,4,0.9062904040732205,0.011743130352034819,5.6,ok,,0
623_fri_c4_1000_10,regression,1000,10,False,A11 A21 A31 A41 A53 A61,,TR3,Extra Trees,True,,2,0.9310050028170167,0.011083564619564275,3.45,ok,,0
623_fri_c4_1000_10,regression,1000,10,False,A11 A21 A31 A41 A53 A61,,EN1,AdaBoost,True,,7,0.7701156664965199,0.01772011897466833,0.75,ok,,0
623_fri_c4_1000_10,regression,1000,10,False,A11 A21 A31 A41 A53 A61,,EN2,Gradient Boosting (GBM),True,,1,0.9260531908616775,0.007667333875230961,1.42,ok,,0
623_fri_c4_1000_10,regression,1000,10,False,A11 A21 A31 A41 A53 A61,,EN6,Stacking,True,,6,0.7910830675330585,0.01696360395694072,0.54,ok,,0
623_fri_c4_1000_10,regression,1000,10,False,A11 A21 A31 A41 A53 A61,,EN7,Voting Ensemble,True,,8,0.6964820495793903,0.021217778242370495,0.19,ok,,0
623_fri_c4_1000_10,regression,1000,10,False,A11 A21 A31 A41 A53 A61,,SV1,SVM (linear),True,,17,0.25181593255540263,0.025275482948650417,0.08,ok,,0
623_fri_c4_1000_10,regression,1000,10,False,A11 A21 A31 A41 A53 A61,,SV2,Kernel SVM (RBF/Poly),True,,13,0.654203556035303,0.0423944661938683,0.26,ok,,0
623_fri_c4_1000_10,regression,1000,10,False,A11 A21 A31 A41 A53 A61,,IB1,k-Nearest Neighbors,True,,16,0.5950314380469205,0.05423466466785038,0.09,ok,,0
623_fri_c4_1000_10,regression,1000,10,False,A11 A21 A31 A41 A53 A61,,NN2,MLP (Feedforward),True,,9,0.9183038202963454,0.01617344024274292,4.83,ok,,0
623_fri_c4_1000_10,regression,1000,10,False,A11 A21 A31 A41 A53 A61,,EN3,XGBoost,True,,5,0.9203396522695536,0.008791319884185078,3.69,ok,,0
623_fri_c4_1000_10,regression,1000,10,False,A11 A21 A31 A41 A53 A61,,EN4,LightGBM,True,,3,0.9254464316610604,0.011665255875238863,2.36,ok,,0
623_fri_c4_1000_10,regression,1000,10,False,A11 A21 A31 A41 A53 A61,,BASE-HGB,Histogram Gradient Boosting (baseline),False,,,0.9270611693205224,0.011896287486169927,15.01,ok,,0
628_fri_c3_1000_5,regression,1000,5,False,A11 A21 A31 A41 A53 A61,,LM1,Linear Regression,True,,15,0.2553156477210704,0.04944773041267847,0.05,ok,,0
628_fri_c3_1000_5,regression,1000,5,False,A11 A21 A31 A41 A53 A61,,LM3,Ridge Regression,True,,10,0.25538079677841435,0.04921733409256955,0.05,ok,,0
628_fri_c3_1000_5,regression,1000,5,False,A11 A21 A31 A41 A53 A61,,LM4,Lasso Regression,True,,18,-0.006934255110616805,0.007960211754311108,0.11,ok,,0
628_fri_c3_1000_5,regression,1000,5,False,A11 A21 A31 A41 A53 A61,,LM5,Elastic Net,True,,19,-0.006934255110616805,0.007960211754311108,0.07,ok,,0
628_fri_c3_1000_5,regression,1000,5,False,A11 A21 A31 A41 A53 A61,,LM6,Polynomial Regression,True,,14,0.3877840631047714,0.07237682296296911,0.06,ok,,0
628_fri_c3_1000_5,regression,1000,5,False,A11 A21 A31 A41 A53 A61,,LM7,Bayesian Linear Regression,True,,11,0.25520864566351265,0.048262241156057796,0.07,ok,,0
628_fri_c3_1000_5,regression,1000,5,False,A11 A21 A31 A41 A53 A61,,TR1,Decision Tree,True,,12,0.825577515181538,0.011456719894082503,0.16,ok,,0
628_fri_c3_1000_5,regression,1000,5,False,A11 A21 A31 A41 A53 A61,,TR2,Random Forest,True,,4,0.9208988750919185,0.007222301765524955,4.45,ok,,0
628_fri_c3_1000_5,regression,1000,5,False,A11 A21 A31 A41 A53 A61,,TR3,Extra Trees,True,,2,0.9451901789645915,0.0033634866133915794,3.02,ok,,0
628_fri_c3_1000_5,regression,1000,5,False,A11 A21 A31 A41 A53 A61,,EN1,AdaBoost,True,,7,0.7764674806246881,0.01533352575432064,0.8,ok,,0
628_fri_c3_1000_5,regression,1000,5,False,A11 A21 A31 A41 A53 A61,,EN2,Gradient Boosting (GBM),True,,1,0.9242931183194812,0.010345085998240347,1.16,ok,,0
628_fri_c3_1000_5,regression,1000,5,False,A11 A21 A31 A41 A53 A61,,EN6,Stacking,True,,6,0.9048745603161634,0.0171442262640329,0.47,ok,,0
628_fri_c3_1000_5,regression,1000,5,False,A11 A21 A31 A41 A53 A61,,EN7,Voting Ensemble,True,,8,0.8006062510348482,0.016315660489748085,0.12,ok,,0
628_fri_c3_1000_5,regression,1000,5,False,A11 A21 A31 A41 A53 A61,,SV1,SVM (linear),True,,17,0.23185676391391125,0.03873863762025839,0.06,ok,,0
628_fri_c3_1000_5,regression,1000,5,False,A11 A21 A31 A41 A53 A61,,SV2,Kernel SVM (RBF/Poly),True,,13,0.9092296577632414,0.014338277895664827,0.2,ok,,0
628_fri_c3_1000_5,regression,1000,5,False,A11 A21 A31 A41 A53 A61,,IB1,k-Nearest Neighbors,True,,16,0.8975720197922493,0.016828581582307045,0.06,ok,,0
628_fri_c3_1000_5,regression,1000,5,False,A11 A21 A31 A41 A53 A61,,NN2,MLP (Feedforward),True,,9,0.9410711192012305,0.011746721733584035,3.89,ok,,0
628_fri_c3_1000_5,regression,1000,5,False,A11 A21 A31 A41 A53 A61,,EN3,XGBoost,True,,5,0.9264386967103249,0.013281155041619629,2.19,ok,,0
628_fri_c3_1000_5,regression,1000,5,False,A11 A21 A31 A41 A53 A61,,EN4,LightGBM,True,,3,0.9396685996720798,0.008424458285760012,1.05,ok,,0
628_fri_c3_1000_5,regression,1000,5,False,A11 A21 A31 A41 A53 A61,,BASE-HGB,Histogram Gradient Boosting (baseline),False,,,0.9396170733374953,0.00956262039949402,4.28,ok,,0
612_fri_c1_1000_5,regression,1000,5,False,A11 A21 A31 A41 A53 A61,,LM1,Linear Regression,True,,15,0.24941929246252173,0.04618273196677999,0.06,ok,,0
612_fri_c1_1000_5,regression,1000,5,False,A11 A21 A31 A41 A53 A61,,LM3,Ridge Regression,True,,10,0.24950101681435757,0.04638352096242275,0.07,ok,,0
612_fri_c1_1000_5,regression,1000,5,False,A11 A21 A31 A41 A53 A61,,LM4,Lasso Regression,True,,18,-0.0029108638593215996,0.0034989880521811385,0.07,ok,,0
612_fri_c1_1000_5,regression,1000,5,False,A11 A21 A31 A41 A53 A61,,LM5,Elastic Net,True,,19,-0.0029108638593215996,0.0034989880521811385,0.1,ok,,0
612_fri_c1_1000_5,regression,1000,5,False,A11 A21 A31 A41 A53 A61,,LM6,Polynomial Regression,True,,14,0.31484776289161387,0.017676348351732013,0.08,ok,,0
612_fri_c1_1000_5,regression,1000,5,False,A11 A21 A31 A41 A53 A61,,LM7,Bayesian Linear Regression,True,,11,0.2497238586250329,0.04690809835258899,0.07,ok,,0
612_fri_c1_1000_5,regression,1000,5,False,A11 A21 A31 A41 A53 A61,,TR1,Decision Tree,True,,12,0.8053248836005551,0.01367021863032823,0.08,ok,,0
612_fri_c1_1000_5,regression,1000,5,False,A11 A21 A31 A41 A53 A61,,TR2,Random Forest,True,,4,0.9236865015875109,0.012195996869324193,3.84,ok,,0
612_fri_c1_1000_5,regression,1000,5,False,A11 A21 A31 A41 A53 A61,,TR3,Extra Trees,True,,2,0.94890304261877,0.008297306649396092,2.89,ok,,0
612_fri_c1_1000_5,regression,1000,5,False,A11 A21 A31 A41 A53 A61,,EN1,AdaBoost,True,,7,0.7954498773952916,0.03065160746705804,0.63,ok,,0
612_fri_c1_1000_5,regression,1000,5,False,A11 A21 A31 A41 A53 A61,,EN2,Gradient Boosting (GBM),True,,1,0.9364455593899713,0.003973733935050053,0.91,ok,,0
612_fri_c1_1000_5,regression,1000,5,False,A11 A21 A31 A41 A53 A61,,EN6,Stacking,True,,6,0.8892062286276655,0.020623196538336445,0.5,ok,,0
612_fri_c1_1000_5,regression,1000,5,False,A11 A21 A31 A41 A53 A61,,EN7,Voting Ensemble,True,,8,0.7882123867637406,0.022091545665611608,0.16,ok,,0
612_fri_c1_1000_5,regression,1000,5,False,A11 A21 A31 A41 A53 A61,,SV1,SVM (linear),True,,17,0.22311958036602436,0.028195446572526487,0.06,ok,,0
612_fri_c1_1000_5,regression,1000,5,False,A11 A21 A31 A41 A53 A61,,SV2,Kernel SVM (RBF/Poly),True,,13,0.8922085971992104,0.022456095436679202,0.2,ok,,0
612_fri_c1_1000_5,regression,1000,5,False,A11 A21 A31 A41 A53 A61,,IB1,k-Nearest Neighbors,True,,16,0.8603508406505032,0.02372727411216456,0.06,ok,,0
612_fri_c1_1000_5,regression,1000,5,False,A11 A21 A31 A41 A53 A61,,NN2,MLP (Feedforward),True,,9,0.945864331380989,0.014912608886450247,3.49,ok,,0
612_fri_c1_1000_5,regression,1000,5,False,A11 A21 A31 A41 A53 A61,,EN3,XGBoost,True,,5,0.9357294529761855,0.009337741088119002,2.06,ok,,0
612_fri_c1_1000_5,regression,1000,5,False,A11 A21 A31 A41 A53 A61,,EN4,LightGBM,True,,3,0.946392464220915,0.007276362320143731,0.72,ok,,0
612_fri_c1_1000_5,regression,1000,5,False,A11 A21 A31 A41 A53 A61,,BASE-HGB,Histogram Gradient Boosting (baseline),False,,,0.9455151911039573,0.006086541933743568,3.21,ok,,0
618_fri_c3_1000_50,regression,1000,50,False,A11 A21 A31 A41 A53 A61,,LM1,Linear Regression,True,,15,0.2809339771528866,0.026602115500965067,0.33,ok,,0
618_fri_c3_1000_50,regression,1000,50,False,A11 A21 A31 A41 A53 A61,,LM3,Ridge Regression,True,,10,0.28106901452917477,0.026103803931465667,0.13,ok,,0
618_fri_c3_1000_50,regression,1000,50,False,A11 A21 A31 A41 A53 A61,,LM4,Lasso Regression,True,,18,-0.004112757896627572,0.003912772706515462,0.09,ok,,0
618_fri_c3_1000_50,regression,1000,50,False,A11 A21 A31 A41 A53 A61,,LM5,Elastic Net,True,,19,-0.004112757896627572,0.003912772706515462,0.09,ok,,0
618_fri_c3_1000_50,regression,1000,50,False,A11 A21 A31 A41 A53 A61,,LM6,Polynomial Regression,True,,14,-0.7467692652369775,0.20371168406253753,0.85,ok,,0
618_fri_c3_1000_50,regression,1000,50,False,A11 A21 A31 A41 A53 A61,,LM7,Bayesian Linear Regression,True,,11,0.2616767312633438,0.01260509196833381,0.21,ok,,0
618_fri_c3_1000_50,regression,1000,50,False,A11 A21 A31 A41 A53 A61,,TR1,Decision Tree,True,,12,0.7411147133303597,0.036215209270856454,0.28,ok,,0
618_fri_c3_1000_50,regression,1000,50,False,A11 A21 A31 A41 A53 A61,,TR2,Random Forest,True,,4,0.8862931947695465,0.011137582656101194,19.9,ok,,0
618_fri_c3_1000_50,regression,1000,50,False,A11 A21 A31 A41 A53 A61,,TR3,Extra Trees,True,,2,0.9110542887764735,0.009712961918887085,10.91,ok,,0
618_fri_c3_1000_50,regression,1000,50,False,A11 A21 A31 A41 A53 A61,,EN1,AdaBoost,True,,7,0.7772786702172916,0.006345345339407784,2.42,ok,,0
618_fri_c3_1000_50,regression,1000,50,False,A11 A21 A31 A41 A53 A61,,EN2,Gradient Boosting (GBM),True,,1,0.9169970609143221,0.007756128388380593,7.27,ok,,0
618_fri_c3_1000_50,regression,1000,50,False,A11 A21 A31 A41 A53 A61,,EN6,Stacking,True,,6,0.7976150996670768,0.013624865590112074,1.25,ok,,0
618_fri_c3_1000_50,regression,1000,50,False,A11 A21 A31 A41 A53 A61,,EN7,Voting Ensemble,True,,8,0.6030785320306019,0.014927175301872297,0.35,ok,,0
618_fri_c3_1000_50,regression,1000,50,False,A11 A21 A31 A41 A53 A61,,SV1,SVM (linear),True,,17,0.22671662371564882,0.04396963477646852,0.5,ok,,0
618_fri_c3_1000_50,regression,1000,50,False,A11 A21 A31 A41 A53 A61,,SV2,Kernel SVM (RBF/Poly),True,,13,0.25477190847844666,0.01727478944898396,0.59,ok,,0
618_fri_c3_1000_50,regression,1000,50,False,A11 A21 A31 A41 A53 A61,,IB1,k-Nearest Neighbors,True,,16,0.17470244596041745,0.05241572559778093,0.57,ok,,0
618_fri_c3_1000_50,regression,1000,50,False,A11 A21 A31 A41 A53 A61,,NN2,MLP (Feedforward),True,,9,-0.08646828902323382,0.04078970587061274,3.33,ok,,0
618_fri_c3_1000_50,regression,1000,50,False,A11 A21 A31 A41 A53 A61,,EN3,XGBoost,True,,5,0.8970200371016566,0.01945520432203855,15.33,ok,,0
618_fri_c3_1000_50,regression,1000,50,False,A11 A21 A31 A41 A53 A61,,EN4,LightGBM,True,,3,0.9160742689824906,0.005273118698428001,7.09,ok,,0
618_fri_c3_1000_50,regression,1000,50,False,A11 A21 A31 A41 A53 A61,,BASE-HGB,Histogram Gradient Boosting (baseline),False,,,0.9159941513184601,0.006239597119539521,8.59,ok,,0
620_fri_c1_1000_25,regression,1000,25,False,A11 A21 A31 A41 A53 A61,,LM1,Linear Regression,True,,15,0.2415902442437922,0.055287169638277955,0.2,ok,,0
620_fri_c1_1000_25,regression,1000,25,False,A11 A21 A31 A41 A53 A61,,LM3,Ridge Regression,True,,10,0.24200403929005745,0.05519582204008049,0.07,ok,,0
620_fri_c1_1000_25,regression,1000,25,False,A11 A21 A31 A41 A53 A61,,LM4,Lasso Regression,True,,18,-0.010764144445443024,0.010570234792135709,0.08,ok,,0
620_fri_c1_1000_25,regression,1000,25,False,A11 A21 A31 A41 A53 A61,,LM5,Elastic Net,True,,19,-0.010764144445443024,0.010570234792135709,0.08,ok,,0
620_fri_c1_1000_25,regression,1000,25,False,A11 A21 A31 A41 A53 A61,,LM6,Polynomial Regression,True,,14,-0.22701136358812576,0.12353555950303506,0.49,ok,,0
620_fri_c1_1000_25,regression,1000,25,False,A11 A21 A31 A41 A53 A61,,LM7,Bayesian Linear Regression,True,,11,0.2459080502094114,0.04930582594009409,0.14,ok,,0
620_fri_c1_1000_25,regression,1000,25,False,A11 A21 A31 A41 A53 A61,,TR1,Decision Tree,True,,12,0.7005408825695764,0.054034043737621246,0.15,ok,,0
620_fri_c1_1000_25,regression,1000,25,False,A11 A21 A31 A41 A53 A61,,TR2,Random Forest,True,,4,0.870977275005079,0.008604752143553872,10.22,ok,,0
620_fri_c1_1000_25,regression,1000,25,False,A11 A21 A31 A41 A53 A61,,TR3,Extra Trees,True,,2,0.9119265838667131,0.010668690903058638,6.96,ok,,0
620_fri_c1_1000_25,regression,1000,25,False,A11 A21 A31 A41 A53 A61,,EN1,AdaBoost,True,,7,0.8015246109583313,0.009853724902271557,1.93,ok,,0
620_fri_c1_1000_25,regression,1000,25,False,A11 A21 A31 A41 A53 A61,,EN2,Gradient Boosting (GBM),True,,1,0.9204017167924612,0.007856042088785377,4.07,ok,,0
620_fri_c1_1000_25,regression,1000,25,False,A11 A21 A31 A41 A53 A61,,EN6,Stacking,True,,6,0.7519461527242596,0.028956638238261626,0.91,ok,,0
620_fri_c1_1000_25,regression,1000,25,False,A11 A21 A31 A41 A53 A61,,EN7,Voting Ensemble,True,,8,0.5684103400692606,0.021521383957806273,0.56,ok,,0
620_fri_c1_1000_25,regression,1000,25,False,A11 A21 A31 A41 A53 A61,,SV1,SVM (linear),True,,17,0.18334767898925153,0.06690927634471455,0.17,ok,,0
620_fri_c1_1000_25,regression,1000,25,False,A11 A21 A31 A41 A53 A61,,SV2,Kernel SVM (RBF/Poly),True,,13,0.21895623134446862,0.06848653690938171,0.38,ok,,0
620_fri_c1_1000_25,regression,1000,25,False,A11 A21 A31 A41 A53 A61,,IB1,k-Nearest Neighbors,True,,16,0.14894712786424694,0.05630174587729497,0.53,ok,,0
620_fri_c1_1000_25,regression,1000,25,False,A11 A21 A31 A41 A53 A61,,NN2,MLP (Feedforward),True,,9,-0.2129562882641928,0.11783250780627427,8.14,ok,,0
620_fri_c1_1000_25,regression,1000,25,False,A11 A21 A31 A41 A53 A61,,EN3,XGBoost,True,,5,0.90272367495811,0.013406617457516349,27.48,ok,,0
620_fri_c1_1000_25,regression,1000,25,False,A11 A21 A31 A41 A53 A61,,EN4,LightGBM,True,,3,0.9230534579116363,0.011806435949435713,33.94,ok,,0
620_fri_c1_1000_25,regression,1000,25,False,A11 A21 A31 A41 A53 A61,,BASE-HGB,Histogram Gradient Boosting (baseline),False,,,0.9236658413534654,0.01271014637455521,21.5,ok,,0
622_fri_c2_1000_50,regression,1000,50,False,A11 A21 A31 A41 A53 A61,,LM1,Linear Regression,True,,15,0.2348913016776384,0.04002122136889994,0.4,ok,,0
622_fri_c2_1000_50,regression,1000,50,False,A11 A21 A31 A41 A53 A61,,LM3,Ridge Regression,True,,10,0.23501927243694992,0.039831880139997854,0.1,ok,,0
622_fri_c2_1000_50,regression,1000,50,False,A11 A21 A31 A41 A53 A61,,LM4,Lasso Regression,True,,18,-0.006543115031699109,0.004220005904904185,0.1,ok,,0
622_fri_c2_1000_50,regression,1000,50,False,A11 A21 A31 A41 A53 A61,,LM5,Elastic Net,True,,19,-0.006543115031699109,0.004220005904904185,0.1,ok,,0
622_fri_c2_1000_50,regression,1000,50,False,A11 A21 A31 A41 A53 A61,,LM6,Polynomial Regression,True,,14,-1.207233165300028,0.16991805576826272,1.12,ok,,0
622_fri_c2_1000_50,regression,1000,50,False,A11 A21 A31 A41 A53 A61,,LM7,Bayesian Linear Regression,True,,11,0.23655681067784537,0.026847335837645408,0.17,ok,,0
622_fri_c2_1000_50,regression,1000,50,False,A11 A21 A31 A41 A53 A61,,TR1,Decision Tree,True,,12,0.7066874243980524,0.042694809433585786,0.26,ok,,0
622_fri_c2_1000_50,regression,1000,50,False,A11 A21 A31 A41 A53 A61,,TR2,Random Forest,True,,4,0.8714149445979933,0.009667346448087939,19.19,ok,,0
622_fri_c2_1000_50,regression,1000,50,False,A11 A21 A31 A41 A53 A61,,TR3,Extra Trees,True,,2,0.8998579019699582,0.002522025687283531,10.57,ok,,0
622_fri_c2_1000_50,regression,1000,50,False,A11 A21 A31 A41 A53 A61,,EN1,AdaBoost,True,,7,0.7963842303080668,0.01733317398595135,2.48,ok,,0
622_fri_c2_1000_50,regression,1000,50,False,A11 A21 A31 A41 A53 A61,,EN2,Gradient Boosting (GBM),True,,1,0.9206968539177414,0.007616204352431477,6.57,ok,,0
622_fri_c2_1000_50,regression,1000,50,False,A11 A21 A31 A41 A53 A61,,EN6,Stacking,True,,6,0.7770817705315538,0.025944381997396418,1.15,ok,,0
622_fri_c2_1000_50,regression,1000,50,False,A11 A21 A31 A41 A53 A61,,EN7,Voting Ensemble,True,,8,0.5789889093581227,0.026000148951545524,0.49,ok,,0
622_fri_c2_1000_50,regression,1000,50,False,A11 A21 A31 A41 A53 A61,,SV1,SVM (linear),True,,17,0.1477543915141167,0.05012631159191049,0.46,ok,,0
622_fri_c2_1000_50,regression,1000,50,False,A11 A21 A31 A41 A53 A61,,SV2,Kernel SVM (RBF/Poly),True,,13,0.216481770970208,0.017166194484621113,0.49,ok,,0
622_fri_c2_1000_50,regression,1000,50,False,A11 A21 A31 A41 A53 A61,,IB1,k-Nearest Neighbors,True,,16,0.12125418065220642,0.0474593473790468,0.2,ok,,0
622_fri_c2_1000_50,regression,1000,50,False,A11 A21 A31 A41 A53 A61,,NN2,MLP (Feedforward),True,,9,-0.19830756615777584,0.09970313466765691,3.82,ok,,0
622_fri_c2_1000_50,regression,1000,50,False,A11 A21 A31 A41 A53 A61,,EN3,XGBoost,True,,5,0.8994851095572878,0.009814609725093976,15.72,ok,,0
622_fri_c2_1000_50,regression,1000,50,False,A11 A21 A31 A41 A53 A61,,EN4,LightGBM,True,,3,0.9130909676616563,0.007273205772591226,6.97,ok,,0
622_fri_c2_1000_50,regression,1000,50,False,A11 A21 A31 A41 A53 A61,,BASE-HGB,Histogram Gradient Boosting (baseline),False,,,0.9145276070988695,0.010961546117631298,10.37,ok,,0
1030_ERA,regression,1000,4,False,A11 A21 A31 A41 A53 A61,,LM1,Linear Regression,True,,15,0.35269668151088573,0.09738476503327251,0.07,ok,,0
1030_ERA,regression,1000,4,False,A11 A21 A31 A41 A53 A61,,LM3,Ridge Regression,True,,10,0.3527127397875504,0.0972333164052933,0.08,ok,,0
1030_ERA,regression,1000,4,False,A11 A21 A31 A41 A53 A61,,LM4,Lasso Regression,True,,18,-0.014765170685187724,0.017566768626740694,0.06,ok,,0
1030_ERA,regression,1000,4,False,A11 A21 A31 A41 A53 A61,,LM5,Elastic Net,True,,19,0.1242815277385921,0.017928593747006498,0.1,ok,,0
1030_ERA,regression,1000,4,False,A11 A21 A31 A41 A53 A61,,LM6,Polynomial Regression,True,,14,0.35459611458388846,0.09402738376622935,0.08,ok,,0
1030_ERA,regression,1000,4,False,A11 A21 A31 A41 A53 A61,,LM7,Bayesian Linear Regression,True,,11,0.35268369967319513,0.09633250295441684,0.06,ok,,0
1030_ERA,regression,1000,4,False,A11 A21 A31 A41 A53 A61,,TR1,Decision Tree,True,,12,0.3341340136578905,0.09836844044136965,0.05,ok,,0
1030_ERA,regression,1000,4,False,A11 A21 A31 A41 A53 A61,,TR2,Random Forest,True,,4,0.3329668806898997,0.09937401088613976,1.88,ok,,0
1030_ERA,regression,1000,4,False,A11 A21 A31 A41 A53 A61,,TR3,Extra Trees,True,,2,0.3341340136578904,0.09836844044136989,1.41,ok,,0
1030_ERA,regression,1000,4,False,A11 A21 A31 A41 A53 A61,,EN1,AdaBoost,True,,7,0.3163688539014268,0.08773902534251468,0.18,ok,,0
1030_ERA,regression,1000,4,False,A11 A21 A31 A41 A53 A61,,EN2,Gradient Boosting (GBM),True,,1,0.33852242507043845,0.09885937571781807,0.43,ok,,0
1030_ERA,regression,1000,4,False,A11 A21 A31 A41 A53 A61,,EN6,Stacking,True,,6,0.3559014888831534,0.09811834938293613,0.42,ok,,0
1030_ERA,regression,1000,4,False,A11 A21 A31 A41 A53 A61,,EN7,Voting Ensemble,True,,8,0.34658238029786903,0.10129993333516656,0.14,ok,,0
1030_ERA,regression,1000,4,False,A11 A21 A31 A41 A53 A61,,SV1,SVM (linear),True,,17,0.3264846249214579,0.11932987729142526,0.06,ok,,0
1030_ERA,regression,1000,4,False,A11 A21 A31 A41 A53 A61,,SV2,Kernel SVM (RBF/Poly),True,,13,0.3186369176321476,0.11834110887138423,0.2,ok,,0
1030_ERA,regression,1000,4,False,A11 A21 A31 A41 A53 A61,,IB1,k-Nearest Neighbors,True,,16,0.26437886071482364,0.11303417155201217,0.06,ok,,0
1030_ERA,regression,1000,4,False,A11 A21 A31 A41 A53 A61,,NN2,MLP (Feedforward),True,,9,0.3449771322644356,0.09994848281091233,7.3,ok,,0
1030_ERA,regression,1000,4,False,A11 A21 A31 A41 A53 A61,,EN3,XGBoost,True,,5,0.33414984865301517,0.09836806087396306,0.73,ok,,0
1030_ERA,regression,1000,4,False,A11 A21 A31 A41 A53 A61,,EN4,LightGBM,True,,3,0.33467203849839633,0.09829307458667695,1.07,ok,,0
1030_ERA,regression,1000,4,False,A11 A21 A31 A41 A53 A61,,BASE-HGB,Histogram Gradient Boosting (baseline),False,,,0.33467203849839633,0.09829307458667695,4.05,ok,,0
588_fri_c4_1000_100,regression,1000,100,False,A11 A21 A31 A41 A53 A61,,LM1,Linear Regression,True,,15,0.21966817905970765,0.07902857194168328,0.24,ok,,0
588_fri_c4_1000_100,regression,1000,100,False,A11 A21 A31 A41 A53 A61,,LM3,Ridge Regression,True,,10,0.21991696288455892,0.07835034624110396,0.15,ok,,0
588_fri_c4_1000_100,regression,1000,100,False,A11 A21 A31 A41 A53 A61,,LM4,Lasso Regression,True,,18,-0.007740250999026888,0.003951045382024838,0.17,ok,,0
588_fri_c4_1000_100,regression,1000,100,False,A11 A21 A31 A41 A53 A61,,LM5,Elastic Net,True,,19,-0.007740250999026888,0.003951045382024838,0.14,ok,,0
588_fri_c4_1000_100,regression,1000,100,False,A11 A21 A31 A41 A53 A61,,LM6,Polynomial Regression,True,,14,0.038243951031232834,0.05410265916209681,2.77,ok,,0
588_fri_c4_1000_100,regression,1000,100,False,A11 A21 A31 A41 A53 A61,,LM7,Bayesian Linear Regression,True,,11,0.198036770541569,0.04743187051007892,1.26,ok,,0
588_fri_c4_1000_100,regression,1000,100,False,A11 A21 A31 A41 A53 A61,,TR1,Decision Tree,True,,12,0.7436637955468138,0.023687681427135343,0.68,ok,,0
588_fri_c4_1000_100,regression,1000,100,False,A11 A21 A31 A41 A53 A61,,TR2,Random Forest,True,,4,0.8751281742856565,0.019744210209652134,34.85,ok,,0
588_fri_c4_1000_100,regression,1000,100,False,A11 A21 A31 A41 A53 A61,,TR3,Extra Trees,True,,2,0.9034460645714202,0.0072760135829688915,17.07,ok,,0
588_fri_c4_1000_100,regression,1000,100,False,A11 A21 A31 A41 A53 A61,,EN1,AdaBoost,True,,7,0.7819014719552838,0.008133243595627473,4.13,ok,,0
588_fri_c4_1000_100,regression,1000,100,False,A11 A21 A31 A41 A53 A61,,EN2,Gradient Boosting (GBM),True,,1,0.9209960181230319,0.009855482700218802,12.98,ok,,0
588_fri_c4_1000_100,regression,1000,100,False,A11 A21 A31 A41 A53 A61,,EN6,Stacking,True,,6,0.7708245236704687,0.03880905473799472,1.65,ok,,0
588_fri_c4_1000_100,regression,1000,100,False,A11 A21 A31 A41 A53 A61,,EN7,Voting Ensemble,True,,8,0.5582276435007105,0.015570616558267743,0.47,ok,,0
588_fri_c4_1000_100,regression,1000,100,False,A11 A21 A31 A41 A53 A61,,SV1,SVM (linear),True,,17,0.1285016734613984,0.08811028625825874,1.43,ok,,0
588_fri_c4_1000_100,regression,1000,100,False,A11 A21 A31 A41 A53 A61,,SV2,Kernel SVM (RBF/Poly),True,,13,0.1781031982839278,0.03634438244780764,0.64,ok,,0
588_fri_c4_1000_100,regression,1000,100,False,A11 A21 A31 A41 A53 A61,,IB1,k-Nearest Neighbors,True,,16,0.024079953967705035,0.03675358704675066,0.49,ok,,0
588_fri_c4_1000_100,regression,1000,100,False,A11 A21 A31 A41 A53 A61,,NN2,MLP (Feedforward),True,,9,-0.08455066932480022,0.10005182463908717,31.15,ok,,0
588_fri_c4_1000_100,regression,1000,100,False,A11 A21 A31 A41 A53 A61,,EN3,XGBoost,True,,5,0.9061221550502718,0.0096521408236081,37.27,ok,,0
588_fri_c4_1000_100,regression,1000,100,False,A11 A21 A31 A41 A53 A61,,EN4,LightGBM,True,,3,0.9168497353258449,0.007993537276587864,11.76,ok,,0
588_fri_c4_1000_100,regression,1000,100,False,A11 A21 A31 A41 A53 A61,,BASE-HGB,Histogram Gradient Boosting (baseline),False,,,0.9125967507922068,0.00980854427688736,46.79,ok,,0
586_fri_c3_1000_25,regression,1000,25,False,A11 A21 A31 A41 A53 A61,,LM1,Linear Regression,True,,15,0.277537617918428,0.04755953900621148,0.49,ok,,0
586_fri_c3_1000_25,regression,1000,25,False,A11 A21 A31 A41 A53 A61,,LM3,Ridge Regression,True,,10,0.2777836175158049,0.046754984061689514,0.16,ok,,0
586_fri_c3_1000_25,regression,1000,25,False,A11 A21 A31 A41 A53 A61,,LM4,Lasso Regression,True,,18,-0.0051482362254687605,0.002514075020093228,0.08,ok,,0
586_fri_c3_1000_25,regression,1000,25,False,A11 A21 A31 A41 A53 A61,,LM5,Elastic Net,True,,19,-0.0051482362254687605,0.002514075020093228,0.07,ok,,0
586_fri_c3_1000_25,regression,1000,25,False,A11 A21 A31 A41 A53 A61,,LM6,Polynomial Regression,True,,14,0.13484224612261292,0.0603914877525488,0.56,ok,,0
586_fri_c3_1000_25,regression,1000,25,False,A11 A21 A31 A41 A53 A61,,LM7,Bayesian Linear Regression,True,,11,0.2740350853946246,0.033521805347884764,0.73,ok,,0
586_fri_c3_1000_25,regression,1000,25,False,A11 A21 A31 A41 A53 A61,,TR1,Decision Tree,True,,12,0.7296796524895365,0.04134326133820724,0.31,ok,,0
586_fri_c3_1000_25,regression,1000,25,False,A11 A21 A31 A41 A53 A61,,TR2,Random Forest,True,,4,0.8932253740444001,0.010899557989867428,11.84,ok,,0
586_fri_c3_1000_25,regression,1000,25,False,A11 A21 A31 A41 A53 A61,,TR3,Extra Trees,True,,2,0.9251310470410873,0.008557436588913793,7.16,ok,,0
586_fri_c3_1000_25,regression,1000,25,False,A11 A21 A31 A41 A53 A61,,EN1,AdaBoost,True,,7,0.7833143523480881,0.01815004544488663,1.74,ok,,0
586_fri_c3_1000_25,regression,1000,25,False,A11 A21 A31 A41 A53 A61,,EN2,Gradient Boosting (GBM),True,,1,0.9234603671870595,0.013650506605952576,3.68,ok,,0
586_fri_c3_1000_25,regression,1000,25,False,A11 A21 A31 A41 A53 A61,,EN6,Stacking,True,,6,0.7718015954472186,0.0284191891014295,0.56,ok,,0
586_fri_c3_1000_25,regression,1000,25,False,A11 A21 A31 A41 A53 A61,,EN7,Voting Ensemble,True,,8,0.6073492448450878,0.013967369085415461,0.21,ok,,0
586_fri_c3_1000_25,regression,1000,25,False,A11 A21 A31 A41 A53 A61,,SV1,SVM (linear),True,,17,0.22034504451027845,0.04180452021476314,0.17,ok,,0
586_fri_c3_1000_25,regression,1000,25,False,A11 A21 A31 A41 A53 A61,,SV2,Kernel SVM (RBF/Poly),True,,13,0.3640514104326031,0.04080347554082345,0.33,ok,,0
586_fri_c3_1000_25,regression,1000,25,False,A11 A21 A31 A41 A53 A61,,IB1,k-Nearest Neighbors,True,,16,0.2548094100192389,0.016204352731724266,0.09,ok,,0
586_fri_c3_1000_25,regression,1000,25,False,A11 A21 A31 A41 A53 A61,,NN2,MLP (Feedforward),True,,9,0.24052651088275914,0.1467147990716846,6.94,ok,,0
586_fri_c3_1000_25,regression,1000,25,False,A11 A21 A31 A41 A53 A61,,EN3,XGBoost,True,,5,0.9033452492258611,0.012511709630467932,10.79,ok,,0
586_fri_c3_1000_25,regression,1000,25,False,A11 A21 A31 A41 A53 A61,,EN4,LightGBM,True,,3,0.9263390349196168,0.010140526685812458,3.96,ok,,0
586_fri_c3_1000_25,regression,1000,25,False,A11 A21 A31 A41 A53 A61,,BASE-HGB,Histogram Gradient Boosting (baseline),False,,,0.9253395843400932,0.010548189341284332,6.91,ok,,0
583_fri_c1_1000_50,regression,1000,50,False,A11 A21 A31 A41 A53 A61,,LM1,Linear Regression,True,,15,0.26000263277299884,0.05748440087015367,0.29,ok,,0
583_fri_c1_1000_50,regression,1000,50,False,A11 A21 A31 A41 A53 A61,,LM3,Ridge Regression,True,,10,0.26038533031799194,0.05763831747048544,0.1,ok,,0
583_fri_c1_1000_50,regression,1000,50,False,A11 A21 A31 A41 A53 A61,,LM4,Lasso Regression,True,,18,-0.004142135213998266,0.004302887578785089,0.1,ok,,0
583_fri_c1_1000_50,regression,1000,50,False,A11 A21 A31 A41 A53 A61,,LM5,Elastic Net,True,,19,-0.004142135213998266,0.004302887578785089,0.1,ok,,0
583_fri_c1_1000_50,regression,1000,50,False,A11 A21 A31 A41 A53 A61,,LM6,Polynomial Regression,True,,14,-0.774945427432612,0.18072787535686347,0.96,ok,,0
583_fri_c1_1000_50,regression,1000,50,False,A11 A21 A31 A41 A53 A61,,LM7,Bayesian Linear Regression,True,,11,0.2678770833032983,0.04687607981136132,0.34,ok,,0
583_fri_c1_1000_50,regression,1000,50,False,A11 A21 A31 A41 A53 A61,,TR1,Decision Tree,True,,12,0.7011387018945573,0.02696712428267525,0.36,ok,,0
583_fri_c1_1000_50,regression,1000,50,False,A11 A21 A31 A41 A53 A61,,TR2,Random Forest,True,,4,0.8623770016114982,0.01355078996338729,16.34,ok,,0
583_fri_c1_1000_50,regression,1000,50,False,A11 A21 A31 A41 A53 A61,,TR3,Extra Trees,True,,2,0.8954531434198888,0.007697068314125747,9.16,ok,,0
583_fri_c1_1000_50,regression,1000,50,False,A11 A21 A31 A41 A53 A61,,EN1,AdaBoost,True,,7,0.7527989842764725,0.024378207961289474,2.18,ok,,0
583_fri_c1_1000_50,regression,1000,50,False,A11 A21 A31 A41 A53 A61,,EN2,Gradient Boosting (GBM),True,,1,0.9231303994103739,0.009276097289158108,5.58,ok,,0
583_fri_c1_1000_50,regression,1000,50,False,A11 A21 A31 A41 A53 A61,,EN6,Stacking,True,,6,0.7541509096553587,0.02816212967349588,1.01,ok,,0
583_fri_c1_1000_50,regression,1000,50,False,A11 A21 A31 A41 A53 A61,,EN7,Voting Ensemble,True,,8,0.5698696474582668,0.02201737920177508,0.28,ok,,0
583_fri_c1_1000_50,regression,1000,50,False,A11 A21 A31 A41 A53 A61,,SV1,SVM (linear),True,,17,0.19498940843528081,0.06098373160222501,0.36,ok,,0
583_fri_c1_1000_50,regression,1000,50,False,A11 A21 A31 A41 A53 A61,,SV2,Kernel SVM (RBF/Poly),True,,13,0.26550756937235404,0.03384923766133156,0.38,ok,,0
583_fri_c1_1000_50,regression,1000,50,False,A11 A21 A31 A41 A53 A61,,IB1,k-Nearest Neighbors,True,,16,0.11135798863875868,0.03908216143974698,0.09,ok,,0
583_fri_c1_1000_50,regression,1000,50,False,A11 A21 A31 A41 A53 A61,,NN2,MLP (Feedforward),True,,9,-0.19498122455204725,0.08028139499771866,3.04,ok,,0
583_fri_c1_1000_50,regression,1000,50,False,A11 A21 A31 A41 A53 A61,,EN3,XGBoost,True,,5,0.8995079969269995,0.015565356152458873,20.89,ok,,0
583_fri_c1_1000_50,regression,1000,50,False,A11 A21 A31 A41 A53 A61,,EN4,LightGBM,True,,3,0.9204191497598087,0.009776522757721295,6.15,ok,,0
583_fri_c1_1000_50,regression,1000,50,False,A11 A21 A31 A41 A53 A61,,BASE-HGB,Histogram Gradient Boosting (baseline),False,,,0.9174268641961787,0.011528136249985152,8.38,ok,,0
606_fri_c2_1000_10,regression,1000,10,False,A11 A21 A31 A41 A53 A61,,LM1,Linear Regression,True,,15,0.30524262325499824,0.03306697715070843,0.06,ok,,0
606_fri_c2_1000_10,regression,1000,10,False,A11 A21 A31 A41 A53 A61,,LM3,Ridge Regression,True,,10,0.30526928709279977,0.0329557456506966,0.07,ok,,0
606_fri_c2_1000_10,regression,1000,10,False,A11 A21 A31 A41 A53 A61,,LM4,Lasso Regression,True,,18,-0.009270397215370974,0.010515939494557818,0.07,ok,,0
606_fri_c2_1000_10,regression,1000,10,False,A11 A21 A31 A41 A53 A61,,LM5,Elastic Net,True,,19,-0.009270397215370974,0.010515939494557818,0.08,ok,,0
606_fri_c2_1000_10,regression,1000,10,False,A11 A21 A31 A41 A53 A61,,LM6,Polynomial Regression,True,,14,0.2917439127225482,0.0585967416207418,0.23,ok,,0
606_fri_c2_1000_10,regression,1000,10,False,A11 A21 A31 A41 A53 A61,,LM7,Bayesian Linear Regression,True,,11,0.30504005935373024,0.031194834532692946,0.11,ok,,0
606_fri_c2_1000_10,regression,1000,10,False,A11 A21 A31 A41 A53 A61,,TR1,Decision Tree,True,,12,0.7858290114674829,0.02751284490954315,0.1,ok,,0
606_fri_c2_1000_10,regression,1000,10,False,A11 A21 A31 A41 A53 A61,,TR2,Random Forest,True,,4,0.8991865877297567,0.012132167100029614,6.08,ok,,0
606_fri_c2_1000_10,regression,1000,10,False,A11 A21 A31 A41 A53 A61,,TR3,Extra Trees,True,,2,0.9301156349546524,0.004482076846447951,4.11,ok,,0
606_fri_c2_1000_10,regression,1000,10,False,A11 A21 A31 A41 A53 A61,,EN1,AdaBoost,True,,7,0.8062725474741346,0.012162334889373466,0.99,ok,,0
606_fri_c2_1000_10,regression,1000,10,False,A11 A21 A31 A41 A53 A61,,EN2,Gradient Boosting (GBM),True,,1,0.9264628688309859,0.0068982663897244915,1.72,ok,,0
606_fri_c2_1000_10,regression,1000,10,False,A11 A21 A31 A41 A53 A61,,EN6,Stacking,True,,6,0.8203555657563324,0.023253202177201237,0.73,ok,,0
606_fri_c2_1000_10,regression,1000,10,False,A11 A21 A31 A41 A53 A61,,EN7,Voting Ensemble,True,,8,0.709972868661887,0.014499283005131059,0.2,ok,,0
606_fri_c2_1000_10,regression,1000,10,False,A11 A21 A31 A41 A53 A61,,SV1,SVM (linear),True,,17,0.2713474533486293,0.05188553446752024,0.11,ok,,0
606_fri_c2_1000_10,regression,1000,10,False,A11 A21 A31 A41 A53 A61,,SV2,Kernel SVM (RBF/Poly),True,,13,0.6393057668869095,0.04314902973556193,0.3,ok,,0
606_fri_c2_1000_10,regression,1000,10,False,A11 A21 A31 A41 A53 A61,,IB1,k-Nearest Neighbors,True,,16,0.5803575174487611,0.044460485752653565,0.08,ok,,0
606_fri_c2_1000_10,regression,1000,10,False,A11 A21 A31 A41 A53 A61,,NN2,MLP (Feedforward),True,,9,0.9128589684903284,0.01420080486192514,7.12,ok,,0
606_fri_c2_1000_10,regression,1000,10,False,A11 A21 A31 A41 A53 A61,,EN3,XGBoost,True,,5,0.9208037534278182,0.0097995257083692,5.82,ok,,0
606_fri_c2_1000_10,regression,1000,10,False,A11 A21 A31 A41 A53 A61,,EN4,LightGBM,True,,3,0.9345690557531972,0.006764135785979546,3.86,ok,,0
606_fri_c2_1000_10,regression,1000,10,False,A11 A21 A31 A41 A53 A61,,BASE-HGB,Histogram Gradient Boosting (baseline),False,,,0.9358724801503238,0.009184510309042,9.58,ok,,0
607_fri_c4_1000_50,regression,1000,50,False,A11 A21 A31 A41 A53 A61,,LM1,Linear Regression,True,,15,0.21301494100788326,0.04402691311821438,1.76,ok,,0
607_fri_c4_1000_50,regression,1000,50,False,A11 A21 A31 A41 A53 A61,,LM3,Ridge Regression,True,,10,0.21308196766140117,0.043922460496477835,0.13,ok,,0
607_fri_c4_1000_50,regression,1000,50,False,A11 A21 A31 A41 A53 A61,,LM4,Lasso Regression,True,,18,-0.002677841600250019,0.0031518180296425833,0.11,ok,,0
607_fri_c4_1000_50,regression,1000,50,False,A11 A21 A31 A41 A53 A61,,LM5,Elastic Net,True,,19,-0.002677841600250019,0.0031518180296425833,0.13,ok,,0
607_fri_c4_1000_50,regression,1000,50,False,A11 A21 A31 A41 A53 A61,,LM6,Polynomial Regression,True,,14,-1.3627503431888148,0.17390911690618713,2.94,ok,,0
607_fri_c4_1000_50,regression,1000,50,False,A11 A21 A31 A41 A53 A61,,LM7,Bayesian Linear Regression,True,,11,0.20041333998174377,0.0333549855873535,0.39,ok,,0
607_fri_c4_1000_50,regression,1000,50,False,A11 A21 A31 A41 A53 A61,,TR1,Decision Tree,True,,12,0.7197676382729303,0.05574169945175341,0.42,ok,,0
607_fri_c4_1000_50,regression,1000,50,False,A11 A21 A31 A41 A53 A61,,TR2,Random Forest,True,,4,0.8791253948694063,0.020174876425390478,19.75,ok,,0
607_fri_c4_1000_50,regression,1000,50,False,A11 A21 A31 A41 A53 A61,,TR3,Extra Trees,True,,2,0.9123909982617489,0.016262957081999267,11.34,ok,,0
607_fri_c4_1000_50,regression,1000,50,False,A11 A21 A31 A41 A53 A61,,EN1,AdaBoost,True,,7,0.7669779622645109,0.03660185281050384,2.92,ok,,0
607_fri_c4_1000_50,regression,1000,50,False,A11 A21 A31 A41 A53 A61,,EN2,Gradient Boosting (GBM),True,,1,0.9124468170598454,0.01584058460555873,7.16,ok,,0
607_fri_c4_1000_50,regression,1000,50,False,A11 A21 A31 A41 A53 A61,,EN6,Stacking,True,,6,0.7559542571582598,0.041883989913534925,1.03,ok,,0
607_fri_c4_1000_50,regression,1000,50,False,A11 A21 A31 A41 A53 A61,,EN7,Voting Ensemble,True,,8,0.5550425624012869,0.030518501953718483,0.52,ok,,0
607_fri_c4_1000_50,regression,1000,50,False,A11 A21 A31 A41 A53 A61,,SV1,SVM (linear),True,,17,0.15841184998050395,0.031900606499940976,0.54,ok,,0
607_fri_c4_1000_50,regression,1000,50,False,A11 A21 A31 A41 A53 A61,,SV2,Kernel SVM (RBF/Poly),True,,13,0.18691505833220415,0.026541589003915695,0.49,ok,,0
607_fri_c4_1000_50,regression,1000,50,False,A11 A21 A31 A41 A53 A61,,IB1,k-Nearest Neighbors,True,,16,0.12505408693085035,0.05500848872722755,0.15,ok,,0
607_fri_c4_1000_50,regression,1000,50,False,A11 A21 A31 A41 A53 A61,,NN2,MLP (Feedforward),True,,9,-0.23821005739298626,0.14779733885901683,4.13,ok,,0
607_fri_c4_1000_50,regression,1000,50,False,A11 A21 A31 A41 A53 A61,,EN3,XGBoost,True,,5,0.9061293415357694,0.01577113702027066,12.88,ok,,0
607_fri_c4_1000_50,regression,1000,50,False,A11 A21 A31 A41 A53 A61,,EN4,LightGBM,True,,3,0.9159950269447489,0.01379889687070278,7.98,ok,,0
607_fri_c4_1000_50,regression,1000,50,False,A11 A21 A31 A41 A53 A61,,BASE-HGB,Histogram Gradient Boosting (baseline),False,,,0.9163332199357814,0.015380354996314662,10.25,ok,,0
609_fri_c0_1000_5,regression,1000,5,False,A11 A21 A31 A41 A53 A61,,LM1,Linear Regression,True,,15,0.7233235018716575,0.03333274923900918,0.06,ok,,0
609_fri_c0_1000_5,regression,1000,5,False,A11 A21 A31 A41 A53 A61,,LM3,Ridge Regression,True,,10,0.7233321252471309,0.03328377719930087,0.06,ok,,0
609_fri_c0_1000_5,regression,1000,5,False,A11 A21 A31 A41 A53 A61,,LM4,Lasso Regression,True,,18,-0.0032819631080795554,0.003463285523281458,0.07,ok,,0
609_fri_c0_1000_5,regression,1000,5,False,A11 A21 A31 A41 A53 A61,,LM5,Elastic Net,True,,19,0.05525485082732913,0.005669961071003195,0.06,ok,,0
609_fri_c0_1000_5,regression,1000,5,False,A11 A21 A31 A41 A53 A61,,LM6,Polynomial Regression,True,,14,0.8859088729380762,0.01712187353715591,0.13,ok,,0
609_fri_c0_1000_5,regression,1000,5,False,A11 A21 A31 A41 A53 A61,,LM7,Bayesian Linear Regression,True,,11,0.7233341203841522,0.033243655956728485,0.06,ok,,0
609_fri_c0_1000_5,regression,1000,5,False,A11 A21 A31 A41 A53 A61,,TR1,Decision Tree,True,,12,0.6829905492911459,0.028547961774518446,0.1,ok,,0
609_fri_c0_1000_5,regression,1000,5,False,A11 A21 A31 A41 A53 A61,,TR2,Random Forest,True,,4,0.8677113815417077,0.011589892291598803,4.31,ok,,0
609_fri_c0_1000_5,regression,1000,5,False,A11 A21 A31 A41 A53 A61,,TR3,Extra Trees,True,,2,0.8803861414429941,0.013609862105503578,2.64,ok,,0
609_fri_c0_1000_5,regression,1000,5,False,A11 A21 A31 A41 A53 A61,,EN1,AdaBoost,True,,7,0.7916897414973282,0.022998669970492557,0.63,ok,,0
609_fri_c0_1000_5,regression,1000,5,False,A11 A21 A31 A41 A53 A61,,EN2,Gradient Boosting (GBM),True,,1,0.9077209263979702,0.009174384603055362,0.97,ok,,0
609_fri_c0_1000_5,regression,1000,5,False,A11 A21 A31 A41 A53 A61,,EN6,Stacking,True,,6,0.8793193457046871,0.01556255920297233,0.49,ok,,0
609_fri_c0_1000_5,regression,1000,5,False,A11 A21 A31 A41 A53 A61,,EN7,Voting Ensemble,True,,8,0.831074468951441,0.019533160673353145,0.14,ok,,0
609_fri_c0_1000_5,regression,1000,5,False,A11 A21 A31 A41 A53 A61,,SV1,SVM (linear),True,,17,0.7182487142359004,0.03592774541369047,0.08,ok,,0
609_fri_c0_1000_5,regression,1000,5,False,A11 A21 A31 A41 A53 A61,,SV2,Kernel SVM (RBF/Poly),True,,13,0.944679256876541,0.00880472039565202,0.25,ok,,0
609_fri_c0_1000_5,regression,1000,5,False,A11 A21 A31 A41 A53 A61,,IB1,k-Nearest Neighbors,True,,16,0.871627394541432,0.013896168288438234,0.07,ok,,0
609_fri_c0_1000_5,regression,1000,5,False,A11 A21 A31 A41 A53 A61,,NN2,MLP (Feedforward),True,,9,0.9435274111833062,0.010863280949443124,3.58,ok,,0
609_fri_c0_1000_5,regression,1000,5,False,A11 A21 A31 A41 A53 A61,,EN3,XGBoost,True,,5,0.8959616056982161,0.005041192981392893,1.91,ok,,0
609_fri_c0_1000_5,regression,1000,5,False,A11 A21 A31 A41 A53 A61,,EN4,LightGBM,True,,3,0.9149771975016474,0.00823286301218189,1.71,ok,,0
609_fri_c0_1000_5,regression,1000,5,False,A11 A21 A31 A41 A53 A61,,BASE-HGB,Histogram Gradient Boosting (baseline),False,,,0.9166684026487175,0.008962872573569057,4.47,ok,,0
1028_SWD,regression,1000,10,False,A11 A21 A32 A41 A53 A61,,LM1,Linear Regression,False,needs A31 data (yours is A32),,0.4113202472427154,0.02304089230186208,0.24,ok,,0
1028_SWD,regression,1000,10,False,A11 A21 A32 A41 A53 A61,,LM3,Ridge Regression,False,needs A31 data (yours is A32),,0.4115036831142399,0.023090237016696404,0.17,ok,,0
1028_SWD,regression,1000,10,False,A11 A21 A32 A41 A53 A61,,LM4,Lasso Regression,True,,13,-0.002299393524752302,0.00218375571803374,0.12,ok,,0
1028_SWD,regression,1000,10,False,A11 A21 A32 A41 A53 A61,,LM5,Elastic Net,True,,14,-0.002299393524752302,0.00218375571803374,0.14,ok,,0
1028_SWD,regression,1000,10,False,A11 A21 A32 A41 A53 A61,,LM6,Polynomial Regression,False,needs A31 data (yours is A32),,0.35350507566213124,0.045223246220057044,0.53,ok,,0
1028_SWD,regression,1000,10,False,A11 A21 A32 A41 A53 A61,,LM7,Bayesian Linear Regression,False,needs A31 data (yours is A32),,0.41267720452510714,0.02351127799186322,0.23,ok,,0
1028_SWD,regression,1000,10,False,A11 A21 A32 A41 A53 A61,,TR1,Decision Tree,True,,10,0.3494991746886235,0.045892829900784055,0.15,ok,,0
1028_SWD,regression,1000,10,False,A11 A21 A32 A41 A53 A61,,TR2,Random Forest,True,,4,0.354521765036189,0.041458636476456256,3.34,ok,,0
1028_SWD,regression,1000,10,False,A11 A21 A32 A41 A53 A61,,TR3,Extra Trees,True,,2,0.34949917468862407,0.04589282990078449,2.83,ok,,0
1028_SWD,regression,1000,10,False,A11 A21 A32 A41 A53 A61,,EN1,AdaBoost,True,,7,0.35384878408547393,0.02369851489760233,0.41,ok,,0
1028_SWD,regression,1000,10,False,A11 A21 A32 A41 A53 A61,,EN2,Gradient Boosting (GBM),True,,1,0.3892633813278266,0.03310442330464821,0.97,ok,,0
1028_SWD,regression,1000,10,False,A11 A21 A32 A41 A53 A61,,EN6,Stacking,True,,6,0.416880066380861,0.024179574269201847,1.07,ok,,0
1028_SWD,regression,1000,10,False,A11 A21 A32 A41 A53 A61,,EN7,Voting Ensemble,True,,8,0.3985088204747075,0.022493391609276835,0.7,ok,,0
1028_SWD,regression,1000,10,False,A11 A21 A32 A41 A53 A61,,SV1,SVM (linear),True,,12,0.3520382344982174,0.03801917059370151,0.21,ok,,0
1028_SWD,regression,1000,10,False,A11 A21 A32 A41 A53 A61,,SV2,Kernel SVM (RBF/Poly),True,,11,0.3337526261990152,0.039292632623065246,0.39,ok,,0
1028_SWD,regression,1000,10,False,A11 A21 A32 A41 A53 A61,,IB1,k-Nearest Neighbors,False,needs A31 data (yours is A32),,0.3307395385914451,0.02801288718054171,0.56,ok,,0
1028_SWD,regression,1000,10,False,A11 A21 A32 A41 A53 A61,,NN2,MLP (Feedforward),True,,9,0.37947185875212047,0.03432296096494338,5.8,ok,,0
1028_SWD,regression,1000,10,False,A11 A21 A32 A41 A53 A61,,EN3,XGBoost,True,,5,0.34983064136720304,0.045787431613515256,9.17,ok,,0
1028_SWD,regression,1000,10,False,A11 A21 A32 A41 A53 A61,,EN4,LightGBM,True,,3,0.36215323823808043,0.04180820846272534,51.78,ok,,0
1028_SWD,regression,1000,10,False,A11 A21 A32 A41 A53 A61,,BASE-HGB,Histogram Gradient Boosting (baseline),False,,,0.36215323823808043,0.04180820846272534,55.75,ok,,0
593_fri_c1_1000_10,regression,1000,10,False,A11 A21 A31 A41 A53 A61,,LM1,Linear Regression,True,,15,0.2862404784922205,0.04035825615601993,0.08,ok,,0
593_fri_c1_1000_10,regression,1000,10,False,A11 A21 A31 A41 A53 A61,,LM3,Ridge Regression,True,,10,0.28636409770543453,0.04015430403960011,0.12,ok,,0
593_fri_c1_1000_10,regression,1000,10,False,A11 A21 A31 A41 A53 A61,,LM4,Lasso Regression,True,,18,-0.007599481088638926,0.006482478796723123,0.14,ok,,0
593_fri_c1_1000_10,regression,1000,10,False,A11 A21 A31 A41 A53 A61,,LM5,Elastic Net,True,,19,-0.007599481088638926,0.006482478796723123,0.08,ok,,0
593_fri_c1_1000_10,regression,1000,10,False,A11 A21 A31 A41 A53 A61,,LM6,Polynomial Regression,True,,14,0.2650545686183398,0.05508955558179631,0.23,ok,,0
593_fri_c1_1000_10,regression,1000,10,False,A11 A21 A31 A41 A53 A61,,LM7,Bayesian Linear Regression,True,,11,0.28715877866353334,0.03753425318485331,0.12,ok,,0
593_fri_c1_1000_10,regression,1000,10,False,A11 A21 A31 A41 A53 A61,,TR1,Decision Tree,True,,12,0.7589442196660311,0.05141356988807584,0.14,ok,,0
593_fri_c1_1000_10,regression,1000,10,False,A11 A21 A31 A41 A53 A61,,TR2,Random Forest,True,,4,0.9003738215565086,0.014157582879297876,6.03,ok,,0
593_fri_c1_1000_10,regression,1000,10,False,A11 A21 A31 A41 A53 A61,,TR3,Extra Trees,True,,2,0.9377084652935856,0.006176350622688353,4.09,ok,,0
593_fri_c1_1000_10,regression,1000,10,False,A11 A21 A31 A41 A53 A61,,EN1,AdaBoost,True,,7,0.7860622896328942,0.016074690759625823,0.88,ok,,0
593_fri_c1_1000_10,regression,1000,10,False,A11 A21 A31 A41 A53 A61,,EN2,Gradient Boosting (GBM),True,,1,0.9391238296516666,0.0028737474468905253,1.53,ok,,0
593_fri_c1_1000_10,regression,1000,10,False,A11 A21 A31 A41 A53 A61,,EN6,Stacking,True,,6,0.790355070422182,0.03321505737500835,0.65,ok,,0
593_fri_c1_1000_10,regression,1000,10,False,A11 A21 A31 A41 A53 A61,,EN7,Voting Ensemble,True,,8,0.6761494147512683,0.019316420477447183,0.19,ok,,0
593_fri_c1_1000_10,regression,1000,10,False,A11 A21 A31 A41 A53 A61,,SV1,SVM (linear),True,,17,0.2585218159130721,0.04252067117077079,0.1,ok,,0
593_fri_c1_1000_10,regression,1000,10,False,A11 A21 A31 A41 A53 A61,,SV2,Kernel SVM (RBF/Poly),True,,13,0.6063571924600565,0.04973573037073894,0.29,ok,,0
593_fri_c1_1000_10,regression,1000,10,False,A11 A21 A31 A41 A53 A61,,IB1,k-Nearest Neighbors,True,,16,0.4970790157125518,0.042906515246390525,0.1,ok,,0
593_fri_c1_1000_10,regression,1000,10,False,A11 A21 A31 A41 A53 A61,,NN2,MLP (Feedforward),True,,9,0.9126664583236875,0.01605766323940311,4.94,ok,,0
593_fri_c1_1000_10,regression,1000,10,False,A11 A21 A31 A41 A53 A61,,EN3,XGBoost,True,,5,0.929149958068276,0.00861002126393234,3.64,ok,,0
593_fri_c1_1000_10,regression,1000,10,False,A11 A21 A31 A41 A53 A61,,EN4,LightGBM,True,,3,0.9375703805046625,0.007122497572732095,1.48,ok,,0
593_fri_c1_1000_10,regression,1000,10,False,A11 A21 A31 A41 A53 A61,,BASE-HGB,Histogram Gradient Boosting (baseline),False,,,0.9350878229590085,0.004270505065437758,5.84,ok,,0
595_fri_c0_1000_10,regression,1000,10,False,A11 A21 A31 A41 A53 A61,,LM1,Linear Regression,True,,15,0.7067540014777791,0.026257947579562745,0.06,ok,,0
595_fri_c0_1000_10,regression,1000,10,False,A11 A21 A31 A41 A53 A61,,LM3,Ridge Regression,True,,10,0.7067814032408468,0.026167679732436513,0.06,ok,,0
595_fri_c0_1000_10,regression,1000,10,False,A11 A21 A31 A41 A53 A61,,LM4,Lasso Regression,True,,18,-0.0045234977311575,0.0034461332355352884,0.08,ok,,0
595_fri_c0_1000_10,regression,1000,10,False,A11 A21 A31 A41 A53 A61,,LM5,Elastic Net,True,,19,0.04806411098677299,0.008113942015427523,0.08,ok,,0
595_fri_c0_1000_10,regression,1000,10,False,A11 A21 A31 A41 A53 A61,,LM6,Polynomial Regression,True,,14,0.8660975407656608,0.01672330071063324,0.29,ok,,0
595_fri_c0_1000_10,regression,1000,10,False,A11 A21 A31 A41 A53 A61,,LM7,Bayesian Linear Regression,True,,11,0.7068340683425882,0.025924393059669804,0.11,ok,,0
595_fri_c0_1000_10,regression,1000,10,False,A11 A21 A31 A41 A53 A61,,TR1,Decision Tree,True,,12,0.6105920684009174,0.05016490501097584,0.16,ok,,0
595_fri_c0_1000_10,regression,1000,10,False,A11 A21 A31 A41 A53 A61,,TR2,Random Forest,True,,4,0.8278059285854822,0.014739821938334948,5.44,ok,,0
595_fri_c0_1000_10,regression,1000,10,False,A11 A21 A31 A41 A53 A61,,TR3,Extra Trees,True,,2,0.8481564242744678,0.009360973071229432,3.34,ok,,0
595_fri_c0_1000_10,regression,1000,10,False,A11 A21 A31 A41 A53 A61,,EN1,AdaBoost,True,,7,0.7796241027764094,0.014511834157550552,0.86,ok,,0
595_fri_c0_1000_10,regression,1000,10,False,A11 A21 A31 A41 A53 A61,,EN2,Gradient Boosting (GBM),True,,1,0.9015458490227803,0.006965847447154551,1.4,ok,,0
595_fri_c0_1000_10,regression,1000,10,False,A11 A21 A31 A41 A53 A61,,EN6,Stacking,True,,6,0.7835788346857785,0.032986589518974735,0.59,ok,,0
595_fri_c0_1000_10,regression,1000,10,False,A11 A21 A31 A41 A53 A61,,EN7,Voting Ensemble,True,,8,0.7698301699679525,0.023964817753497878,0.18,ok,,0
595_fri_c0_1000_10,regression,1000,10,False,A11 A21 A31 A41 A53 A61,,SV1,SVM (linear),True,,17,0.6971155668683527,0.027923881543798133,0.08,ok,,0
595_fri_c0_1000_10,regression,1000,10,False,A11 A21 A31 A41 A53 A61,,SV2,Kernel SVM (RBF/Poly),True,,13,0.8773633521064562,0.012396739067693155,0.26,ok,,0
595_fri_c0_1000_10,regression,1000,10,False,A11 A21 A31 A41 A53 A61,,IB1,k-Nearest Neighbors,True,,16,0.6614551511877792,0.02875003254685359,0.08,ok,,0
595_fri_c0_1000_10,regression,1000,10,False,A11 A21 A31 A41 A53 A61,,NN2,MLP (Feedforward),True,,9,0.9197936450865297,0.008332432101503544,3.7,ok,,0
595_fri_c0_1000_10,regression,1000,10,False,A11 A21 A31 A41 A53 A61,,EN3,XGBoost,True,,5,0.8629707301237838,0.021392385958626522,3.67,ok,,0
595_fri_c0_1000_10,regression,1000,10,False,A11 A21 A31 A41 A53 A61,,EN4,LightGBM,True,,3,0.896529033243719,0.014124811363227577,2.43,ok,,0
595_fri_c0_1000_10,regression,1000,10,False,A11 A21 A31 A41 A53 A61,,BASE-HGB,Histogram Gradient Boosting (baseline),False,,,0.8982552323375268,0.011739940310011162,4.83,ok,,0
solar_flare,regression,1066,10,False,A11 A21 A32 A41 A53 A61,,LM1,Linear Regression,False,needs A31 data (yours is A32),,0.11481230161191947,0.07337606395048392,0.22,ok,,0
solar_flare,regression,1066,10,False,A11 A21 A32 A41 A53 A61,,LM3,Ridge Regression,False,needs A31 data (yours is A32),,0.11769365617338252,0.07239556048677495,0.19,ok,,0
solar_flare,regression,1066,10,False,A11 A21 A32 A41 A53 A61,,LM4,Lasso Regression,True,,13,-0.005820016600806666,0.007964245607835648,0.13,ok,,0
solar_flare,regression,1066,10,False,A11 A21 A32 A41 A53 A61,,LM5,Elastic Net,True,,14,-0.005820016600806666,0.007964245607835648,0.13,ok,,0
solar_flare,regression,1066,10,False,A11 A21 A32 A41 A53 A61,,LM6,Polynomial Regression,False,needs A31 data (yours is A32),,-0.10403688670797943,0.15624989827994168,0.54,ok,,0
solar_flare,regression,1066,10,False,A11 A21 A32 A41 A53 A61,,LM7,Bayesian Linear Regression,False,needs A31 data (yours is A32),,0.13189450549035991,0.06577983748336427,0.36,ok,,0
solar_flare,regression,1066,10,False,A11 A21 A32 A41 A53 A61,,TR1,Decision Tree,True,,10,-0.35341162370107904,0.31590746102431233,0.14,ok,,0
solar_flare,regression,1066,10,False,A11 A21 A32 A41 A53 A61,,TR2,Random Forest,True,,4,-0.15319532357160043,0.19816408444010913,2.64,ok,,0
solar_flare,regression,1066,10,False,A11 A21 A32 A41 A53 A61,,TR3,Extra Trees,True,,2,-0.353271745242073,0.3372710993338758,2.6,ok,,0
solar_flare,regression,1066,10,False,A11 A21 A32 A41 A53 A61,,EN1,AdaBoost,True,,7,-0.3149071758639024,0.262862171611493,0.28,ok,,0
solar_flare,regression,1066,10,False,A11 A21 A32 A41 A53 A61,,EN2,Gradient Boosting (GBM),True,,1,-0.020645299173094944,0.14907397391706148,0.69,ok,,0
solar_flare,regression,1066,10,False,A11 A21 A32 A41 A53 A61,,EN6,Stacking,True,,6,0.1311036976372521,0.028762141007691727,0.63,ok,,0
solar_flare,regression,1066,10,False,A11 A21 A32 A41 A53 A61,,EN7,Voting Ensemble,True,,8,0.020245893225342648,0.12855572772995283,0.22,ok,,0
solar_flare,regression,1066,10,False,A11 A21 A32 A41 A53 A61,,SV1,SVM (linear),True,,12,-0.032881632584604525,0.03753324301275642,0.19,ok,,0
solar_flare,regression,1066,10,False,A11 A21 A32 A41 A53 A61,,SV2,Kernel SVM (RBF/Poly),True,,11,0.048098420833862884,0.04916540755129251,0.29,ok,,0
solar_flare,regression,1066,10,False,A11 A21 A32 A41 A53 A61,,IB1,k-Nearest Neighbors,False,needs A31 data (yours is A32),,-0.1190059293410882,0.12096612130083705,0.29,ok,,0
solar_flare,regression,1066,10,False,A11 A21 A32 A41 A53 A61,,NN2,MLP (Feedforward),True,,9,-0.2132918803477331,0.19543831050301064,5.93,ok,,0
solar_flare,regression,1066,10,False,A11 A21 A32 A41 A53 A61,,EN3,XGBoost,True,,5,-0.38296506508902317,0.30377837821069803,7.72,ok,,0
solar_flare,regression,1066,10,False,A11 A21 A32 A41 A53 A61,,EN4,LightGBM,True,,3,0.0024927296807962128,0.141716124908529,1.51,ok,,0
solar_flare,regression,1066,10,False,A11 A21 A32 A41 A53 A61,,BASE-HGB,Histogram Gradient Boosting (baseline),False,,,0.00236066367352048,0.14167573029877137,12.57,ok,,0
529_pollen,regression,3848,4,False,A11 A21 A31 A41 A53 A61,,LM1,Linear Regression,True,,15,0.792976809533746,0.004832935906999886,0.06,ok,,0
529_pollen,regression,3848,4,False,A11 A21 A31 A41 A53 A61,,LM3,Ridge Regression,True,,10,0.7929732024675297,0.004845593201114198,0.06,ok,,0
529_pollen,regression,3848,4,False,A11 A21 A31 A41 A53 A61,,LM4,Lasso Regression,True,,18,0.24860508026407374,0.014361371935505586,0.06,ok,,0
529_pollen,regression,3848,4,False,A11 A21 A31 A41 A53 A61,,LM5,Elastic Net,True,,19,0.3315508617033755,0.014880186426199657,0.06,ok,,0
529_pollen,regression,3848,4,False,A11 A21 A31 A41 A53 A61,,LM6,Polynomial Regression,True,,14,0.7922507257413245,0.004800834398618493,0.07,ok,,0
529_pollen,regression,3848,4,False,A11 A21 A31 A41 A53 A61,,LM7,Bayesian Linear Regression,True,,11,0.7929769055440157,0.00483515546245065,0.06,ok,,0
529_pollen,regression,3848,4,False,A11 A21 A31 A41 A53 A61,,TR1,Decision Tree,True,,12,0.5252668329712259,0.02972407580264404,0.13,ok,,0
529_pollen,regression,3848,4,False,A11 A21 A31 A41 A53 A61,,TR2,Random Forest,True,,4,0.7550844876317155,0.007171695697415088,11.58,ok,,0
529_pollen,regression,3848,4,False,A11 A21 A31 A41 A53 A61,,TR3,Extra Trees,True,,2,0.7587387427094197,0.007381730871333407,6.75,ok,,0
529_pollen,regression,3848,4,False,A11 A21 A31 A41 A53 A61,,EN1,AdaBoost,True,,7,0.6662270883339865,0.024336650892855395,1.34,ok,,0
529_pollen,regression,3848,4,False,A11 A21 A31 A41 A53 A61,,EN2,Gradient Boosting (GBM),True,,1,0.7640365760876954,0.01004589681634243,2.62,ok,,0
529_pollen,regression,3848,4,False,A11 A21 A31 A41 A53 A61,,EN6,Stacking,True,,6,0.7936795970706609,0.005216796610920804,0.68,ok,,0
529_pollen,regression,3848,4,False,A11 A21 A31 A41 A53 A61,,EN7,Voting Ensemble,True,,8,0.7554710013334336,0.009497789399384395,0.21,ok,,0
529_pollen,regression,3848,4,False,A11 A21 A31 A41 A53 A61,,SV1,SVM (linear),True,,17,0.7927229822674468,0.005088410136562646,0.09,ok,,0
529_pollen,regression,3848,4,False,A11 A21 A31 A41 A53 A61,,SV2,Kernel SVM (RBF/Poly),True,,13,0.7698446586831583,0.008179380636582833,2.13,ok,,0
529_pollen,regression,3848,4,False,A11 A21 A31 A41 A53 A61,,IB1,k-Nearest Neighbors,True,,16,0.6916848447289642,0.014251220014012635,0.08,ok,,0
529_pollen,regression,3848,4,False,A11 A21 A31 A41 A53 A61,,NN2,MLP (Feedforward),True,,9,0.7911041238944897,0.004558506212983838,8.39,ok,,0
529_pollen,regression,3848,4,False,A11 A21 A31 A41 A53 A61,,EN3,XGBoost,True,,5,0.7376519146235505,0.008752005833056862,1.71,ok,,0
529_pollen,regression,3848,4,False,A11 A21 A31 A41 A53 A61,,EN4,LightGBM,True,,3,0.7604065863592359,0.006701859115053054,1.86,ok,,0
529_pollen,regression,3848,4,False,A11 A21 A31 A41 A53 A61,,BASE-HGB,Histogram Gradient Boosting (baseline),False,,,0.7621804259331352,0.005446186804823066,5.4,ok,,0
294_satellite_image,regression,5000,36,True,A11 A21 A31 A41 A53 A61,,LM1,Linear Regression,True,,15,0.699947086375835,0.010073146584091674,0.28,ok,,0
294_satellite_image,regression,5000,36,True,A11 A21 A31 A41 A53 A61,,LM3,Ridge Regression,True,,10,0.6999919732356437,0.010051938627209175,0.21,ok,,0
294_satellite_image,regression,5000,36,True,A11 A21 A31 A41 A53 A61,,LM4,Lasso Regression,True,,18,0.2957639850471312,0.007220285386697383,0.19,ok,,0
294_satellite_image,regression,5000,36,True,A11 A21 A31 A41 A53 A61,,LM5,Elastic Net,True,,19,0.461872593633851,0.01437781945154822,0.16,ok,,0
294_satellite_image,regression,5000,36,True,A11 A21 A31 A41 A53 A61,,LM6,Polynomial Regression,True,,14,0.7852124804308314,0.014230810896195446,1.49,ok,,0
294_satellite_image,regression,5000,36,True,A11 A21 A31 A41 A53 A61,,LM7,Bayesian Linear Regression,True,,11,0.7007273242696221,0.00960127016283191,0.53,ok,,0
294_satellite_image,regression,5000,36,True,A11 A21 A31 A41 A53 A61,,TR1,Decision Tree,True,,12,0.7605548246664505,0.019737860972339892,0.41,ok,,0
294_satellite_image,regression,5000,36,True,A11 A21 A31 A41 A53 A61,,TR2,Random Forest,True,,4,0.8951191756065114,0.006614714405507534,29.62,ok,,0
294_satellite_image,regression,5000,36,True,A11 A21 A31 A41 A53 A61,,TR3,Extra Trees,True,,2,0.9050915973416112,0.005451356982856877,12.87,ok,,0
294_satellite_image,regression,5000,36,True,A11 A21 A31 A41 A53 A61,,EN1,AdaBoost,True,,7,0.6675573989066069,0.011764571443366068,5.15,ok,,0
294_satellite_image,regression,5000,36,True,A11 A21 A31 A41 A53 A61,,EN2,Gradient Boosting (GBM),True,,1,0.8651692760275675,0.0062282817003296385,8.11,ok,,0
294_satellite_image,regression,5000,36,True,A11 A21 A31 A41 A53 A61,,EN6,Stacking,True,,6,0.9034067593362151,0.006545794321103941,2.12,ok,,0
294_satellite_image,regression,5000,36,True,A11 A21 A31 A41 A53 A61,,EN7,Voting Ensemble,True,,8,0.8695207142043545,0.007381497194201505,0.8,ok,,0
294_satellite_image,regression,5000,36,True,A11 A21 A31 A41 A53 A61,,SV1,SVM (linear),True,,17,0.6856986988821319,0.01105092238195708,1.05,ok,,0
294_satellite_image,regression,5000,36,True,A11 A21 A31 A41 A53 A61,,SV2,Kernel SVM (RBF/Poly),True,,13,0.8573344811356316,0.006859694519918163,4.84,ok,,0
294_satellite_image,regression,5000,36,True,A11 A21 A31 A41 A53 A61,,IB1,k-Nearest Neighbors,True,,16,0.8998804587730562,0.006913445076678046,0.6,ok,,0
294_satellite_image,regression,5000,36,True,A11 A21 A31 A41 A53 A61,,NN2,MLP (Feedforward),True,,9,0.8885680820523859,0.0061103694071855015,28.29,ok,,0
294_satellite_image,regression,5000,36,True,A11 A21 A31 A41 A53 A61,,EN3,XGBoost,True,,5,0.8879600816364543,0.008864280024285456,4.21,ok,,0
294_satellite_image,regression,5000,36,True,A11 A21 A31 A41 A53 A61,,EN4,LightGBM,True,,3,0.9005790357948646,0.0077578116790628215,2.99,ok,,0
294_satellite_image,regression,5000,36,True,A11 A21 A31 A41 A53 A61,,BASE-HGB,Histogram Gradient Boosting (baseline),False,,,0.9006863144310302,0.008131121416088688,7.3,ok,,0
503_wind,regression,5000,14,True,A11 A21 A31 A41 A53 A61,,LM1,Linear Regression,True,,15,0.7584206994341474,0.012122073748799134,0.13,ok,,0
503_wind,regression,5000,14,True,A11 A21 A31 A41 A53 A61,,LM3,Ridge Regression,True,,10,0.7584252597331486,0.012133852661291085,0.12,ok,,0
503_wind,regression,5000,14,True,A11 A21 A31 A41 A53 A61,,LM4,Lasso Regression,True,,18,0.6808828839867997,0.010274656059644904,0.14,ok,,0
503_wind,regression,5000,14,True,A11 A21 A31 A41 A53 A61,,LM5,Elastic Net,True,,19,0.6787698655151269,0.009840252720088098,0.08,ok,,0
503_wind,regression,5000,14,True,A11 A21 A31 A41 A53 A61,,LM6,Polynomial Regression,True,,14,0.7952289513653816,0.010683752993633088,0.33,ok,,0
503_wind,regression,5000,14,True,A11 A21 A31 A41 A53 A61,,LM7,Bayesian Linear Regression,True,,11,0.7584374860982429,0.01218645527278681,0.93,ok,,0
503_wind,regression,5000,14,True,A11 A21 A31 A41 A53 A61,,TR1,Decision Tree,True,,12,0.5446390082589734,0.018979878224543004,0.5,ok,,0
503_wind,regression,5000,14,True,A11 A21 A31 A41 A53 A61,,TR2,Random Forest,True,,4,0.7776015594389545,0.009575226634607685,33.41,ok,,0
503_wind,regression,5000,14,True,A11 A21 A31 A41 A53 A61,,TR3,Extra Trees,True,,2,0.7839459990658886,0.01112844525863371,18.29,ok,,0
503_wind,regression,5000,14,True,A11 A21 A31 A41 A53 A61,,EN1,AdaBoost,True,,7,0.7063151132757315,0.012085395377501296,3.11,ok,,0
503_wind,regression,5000,14,True,A11 A21 A31 A41 A53 A61,,EN2,Gradient Boosting (GBM),True,,1,0.782515115520791,0.015290686062946325,6.98,ok,,0
503_wind,regression,5000,14,True,A11 A21 A31 A41 A53 A61,,EN6,Stacking,True,,6,0.7717913981485708,0.012661383787013071,2.2,ok,,0
503_wind,regression,5000,14,True,A11 A21 A31 A41 A53 A61,,EN7,Voting Ensemble,True,,8,0.7649910496433459,0.011546178529643757,0.89,ok,,0
503_wind,regression,5000,14,True,A11 A21 A31 A41 A53 A61,,SV1,SVM (linear),True,,17,0.7574396213608863,0.01355442523850073,0.27,ok,,0
503_wind,regression,5000,14,True,A11 A21 A31 A41 A53 A61,,SV2,Kernel SVM (RBF/Poly),True,,13,0.7738576244483955,0.011293999169819716,6.11,ok,,0
503_wind,regression,5000,14,True,A11 A21 A31 A41 A53 A61,,IB1,k-Nearest Neighbors,True,,16,0.7252046032209986,0.008968251326878658,0.45,ok,,0
503_wind,regression,5000,14,True,A11 A21 A31 A41 A53 A61,,NN2,MLP (Feedforward),True,,9,0.7978053767975792,0.012425318032233729,45.27,ok,,0
503_wind,regression,5000,14,True,A11 A21 A31 A41 A53 A61,,EN3,XGBoost,True,,5,0.7662513843858754,0.008856737697829868,18.39,ok,,0
503_wind,regression,5000,14,True,A11 A21 A31 A41 A53 A61,,EN4,LightGBM,True,,3,0.7887613272679668,0.013523881030791576,1.9,ok,,0
503_wind,regression,5000,14,True,A11 A21 A31 A41 A53 A61,,BASE-HGB,Histogram Gradient Boosting (baseline),False,,,0.7897137866192049,0.01504835728192847,10.53,ok,,0
225_puma8NH,regression,5000,8,True,A11 A21 A31 A41 A53 A61,,LM1,Linear Regression,True,,15,0.37577597737261315,0.02342032224819857,0.08,ok,,0
225_puma8NH,regression,5000,8,True,A11 A21 A31 A41 A53 A61,,LM3,Ridge Regression,True,,10,0.3757767714241198,0.02341118902485103,0.07,ok,,0
225_puma8NH,regression,5000,8,True,A11 A21 A31 A41 A53 A61,,LM4,Lasso Regression,True,,18,0.3132374943742454,0.012738262007537523,0.08,ok,,0
225_puma8NH,regression,5000,8,True,A11 A21 A31 A41 A53 A61,,LM5,Elastic Net,True,,19,0.2945976551807915,0.010361996407537611,0.08,ok,,0
225_puma8NH,regression,5000,8,True,A11 A21 A31 A41 A53 A61,,LM6,Polynomial Regression,True,,14,0.4259052580292412,0.024932158404374398,0.1,ok,,0
225_puma8NH,regression,5000,8,True,A11 A21 A31 A41 A53 A61,,LM7,Bayesian Linear Regression,True,,11,0.3757791225396008,0.023303404839299033,0.1,ok,,0
225_puma8NH,regression,5000,8,True,A11 A21 A31 A41 A53 A61,,TR1,Decision Tree,True,,12,0.3426071541258201,0.025895778523511048,0.29,ok,,0
225_puma8NH,regression,5000,8,True,A11 A21 A31 A41 A53 A61,,TR2,Random Forest,True,,4,0.662262444006395,0.01696261047902104,13.39,ok,,0
225_puma8NH,regression,5000,8,True,A11 A21 A31 A41 A53 A61,,TR3,Extra Trees,True,,2,0.6591729562969306,0.015997069426904945,6.64,ok,,0
225_puma8NH,regression,5000,8,True,A11 A21 A31 A41 A53 A61,,EN1,AdaBoost,True,,7,0.5395063261611547,0.009060713245960262,2.04,ok,,0
225_puma8NH,regression,5000,8,True,A11 A21 A31 A41 A53 A61,,EN2,Gradient Boosting (GBM),True,,1,0.6619594668001445,0.008679158773429346,5.24,ok,,0
225_puma8NH,regression,5000,8,True,A11 A21 A31 A41 A53 A61,,EN6,Stacking,True,,6,0.6318594567293971,0.005898366646522036,1.1,ok,,0
225_puma8NH,regression,5000,8,True,A11 A21 A31 A41 A53 A61,,EN7,Voting Ensemble,True,,8,0.5875354911466854,0.010158089674226685,0.4,ok,,0
225_puma8NH,regression,5000,8,True,A11 A21 A31 A41 A53 A61,,SV1,SVM (linear),True,,17,0.3535977177928397,0.031220024411229147,0.09,ok,,0
225_puma8NH,regression,5000,8,True,A11 A21 A31 A41 A53 A61,,SV2,Kernel SVM (RBF/Poly),True,,13,0.5973400754895304,0.016680764849969998,3.72,ok,,0
225_puma8NH,regression,5000,8,True,A11 A21 A31 A41 A53 A61,,IB1,k-Nearest Neighbors,True,,16,0.5228010171459883,0.012442131180595969,0.23,ok,,0
225_puma8NH,regression,5000,8,True,A11 A21 A31 A41 A53 A61,,NN2,MLP (Feedforward),True,,9,0.6703788854747822,0.013194245309593762,30.85,ok,,0
225_puma8NH,regression,5000,8,True,A11 A21 A31 A41 A53 A61,,EN3,XGBoost,True,,5,0.6271348289661798,0.016004849141175996,0.98,ok,,0
225_puma8NH,regression,5000,8,True,A11 A21 A31 A41 A53 A61,,EN4,LightGBM,True,,3,0.663117190054274,0.01513040504240407,0.71,ok,,0
225_puma8NH,regression,5000,8,True,A11 A21 A31 A41 A53 A61,,BASE-HGB,Histogram Gradient Boosting (baseline),False,,,0.660876703704654,0.01563035299502345,1.53,ok,,0
562_cpu_small,regression,5000,12,True,A11 A21 A31 A41 A53 A61,,LM1,Linear Regression,True,,15,0.7163551122750282,0.022786184208697564,0.1,ok,,0
562_cpu_small,regression,5000,12,True,A11 A21 A31 A41 A53 A61,,LM3,Ridge Regression,True,,10,0.7163608822341004,0.022775125165285483,0.09,ok,,0
562_cpu_small,regression,5000,12,True,A11 A21 A31 A41 A53 A61,,LM4,Lasso Regression,True,,18,0.7005495907630721,0.016829318454505426,0.09,ok,,0
562_cpu_small,regression,5000,12,True,A11 A21 A31 A41 A53 A61,,LM5,Elastic Net,True,,19,0.6589143605459713,0.022997661501825837,0.08,ok,,0
562_cpu_small,regression,5000,12,True,A11 A21 A31 A41 A53 A61,,LM6,Polynomial Regression,True,,14,0.9574362142396662,0.0122897298297456,0.13,ok,,0
562_cpu_small,regression,5000,12,True,A11 A21 A31 A41 A53 A61,,LM7,Bayesian Linear Regression,True,,11,0.7163866561002079,0.022712968310105833,0.09,ok,,0
562_cpu_small,regression,5000,12,True,A11 A21 A31 A41 A53 A61,,TR1,Decision Tree,True,,12,0.9415804995134108,0.01516885847811872,0.29,ok,,0
562_cpu_small,regression,5000,12,True,A11 A21 A31 A41 A53 A61,,TR2,Random Forest,True,,4,0.9730144715052864,0.005775485025949663,14.34,ok,,0
562_cpu_small,regression,5000,12,True,A11 A21 A31 A41 A53 A61,,TR3,Extra Trees,True,,2,0.975584739897808,0.004554621960833341,7.03,ok,,0
562_cpu_small,regression,5000,12,True,A11 A21 A31 A41 A53 A61,,EN1,AdaBoost,True,,7,0.9316940262998544,0.010466321445911373,2.35,ok,,0
562_cpu_small,regression,5000,12,True,A11 A21 A31 A41 A53 A61,,EN2,Gradient Boosting (GBM),True,,1,0.9739860335661084,0.0052284914553551425,5.29,ok,,0
562_cpu_small,regression,5000,12,True,A11 A21 A31 A41 A53 A61,,EN6,Stacking,True,,6,0.9615211548664533,0.009426843600864574,1.48,ok,,0
562_cpu_small,regression,5000,12,True,A11 A21 A31 A41 A53 A61,,EN7,Voting Ensemble,True,,8,0.9365695288833062,0.007509345902836312,0.53,ok,,0
562_cpu_small,regression,5000,12,True,A11 A21 A31 A41 A53 A61,,SV1,SVM (linear),True,,17,0.5394663984195731,0.14087540923714617,0.21,ok,,0
562_cpu_small,regression,5000,12,True,A11 A21 A31 A41 A53 A61,,SV2,Kernel SVM (RBF/Poly),True,,13,0.7005970778899077,0.024896103002351653,4.11,ok,,0
562_cpu_small,regression,5000,12,True,A11 A21 A31 A41 A53 A61,,IB1,k-Nearest Neighbors,True,,16,0.9503109294309067,0.018729360152452284,0.35,ok,,0
562_cpu_small,regression,5000,12,True,A11 A21 A31 A41 A53 A61,,NN2,MLP (Feedforward),True,,9,0.9712537107363446,0.004655815188027699,35.97,ok,,0
562_cpu_small,regression,5000,12,True,A11 A21 A31 A41 A53 A61,,EN3,XGBoost,True,,5,0.9724610195476485,0.008664203030117203,1.17,ok,,0
562_cpu_small,regression,5000,12,True,A11 A21 A31 A41 A53 A61,,EN4,LightGBM,True,,3,0.9760176697970084,0.004936182038006938,0.76,ok,,0
562_cpu_small,regression,5000,12,True,A11 A21 A31 A41 A53 A61,,BASE-HGB,Histogram Gradient Boosting (baseline),False,,,0.9741229114857989,0.008294024746510413,1.66,ok,,0
227_cpu_small,regression,5000,12,True,A11 A21 A31 A41 A53 A61,,LM1,Linear Regression,True,,15,0.7163551122750282,0.022786184208697564,0.08,ok,,0
227_cpu_small,regression,5000,12,True,A11 A21 A31 A41 A53 A61,,LM3,Ridge Regression,True,,10,0.7163608822341004,0.022775125165285483,0.08,ok,,0
227_cpu_small,regression,5000,12,True,A11 A21 A31 A41 A53 A61,,LM4,Lasso Regression,True,,18,0.7005495907630721,0.016829318454505426,0.08,ok,,0
227_cpu_small,regression,5000,12,True,A11 A21 A31 A41 A53 A61,,LM5,Elastic Net,True,,19,0.6589143605459713,0.022997661501825837,0.09,ok,,0
227_cpu_small,regression,5000,12,True,A11 A21 A31 A41 A53 A61,,LM6,Polynomial Regression,True,,14,0.9574362142396662,0.0122897298297456,0.13,ok,,0
227_cpu_small,regression,5000,12,True,A11 A21 A31 A41 A53 A61,,LM7,Bayesian Linear Regression,True,,11,0.7163866561002079,0.022712968310105833,0.12,ok,,0
227_cpu_small,regression,5000,12,True,A11 A21 A31 A41 A53 A61,,TR1,Decision Tree,True,,12,0.9415804995134108,0.01516885847811872,0.27,ok,,0
227_cpu_small,regression,5000,12,True,A11 A21 A31 A41 A53 A61,,TR2,Random Forest,True,,4,0.9730144715052864,0.005775485025949663,18.81,ok,,0
227_cpu_small,regression,5000,12,True,A11 A21 A31 A41 A53 A61,,TR3,Extra Trees,True,,2,0.975584739897808,0.004554621960833341,12.33,ok,,0
227_cpu_small,regression,5000,12,True,A11 A21 A31 A41 A53 A61,,EN1,AdaBoost,True,,7,0.9316940262998544,0.010466321445911373,2.41,ok,,0
227_cpu_small,regression,5000,12,True,A11 A21 A31 A41 A53 A61,,EN2,Gradient Boosting (GBM),True,,1,0.9739860335661084,0.0052284914553551425,5.48,ok,,0
227_cpu_small,regression,5000,12,True,A11 A21 A31 A41 A53 A61,,EN6,Stacking,True,,6,0.9615211548664533,0.009426843600864574,2.11,ok,,0
227_cpu_small,regression,5000,12,True,A11 A21 A31 A41 A53 A61,,EN7,Voting Ensemble,True,,8,0.9365695288833062,0.007509345902836312,0.63,ok,,0
227_cpu_small,regression,5000,12,True,A11 A21 A31 A41 A53 A61,,SV1,SVM (linear),True,,17,0.5396119034322069,0.14091253877262022,0.21,ok,,0
227_cpu_small,regression,5000,12,True,A11 A21 A31 A41 A53 A61,,SV2,Kernel SVM (RBF/Poly),True,,13,0.7005970778899077,0.024896103002351653,4.4,ok,,0
227_cpu_small,regression,5000,12,True,A11 A21 A31 A41 A53 A61,,IB1,k-Nearest Neighbors,True,,16,0.9503109294309067,0.018729360152452284,0.37,ok,,0
227_cpu_small,regression,5000,12,True,A11 A21 A31 A41 A53 A61,,NN2,MLP (Feedforward),True,,9,0.9712537107363446,0.004655815188027699,37.17,ok,,0
197_cpu_act,regression,5000,21,True,A11 A21 A31 A41 A53 A61,,LM1,Linear Regression,True,,15,0.7258207472493189,0.02062950363194166,0.88,ok,,0
197_cpu_act,regression,5000,21,True,A11 A21 A31 A41 A53 A61,,LM3,Ridge Regression,True,,10,0.7258326804832556,0.0206385643560759,0.15,ok,,0
197_cpu_act,regression,5000,21,True,A11 A21 A31 A41 A53 A61,,LM4,Lasso Regression,True,,18,0.7056704473122986,0.016603036678718243,0.11,ok,,0
197_cpu_act,regression,5000,21,True,A11 A21 A31 A41 A53 A61,,LM5,Elastic Net,True,,19,0.6691279110303268,0.024490711957729887,0.11,ok,,0
197_cpu_act,regression,5000,21,True,A11 A21 A31 A41 A53 A61,,LM6,Polynomial Regression,True,,14,0.9541525106415598,0.02170114324311796,2.3,ok,,0
197_cpu_act,regression,5000,21,True,A11 A21 A31 A41 A53 A61,,LM7,Bayesian Linear Regression,True,,11,0.7258970411360125,0.02071115692631166,1.6,ok,,0
197_cpu_act,regression,5000,21,True,A11 A21 A31 A41 A53 A61,,TR1,Decision Tree,True,,12,0.9598914700227782,0.007375710910431552,0.46,ok,,0
197_cpu_act,regression,5000,21,True,A11 A21 A31 A41 A53 A61,,TR2,Random Forest,True,,4,0.9798421288127492,0.004879102224590938,40.11,ok,,0
197_cpu_act,regression,5000,21,True,A11 A21 A31 A41 A53 A61,,TR3,Extra Trees,True,,2,0.9826164674068517,0.0032061206138296224,18.47,ok,,0
197_cpu_act,regression,5000,21,True,A11 A21 A31 A41 A53 A61,,EN1,AdaBoost,True,,7,0.9420548540446653,0.010420733759988497,3.24,ok,,0
197_cpu_act,regression,5000,21,True,A11 A21 A31 A41 A53 A61,,EN2,Gradient Boosting (GBM),True,,1,0.9801647402773316,0.004691731945973475,7.83,ok,,0
197_cpu_act,regression,5000,21,True,A11 A21 A31 A41 A53 A61,,EN6,Stacking,True,,6,0.9700513221762016,0.005045906373309065,2.03,ok,,0
197_cpu_act,regression,5000,21,True,A11 A21 A31 A41 A53 A61,,EN7,Voting Ensemble,True,,8,0.9404088542533904,0.005736533553128833,0.77,ok,,0
197_cpu_act,regression,5000,21,True,A11 A21 A31 A41 A53 A61,,SV1,SVM (linear),True,,17,0.5367195495982788,0.14493088563484308,0.49,ok,,0
197_cpu_act,regression,5000,21,True,A11 A21 A31 A41 A53 A61,,SV2,Kernel SVM (RBF/Poly),True,,13,0.6377333825633464,0.03053596545831253,4.92,ok,,0
197_cpu_act,regression,5000,21,True,A11 A21 A31 A41 A53 A61,,IB1,k-Nearest Neighbors,True,,16,0.9321614391908358,0.021906685985814977,0.46,ok,,0
197_cpu_act,regression,5000,21,True,A11 A21 A31 A41 A53 A61,,NN2,MLP (Feedforward),True,,9,0.9770457645942386,0.00394517830422374,38.11,ok,,0
573_cpu_act,regression,5000,21,True,A11 A21 A31 A41 A53 A61,,LM1,Linear Regression,True,,15,0.7258207472493189,0.02062950363194166,0.33,ok,,0
573_cpu_act,regression,5000,21,True,A11 A21 A31 A41 A53 A61,,LM3,Ridge Regression,True,,10,0.7258326804832556,0.0206385643560759,0.2,ok,,0
573_cpu_act,regression,5000,21,True,A11 A21 A31 A41 A53 A61,,LM4,Lasso Regression,True,,18,0.7056704473122986,0.016603036678718243,0.12,ok,,0
573_cpu_act,regression,5000,21,True,A11 A21 A31 A41 A53 A61,,LM5,Elastic Net,True,,19,0.6691279110303268,0.024490711957729887,0.11,ok,,0
573_cpu_act,regression,5000,21,True,A11 A21 A31 A41 A53 A61,,LM6,Polynomial Regression,True,,14,0.9541525106415598,0.02170114324311796,2.0,ok,,0
573_cpu_act,regression,5000,21,True,A11 A21 A31 A41 A53 A61,,LM7,Bayesian Linear Regression,True,,11,0.7258970411360125,0.02071115692631166,1.64,ok,,0
573_cpu_act,regression,5000,21,True,A11 A21 A31 A41 A53 A61,,TR1,Decision Tree,True,,12,0.9598914700227782,0.007375710910431552,0.46,ok,,0
573_cpu_act,regression,5000,21,True,A11 A21 A31 A41 A53 A61,,TR2,Random Forest,True,,4,0.9798421288127492,0.004879102224590938,39.31,ok,,0
573_cpu_act,regression,5000,21,True,A11 A21 A31 A41 A53 A61,,TR3,Extra Trees,True,,2,0.9826164674068517,0.0032061206138296224,16.34,ok,,0
573_cpu_act,regression,5000,21,True,A11 A21 A31 A41 A53 A61,,EN1,AdaBoost,True,,7,0.9420548540446653,0.010420733759988497,3.51,ok,,0
573_cpu_act,regression,5000,21,True,A11 A21 A31 A41 A53 A61,,EN2,Gradient Boosting (GBM),True,,1,0.9801647402773316,0.004691731945973475,7.77,ok,,0
573_cpu_act,regression,5000,21,True,A11 A21 A31 A41 A53 A61,,EN6,Stacking,True,,6,0.9700513221762016,0.005045906373309065,1.89,ok,,0
573_cpu_act,regression,5000,21,True,A11 A21 A31 A41 A53 A61,,EN7,Voting Ensemble,True,,8,0.9404088542533904,0.005736533553128833,0.59,ok,,0
573_cpu_act,regression,5000,21,True,A11 A21 A31 A41 A53 A61,,SV1,SVM (linear),True,,17,0.5366823458921054,0.14496700149712516,0.48,ok,,0
573_cpu_act,regression,5000,21,True,A11 A21 A31 A41 A53 A61,,SV2,Kernel SVM (RBF/Poly),True,,13,0.6377333825633464,0.03053596545831253,6.47,ok,,0
573_cpu_act,regression,5000,21,True,A11 A21 A31 A41 A53 A61,,IB1,k-Nearest Neighbors,True,,16,0.9321614391908358,0.021906685985814977,0.22,ok,,0
573_cpu_act,regression,5000,21,True,A11 A21 A31 A41 A53 A61,,NN2,MLP (Feedforward),True,,9,0.9770457645942386,0.00394517830422374,38.34,ok,,0
573_cpu_act,regression,5000,21,True,A11 A21 A31 A41 A53 A61,,EN3,XGBoost,True,,5,0.9793257401149017,0.008799678887555439,2.18,ok,,0
573_cpu_act,regression,5000,21,True,A11 A21 A31 A41 A53 A61,,EN4,LightGBM,True,,3,0.9827498142075746,0.004767217775899907,3.25,ok,,0
573_cpu_act,regression,5000,21,True,A11 A21 A31 A41 A53 A61,,BASE-HGB,Histogram Gradient Boosting (baseline),False,,,0.9811270621965289,0.008611367191541285,1.88,ok,,0
201_pol,regression,5000,48,True,A11 A21 A38 A41 A53 A61,,LM1,Linear Regression,True,,15,0.47296594310511403,0.022360748387128128,1.01,ok,,0
201_pol,regression,5000,48,True,A11 A21 A38 A41 A53 A61,,LM3,Ridge Regression,True,,10,0.4743164148483512,0.021405432623830368,0.96,ok,,0
201_pol,regression,5000,48,True,A11 A21 A38 A41 A53 A61,,LM4,Lasso Regression,True,,18,0.4682573888417165,0.018642700338132843,0.95,ok,,0
201_pol,regression,5000,48,True,A11 A21 A38 A41 A53 A61,,LM5,Elastic Net,True,,19,0.40653929545276474,0.014265671750780308,1.0,ok,,0
201_pol,regression,5000,48,True,A11 A21 A38 A41 A53 A61,,LM6,Polynomial Regression,True,,14,0.5611863797837613,0.09702493591485128,2.53,ok,,0
201_pol,regression,5000,48,True,A11 A21 A38 A41 A53 A61,,LM7,Bayesian Linear Regression,True,,12,0.47497836966783724,0.020885054094462178,1.13,ok,,0
201_pol,regression,5000,48,True,A11 A21 A38 A41 A53 A61,,TR1,Decision Tree,True,,11,0.9521482293456887,0.004904576746966277,1.3,ok,,0
201_pol,regression,5000,48,True,A11 A21 A38 A41 A53 A61,,TR2,Random Forest,True,,4,0.9781347508695972,0.0017914720097719757,13.28,ok,,0
201_pol,regression,5000,48,True,A11 A21 A38 A41 A53 A61,,TR3,Extra Trees,True,,2,0.9825164824016526,0.002394496103828894,8.15,ok,,0
201_pol,regression,5000,48,True,A11 A21 A38 A41 A53 A61,,EN1,AdaBoost,True,,7,0.766094378157389,0.02219689688987529,1.9,ok,,0
201_pol,regression,5000,48,True,A11 A21 A38 A41 A53 A61,,EN2,Gradient Boosting (GBM),True,,1,0.930355046007256,0.0039943807784841205,4.0,ok,,0
201_pol,regression,5000,48,True,A11 A21 A38 A41 A53 A61,,EN6,Stacking,True,,6,0.9554504586568522,0.002032531348350304,4.76,ok,,0
201_pol,regression,5000,48,True,A11 A21 A38 A41 A53 A61,,EN7,Voting Ensemble,True,,8,0.9013381694251,0.005480376676924486,1.27,ok,,0
201_pol,regression,5000,48,True,A11 A21 A38 A41 A53 A61,,SV1,SVM (linear),True,,17,0.4626684819332188,0.02137904084156776,1.12,ok,,0
201_pol,regression,5000,48,True,A11 A21 A38 A41 A53 A61,,SV2,Kernel SVM (RBF/Poly),True,,13,0.7150054726486973,0.016808331824875584,7.87,ok,,0
201_pol,regression,5000,48,True,A11 A21 A38 A41 A53 A61,,IB1,k-Nearest Neighbors,True,,16,0.9357889005069294,0.004354124822627312,1.32,ok,,0
201_pol,regression,5000,48,True,A11 A21 A38 A41 A53 A61,,NN2,MLP (Feedforward),True,,9,0.9682223926739937,0.0030699096805800715,46.73,ok,,0
201_pol,regression,5000,48,True,A11 A21 A38 A41 A53 A61,,EN3,XGBoost,True,,5,0.9768934601817829,0.0029126184008887598,2.36,ok,,0
201_pol,regression,5000,48,True,A11 A21 A38 A41 A53 A61,,EN4,LightGBM,True,,3,0.9781531498662395,0.0035531849774205794,22.19,ok,,0
201_pol,regression,5000,48,True,A11 A21 A38 A41 A53 A61,,BASE-HGB,Histogram Gradient Boosting (baseline),False,,,0.9791543474682756,0.002104626992889379,4.22,ok,,0
1199_BNG_echoMonths,regression,5000,9,True,A11 A21 A38 A41 A53 A61,,LM1,Linear Regression,True,,15,0.43120281706327557,0.04081351864360844,0.34,ok,,0
1199_BNG_echoMonths,regression,5000,9,True,A11 A21 A38 A41 A53 A61,,LM3,Ridge Regression,True,,10,0.43120468821971497,0.04078694480660985,0.24,ok,,0
1199_BNG_echoMonths,regression,5000,9,True,A11 A21 A38 A41 A53 A61,,LM4,Lasso Regression,True,,18,0.39540730354216486,0.030376312959862626,0.36,ok,,0
1199_BNG_echoMonths,regression,5000,9,True,A11 A21 A38 A41 A53 A61,,LM5,Elastic Net,True,,19,0.32333646167166674,0.016963351546362745,0.29,ok,,0
1199_BNG_echoMonths,regression,5000,9,True,A11 A21 A38 A41 A53 A61,,LM6,Polynomial Regression,True,,14,0.4335103525690269,0.040675679865060314,0.32,ok,,0
1199_BNG_echoMonths,regression,5000,9,True,A11 A21 A38 A41 A53 A61,,LM7,Bayesian Linear Regression,True,,12,0.43120225864279316,0.04061496237311969,0.23,ok,,0
1199_BNG_echoMonths,regression,5000,9,True,A11 A21 A38 A41 A53 A61,,TR1,Decision Tree,True,,11,-0.07513234534476247,0.08914014933710604,0.42,ok,,0
1199_BNG_echoMonths,regression,5000,9,True,A11 A21 A38 A41 A53 A61,,TR2,Random Forest,True,,4,0.4369693157335502,0.043268140414388326,23.93,ok,,0
1199_BNG_echoMonths,regression,5000,9,True,A11 A21 A38 A41 A53 A61,,TR3,Extra Trees,True,,2,0.4330221079410156,0.03959642233292441,12.2,ok,,0
1199_BNG_echoMonths,regression,5000,9,True,A11 A21 A38 A41 A53 A61,,EN1,AdaBoost,True,,7,0.3950117676579528,0.033694724105094526,1.21,ok,,0
1199_BNG_echoMonths,regression,5000,9,True,A11 A21 A38 A41 A53 A61,,EN2,Gradient Boosting (GBM),True,,1,0.4401932976785282,0.03952543975547203,5.11,ok,,0
1199_BNG_echoMonths,regression,5000,9,True,A11 A21 A38 A41 A53 A61,,EN6,Stacking,True,,6,0.4387321222843933,0.03980513173616097,1.6,ok,,0
1199_BNG_echoMonths,regression,5000,9,True,A11 A21 A38 A41 A53 A61,,EN7,Voting Ensemble,True,,8,0.4338211807015722,0.03581070891795642,0.63,ok,,0
1199_BNG_echoMonths,regression,5000,9,True,A11 A21 A38 A41 A53 A61,,SV1,SVM (linear),True,,17,0.4002416790061899,0.05142425524619299,0.22,ok,,0
1199_BNG_echoMonths,regression,5000,9,True,A11 A21 A38 A41 A53 A61,,SV2,Kernel SVM (RBF/Poly),True,,13,0.4136741018509218,0.032657304218704004,4.61,ok,,0
1199_BNG_echoMonths,regression,5000,9,True,A11 A21 A38 A41 A53 A61,,IB1,k-Nearest Neighbors,True,,16,0.34940780288207635,0.025276297250706608,0.44,ok,,0
1199_BNG_echoMonths,regression,5000,9,True,A11 A21 A38 A41 A53 A61,,NN2,MLP (Feedforward),True,,9,0.42867776133529956,0.038013377915203726,40.52,ok,,0
1199_BNG_echoMonths,regression,5000,9,True,A11 A21 A38 A41 A53 A61,,EN3,XGBoost,True,,5,0.35980753981482405,0.0446185892891569,1.22,ok,,0
1199_BNG_echoMonths,regression,5000,9,True,A11 A21 A38 A41 A53 A61,,EN4,LightGBM,True,,3,0.43066805212438786,0.041714141886751134,2.62,ok,,0
1199_BNG_echoMonths,regression,5000,9,True,A11 A21 A38 A41 A53 A61,,BASE-HGB,Histogram Gradient Boosting (baseline),False,,,0.43119255059954986,0.04415216653465031,1.91,ok,,0
229_pwLinear,regression,200,10,False,A11 A21 A32 A41 A53 A61,,LM1,Linear Regression,False,needs A31 data (yours is A32),,0.7218971253074845,0.05879795666595543,0.11,ok,,1
229_pwLinear,regression,200,10,False,A11 A21 A32 A41 A53 A61,,LM1,Linear Regression,False,needs A31 data (yours is A32),,0.717124248382741,0.03583051797358206,0.1,ok,,2
229_pwLinear,regression,200,10,False,A11 A21 A32 A41 A53 A61,,LM3,Ridge Regression,False,needs A31 data (yours is A32),,0.722219760072168,0.05779799207086335,0.11,ok,,1
229_pwLinear,regression,200,10,False,A11 A21 A32 A41 A53 A61,,LM3,Ridge Regression,False,needs A31 data (yours is A32),,0.718889964726189,0.03590843765858182,0.09,ok,,2
229_pwLinear,regression,200,10,False,A11 A21 A32 A41 A53 A61,,LM4,Lasso Regression,True,,13,0.22329931795442573,0.058557886709285384,0.09,ok,,1
229_pwLinear,regression,200,10,False,A11 A21 A32 A41 A53 A61,,LM4,Lasso Regression,True,,13,0.23625097811123547,0.03536085941629476,0.09,ok,,2
229_pwLinear,regression,200,10,False,A11 A21 A32 A41 A53 A61,,LM5,Elastic Net,True,,14,0.25433005792977026,0.06322575489069056,0.09,ok,,1
229_pwLinear,regression,200,10,False,A11 A21 A32 A41 A53 A61,,LM5,Elastic Net,True,,14,0.27766103249418184,0.03688061421721971,0.1,ok,,2
229_pwLinear,regression,200,10,False,A11 A21 A32 A41 A53 A61,,LM6,Polynomial Regression,False,needs A31 data (yours is A32),,0.6572412590342337,0.07319198195147122,0.15,ok,,1
229_pwLinear,regression,200,10,False,A11 A21 A32 A41 A53 A61,,LM6,Polynomial Regression,False,needs A31 data (yours is A32),,0.6293243285084523,0.05886767839551303,0.12,ok,,2
229_pwLinear,regression,200,10,False,A11 A21 A32 A41 A53 A61,,LM7,Bayesian Linear Regression,False,needs A31 data (yours is A32),,0.7218960285941651,0.05624216613748339,0.1,ok,,1
229_pwLinear,regression,200,10,False,A11 A21 A32 A41 A53 A61,,LM7,Bayesian Linear Regression,False,needs A31 data (yours is A32),,0.7205605974568746,0.0361206463866991,0.1,ok,,2
229_pwLinear,regression,200,10,False,A11 A21 A32 A41 A53 A61,,TR1,Decision Tree,True,,10,0.6995533740548923,0.0689180761226776,0.19,ok,,1
229_pwLinear,regression,200,10,False,A11 A21 A32 A41 A53 A61,,TR1,Decision Tree,True,,10,0.7032099537157601,0.05435617109809961,0.14,ok,,2
229_pwLinear,regression,200,10,False,A11 A21 A32 A41 A53 A61,,TR2,Random Forest,True,,4,0.8244560409775797,0.03155241423293799,2.12,ok,,1
229_pwLinear,regression,200,10,False,A11 A21 A32 A41 A53 A61,,TR2,Random Forest,True,,4,0.8408207124210723,0.028339708146975697,2.16,ok,,2
229_pwLinear,regression,200,10,False,A11 A21 A32 A41 A53 A61,,TR3,Extra Trees,True,,2,0.722481389911316,0.058351773375981124,1.87,ok,,1
229_pwLinear,regression,200,10,False,A11 A21 A32 A41 A53 A61,,TR3,Extra Trees,True,,2,0.7328645918739436,0.040087772397166384,1.97,ok,,2
229_pwLinear,regression,200,10,False,A11 A21 A32 A41 A53 A61,,EN1,AdaBoost,True,,7,0.8283728050927577,0.02233371333108717,0.48,ok,,1
229_pwLinear,regression,200,10,False,A11 A21 A32 A41 A53 A61,,EN1,AdaBoost,True,,7,0.8429263920569371,0.03719225761630768,0.58,ok,,2
229_pwLinear,regression,200,10,False,A11 A21 A32 A41 A53 A61,,EN2,Gradient Boosting (GBM),True,,1,0.863666294178303,0.022481507289933155,0.47,ok,,1
229_pwLinear,regression,200,10,False,A11 A21 A32 A41 A53 A61,,EN2,Gradient Boosting (GBM),True,,1,0.8519348891392348,0.0302165514091786,0.44,ok,,2
229_pwLinear,regression,200,10,False,A11 A21 A32 A41 A53 A61,,EN6,Stacking,True,,6,0.8106881557646283,0.03813372555860717,4.19,ok,,1
229_pwLinear,regression,200,10,False,A11 A21 A32 A41 A53 A61,,EN6,Stacking,True,,6,0.8129396338857978,0.03331553696427984,0.47,ok,,2
229_pwLinear,regression,200,10,False,A11 A21 A32 A41 A53 A61,,EN7,Voting Ensemble,True,,8,0.7884911268819046,0.047751925207507914,0.18,ok,,1
229_pwLinear,regression,200,10,False,A11 A21 A32 A41 A53 A61,,EN7,Voting Ensemble,True,,8,0.7815190716049807,0.020838354761808186,0.16,ok,,2
229_pwLinear,regression,200,10,False,A11 A21 A32 A41 A53 A61,,SV1,SVM (linear),True,,12,0.7018049449355586,0.07807333800200401,0.09,ok,,1
229_pwLinear,regression,200,10,False,A11 A21 A32 A41 A53 A61,,SV1,SVM (linear),True,,12,0.7001695057627302,0.059859256801757736,0.09,ok,,2
229_pwLinear,regression,200,10,False,A11 A21 A32 A41 A53 A61,,SV2,Kernel SVM (RBF/Poly),True,,11,0.5123448278315287,0.08034241066614169,0.1,ok,,1
229_pwLinear,regression,200,10,False,A11 A21 A32 A41 A53 A61,,SV2,Kernel SVM (RBF/Poly),True,,11,0.5317410538069651,0.06886584547915862,0.09,ok,,2
229_pwLinear,regression,200,10,False,A11 A21 A32 A41 A53 A61,,IB1,k-Nearest Neighbors,False,needs A31 data (yours is A32),,0.49860682234132303,0.0773670136106951,0.08,ok,,1
229_pwLinear,regression,200,10,False,A11 A21 A32 A41 A53 A61,,IB1,k-Nearest Neighbors,False,needs A31 data (yours is A32),,0.49920523604108774,0.04009551687000456,0.1,ok,,2
229_pwLinear,regression,200,10,False,A11 A21 A32 A41 A53 A61,,NN2,MLP (Feedforward),True,,9,0.7792850164801866,0.028346715986122414,2.28,ok,,1
229_pwLinear,regression,200,10,False,A11 A21 A32 A41 A53 A61,,NN2,MLP (Feedforward),True,,9,0.7511870775485303,0.05102423489050298,2.22,ok,,2
229_pwLinear,regression,200,10,False,A11 A21 A32 A41 A53 A61,,EN3,XGBoost,True,,5,0.7913454590723544,0.030194291386454835,0.21,ok,,1
229_pwLinear,regression,200,10,False,A11 A21 A32 A41 A53 A61,,EN3,XGBoost,True,,5,0.8059109439354761,0.01666352666876881,0.21,ok,,2
229_pwLinear,regression,200,10,False,A11 A21 A32 A41 A53 A61,,EN4,LightGBM,True,,3,0.8509968807965954,0.020600282414869435,10.47,ok,,1
229_pwLinear,regression,200,10,False,A11 A21 A32 A41 A53 A61,,EN4,LightGBM,True,,3,0.8533880444352512,0.023591443732902978,17.01,ok,,2
229_pwLinear,regression,200,10,False,A11 A21 A32 A41 A53 A61,,BASE-HGB,Histogram Gradient Boosting (baseline),False,,,0.8509968807965954,0.020600282414869435,0.38,ok,,1
229_pwLinear,regression,200,10,False,A11 A21 A32 A41 A53 A61,,BASE-HGB,Histogram Gradient Boosting (baseline),False,,,0.8533880444352512,0.023591443732902978,0.35,ok,,2
695_chatfield_4,regression,235,12,False,A11 A21 A31 A41 A54 A61,,LM1,Linear Regression,True,,15,0.8567890296926379,0.028418835833340966,0.07,ok,,1
695_chatfield_4,regression,235,12,False,A11 A21 A31 A41 A54 A61,,LM1,Linear Regression,True,,15,0.857290475111623,0.017625807783115045,0.14,ok,,2
695_chatfield_4,regression,235,12,False,A11 A21 A31 A41 A54 A61,,LM3,Ridge Regression,True,,10,0.8584899257827111,0.028682143873039256,0.07,ok,,1
695_chatfield_4,regression,235,12,False,A11 A21 A31 A41 A54 A61,,LM3,Ridge Regression,True,,10,0.8589992498449538,0.017263879299615058,0.06,ok,,2
695_chatfield_4,regression,235,12,False,A11 A21 A31 A41 A54 A61,,LM4,Lasso Regression,True,,18,0.858767398755762,0.03497619155048828,0.06,ok,,1
695_chatfield_4,regression,235,12,False,A11 A21 A31 A41 A54 A61,,LM4,Lasso Regression,True,,18,0.8659491439703106,0.021766134711567277,0.06,ok,,2
695_chatfield_4,regression,235,12,False,A11 A21 A31 A41 A54 A61,,LM5,Elastic Net,True,,19,0.8338250756439475,0.05397775538013125,0.06,ok,,1
695_chatfield_4,regression,235,12,False,A11 A21 A31 A41 A54 A61,,LM5,Elastic Net,True,,19,0.8390571599171551,0.021309956275928243,0.06,ok,,2
695_chatfield_4,regression,235,12,False,A11 A21 A31 A41 A54 A61,,LM6,Polynomial Regression,True,,14,0.7738870655316914,0.10376087342209767,0.07,ok,,1
695_chatfield_4,regression,235,12,False,A11 A21 A31 A41 A54 A61,,LM6,Polynomial Regression,True,,14,0.8151962674405226,0.03350498772101874,0.07,ok,,2
695_chatfield_4,regression,235,12,False,A11 A21 A31 A41 A54 A61,,LM7,Bayesian Linear Regression,True,,11,0.8595632776103482,0.029197561376978945,0.07,ok,,1
695_chatfield_4,regression,235,12,False,A11 A21 A31 A41 A54 A61,,LM7,Bayesian Linear Regression,True,,11,0.8601440329403036,0.01707310604185386,0.06,ok,,2
695_chatfield_4,regression,235,12,False,A11 A21 A31 A41 A54 A61,,TR1,Decision Tree,True,,12,0.738709898356411,0.04177905365614245,0.06,ok,,1
695_chatfield_4,regression,235,12,False,A11 A21 A31 A41 A54 A61,,TR1,Decision Tree,True,,12,0.6803949644126683,0.10807738343358514,0.06,ok,,2
695_chatfield_4,regression,235,12,False,A11 A21 A31 A41 A54 A61,,TR2,Random Forest,True,,4,0.8216919046607185,0.03098494466727132,2.24,ok,,1
695_chatfield_4,regression,235,12,False,A11 A21 A31 A41 A54 A61,,TR2,Random Forest,True,,4,0.8249713341954209,0.03358504533325113,2.23,ok,,2
695_chatfield_4,regression,235,12,False,A11 A21 A31 A41 A54 A61,,TR3,Extra Trees,True,,2,0.8323811391042909,0.023144147325417485,1.49,ok,,1
695_chatfield_4,regression,235,12,False,A11 A21 A31 A41 A54 A61,,TR3,Extra Trees,True,,2,0.8344682347230041,0.027682492763600658,1.57,ok,,2
695_chatfield_4,regression,235,12,False,A11 A21 A31 A41 A54 A61,,EN1,AdaBoost,True,,7,0.8307685297172416,0.01746885340268284,0.5,ok,,1
695_chatfield_4,regression,235,12,False,A11 A21 A31 A41 A54 A61,,EN1,AdaBoost,True,,7,0.8089873384210087,0.03836132211559385,0.5,ok,,2
695_chatfield_4,regression,235,12,False,A11 A21 A31 A41 A54 A61,,EN2,Gradient Boosting (GBM),True,,1,0.7872950978891384,0.02987591857129885,0.63,ok,,1
695_chatfield_4,regression,235,12,False,A11 A21 A31 A41 A54 A61,,EN2,Gradient Boosting (GBM),True,,1,0.7713410635908692,0.07200099140604037,0.64,ok,,2
695_chatfield_4,regression,235,12,False,A11 A21 A31 A41 A54 A61,,EN6,Stacking,True,,6,0.861448133699762,0.02980575788010499,0.5,ok,,1
695_chatfield_4,regression,235,12,False,A11 A21 A31 A41 A54 A61,,EN6,Stacking,True,,6,0.8533617299263963,0.017780580892813685,0.44,ok,,2
695_chatfield_4,regression,235,12,False,A11 A21 A31 A41 A54 A61,,EN7,Voting Ensemble,True,,8,0.8470818405235088,0.030639340126878207,0.16,ok,,1
695_chatfield_4,regression,235,12,False,A11 A21 A31 A41 A54 A61,,EN7,Voting Ensemble,True,,8,0.8355569846069925,0.03481466597668083,0.15,ok,,2
695_chatfield_4,regression,235,12,False,A11 A21 A31 A41 A54 A61,,SV1,SVM (linear),True,,17,0.8122223536363691,0.07626607618972443,0.06,ok,,1
695_chatfield_4,regression,235,12,False,A11 A21 A31 A41 A54 A61,,SV1,SVM (linear),True,,17,0.8226411476100928,0.022408738354415782,0.06,ok,,2
695_chatfield_4,regression,235,12,False,A11 A21 A31 A41 A54 A61,,SV2,Kernel SVM (RBF/Poly),True,,13,0.3722997244264629,0.08360007916084357,0.07,ok,,1
695_chatfield_4,regression,235,12,False,A11 A21 A31 A41 A54 A61,,SV2,Kernel SVM (RBF/Poly),True,,13,0.3682009395149642,0.15525755862324722,0.1,ok,,2
695_chatfield_4,regression,235,12,False,A11 A21 A31 A41 A54 A61,,IB1,k-Nearest Neighbors,True,,16,0.8045222200716111,0.04025256497099721,0.07,ok,,1
695_chatfield_4,regression,235,12,False,A11 A21 A31 A41 A54 A61,,IB1,k-Nearest Neighbors,True,,16,0.8017181991365149,0.05384034331102449,0.09,ok,,2
695_chatfield_4,regression,235,12,False,A11 A21 A31 A41 A54 A61,,NN2,MLP (Feedforward),True,,9,0.6905189661170925,0.09279755216651489,2.06,ok,,1
695_chatfield_4,regression,235,12,False,A11 A21 A31 A41 A54 A61,,NN2,MLP (Feedforward),True,,9,0.7024432808159896,0.047512239911669474,2.0,ok,,2
695_chatfield_4,regression,235,12,False,A11 A21 A31 A41 A54 A61,,EN3,XGBoost,True,,5,0.7921390578859848,0.04538884562162591,0.59,ok,,1
695_chatfield_4,regression,235,12,False,A11 A21 A31 A41 A54 A61,,EN3,XGBoost,True,,5,0.8068305324662589,0.032247571049922166,0.61,ok,,2
695_chatfield_4,regression,235,12,False,A11 A21 A31 A41 A54 A61,,EN4,LightGBM,True,,3,0.7893699453854005,0.04900522540044593,10.68,ok,,1
695_chatfield_4,regression,235,12,False,A11 A21 A31 A41 A54 A61,,EN4,LightGBM,True,,3,0.807215807491405,0.03322089835636454,8.18,ok,,2
695_chatfield_4,regression,235,12,False,A11 A21 A31 A41 A54 A61,,BASE-HGB,Histogram Gradient Boosting (baseline),False,,,0.7995926368678514,0.0431773009098623,0.38,ok,,1
695_chatfield_4,regression,235,12,False,A11 A21 A31 A41 A54 A61,,BASE-HGB,Histogram Gradient Boosting (baseline),False,,,0.803996218245123,0.041328768993550535,0.35,ok,,2
635_fri_c0_250_10,regression,250,10,False,A11 A21 A31 A41 A53 A61,,LM1,Linear Regression,True,,15,0.6212468195127266,0.08191168693104454,0.06,ok,,1
635_fri_c0_250_10,regression,250,10,False,A11 A21 A31 A41 A53 A61,,LM1,Linear Regression,True,,15,0.6319898577472232,0.03517823336197172,0.05,ok,,2
635_fri_c0_250_10,regression,250,10,False,A11 A21 A31 A41 A53 A61,,LM3,Ridge Regression,True,,10,0.6215373343372746,0.08110658652885201,0.05,ok,,1
635_fri_c0_250_10,regression,250,10,False,A11 A21 A31 A41 A53 A61,,LM3,Ridge Regression,True,,10,0.6322481961204864,0.0344749473719582,0.05,ok,,2
635_fri_c0_250_10,regression,250,10,False,A11 A21 A31 A41 A53 A61,,LM4,Lasso Regression,True,,18,-0.028013520423689632,0.0332856746296917,0.05,ok,,1
635_fri_c0_250_10,regression,250,10,False,A11 A21 A31 A41 A53 A61,,LM4,Lasso Regression,True,,18,-0.018387209618313704,0.012074937917837732,0.05,ok,,2
635_fri_c0_250_10,regression,250,10,False,A11 A21 A31 A41 A53 A61,,LM5,Elastic Net,True,,19,0.025797979765494694,0.021265932748405693,0.06,ok,,1
635_fri_c0_250_10,regression,250,10,False,A11 A21 A31 A41 A53 A61,,LM5,Elastic Net,True,,19,0.03629506670725487,0.0112291156556829,0.06,ok,,2
635_fri_c0_250_10,regression,250,10,False,A11 A21 A31 A41 A53 A61,,LM6,Polynomial Regression,True,,14,0.7675645368414244,0.0478791194504703,0.07,ok,,1
635_fri_c0_250_10,regression,250,10,False,A11 A21 A31 A41 A53 A61,,LM6,Polynomial Regression,True,,14,0.7641167746139325,0.015903109609445566,0.08,ok,,2
635_fri_c0_250_10,regression,250,10,False,A11 A21 A31 A41 A53 A61,,LM7,Bayesian Linear Regression,True,,11,0.6220109484563819,0.07803656032051777,0.06,ok,,1
635_fri_c0_250_10,regression,250,10,False,A11 A21 A31 A41 A53 A61,,LM7,Bayesian Linear Regression,True,,11,0.632762527831604,0.03212077580205622,0.06,ok,,2
635_fri_c0_250_10,regression,250,10,False,A11 A21 A31 A41 A53 A61,,TR1,Decision Tree,True,,12,0.4346177927204634,0.17171770897601113,0.06,ok,,1
635_fri_c0_250_10,regression,250,10,False,A11 A21 A31 A41 A53 A61,,TR1,Decision Tree,True,,12,0.4369587735547301,0.09435045490650229,0.06,ok,,2
635_fri_c0_250_10,regression,250,10,False,A11 A21 A31 A41 A53 A61,,TR2,Random Forest,True,,4,0.7295903480267503,0.05785641627235996,2.19,ok,,1
635_fri_c0_250_10,regression,250,10,False,A11 A21 A31 A41 A53 A61,,TR2,Random Forest,True,,4,0.724397718961868,0.04177639320919483,2.23,ok,,2
635_fri_c0_250_10,regression,250,10,False,A11 A21 A31 A41 A53 A61,,TR3,Extra Trees,True,,2,0.773264316575593,0.044209325210240936,1.6,ok,,1
635_fri_c0_250_10,regression,250,10,False,A11 A21 A31 A41 A53 A61,,TR3,Extra Trees,True,,2,0.7586106709520267,0.0258340472764882,1.62,ok,,2
635_fri_c0_250_10,regression,250,10,False,A11 A21 A31 A41 A53 A61,,EN1,AdaBoost,True,,7,0.7010163694949219,0.03645209782139265,0.49,ok,,1
635_fri_c0_250_10,regression,250,10,False,A11 A21 A31 A41 A53 A61,,EN1,AdaBoost,True,,7,0.7037412301286994,0.010148213584598605,0.48,ok,,2
635_fri_c0_250_10,regression,250,10,False,A11 A21 A31 A41 A53 A61,,EN2,Gradient Boosting (GBM),True,,1,0.8021802852221231,0.029978972250182256,0.58,ok,,1
635_fri_c0_250_10,regression,250,10,False,A11 A21 A31 A41 A53 A61,,EN2,Gradient Boosting (GBM),True,,1,0.8019943258399136,0.04440829218062115,0.63,ok,,2
635_fri_c0_250_10,regression,250,10,False,A11 A21 A31 A41 A53 A61,,EN6,Stacking,True,,6,0.7182837833445836,0.06144837085732309,0.43,ok,,1
635_fri_c0_250_10,regression,250,10,False,A11 A21 A31 A41 A53 A61,,EN6,Stacking,True,,6,0.701769384449563,0.01919822087540906,0.43,ok,,2
635_fri_c0_250_10,regression,250,10,False,A11 A21 A31 A41 A53 A61,,EN7,Voting Ensemble,True,,8,0.7092242510825814,0.0492090969816134,0.13,ok,,1
635_fri_c0_250_10,regression,250,10,False,A11 A21 A31 A41 A53 A61,,EN7,Voting Ensemble,True,,8,0.6869063126882619,0.01794057462147023,0.13,ok,,2
635_fri_c0_250_10,regression,250,10,False,A11 A21 A31 A41 A53 A61,,SV1,SVM (linear),True,,17,0.596173815265245,0.07562903925847811,0.06,ok,,1
635_fri_c0_250_10,regression,250,10,False,A11 A21 A31 A41 A53 A61,,SV1,SVM (linear),True,,17,0.5914054124418946,0.08414338659330352,0.1,ok,,2
635_fri_c0_250_10,regression,250,10,False,A11 A21 A31 A41 A53 A61,,SV2,Kernel SVM (RBF/Poly),True,,13,0.7590674882031532,0.031613700115903164,0.08,ok,,1
635_fri_c0_250_10,regression,250,10,False,A11 A21 A31 A41 A53 A61,,SV2,Kernel SVM (RBF/Poly),True,,13,0.7539920288314524,0.024438049598167113,0.06,ok,,2
635_fri_c0_250_10,regression,250,10,False,A11 A21 A31 A41 A53 A61,,IB1,k-Nearest Neighbors,True,,16,0.5401695929161885,0.07137850739391007,0.05,ok,,1
635_fri_c0_250_10,regression,250,10,False,A11 A21 A31 A41 A53 A61,,IB1,k-Nearest Neighbors,True,,16,0.5539015934053177,0.03807178341267876,0.05,ok,,2
635_fri_c0_250_10,regression,250,10,False,A11 A21 A31 A41 A53 A61,,NN2,MLP (Feedforward),True,,9,0.7943323985588305,0.04402530604816672,1.23,ok,,1
635_fri_c0_250_10,regression,250,10,False,A11 A21 A31 A41 A53 A61,,NN2,MLP (Feedforward),True,,9,0.7463856214639482,0.03873619717417625,1.14,ok,,2
635_fri_c0_250_10,regression,250,10,False,A11 A21 A31 A41 A53 A61,,EN3,XGBoost,True,,5,0.7316356857218204,0.05059956958269863,0.49,ok,,1
635_fri_c0_250_10,regression,250,10,False,A11 A21 A31 A41 A53 A61,,EN3,XGBoost,True,,5,0.7209189520134976,0.034839063747793636,0.51,ok,,2
635_fri_c0_250_10,regression,250,10,False,A11 A21 A31 A41 A53 A61,,EN4,LightGBM,True,,3,0.8189498551205855,0.028458858405225645,17.47,ok,,1
635_fri_c0_250_10,regression,250,10,False,A11 A21 A31 A41 A53 A61,,EN4,LightGBM,True,,3,0.8216917873104294,0.03151445072781343,4.44,ok,,2
635_fri_c0_250_10,regression,250,10,False,A11 A21 A31 A41 A53 A61,,BASE-HGB,Histogram Gradient Boosting (baseline),False,,,0.8183917042292645,0.030983070816928526,0.41,ok,,1
635_fri_c0_250_10,regression,250,10,False,A11 A21 A31 A41 A53 A61,,BASE-HGB,Histogram Gradient Boosting (baseline),False,,,0.8243303572266514,0.02639683482336613,0.42,ok,,2
596_fri_c2_250_5,regression,250,5,False,A11 A21 A31 A41 A54 A61,,LM1,Linear Regression,True,,15,0.27683522069869515,0.05128414374277943,0.05,ok,,1
596_fri_c2_250_5,regression,250,5,False,A11 A21 A31 A41 A54 A61,,LM1,Linear Regression,True,,15,0.2606790733473091,0.10364317989155547,0.05,ok,,2
596_fri_c2_250_5,regression,250,5,False,A11 A21 A31 A41 A54 A61,,LM3,Ridge Regression,True,,10,0.27848714100182714,0.04698052953177973,0.05,ok,,1
596_fri_c2_250_5,regression,250,5,False,A11 A21 A31 A41 A54 A61,,LM3,Ridge Regression,True,,10,0.26117603687061763,0.1027644201407877,0.05,ok,,2
596_fri_c2_250_5,regression,250,5,False,A11 A21 A31 A41 A54 A61,,LM4,Lasso Regression,True,,18,-0.004503371103098619,0.005655326436226628,0.05,ok,,1
596_fri_c2_250_5,regression,250,5,False,A11 A21 A31 A41 A54 A61,,LM4,Lasso Regression,True,,18,-0.053288661228675684,0.04161042519182123,0.05,ok,,2
596_fri_c2_250_5,regression,250,5,False,A11 A21 A31 A41 A54 A61,,LM5,Elastic Net,True,,19,-0.004503371103098619,0.005655326436226628,0.05,ok,,1
596_fri_c2_250_5,regression,250,5,False,A11 A21 A31 A41 A54 A61,,LM5,Elastic Net,True,,19,-0.053288661228675684,0.04161042519182123,0.05,ok,,2
596_fri_c2_250_5,regression,250,5,False,A11 A21 A31 A41 A54 A61,,LM6,Polynomial Regression,True,,14,0.26370025475000153,0.06164014892890708,0.06,ok,,1
596_fri_c2_250_5,regression,250,5,False,A11 A21 A31 A41 A54 A61,,LM6,Polynomial Regression,True,,14,0.21401804271363994,0.11898811005471731,0.06,ok,,2
596_fri_c2_250_5,regression,250,5,False,A11 A21 A31 A41 A54 A61,,LM7,Bayesian Linear Regression,True,,11,0.27849705390144147,0.031420151009708325,0.06,ok,,1
596_fri_c2_250_5,regression,250,5,False,A11 A21 A31 A41 A54 A61,,LM7,Bayesian Linear Regression,True,,11,0.2605608127679992,0.09883116996761863,0.05,ok,,2
596_fri_c2_250_5,regression,250,5,False,A11 A21 A31 A41 A54 A61,,TR1,Decision Tree,True,,12,0.7185197280702389,0.06357662248135824,0.05,ok,,1
596_fri_c2_250_5,regression,250,5,False,A11 A21 A31 A41 A54 A61,,TR1,Decision Tree,True,,12,0.6176959639627229,0.13191984649002486,0.06,ok,,2
596_fri_c2_250_5,regression,250,5,False,A11 A21 A31 A41 A54 A61,,TR2,Random Forest,True,,4,0.8270319583333693,0.056326048654797914,2.04,ok,,1
596_fri_c2_250_5,regression,250,5,False,A11 A21 A31 A41 A54 A61,,TR2,Random Forest,True,,4,0.8268042857035208,0.04223878628805717,1.81,ok,,2
596_fri_c2_250_5,regression,250,5,False,A11 A21 A31 A41 A54 A61,,TR3,Extra Trees,True,,2,0.8892817989311496,0.03168037437590142,1.39,ok,,1
596_fri_c2_250_5,regression,250,5,False,A11 A21 A31 A41 A54 A61,,TR3,Extra Trees,True,,2,0.8879250518812393,0.041714383903265435,1.33,ok,,2
596_fri_c2_250_5,regression,250,5,False,A11 A21 A31 A41 A54 A61,,EN1,AdaBoost,True,,7,0.7620003795631145,0.025984707267736672,0.44,ok,,1
596_fri_c2_250_5,regression,250,5,False,A11 A21 A31 A41 A54 A61,,EN1,AdaBoost,True,,7,0.7625713617205407,0.0283937029410253,0.47,ok,,2
596_fri_c2_250_5,regression,250,5,False,A11 A21 A31 A41 A54 A61,,EN2,Gradient Boosting (GBM),True,,1,0.860544650375552,0.04337537352131233,0.44,ok,,1
596_fri_c2_250_5,regression,250,5,False,A11 A21 A31 A41 A54 A61,,EN2,Gradient Boosting (GBM),True,,1,0.8651551785136766,0.031925370525789296,0.43,ok,,2
596_fri_c2_250_5,regression,250,5,False,A11 A21 A31 A41 A54 A61,,EN6,Stacking,True,,6,0.8032986306478163,0.04370059341344315,0.38,ok,,1
596_fri_c2_250_5,regression,250,5,False,A11 A21 A31 A41 A54 A61,,EN6,Stacking,True,,6,0.7551086312910863,0.07100534450416246,0.42,ok,,2
596_fri_c2_250_5,regression,250,5,False,A11 A21 A31 A41 A54 A61,,EN7,Voting Ensemble,True,,8,0.7264818402021739,0.041523658015522893,0.13,ok,,1
596_fri_c2_250_5,regression,250,5,False,A11 A21 A31 A41 A54 A61,,EN7,Voting Ensemble,True,,8,0.6842854110988081,0.06184024447574776,0.13,ok,,2
596_fri_c2_250_5,regression,250,5,False,A11 A21 A31 A41 A54 A61,,SV1,SVM (linear),True,,17,0.2644203260493326,0.05540774218419782,0.05,ok,,1
596_fri_c2_250_5,regression,250,5,False,A11 A21 A31 A41 A54 A61,,SV1,SVM (linear),True,,17,0.25262323228761296,0.11185460457511014,0.05,ok,,2
596_fri_c2_250_5,regression,250,5,False,A11 A21 A31 A41 A54 A61,,SV2,Kernel SVM (RBF/Poly),True,,13,0.7083511968403284,0.05868996605304317,0.06,ok,,1
596_fri_c2_250_5,regression,250,5,False,A11 A21 A31 A41 A54 A61,,SV2,Kernel SVM (RBF/Poly),True,,13,0.683501122678541,0.07613626056043926,0.06,ok,,2
596_fri_c2_250_5,regression,250,5,False,A11 A21 A31 A41 A54 A61,,IB1,k-Nearest Neighbors,True,,16,0.7296513762168388,0.047083969518585504,0.05,ok,,1
596_fri_c2_250_5,regression,250,5,False,A11 A21 A31 A41 A54 A61,,IB1,k-Nearest Neighbors,True,,16,0.6950293982148985,0.046099421072727916,0.05,ok,,2
596_fri_c2_250_5,regression,250,5,False,A11 A21 A31 A41 A54 A61,,NN2,MLP (Feedforward),True,,9,0.8559553204118522,0.09143797952341365,1.42,ok,,1
596_fri_c2_250_5,regression,250,5,False,A11 A21 A31 A41 A54 A61,,NN2,MLP (Feedforward),True,,9,0.8397547072441924,0.09606449631405824,1.55,ok,,2
596_fri_c2_250_5,regression,250,5,False,A11 A21 A31 A41 A54 A61,,EN3,XGBoost,True,,5,0.8553432507774577,0.05691609081216558,0.32,ok,,1
596_fri_c2_250_5,regression,250,5,False,A11 A21 A31 A41 A54 A61,,EN3,XGBoost,True,,5,0.8322398124729758,0.04834672492970091,0.38,ok,,2
596_fri_c2_250_5,regression,250,5,False,A11 A21 A31 A41 A54 A61,,EN4,LightGBM,True,,3,0.8447846811114171,0.04497745030871079,33.23,ok,,1
596_fri_c2_250_5,regression,250,5,False,A11 A21 A31 A41 A54 A61,,EN4,LightGBM,True,,3,0.8475972493662279,0.022069720045368186,12.61,ok,,2
596_fri_c2_250_5,regression,250,5,False,A11 A21 A31 A41 A54 A61,,BASE-HGB,Histogram Gradient Boosting (baseline),False,,,0.8472247406293297,0.044423674876450096,0.34,ok,,1
596_fri_c2_250_5,regression,250,5,False,A11 A21 A31 A41 A54 A61,,BASE-HGB,Histogram Gradient Boosting (baseline),False,,,0.8584963923267678,0.034669933085732636,0.34,ok,,2
653_fri_c0_250_25,regression,250,25,False,A11 A21 A31 A41 A54 A61,,LM1,Linear Regression,True,,15,0.6555391414689951,0.1610879087249594,0.09,ok,,1
653_fri_c0_250_25,regression,250,25,False,A11 A21 A31 A41 A54 A61,,LM1,Linear Regression,True,,15,0.6793033720580033,0.06340623275242133,0.08,ok,,2
653_fri_c0_250_25,regression,250,25,False,A11 A21 A31 A41 A54 A61,,LM3,Ridge Regression,True,,10,0.6565165342980228,0.15955522447009923,0.07,ok,,1
653_fri_c0_250_25,regression,250,25,False,A11 A21 A31 A41 A54 A61,,LM3,Ridge Regression,True,,10,0.6798570607811993,0.06277391485276491,0.06,ok,,2
653_fri_c0_250_25,regression,250,25,False,A11 A21 A31 A41 A54 A61,,LM4,Lasso Regression,True,,18,-0.021928470995844895,0.013063162102573826,0.07,ok,,1
653_fri_c0_250_25,regression,250,25,False,A11 A21 A31 A41 A54 A61,,LM4,Lasso Regression,True,,18,-0.008167199243191625,0.008836381926312508,0.06,ok,,2
653_fri_c0_250_25,regression,250,25,False,A11 A21 A31 A41 A54 A61,,LM5,Elastic Net,True,,19,0.033111961746326204,0.022042202269626297,0.06,ok,,1
653_fri_c0_250_25,regression,250,25,False,A11 A21 A31 A41 A54 A61,,LM5,Elastic Net,True,,19,0.04489343645571549,0.017713577458427294,0.06,ok,,2
653_fri_c0_250_25,regression,250,25,False,A11 A21 A31 A41 A54 A61,,LM6,Polynomial Regression,True,,14,0.16561418743080963,0.1800704986207158,0.08,ok,,1
653_fri_c0_250_25,regression,250,25,False,A11 A21 A31 A41 A54 A61,,LM6,Polynomial Regression,True,,14,0.22674654584557005,0.11396270983461414,0.08,ok,,2
653_fri_c0_250_25,regression,250,25,False,A11 A21 A31 A41 A54 A61,,LM7,Bayesian Linear Regression,True,,11,0.6599553130149836,0.1500897218087015,0.07,ok,,1
653_fri_c0_250_25,regression,250,25,False,A11 A21 A31 A41 A54 A61,,LM7,Bayesian Linear Regression,True,,11,0.6815311502847076,0.058287343549507285,0.06,ok,,2
653_fri_c0_250_25,regression,250,25,False,A11 A21 A31 A41 A54 A61,,TR1,Decision Tree,True,,12,0.2688340923091984,0.2119038107487754,0.07,ok,,1
653_fri_c0_250_25,regression,250,25,False,A11 A21 A31 A41 A54 A61,,TR1,Decision Tree,True,,12,0.3059880434754992,0.22025207189803275,0.07,ok,,2
653_fri_c0_250_25,regression,250,25,False,A11 A21 A31 A41 A54 A61,,TR2,Random Forest,True,,4,0.6961655515093537,0.05317977699445445,3.23,ok,,1
653_fri_c0_250_25,regression,250,25,False,A11 A21 A31 A41 A54 A61,,TR2,Random Forest,True,,4,0.7094707198452455,0.04479079335274347,3.04,ok,,2
653_fri_c0_250_25,regression,250,25,False,A11 A21 A31 A41 A54 A61,,TR3,Extra Trees,True,,2,0.7369148437366937,0.03290420585389189,2.08,ok,,1
653_fri_c0_250_25,regression,250,25,False,A11 A21 A31 A41 A54 A61,,TR3,Extra Trees,True,,2,0.7379711223904538,0.025854428266305716,2.09,ok,,2
653_fri_c0_250_25,regression,250,25,False,A11 A21 A31 A41 A54 A61,,EN1,AdaBoost,True,,7,0.6824538675523486,0.06182420547551258,0.62,ok,,1
653_fri_c0_250_25,regression,250,25,False,A11 A21 A31 A41 A54 A61,,EN1,AdaBoost,True,,7,0.7025339015940357,0.04515251517605834,0.62,ok,,2
653_fri_c0_250_25,regression,250,25,False,A11 A21 A31 A41 A54 A61,,EN2,Gradient Boosting (GBM),True,,1,0.7792663756041067,0.05862236328597154,1.01,ok,,1
653_fri_c0_250_25,regression,250,25,False,A11 A21 A31 A41 A54 A61,,EN2,Gradient Boosting (GBM),True,,1,0.7682247434130987,0.0542400971782431,0.93,ok,,2
653_fri_c0_250_25,regression,250,25,False,A11 A21 A31 A41 A54 A61,,EN6,Stacking,True,,6,0.6762951472385323,0.14139900765428287,0.48,ok,,1
653_fri_c0_250_25,regression,250,25,False,A11 A21 A31 A41 A54 A61,,EN6,Stacking,True,,6,0.6990229452047954,0.04847765423759725,0.48,ok,,2
653_fri_c0_250_25,regression,250,25,False,A11 A21 A31 A41 A54 A61,,EN7,Voting Ensemble,True,,8,0.6413120440924347,0.10771519910753237,0.15,ok,,1
653_fri_c0_250_25,regression,250,25,False,A11 A21 A31 A41 A54 A61,,EN7,Voting Ensemble,True,,8,0.6448076980366604,0.0463695521760031,0.2,ok,,2
653_fri_c0_250_25,regression,250,25,False,A11 A21 A31 A41 A54 A61,,SV1,SVM (linear),True,,17,0.640663146976262,0.16574502908773053,0.13,ok,,1
653_fri_c0_250_25,regression,250,25,False,A11 A21 A31 A41 A54 A61,,SV1,SVM (linear),True,,17,0.6789087745939195,0.07043752066090497,0.11,ok,,2
653_fri_c0_250_25,regression,250,25,False,A11 A21 A31 A41 A54 A61,,SV2,Kernel SVM (RBF/Poly),True,,13,0.6222129069728337,0.0770146968990168,0.08,ok,,1
653_fri_c0_250_25,regression,250,25,False,A11 A21 A31 A41 A54 A61,,SV2,Kernel SVM (RBF/Poly),True,,13,0.6220590564721048,0.04849272075995956,0.08,ok,,2
653_fri_c0_250_25,regression,250,25,False,A11 A21 A31 A41 A54 A61,,IB1,k-Nearest Neighbors,True,,16,0.36259085798078383,0.11956070333525105,0.07,ok,,1
653_fri_c0_250_25,regression,250,25,False,A11 A21 A31 A41 A54 A61,,IB1,k-Nearest Neighbors,True,,16,0.310802074356322,0.0792165617226402,0.06,ok,,2
653_fri_c0_250_25,regression,250,25,False,A11 A21 A31 A41 A54 A61,,NN2,MLP (Feedforward),True,,9,0.5975965416725249,0.20143637250643387,0.92,ok,,1
653_fri_c0_250_25,regression,250,25,False,A11 A21 A31 A41 A54 A61,,NN2,MLP (Feedforward),True,,9,0.5826838386181086,0.043495582541355826,0.92,ok,,2
653_fri_c0_250_25,regression,250,25,False,A11 A21 A31 A41 A54 A61,,EN3,XGBoost,True,,5,0.6731877709855135,0.07860234339010122,1.09,ok,,1
653_fri_c0_250_25,regression,250,25,False,A11 A21 A31 A41 A54 A61,,EN3,XGBoost,True,,5,0.668482842946719,0.07227597377166545,0.97,ok,,2
653_fri_c0_250_25,regression,250,25,False,A11 A21 A31 A41 A54 A61,,EN4,LightGBM,True,,3,0.7880354632161868,0.09160215985103501,18.31,ok,,1
653_fri_c0_250_25,regression,250,25,False,A11 A21 A31 A41 A54 A61,,EN4,LightGBM,True,,3,0.7855454021610919,0.034997453500129755,39.02,ok,,2
653_fri_c0_250_25,regression,250,25,False,A11 A21 A31 A41 A54 A61,,BASE-HGB,Histogram Gradient Boosting (baseline),False,,,0.7802423673467114,0.09116529986961688,0.51,ok,,1
653_fri_c0_250_25,regression,250,25,False,A11 A21 A31 A41 A54 A61,,BASE-HGB,Histogram Gradient Boosting (baseline),False,,,0.7799140955924384,0.04592406061368365,0.42,ok,,2
nikuradse_1,regression,362,2,False,A11 A21 A31 A41 A54 A61,,LM1,Linear Regression,True,,15,0.6457492054125751,0.049081343016180626,0.05,ok,,1
nikuradse_1,regression,362,2,False,A11 A21 A31 A41 A54 A61,,LM1,Linear Regression,True,,15,0.6478217407611513,0.048284298171388906,0.05,ok,,2
nikuradse_1,regression,362,2,False,A11 A21 A31 A41 A54 A61,,LM3,Ridge Regression,True,,10,0.6457940865013082,0.04911866880812545,0.05,ok,,1
nikuradse_1,regression,362,2,False,A11 A21 A31 A41 A54 A61,,LM3,Ridge Regression,True,,10,0.6478354601383556,0.04810651171130115,0.07,ok,,2
nikuradse_1,regression,362,2,False,A11 A21 A31 A41 A54 A61,,LM4,Lasso Regression,True,,18,-0.011673067865786724,0.00747331995617938,0.06,ok,,1
nikuradse_1,regression,362,2,False,A11 A21 A31 A41 A54 A61,,LM4,Lasso Regression,True,,18,-0.022572464901368994,0.015331423614134785,0.05,ok,,2
nikuradse_1,regression,362,2,False,A11 A21 A31 A41 A54 A61,,LM5,Elastic Net,True,,19,-0.011673067865786724,0.00747331995617938,0.05,ok,,1
nikuradse_1,regression,362,2,False,A11 A21 A31 A41 A54 A61,,LM5,Elastic Net,True,,19,-0.022572464901368994,0.015331423614134785,0.05,ok,,2
nikuradse_1,regression,362,2,False,A11 A21 A31 A41 A54 A61,,LM6,Polynomial Regression,True,,14,0.8789107695210555,0.016150755916461604,0.06,ok,,1
nikuradse_1,regression,362,2,False,A11 A21 A31 A41 A54 A61,,LM6,Polynomial Regression,True,,14,0.8772997809347265,0.009002952471680595,0.05,ok,,2
nikuradse_1,regression,362,2,False,A11 A21 A31 A41 A54 A61,,LM7,Bayesian Linear Regression,True,,11,0.6457938933743147,0.04911078262407156,0.05,ok,,1
nikuradse_1,regression,362,2,False,A11 A21 A31 A41 A54 A61,,LM7,Bayesian Linear Regression,True,,11,0.6478234106742959,0.04807508119347791,0.05,ok,,2
nikuradse_1,regression,362,2,False,A11 A21 A31 A41 A54 A61,,TR1,Decision Tree,True,,12,0.9975138959778406,0.0007720522142794785,0.05,ok,,1
nikuradse_1,regression,362,2,False,A11 A21 A31 A41 A54 A61,,TR1,Decision Tree,True,,12,0.9977160012775643,0.0004352120184534174,0.05,ok,,2
nikuradse_1,regression,362,2,False,A11 A21 A31 A41 A54 A61,,TR2,Random Forest,True,,4,0.998219895226911,0.000508323574068114,1.64,ok,,1
nikuradse_1,regression,362,2,False,A11 A21 A31 A41 A54 A61,,TR2,Random Forest,True,,4,0.9983053805962403,0.0004595646996672467,1.64,ok,,2
nikuradse_1,regression,362,2,False,A11 A21 A31 A41 A54 A61,,TR3,Extra Trees,True,,2,0.998544662461789,0.0004317280038636207,1.25,ok,,1
nikuradse_1,regression,362,2,False,A11 A21 A31 A41 A54 A61,,TR3,Extra Trees,True,,2,0.9984013007351653,0.0006779137691453363,1.35,ok,,2
nikuradse_1,regression,362,2,False,A11 A21 A31 A41 A54 A61,,EN1,AdaBoost,True,,7,0.9797113313389196,0.003933767157629517,0.32,ok,,1
nikuradse_1,regression,362,2,False,A11 A21 A31 A41 A54 A61,,EN1,AdaBoost,True,,7,0.9779119199682436,0.002295431551343281,0.29,ok,,2
nikuradse_1,regression,362,2,False,A11 A21 A31 A41 A54 A61,,EN2,Gradient Boosting (GBM),True,,1,0.9966708620486034,0.0005823604892248052,0.36,ok,,1
nikuradse_1,regression,362,2,False,A11 A21 A31 A41 A54 A61,,EN2,Gradient Boosting (GBM),True,,1,0.9968748116051988,0.0003683106888958589,0.42,ok,,2
nikuradse_1,regression,362,2,False,A11 A21 A31 A41 A54 A61,,EN6,Stacking,True,,6,0.977333692172143,0.007828089114816889,0.49,ok,,1
nikuradse_1,regression,362,2,False,A11 A21 A31 A41 A54 A61,,EN6,Stacking,True,,6,0.9625485897905881,0.018834386437222576,0.42,ok,,2
nikuradse_1,regression,362,2,False,A11 A21 A31 A41 A54 A61,,EN7,Voting Ensemble,True,,8,0.9415187447795124,0.010956482902866509,0.13,ok,,1
nikuradse_1,regression,362,2,False,A11 A21 A31 A41 A54 A61,,EN7,Voting Ensemble,True,,8,0.9409146003026585,0.008214440456504452,0.14,ok,,2
nikuradse_1,regression,362,2,False,A11 A21 A31 A41 A54 A61,,SV1,SVM (linear),True,,17,0.6135132033186155,0.04741183821775879,0.07,ok,,1
nikuradse_1,regression,362,2,False,A11 A21 A31 A41 A54 A61,,SV1,SVM (linear),True,,17,0.6157742635253225,0.05943480476282488,0.06,ok,,2
nikuradse_1,regression,362,2,False,A11 A21 A31 A41 A54 A61,,SV2,Kernel SVM (RBF/Poly),True,,13,0.7982647285092626,0.023840088885713158,0.05,ok,,1
nikuradse_1,regression,362,2,False,A11 A21 A31 A41 A54 A61,,SV2,Kernel SVM (RBF/Poly),True,,13,0.7954819437784388,0.02082246123295601,0.05,ok,,2
nikuradse_1,regression,362,2,False,A11 A21 A31 A41 A54 A61,,IB1,k-Nearest Neighbors,True,,16,0.9408460265917794,0.024642760731863934,0.05,ok,,1
nikuradse_1,regression,362,2,False,A11 A21 A31 A41 A54 A61,,IB1,k-Nearest Neighbors,True,,16,0.9458267530060374,0.01095401771739222,0.06,ok,,2
nikuradse_1,regression,362,2,False,A11 A21 A31 A41 A54 A61,,NN2,MLP (Feedforward),True,,9,0.8118082711650529,0.0363595755149239,0.42,ok,,1
nikuradse_1,regression,362,2,False,A11 A21 A31 A41 A54 A61,,NN2,MLP (Feedforward),True,,9,0.8159463709923334,0.03897434488421839,0.43,ok,,2
nikuradse_1,regression,362,2,False,A11 A21 A31 A41 A54 A61,,EN3,XGBoost,True,,5,0.9971854001080663,0.0014743457060993252,0.15,ok,,1
nikuradse_1,regression,362,2,False,A11 A21 A31 A41 A54 A61,,EN3,XGBoost,True,,5,0.9976765195702916,0.0003319575483338689,0.14,ok,,2
nikuradse_1,regression,362,2,False,A11 A21 A31 A41 A54 A61,,EN4,LightGBM,True,,3,0.9936384645281715,0.0014350896378874745,4.73,ok,,1
nikuradse_1,regression,362,2,False,A11 A21 A31 A41 A54 A61,,EN4,LightGBM,True,,3,0.9926346476870963,0.0007552978954051904,25.34,ok,,2
nikuradse_1,regression,362,2,False,A11 A21 A31 A41 A54 A61,,BASE-HGB,Histogram Gradient Boosting (baseline),False,,,0.9936174961592134,0.0015920419060709424,0.41,ok,,1
nikuradse_1,regression,362,2,False,A11 A21 A31 A41 A54 A61,,BASE-HGB,Histogram Gradient Boosting (baseline),False,,,0.9934860553930616,0.0011757884493379383,0.35,ok,,2
strogatz_glider2,regression,400,2,False,A11 A21 A31 A41 A54 A61,,LM1,Linear Regression,True,,15,0.682065467790243,0.10027115072439499,0.05,ok,,1
strogatz_glider2,regression,400,2,False,A11 A21 A31 A41 A54 A61,,LM1,Linear Regression,True,,15,0.6849248989817778,0.2012579041566414,0.05,ok,,2
strogatz_glider2,regression,400,2,False,A11 A21 A31 A41 A54 A61,,LM3,Ridge Regression,True,,10,0.6820939846286181,0.09995399303168519,0.05,ok,,1
strogatz_glider2,regression,400,2,False,A11 A21 A31 A41 A54 A61,,LM3,Ridge Regression,True,,10,0.6849597613157561,0.20028621498343613,0.05,ok,,2
strogatz_glider2,regression,400,2,False,A11 A21 A31 A41 A54 A61,,LM4,Lasso Regression,True,,18,-0.004774045908878,0.004950020144728925,0.05,ok,,1
strogatz_glider2,regression,400,2,False,A11 A21 A31 A41 A54 A61,,LM4,Lasso Regression,True,,18,-0.016557240123506522,0.018879867697481904,0.05,ok,,2
strogatz_glider2,regression,400,2,False,A11 A21 A31 A41 A54 A61,,LM5,Elastic Net,True,,19,0.29826748606138687,0.03049497735214881,0.05,ok,,1
strogatz_glider2,regression,400,2,False,A11 A21 A31 A41 A54 A61,,LM5,Elastic Net,True,,19,0.2910212488952212,0.04586911805042711,0.05,ok,,2
strogatz_glider2,regression,400,2,False,A11 A21 A31 A41 A54 A61,,LM6,Polynomial Regression,True,,14,0.7763044191589197,0.06980428726841983,0.06,ok,,1
strogatz_glider2,regression,400,2,False,A11 A21 A31 A41 A54 A61,,LM6,Polynomial Regression,True,,14,0.7632149300319626,0.15227939992081715,0.06,ok,,2
strogatz_glider2,regression,400,2,False,A11 A21 A31 A41 A54 A61,,LM7,Bayesian Linear Regression,True,,11,0.6820542148571098,0.09990703202856915,0.05,ok,,1
strogatz_glider2,regression,400,2,False,A11 A21 A31 A41 A54 A61,,LM7,Bayesian Linear Regression,True,,11,0.6846464857944594,0.20054094141054274,0.05,ok,,2
strogatz_glider2,regression,400,2,False,A11 A21 A31 A41 A54 A61,,TR1,Decision Tree,True,,12,0.9556772117885253,0.030742972043676584,0.05,ok,,1
strogatz_glider2,regression,400,2,False,A11 A21 A31 A41 A54 A61,,TR1,Decision Tree,True,,12,0.912467770314328,0.10002030977081451,0.05,ok,,2
strogatz_glider2,regression,400,2,False,A11 A21 A31 A41 A54 A61,,TR2,Random Forest,True,,4,0.9439808932986397,0.06577512175287596,1.87,ok,,1
strogatz_glider2,regression,400,2,False,A11 A21 A31 A41 A54 A61,,TR2,Random Forest,True,,4,0.9200478432652355,0.08877910647587485,1.86,ok,,2
strogatz_glider2,regression,400,2,False,A11 A21 A31 A41 A54 A61,,TR3,Extra Trees,True,,2,0.9678207631667115,0.03812303322373421,1.38,ok,,1
strogatz_glider2,regression,400,2,False,A11 A21 A31 A41 A54 A61,,TR3,Extra Trees,True,,2,0.9461748715646593,0.0717159065098926,1.34,ok,,2
strogatz_glider2,regression,400,2,False,A11 A21 A31 A41 A54 A61,,EN1,AdaBoost,True,,7,0.8716496189598255,0.054977416893657004,0.2,ok,,1
strogatz_glider2,regression,400,2,False,A11 A21 A31 A41 A54 A61,,EN1,AdaBoost,True,,7,0.8304166235615268,0.08430562728034832,0.18,ok,,2
strogatz_glider2,regression,400,2,False,A11 A21 A31 A41 A54 A61,,EN2,Gradient Boosting (GBM),True,,1,0.9638791853545321,0.02910169397471854,0.39,ok,,1
strogatz_glider2,regression,400,2,False,A11 A21 A31 A41 A54 A61,,EN2,Gradient Boosting (GBM),True,,1,0.9332874961241939,0.06954946363501788,0.44,ok,,2
strogatz_glider2,regression,400,2,False,A11 A21 A31 A41 A54 A61,,EN6,Stacking,True,,6,0.9266233425437228,0.027860216523514232,0.46,ok,,1
strogatz_glider2,regression,400,2,False,A11 A21 A31 A41 A54 A61,,EN6,Stacking,True,,6,0.8664133371974183,0.140221114955947,0.39,ok,,2
strogatz_glider2,regression,400,2,False,A11 A21 A31 A41 A54 A61,,EN7,Voting Ensemble,True,,8,0.9211402916503524,0.02947094609078327,0.12,ok,,1
strogatz_glider2,regression,400,2,False,A11 A21 A31 A41 A54 A61,,EN7,Voting Ensemble,True,,8,0.8720346969754045,0.13911337762681286,0.13,ok,,2
strogatz_glider2,regression,400,2,False,A11 A21 A31 A41 A54 A61,,SV1,SVM (linear),True,,17,0.661545547736067,0.1167376244797043,0.05,ok,,1
strogatz_glider2,regression,400,2,False,A11 A21 A31 A41 A54 A61,,SV1,SVM (linear),True,,17,0.67655985453838,0.22703396213403765,0.05,ok,,2
strogatz_glider2,regression,400,2,False,A11 A21 A31 A41 A54 A61,,SV2,Kernel SVM (RBF/Poly),True,,13,0.8335093449421613,0.062076849981472865,0.09,ok,,1
strogatz_glider2,regression,400,2,False,A11 A21 A31 A41 A54 A61,,SV2,Kernel SVM (RBF/Poly),True,,13,0.8254536193642318,0.13813273832889159,0.09,ok,,2
strogatz_glider2,regression,400,2,False,A11 A21 A31 A41 A54 A61,,IB1,k-Nearest Neighbors,True,,16,0.9266123126868951,0.04963135583234162,0.05,ok,,1
strogatz_glider2,regression,400,2,False,A11 A21 A31 A41 A54 A61,,IB1,k-Nearest Neighbors,True,,16,0.894114267544048,0.14384691721104378,0.05,ok,,2
strogatz_glider2,regression,400,2,False,A11 A21 A31 A41 A54 A61,,NN2,MLP (Feedforward),True,,9,0.8098090366132394,0.06532785844493853,1.72,ok,,1
strogatz_glider2,regression,400,2,False,A11 A21 A31 A41 A54 A61,,NN2,MLP (Feedforward),True,,9,0.7981724036756858,0.1424903383675935,1.78,ok,,2
strogatz_glider2,regression,400,2,False,A11 A21 A31 A41 A54 A61,,EN3,XGBoost,True,,5,0.9167799745824656,0.10879317069734043,0.26,ok,,1
strogatz_glider2,regression,400,2,False,A11 A21 A31 A41 A54 A61,,EN3,XGBoost,True,,5,0.9270352843213535,0.07781172717393481,0.27,ok,,2
strogatz_glider2,regression,400,2,False,A11 A21 A31 A41 A54 A61,,EN4,LightGBM,True,,3,0.9110605467343845,0.049448439788093254,7.68,ok,,1
strogatz_glider2,regression,400,2,False,A11 A21 A31 A41 A54 A61,,EN4,LightGBM,True,,3,0.8819607729437084,0.12058350738815869,8.1,ok,,2
strogatz_glider2,regression,400,2,False,A11 A21 A31 A41 A54 A61,,BASE-HGB,Histogram Gradient Boosting (baseline),False,,,0.8990283175380357,0.050985377705461896,0.4,ok,,1
strogatz_glider2,regression,400,2,False,A11 A21 A31 A41 A54 A61,,BASE-HGB,Histogram Gradient Boosting (baseline),False,,,0.8856517969890894,0.11936933837189072,0.41,ok,,2
strogatz_vdp2,regression,400,2,False,A11 A21 A31 A41 A53 A61,,LM1,Linear Regression,True,,15,1.0,0.0,0.07,ok,,1
strogatz_vdp2,regression,400,2,False,A11 A21 A31 A41 A53 A61,,LM1,Linear Regression,True,,15,1.0,0.0,0.05,ok,,2
strogatz_vdp2,regression,400,2,False,A11 A21 A31 A41 A53 A61,,LM3,Ridge Regression,True,,10,0.9999863596674862,2.1974455254004892e-06,0.05,ok,,1
strogatz_vdp2,regression,400,2,False,A11 A21 A31 A41 A53 A61,,LM3,Ridge Regression,True,,10,0.9999864009360527,1.3632822792343201e-06,0.05,ok,,2
strogatz_vdp2,regression,400,2,False,A11 A21 A31 A41 A53 A61,,LM4,Lasso Regression,True,,18,-0.008017814285835501,0.010560706163270595,0.05,ok,,1
strogatz_vdp2,regression,400,2,False,A11 A21 A31 A41 A53 A61,,LM4,Lasso Regression,True,,18,-0.03414003057292536,0.028896985118016697,0.05,ok,,2
strogatz_vdp2,regression,400,2,False,A11 A21 A31 A41 A53 A61,,LM5,Elastic Net,True,,19,-0.008017814285835501,0.010560706163270595,0.05,ok,,1
strogatz_vdp2,regression,400,2,False,A11 A21 A31 A41 A53 A61,,LM5,Elastic Net,True,,19,-0.03414003057292536,0.028896985118016697,0.05,ok,,2
strogatz_vdp2,regression,400,2,False,A11 A21 A31 A41 A53 A61,,LM6,Polynomial Regression,True,,14,0.9999158509650081,3.454061797571692e-05,0.06,ok,,1
strogatz_vdp2,regression,400,2,False,A11 A21 A31 A41 A53 A61,,LM6,Polynomial Regression,True,,14,0.9999160594150064,2.9717065811274555e-05,0.06,ok,,2
strogatz_vdp2,regression,400,2,False,A11 A21 A31 A41 A53 A61,,LM7,Bayesian Linear Regression,True,,11,1.0,0.0,0.05,ok,,1
strogatz_vdp2,regression,400,2,False,A11 A21 A31 A41 A53 A61,,LM7,Bayesian Linear Regression,True,,11,1.0,0.0,0.05,ok,,2
strogatz_vdp2,regression,400,2,False,A11 A21 A31 A41 A53 A61,,TR1,Decision Tree,True,,12,0.999680806682492,0.00021204041076700676,0.05,ok,,1
strogatz_vdp2,regression,400,2,False,A11 A21 A31 A41 A53 A61,,TR1,Decision Tree,True,,12,0.9998011114881035,0.00010212278315363833,0.05,ok,,2
strogatz_vdp2,regression,400,2,False,A11 A21 A31 A41 A53 A61,,TR2,Random Forest,True,,4,0.9998252299812209,0.00014411315939043425,1.79,ok,,1
strogatz_vdp2,regression,400,2,False,A11 A21 A31 A41 A53 A61,,TR2,Random Forest,True,,4,0.9998482309734065,5.325473954910909e-05,1.72,ok,,2
strogatz_vdp2,regression,400,2,False,A11 A21 A31 A41 A53 A61,,TR3,Extra Trees,True,,2,0.9999429557964333,4.921094030572081e-05,1.3,ok,,1
strogatz_vdp2,regression,400,2,False,A11 A21 A31 A41 A53 A61,,TR3,Extra Trees,True,,2,0.9999066126718728,6.165493153805691e-05,1.34,ok,,2
strogatz_vdp2,regression,400,2,False,A11 A21 A31 A41 A53 A61,,EN1,AdaBoost,True,,7,0.9973159579193995,0.00028491745789002433,0.27,ok,,1
strogatz_vdp2,regression,400,2,False,A11 A21 A31 A41 A53 A61,,EN1,AdaBoost,True,,7,0.9979227389531278,0.00027539208228390236,0.33,ok,,2
strogatz_vdp2,regression,400,2,False,A11 A21 A31 A41 A53 A61,,EN2,Gradient Boosting (GBM),True,,1,0.9998560731026837,4.0282219314421704e-05,0.39,ok,,1
strogatz_vdp2,regression,400,2,False,A11 A21 A31 A41 A53 A61,,EN2,Gradient Boosting (GBM),True,,1,0.9998538680181832,4.37050488528688e-05,0.43,ok,,2
strogatz_vdp2,regression,400,2,False,A11 A21 A31 A41 A53 A61,,EN6,Stacking,True,,6,0.9871938526700227,0.00043320063497476755,0.41,ok,,1
strogatz_vdp2,regression,400,2,False,A11 A21 A31 A41 A53 A61,,EN6,Stacking,True,,6,0.9866239649387945,0.0009258200810317004,0.38,ok,,2
strogatz_vdp2,regression,400,2,False,A11 A21 A31 A41 A53 A61,,EN7,Voting Ensemble,True,,8,0.9993943440978865,0.0005498352353648379,0.13,ok,,1
strogatz_vdp2,regression,400,2,False,A11 A21 A31 A41 A53 A61,,EN7,Voting Ensemble,True,,8,0.9993028212783301,0.0004838991658161557,0.15,ok,,2
strogatz_vdp2,regression,400,2,False,A11 A21 A31 A41 A53 A61,,SV1,SVM (linear),True,,17,1.0,0.0,0.05,ok,,1
strogatz_vdp2,regression,400,2,False,A11 A21 A31 A41 A53 A61,,SV1,SVM (linear),True,,17,1.0,0.0,0.05,ok,,2
strogatz_vdp2,regression,400,2,False,A11 A21 A31 A41 A53 A61,,SV2,Kernel SVM (RBF/Poly),True,,13,0.3343480886183833,0.05055639141555974,0.05,ok,,1
strogatz_vdp2,regression,400,2,False,A11 A21 A31 A41 A53 A61,,SV2,Kernel SVM (RBF/Poly),True,,13,0.3205513070507808,0.08618303640290584,0.05,ok,,2
strogatz_vdp2,regression,400,2,False,A11 A21 A31 A41 A53 A61,,IB1,k-Nearest Neighbors,True,,16,0.9954701363679316,0.004477986857362369,0.05,ok,,1
strogatz_vdp2,regression,400,2,False,A11 A21 A31 A41 A53 A61,,IB1,k-Nearest Neighbors,True,,16,0.9949759599053218,0.004521521166689374,0.05,ok,,2
strogatz_vdp2,regression,400,2,False,A11 A21 A31 A41 A53 A61,,NN2,MLP (Feedforward),True,,9,0.9672050903505536,0.017436210703174727,0.2,ok,,1
strogatz_vdp2,regression,400,2,False,A11 A21 A31 A41 A53 A61,,NN2,MLP (Feedforward),True,,9,0.9688188980626897,0.00971931054497785,0.2,ok,,2
strogatz_vdp2,regression,400,2,False,A11 A21 A31 A41 A53 A61,,EN3,XGBoost,True,,5,0.999421527636704,0.0002824100739021185,0.17,ok,,1
strogatz_vdp2,regression,400,2,False,A11 A21 A31 A41 A53 A61,,EN3,XGBoost,True,,5,0.9994954781339199,0.00025372771162194586,0.15,ok,,2
strogatz_vdp2,regression,400,2,False,A11 A21 A31 A41 A53 A61,,EN4,LightGBM,True,,3,0.9980675397243719,0.0006420278086525622,14.66,ok,,1
strogatz_vdp2,regression,400,2,False,A11 A21 A31 A41 A53 A61,,EN4,LightGBM,True,,3,0.9981709238289962,0.0006071001696955577,11.34,ok,,2
strogatz_vdp2,regression,400,2,False,A11 A21 A31 A41 A53 A61,,BASE-HGB,Histogram Gradient Boosting (baseline),False,,,0.9984286799552606,0.00042108413667673016,0.42,ok,,1
strogatz_vdp2,regression,400,2,False,A11 A21 A31 A41 A53 A61,,BASE-HGB,Histogram Gradient Boosting (baseline),False,,,0.9983531431358801,0.000672022412568124,0.4,ok,,2
556_analcatdata_apnea2,regression,475,3,False,A11 A21 A38 A41 A54 A61,,LM1,Linear Regression,True,,15,0.17270383620623414,0.19175824303349245,0.09,ok,,1
556_analcatdata_apnea2,regression,475,3,False,A11 A21 A38 A41 A54 A61,,LM1,Linear Regression,True,,15,0.2666737294488503,0.09950119422864112,0.09,ok,,2
556_analcatdata_apnea2,regression,475,3,False,A11 A21 A38 A41 A54 A61,,LM3,Ridge Regression,True,,10,0.17648880531319472,0.1856077187282,0.09,ok,,1
556_analcatdata_apnea2,regression,475,3,False,A11 A21 A38 A41 A54 A61,,LM3,Ridge Regression,True,,10,0.2683306102845324,0.0978079913173108,0.1,ok,,2
556_analcatdata_apnea2,regression,475,3,False,A11 A21 A38 A41 A54 A61,,LM4,Lasso Regression,True,,18,0.17334955580654626,0.19067648405555884,0.11,ok,,1
556_analcatdata_apnea2,regression,475,3,False,A11 A21 A38 A41 A54 A61,,LM4,Lasso Regression,True,,18,0.2670258884504665,0.09922117655254706,0.1,ok,,2
556_analcatdata_apnea2,regression,475,3,False,A11 A21 A38 A41 A54 A61,,LM5,Elastic Net,True,,19,0.12614383484898115,0.018308057649759332,0.1,ok,,1
556_analcatdata_apnea2,regression,475,3,False,A11 A21 A38 A41 A54 A61,,LM5,Elastic Net,True,,19,0.1498131694086521,0.04409492646500942,0.11,ok,,2
556_analcatdata_apnea2,regression,475,3,False,A11 A21 A38 A41 A54 A61,,LM6,Polynomial Regression,True,,14,0.906500772276023,0.02780609186541379,0.1,ok,,1
556_analcatdata_apnea2,regression,475,3,False,A11 A21 A38 A41 A54 A61,,LM6,Polynomial Regression,True,,14,0.9062024516806136,0.03145603906339264,0.1,ok,,2
556_analcatdata_apnea2,regression,475,3,False,A11 A21 A38 A41 A54 A61,,LM7,Bayesian Linear Regression,True,,12,0.18417902577913306,0.1699462802315948,0.09,ok,,1
556_analcatdata_apnea2,regression,475,3,False,A11 A21 A38 A41 A54 A61,,LM7,Bayesian Linear Regression,True,,12,0.2714050316836555,0.09386069051489368,0.1,ok,,2
556_analcatdata_apnea2,regression,475,3,False,A11 A21 A38 A41 A54 A61,,TR1,Decision Tree,True,,11,0.8591224548962113,0.09512230369606027,0.1,ok,,1
556_analcatdata_apnea2,regression,475,3,False,A11 A21 A38 A41 A54 A61,,TR1,Decision Tree,True,,11,0.8549237152597431,0.08661641733566859,0.1,ok,,2
556_analcatdata_apnea2,regression,475,3,False,A11 A21 A38 A41 A54 A61,,TR2,Random Forest,True,,4,0.8974966528522271,0.0691348656448574,1.96,ok,,1
556_analcatdata_apnea2,regression,475,3,False,A11 A21 A38 A41 A54 A61,,TR2,Random Forest,True,,4,0.9067138582004718,0.04708419503833578,2.09,ok,,2
556_analcatdata_apnea2,regression,475,3,False,A11 A21 A38 A41 A54 A61,,TR3,Extra Trees,True,,2,0.8892534179539957,0.05218689635943098,1.58,ok,,1
556_analcatdata_apnea2,regression,475,3,False,A11 A21 A38 A41 A54 A61,,TR3,Extra Trees,True,,2,0.9141007004784631,0.03222883021793557,1.52,ok,,2
556_analcatdata_apnea2,regression,475,3,False,A11 A21 A38 A41 A54 A61,,EN1,AdaBoost,True,,7,0.85121241726413,0.09957896602874176,0.24,ok,,1
556_analcatdata_apnea2,regression,475,3,False,A11 A21 A38 A41 A54 A61,,EN1,AdaBoost,True,,7,0.8768019044779646,0.08497013675533797,0.21,ok,,2
556_analcatdata_apnea2,regression,475,3,False,A11 A21 A38 A41 A54 A61,,EN2,Gradient Boosting (GBM),True,,1,0.8959459885222938,0.047500796441374574,0.45,ok,,1
556_analcatdata_apnea2,regression,475,3,False,A11 A21 A38 A41 A54 A61,,EN2,Gradient Boosting (GBM),True,,1,0.904349203920742,0.05417982485452973,0.43,ok,,2
556_analcatdata_apnea2,regression,475,3,False,A11 A21 A38 A41 A54 A61,,EN6,Stacking,True,,6,0.8883411100976529,0.05647886755387032,0.5,ok,,1
556_analcatdata_apnea2,regression,475,3,False,A11 A21 A38 A41 A54 A61,,EN6,Stacking,True,,6,0.8865359028913105,0.043878651814083715,0.51,ok,,2
556_analcatdata_apnea2,regression,475,3,False,A11 A21 A38 A41 A54 A61,,EN7,Voting Ensemble,True,,8,0.8273506199060625,0.05949570350384018,0.22,ok,,1
556_analcatdata_apnea2,regression,475,3,False,A11 A21 A38 A41 A54 A61,,EN7,Voting Ensemble,True,,8,0.838053245969253,0.07675612901414668,0.17,ok,,2
556_analcatdata_apnea2,regression,475,3,False,A11 A21 A38 A41 A54 A61,,SV1,SVM (linear),True,,17,-0.06895188701800761,0.02382156889158702,0.09,ok,,1
556_analcatdata_apnea2,regression,475,3,False,A11 A21 A38 A41 A54 A61,,SV1,SVM (linear),True,,17,-0.0689322249878046,0.02333247449212289,0.09,ok,,2
556_analcatdata_apnea2,regression,475,3,False,A11 A21 A38 A41 A54 A61,,SV2,Kernel SVM (RBF/Poly),True,,13,-0.07331696456345264,0.022919309108767213,0.13,ok,,1
556_analcatdata_apnea2,regression,475,3,False,A11 A21 A38 A41 A54 A61,,SV2,Kernel SVM (RBF/Poly),True,,13,-0.07296093482592902,0.02308047745964775,0.13,ok,,2
556_analcatdata_apnea2,regression,475,3,False,A11 A21 A38 A41 A54 A61,,IB1,k-Nearest Neighbors,True,,16,0.9002251986785132,0.0353634077291991,0.09,ok,,1
556_analcatdata_apnea2,regression,475,3,False,A11 A21 A38 A41 A54 A61,,IB1,k-Nearest Neighbors,True,,16,0.8913437322266422,0.03308206841425002,0.09,ok,,2
556_analcatdata_apnea2,regression,475,3,False,A11 A21 A38 A41 A54 A61,,NN2,MLP (Feedforward),True,,9,0.02245001342259554,0.02766007291412679,3.82,ok,,1
556_analcatdata_apnea2,regression,475,3,False,A11 A21 A38 A41 A54 A61,,NN2,MLP (Feedforward),True,,9,0.023607544735838572,0.02332199983345918,3.68,ok,,2
556_analcatdata_apnea2,regression,475,3,False,A11 A21 A38 A41 A54 A61,,EN3,XGBoost,True,,5,0.8644894557252844,0.06850524673174133,0.24,ok,,1
556_analcatdata_apnea2,regression,475,3,False,A11 A21 A38 A41 A54 A61,,EN3,XGBoost,True,,5,0.8818141837448618,0.03596032241602475,0.24,ok,,2
556_analcatdata_apnea2,regression,475,3,False,A11 A21 A38 A41 A54 A61,,EN4,LightGBM,True,,3,0.7135868652994977,0.07923762750444109,30.26,ok,,1
556_analcatdata_apnea2,regression,475,3,False,A11 A21 A38 A41 A54 A61,,EN4,LightGBM,True,,3,0.7499428068183097,0.08969787471230113,4.72,ok,,2
556_analcatdata_apnea2,regression,475,3,False,A11 A21 A38 A41 A54 A61,,BASE-HGB,Histogram Gradient Boosting (baseline),False,,,0.7135868652994977,0.07923762750444109,0.67,ok,,1
556_analcatdata_apnea2,regression,475,3,False,A11 A21 A38 A41 A54 A61,,BASE-HGB,Histogram Gradient Boosting (baseline),False,,,0.749926405193452,0.08969825361878399,0.49,ok,,2
645_fri_c3_500_50,regression,500,50,False,A11 A21 A31 A41 A53 A61,,LM1,Linear Regression,True,,15,0.25856140250254783,0.08397642597721737,0.12,ok,,1
645_fri_c3_500_50,regression,500,50,False,A11 A21 A31 A41 A53 A61,,LM1,Linear Regression,True,,15,0.2112916712624477,0.10690718594326863,0.09,ok,,2
645_fri_c3_500_50,regression,500,50,False,A11 A21 A31 A41 A53 A61,,LM3,Ridge Regression,True,,10,0.2591479648805468,0.08257607583398167,0.08,ok,,1
645_fri_c3_500_50,regression,500,50,False,A11 A21 A31 A41 A53 A61,,LM3,Ridge Regression,True,,10,0.21322652112330198,0.10729630298784429,0.08,ok,,2
645_fri_c3_500_50,regression,500,50,False,A11 A21 A31 A41 A53 A61,,LM4,Lasso Regression,True,,18,-0.005382823127832559,0.006392059314375455,0.08,ok,,1
645_fri_c3_500_50,regression,500,50,False,A11 A21 A31 A41 A53 A61,,LM4,Lasso Regression,True,,18,-0.008201477360336672,0.008673220864966134,0.08,ok,,2
645_fri_c3_500_50,regression,500,50,False,A11 A21 A31 A41 A53 A61,,LM5,Elastic Net,True,,19,3.484023605864195e-05,0.011815464646153283,0.08,ok,,1
645_fri_c3_500_50,regression,500,50,False,A11 A21 A31 A41 A53 A61,,LM5,Elastic Net,True,,19,-0.0032258762813375474,0.01545034212506814,0.08,ok,,2
645_fri_c3_500_50,regression,500,50,False,A11 A21 A31 A41 A53 A61,,LM6,Polynomial Regression,True,,14,0.030288007208285152,0.11328115155227436,0.19,ok,,1
645_fri_c3_500_50,regression,500,50,False,A11 A21 A31 A41 A53 A61,,LM6,Polynomial Regression,True,,14,0.012120360943831666,0.11124922389852472,0.2,ok,,2
645_fri_c3_500_50,regression,500,50,False,A11 A21 A31 A41 A53 A61,,LM7,Bayesian Linear Regression,True,,11,0.23647393532691866,0.03925518059445708,0.09,ok,,1
645_fri_c3_500_50,regression,500,50,False,A11 A21 A31 A41 A53 A61,,LM7,Bayesian Linear Regression,True,,11,0.21169895223388274,0.09831829534264729,0.1,ok,,2
645_fri_c3_500_50,regression,500,50,False,A11 A21 A31 A41 A53 A61,,TR1,Decision Tree,True,,12,0.6801622598002405,0.08830418331710864,0.16,ok,,1
645_fri_c3_500_50,regression,500,50,False,A11 A21 A31 A41 A53 A61,,TR1,Decision Tree,True,,12,0.7227300833347315,0.04849826169543841,0.14,ok,,2
645_fri_c3_500_50,regression,500,50,False,A11 A21 A31 A41 A53 A61,,TR2,Random Forest,True,,4,0.8323012895311722,0.019145847254360887,9.68,ok,,1
645_fri_c3_500_50,regression,500,50,False,A11 A21 A31 A41 A53 A61,,TR2,Random Forest,True,,4,0.8404238134038298,0.019332404258271083,9.97,ok,,2
645_fri_c3_500_50,regression,500,50,False,A11 A21 A31 A41 A53 A61,,TR3,Extra Trees,True,,2,0.8247073282862722,0.03199883979016173,5.05,ok,,1
645_fri_c3_500_50,regression,500,50,False,A11 A21 A31 A41 A53 A61,,TR3,Extra Trees,True,,2,0.8325846111906081,0.01715712881430565,5.44,ok,,2
645_fri_c3_500_50,regression,500,50,False,A11 A21 A31 A41 A53 A61,,EN1,AdaBoost,True,,7,0.739107199486558,0.04437547112380744,1.36,ok,,1
645_fri_c3_500_50,regression,500,50,False,A11 A21 A31 A41 A53 A61,,EN1,AdaBoost,True,,7,0.7356111194174668,0.05217782116805589,1.32,ok,,2
645_fri_c3_500_50,regression,500,50,False,A11 A21 A31 A41 A53 A61,,EN2,Gradient Boosting (GBM),True,,1,0.8601415078203349,0.011240899731689742,2.99,ok,,1
645_fri_c3_500_50,regression,500,50,False,A11 A21 A31 A41 A53 A61,,EN2,Gradient Boosting (GBM),True,,1,0.868713256677716,0.013578152059364608,2.88,ok,,2
645_fri_c3_500_50,regression,500,50,False,A11 A21 A31 A41 A53 A61,,EN6,Stacking,True,,6,0.7550559422362333,0.05493460911697926,0.68,ok,,1
645_fri_c3_500_50,regression,500,50,False,A11 A21 A31 A41 A53 A61,,EN6,Stacking,True,,6,0.7545874933031651,0.061518339906671334,0.64,ok,,2
645_fri_c3_500_50,regression,500,50,False,A11 A21 A31 A41 A53 A61,,EN7,Voting Ensemble,True,,8,0.5978984463166906,0.03445789951160895,0.22,ok,,1
645_fri_c3_500_50,regression,500,50,False,A11 A21 A31 A41 A53 A61,,EN7,Voting Ensemble,True,,8,0.5910864521357421,0.03590283992447905,0.22,ok,,2
645_fri_c3_500_50,regression,500,50,False,A11 A21 A31 A41 A53 A61,,SV1,SVM (linear),True,,17,0.14824755109276616,0.09702016413338718,0.3,ok,,1
645_fri_c3_500_50,regression,500,50,False,A11 A21 A31 A41 A53 A61,,SV1,SVM (linear),True,,17,0.12228064495419602,0.17578430770911055,0.29,ok,,2
645_fri_c3_500_50,regression,500,50,False,A11 A21 A31 A41 A53 A61,,SV2,Kernel SVM (RBF/Poly),True,,13,0.21289946834703857,0.04401640549015225,0.16,ok,,1
645_fri_c3_500_50,regression,500,50,False,A11 A21 A31 A41 A53 A61,,SV2,Kernel SVM (RBF/Poly),True,,13,0.20214086112869353,0.06361692168531681,0.18,ok,,2
645_fri_c3_500_50,regression,500,50,False,A11 A21 A31 A41 A53 A61,,IB1,k-Nearest Neighbors,True,,16,0.18343350550554322,0.05328855749703569,0.08,ok,,1
645_fri_c3_500_50,regression,500,50,False,A11 A21 A31 A41 A53 A61,,IB1,k-Nearest Neighbors,True,,16,0.17678217828806228,0.07191741691951915,0.08,ok,,2
645_fri_c3_500_50,regression,500,50,False,A11 A21 A31 A41 A53 A61,,NN2,MLP (Feedforward),True,,9,-0.016636087847800064,0.14136189257947682,1.51,ok,,1
645_fri_c3_500_50,regression,500,50,False,A11 A21 A31 A41 A53 A61,,NN2,MLP (Feedforward),True,,9,-0.09132009276016832,0.10983273980733807,1.46,ok,,2
645_fri_c3_500_50,regression,500,50,False,A11 A21 A31 A41 A53 A61,,EN3,XGBoost,True,,5,0.846237596873198,0.026060311584133133,3.64,ok,,1
645_fri_c3_500_50,regression,500,50,False,A11 A21 A31 A41 A53 A61,,EN3,XGBoost,True,,5,0.8573936253262143,0.019512520633153844,3.63,ok,,2
645_fri_c3_500_50,regression,500,50,False,A11 A21 A31 A41 A53 A61,,EN4,LightGBM,True,,3,0.8527526112420581,0.01574151077001862,49.86,ok,,2
645_fri_c3_500_50,regression,500,50,False,A11 A21 A31 A41 A53 A61,,BASE-HGB,Histogram Gradient Boosting (baseline),False,,,0.860984657789482,0.016579708829255104,1.34,ok,,1
645_fri_c3_500_50,regression,500,50,False,A11 A21 A31 A41 A53 A61,,BASE-HGB,Histogram Gradient Boosting (baseline),False,,,0.8637611219495055,0.013445792010706784,1.26,ok,,2
627_fri_c2_500_10,regression,500,10,False,A11 A21 A31 A41 A53 A61,,LM1,Linear Regression,True,,15,0.23630324289224588,0.07681613536566137,0.05,ok,,1
627_fri_c2_500_10,regression,500,10,False,A11 A21 A31 A41 A53 A61,,LM1,Linear Regression,True,,15,0.249631038877901,0.0906046341827606,0.06,ok,,2
627_fri_c2_500_10,regression,500,10,False,A11 A21 A31 A41 A53 A61,,LM3,Ridge Regression,True,,10,0.2366213433765168,0.07622971637163159,0.06,ok,,1
627_fri_c2_500_10,regression,500,10,False,A11 A21 A31 A41 A53 A61,,LM3,Ridge Regression,True,,10,0.2498921762510638,0.09009316149564063,0.06,ok,,2
627_fri_c2_500_10,regression,500,10,False,A11 A21 A31 A41 A53 A61,,LM4,Lasso Regression,True,,18,-0.0029410449867473877,0.0034279904304282175,0.05,ok,,1
627_fri_c2_500_10,regression,500,10,False,A11 A21 A31 A41 A53 A61,,LM4,Lasso Regression,True,,18,-0.001196844640258421,0.0013854048214593524,0.06,ok,,2
627_fri_c2_500_10,regression,500,10,False,A11 A21 A31 A41 A53 A61,,LM5,Elastic Net,True,,19,-0.0029410449867473877,0.0034279904304282175,0.05,ok,,1
627_fri_c2_500_10,regression,500,10,False,A11 A21 A31 A41 A53 A61,,LM5,Elastic Net,True,,19,-0.001196844640258421,0.0013854048214593524,0.05,ok,,2
627_fri_c2_500_10,regression,500,10,False,A11 A21 A31 A41 A53 A61,,LM6,Polynomial Regression,True,,14,0.1778972432705695,0.07252555468698217,0.06,ok,,1
627_fri_c2_500_10,regression,500,10,False,A11 A21 A31 A41 A53 A61,,LM6,Polynomial Regression,True,,14,0.15052778596136257,0.15225708534722002,0.06,ok,,2
627_fri_c2_500_10,regression,500,10,False,A11 A21 A31 A41 A53 A61,,LM7,Bayesian Linear Regression,True,,11,0.23834631778590962,0.06537092791494385,0.06,ok,,1
627_fri_c2_500_10,regression,500,10,False,A11 A21 A31 A41 A53 A61,,LM7,Bayesian Linear Regression,True,,11,0.25053617657641836,0.0808255364016363,0.06,ok,,2
627_fri_c2_500_10,regression,500,10,False,A11 A21 A31 A41 A53 A61,,TR1,Decision Tree,True,,12,0.7177870202326645,0.057721776019457556,0.07,ok,,1
627_fri_c2_500_10,regression,500,10,False,A11 A21 A31 A41 A53 A61,,TR1,Decision Tree,True,,12,0.7464029505963488,0.08230348807140699,0.07,ok,,2
627_fri_c2_500_10,regression,500,10,False,A11 A21 A31 A41 A53 A61,,TR2,Random Forest,True,,4,0.8662968377135293,0.036129534846057305,3.31,ok,,1
627_fri_c2_500_10,regression,500,10,False,A11 A21 A31 A41 A53 A61,,TR2,Random Forest,True,,4,0.876209805771167,0.029640499111897582,3.5,ok,,2
627_fri_c2_500_10,regression,500,10,False,A11 A21 A31 A41 A53 A61,,TR3,Extra Trees,True,,2,0.9053319426831272,0.0243998939783372,2.29,ok,,1
627_fri_c2_500_10,regression,500,10,False,A11 A21 A31 A41 A53 A61,,TR3,Extra Trees,True,,2,0.9088759008347116,0.018213427477809973,2.28,ok,,2
627_fri_c2_500_10,regression,500,10,False,A11 A21 A31 A41 A53 A61,,EN1,AdaBoost,True,,7,0.7782937614499766,0.0428220493287241,0.59,ok,,1
627_fri_c2_500_10,regression,500,10,False,A11 A21 A31 A41 A53 A61,,EN1,AdaBoost,True,,7,0.7985447694363613,0.01913694866612805,0.59,ok,,2
627_fri_c2_500_10,regression,500,10,False,A11 A21 A31 A41 A53 A61,,EN2,Gradient Boosting (GBM),True,,1,0.8976165101582174,0.027104038578075303,0.88,ok,,1
627_fri_c2_500_10,regression,500,10,False,A11 A21 A31 A41 A53 A61,,EN2,Gradient Boosting (GBM),True,,1,0.9086996654098585,0.025895718258509087,0.84,ok,,2
627_fri_c2_500_10,regression,500,10,False,A11 A21 A31 A41 A53 A61,,EN6,Stacking,True,,6,0.7552556309636083,0.04473066095269337,0.56,ok,,1
627_fri_c2_500_10,regression,500,10,False,A11 A21 A31 A41 A53 A61,,EN6,Stacking,True,,6,0.772051048862419,0.03889686377263962,0.47,ok,,2
627_fri_c2_500_10,regression,500,10,False,A11 A21 A31 A41 A53 A61,,EN7,Voting Ensemble,True,,8,0.6136409274818091,0.02522352023429119,0.18,ok,,1
627_fri_c2_500_10,regression,500,10,False,A11 A21 A31 A41 A53 A61,,EN7,Voting Ensemble,True,,8,0.6262961710758418,0.01924069483970841,0.16,ok,,2
627_fri_c2_500_10,regression,500,10,False,A11 A21 A31 A41 A53 A61,,SV1,SVM (linear),True,,17,0.19199137885056156,0.0750932190976954,0.08,ok,,1
627_fri_c2_500_10,regression,500,10,False,A11 A21 A31 A41 A53 A61,,SV1,SVM (linear),True,,17,0.2103564834920438,0.06806375663077782,0.06,ok,,2
627_fri_c2_500_10,regression,500,10,False,A11 A21 A31 A41 A53 A61,,SV2,Kernel SVM (RBF/Poly),True,,13,0.4433840632086074,0.03366703636677726,0.11,ok,,1
627_fri_c2_500_10,regression,500,10,False,A11 A21 A31 A41 A53 A61,,SV2,Kernel SVM (RBF/Poly),True,,13,0.42286538756980974,0.08387206086019491,0.13,ok,,2
627_fri_c2_500_10,regression,500,10,False,A11 A21 A31 A41 A53 A61,,IB1,k-Nearest Neighbors,True,,16,0.3618418082831004,0.07918715288833858,0.06,ok,,1
627_fri_c2_500_10,regression,500,10,False,A11 A21 A31 A41 A53 A61,,IB1,k-Nearest Neighbors,True,,16,0.35184808129901474,0.07017008690826465,0.06,ok,,2
627_fri_c2_500_10,regression,500,10,False,A11 A21 A31 A41 A53 A61,,NN2,MLP (Feedforward),True,,9,0.8032230886516926,0.05062158704472227,3.98,ok,,1
627_fri_c2_500_10,regression,500,10,False,A11 A21 A31 A41 A53 A61,,NN2,MLP (Feedforward),True,,9,0.7755355607991105,0.11086259208703712,3.85,ok,,2
627_fri_c2_500_10,regression,500,10,False,A11 A21 A31 A41 A53 A61,,EN3,XGBoost,True,,5,0.874203288133691,0.030808064239574624,0.94,ok,,1
627_fri_c2_500_10,regression,500,10,False,A11 A21 A31 A41 A53 A61,,EN3,XGBoost,True,,5,0.8893203284811497,0.031360937967575754,0.92,ok,,2
627_fri_c2_500_10,regression,500,10,False,A11 A21 A31 A41 A53 A61,,EN4,LightGBM,True,,3,0.8946895353249926,0.03389397143730642,56.55,ok,,1
627_fri_c2_500_10,regression,500,10,False,A11 A21 A31 A41 A53 A61,,EN4,LightGBM,True,,3,0.9035196601700667,0.02064126170329863,39.51,ok,,2
627_fri_c2_500_10,regression,500,10,False,A11 A21 A31 A41 A53 A61,,BASE-HGB,Histogram Gradient Boosting (baseline),False,,,0.8961216155271744,0.034823295984357024,0.58,ok,,1
627_fri_c2_500_10,regression,500,10,False,A11 A21 A31 A41 A53 A61,,BASE-HGB,Histogram Gradient Boosting (baseline),False,,,0.8990389250046082,0.023493789645056783,0.66,ok,,2
581_fri_c3_500_25,regression,500,25,False,A11 A21 A31 A41 A53 A61,,LM1,Linear Regression,True,,15,0.2677397082276161,0.10390415006039491,0.08,ok,,1
581_fri_c3_500_25,regression,500,25,False,A11 A21 A31 A41 A53 A61,,LM1,Linear Regression,True,,15,0.2643434037324693,0.08802972542055013,0.07,ok,,2
581_fri_c3_500_25,regression,500,25,False,A11 A21 A31 A41 A53 A61,,LM3,Ridge Regression,True,,10,0.2683350347526512,0.1025844677797907,0.07,ok,,1
581_fri_c3_500_25,regression,500,25,False,A11 A21 A31 A41 A53 A61,,LM3,Ridge Regression,True,,10,0.2650535180752529,0.08736799331298116,0.07,ok,,2
581_fri_c3_500_25,regression,500,25,False,A11 A21 A31 A41 A53 A61,,LM4,Lasso Regression,True,,18,-0.008528513577888664,0.008407666348013583,0.07,ok,,1
581_fri_c3_500_25,regression,500,25,False,A11 A21 A31 A41 A53 A61,,LM4,Lasso Regression,True,,18,-0.01804972300459302,0.022602924525547723,0.07,ok,,2
581_fri_c3_500_25,regression,500,25,False,A11 A21 A31 A41 A53 A61,,LM5,Elastic Net,True,,19,-0.008528513577888664,0.008407666348013583,0.07,ok,,1
581_fri_c3_500_25,regression,500,25,False,A11 A21 A31 A41 A53 A61,,LM5,Elastic Net,True,,19,-0.01804972300459302,0.022602924525547723,0.08,ok,,2
581_fri_c3_500_25,regression,500,25,False,A11 A21 A31 A41 A53 A61,,LM6,Polynomial Regression,True,,14,-2.3045933238456224,0.5294428162591371,0.12,ok,,1
581_fri_c3_500_25,regression,500,25,False,A11 A21 A31 A41 A53 A61,,LM6,Polynomial Regression,True,,14,-1.975917596015751,0.5579480121190489,0.12,ok,,2
581_fri_c3_500_25,regression,500,25,False,A11 A21 A31 A41 A53 A61,,LM7,Bayesian Linear Regression,True,,11,0.2518881067156816,0.07637854319650743,0.07,ok,,1
581_fri_c3_500_25,regression,500,25,False,A11 A21 A31 A41 A53 A61,,LM7,Bayesian Linear Regression,True,,11,0.250246437501378,0.07480834568247213,0.07,ok,,2
581_fri_c3_500_25,regression,500,25,False,A11 A21 A31 A41 A53 A61,,TR1,Decision Tree,True,,12,0.7205124573318838,0.04731460338597767,0.09,ok,,1
581_fri_c3_500_25,regression,500,25,False,A11 A21 A31 A41 A53 A61,,TR1,Decision Tree,True,,12,0.6782290815771395,0.04278093603864117,0.18,ok,,2
581_fri_c3_500_25,regression,500,25,False,A11 A21 A31 A41 A53 A61,,TR2,Random Forest,True,,4,0.8641976855548827,0.03517289774754016,5.69,ok,,1
581_fri_c3_500_25,regression,500,25,False,A11 A21 A31 A41 A53 A61,,TR2,Random Forest,True,,4,0.8593548484386201,0.013054803644408069,5.59,ok,,2
581_fri_c3_500_25,regression,500,25,False,A11 A21 A31 A41 A53 A61,,TR3,Extra Trees,True,,2,0.8905868917653763,0.018033884885129914,3.48,ok,,1
581_fri_c3_500_25,regression,500,25,False,A11 A21 A31 A41 A53 A61,,TR3,Extra Trees,True,,2,0.8841756955132414,0.009308817111234257,3.57,ok,,2
581_fri_c3_500_25,regression,500,25,False,A11 A21 A31 A41 A53 A61,,EN1,AdaBoost,True,,7,0.7628419212449903,0.02441196101934825,0.83,ok,,1
581_fri_c3_500_25,regression,500,25,False,A11 A21 A31 A41 A53 A61,,EN1,AdaBoost,True,,7,0.7461138200966642,0.024356070257093857,0.81,ok,,2
581_fri_c3_500_25,regression,500,25,False,A11 A21 A31 A41 A53 A61,,EN2,Gradient Boosting (GBM),True,,1,0.8982622656602279,0.026037020062816562,1.51,ok,,1
581_fri_c3_500_25,regression,500,25,False,A11 A21 A31 A41 A53 A61,,EN2,Gradient Boosting (GBM),True,,1,0.8840435099720964,0.017578272330545108,1.55,ok,,2
581_fri_c3_500_25,regression,500,25,False,A11 A21 A31 A41 A53 A61,,EN6,Stacking,True,,6,0.7627185879213694,0.04842905492094516,0.59,ok,,1
581_fri_c3_500_25,regression,500,25,False,A11 A21 A31 A41 A53 A61,,EN6,Stacking,True,,6,0.7409737763771744,0.03115398133000065,0.52,ok,,2
581_fri_c3_500_25,regression,500,25,False,A11 A21 A31 A41 A53 A61,,EN7,Voting Ensemble,True,,8,0.6219755760994229,0.054371247266801995,0.2,ok,,1
581_fri_c3_500_25,regression,500,25,False,A11 A21 A31 A41 A53 A61,,EN7,Voting Ensemble,True,,8,0.6035171843078199,0.04024235068107299,0.19,ok,,2
581_fri_c3_500_25,regression,500,25,False,A11 A21 A31 A41 A53 A61,,SV1,SVM (linear),True,,17,0.17927780154364498,0.10400980599359927,0.11,ok,,1
581_fri_c3_500_25,regression,500,25,False,A11 A21 A31 A41 A53 A61,,SV1,SVM (linear),True,,17,0.19376882383412275,0.060945985501961224,0.12,ok,,2
581_fri_c3_500_25,regression,500,25,False,A11 A21 A31 A41 A53 A61,,SV2,Kernel SVM (RBF/Poly),True,,13,0.2874448827811887,0.0715723605573442,0.13,ok,,1
581_fri_c3_500_25,regression,500,25,False,A11 A21 A31 A41 A53 A61,,SV2,Kernel SVM (RBF/Poly),True,,13,0.24607764965061726,0.07910044657731899,0.13,ok,,2
581_fri_c3_500_25,regression,500,25,False,A11 A21 A31 A41 A53 A61,,IB1,k-Nearest Neighbors,True,,16,0.3068632879647152,0.09542182933138953,0.06,ok,,1
581_fri_c3_500_25,regression,500,25,False,A11 A21 A31 A41 A53 A61,,IB1,k-Nearest Neighbors,True,,16,0.29695996072644826,0.10074795823287905,0.06,ok,,2
581_fri_c3_500_25,regression,500,25,False,A11 A21 A31 A41 A53 A61,,NN2,MLP (Feedforward),True,,9,-0.15500459201975822,0.22347883699731835,2.73,ok,,1
581_fri_c3_500_25,regression,500,25,False,A11 A21 A31 A41 A53 A61,,NN2,MLP (Feedforward),True,,9,-0.19923403591113792,0.16533356007745972,2.77,ok,,2
581_fri_c3_500_25,regression,500,25,False,A11 A21 A31 A41 A53 A61,,EN3,XGBoost,True,,5,0.8726036466543018,0.03008724445170524,2.0,ok,,1
581_fri_c3_500_25,regression,500,25,False,A11 A21 A31 A41 A53 A61,,EN3,XGBoost,True,,5,0.8725438037440718,0.013816456263224282,1.92,ok,,2
581_fri_c3_500_25,regression,500,25,False,A11 A21 A31 A41 A53 A61,,EN4,LightGBM,True,,3,0.8936058839772574,0.028113308081220034,14.55,ok,,1
581_fri_c3_500_25,regression,500,25,False,A11 A21 A31 A41 A53 A61,,EN4,LightGBM,True,,3,0.8950271958916634,0.013029793103099926,9.08,ok,,2
581_fri_c3_500_25,regression,500,25,False,A11 A21 A31 A41 A53 A61,,BASE-HGB,Histogram Gradient Boosting (baseline),False,,,0.8960894231921201,0.016019754304404343,0.85,ok,,1
581_fri_c3_500_25,regression,500,25,False,A11 A21 A31 A41 A53 A61,,BASE-HGB,Histogram Gradient Boosting (baseline),False,,,0.8973236919386796,0.01727271902312636,0.81,ok,,2
641_fri_c1_500_10,regression,500,10,False,A11 A21 A31 A41 A53 A61,,LM1,Linear Regression,True,,15,0.23413642214361388,0.0572329693300551,0.05,ok,,1
641_fri_c1_500_10,regression,500,10,False,A11 A21 A31 A41 A53 A61,,LM1,Linear Regression,True,,15,0.24672330229115985,0.04164073606446055,0.05,ok,,2
641_fri_c1_500_10,regression,500,10,False,A11 A21 A31 A41 A53 A61,,LM3,Ridge Regression,True,,10,0.2356337290629516,0.05684993309884353,0.05,ok,,1
641_fri_c1_500_10,regression,500,10,False,A11 A21 A31 A41 A53 A61,,LM3,Ridge Regression,True,,10,0.24714100040246567,0.04092269753438688,0.06,ok,,2
641_fri_c1_500_10,regression,500,10,False,A11 A21 A31 A41 A53 A61,,LM4,Lasso Regression,True,,18,-0.029443708994239648,0.02593808794873352,0.06,ok,,1
641_fri_c1_500_10,regression,500,10,False,A11 A21 A31 A41 A53 A61,,LM4,Lasso Regression,True,,18,-0.026620321381149514,0.03598689118908378,0.05,ok,,2
641_fri_c1_500_10,regression,500,10,False,A11 A21 A31 A41 A53 A61,,LM5,Elastic Net,True,,19,-0.029443708994239648,0.02593808794873352,0.06,ok,,1
641_fri_c1_500_10,regression,500,10,False,A11 A21 A31 A41 A53 A61,,LM5,Elastic Net,True,,19,-0.026620321381149514,0.03598689118908378,0.06,ok,,2
641_fri_c1_500_10,regression,500,10,False,A11 A21 A31 A41 A53 A61,,LM6,Polynomial Regression,True,,14,0.15517073480072366,0.05769437595819029,0.07,ok,,1
641_fri_c1_500_10,regression,500,10,False,A11 A21 A31 A41 A53 A61,,LM6,Polynomial Regression,True,,14,0.17471877914783818,0.04303352965365971,0.07,ok,,2
641_fri_c1_500_10,regression,500,10,False,A11 A21 A31 A41 A53 A61,,LM7,Bayesian Linear Regression,True,,11,0.24041142780670927,0.054073961901620116,0.06,ok,,1
641_fri_c1_500_10,regression,500,10,False,A11 A21 A31 A41 A53 A61,,LM7,Bayesian Linear Regression,True,,11,0.24748017964629962,0.03819495041072825,0.06,ok,,2
641_fri_c1_500_10,regression,500,10,False,A11 A21 A31 A41 A53 A61,,TR1,Decision Tree,True,,12,0.714112398427957,0.057754286445964656,0.06,ok,,1
641_fri_c1_500_10,regression,500,10,False,A11 A21 A31 A41 A53 A61,,TR1,Decision Tree,True,,12,0.7013563364649957,0.06532900186208165,0.06,ok,,2
641_fri_c1_500_10,regression,500,10,False,A11 A21 A31 A41 A53 A61,,TR2,Random Forest,True,,4,0.8721885301192248,0.03179044959402559,3.09,ok,,1
641_fri_c1_500_10,regression,500,10,False,A11 A21 A31 A41 A53 A61,,TR2,Random Forest,True,,4,0.874758483940056,0.013251230428792228,3.15,ok,,2
641_fri_c1_500_10,regression,500,10,False,A11 A21 A31 A41 A53 A61,,TR3,Extra Trees,True,,2,0.9097325046732088,0.021564545153056183,2.22,ok,,1
641_fri_c1_500_10,regression,500,10,False,A11 A21 A31 A41 A53 A61,,TR3,Extra Trees,True,,2,0.9114056309891888,0.013734122141289296,2.18,ok,,2
641_fri_c1_500_10,regression,500,10,False,A11 A21 A31 A41 A53 A61,,EN1,AdaBoost,True,,7,0.799843820865935,0.02931444392683817,0.58,ok,,1
641_fri_c1_500_10,regression,500,10,False,A11 A21 A31 A41 A53 A61,,EN1,AdaBoost,True,,7,0.7971187622274605,0.023683957478223976,0.58,ok,,2
641_fri_c1_500_10,regression,500,10,False,A11 A21 A31 A41 A53 A61,,EN2,Gradient Boosting (GBM),True,,1,0.9078076309699789,0.020178759513963147,0.85,ok,,1
641_fri_c1_500_10,regression,500,10,False,A11 A21 A31 A41 A53 A61,,EN2,Gradient Boosting (GBM),True,,1,0.912426185865716,0.009192818089030039,0.88,ok,,2
641_fri_c1_500_10,regression,500,10,False,A11 A21 A31 A41 A53 A61,,EN6,Stacking,True,,6,0.7651531246533522,0.07160742799459327,0.46,ok,,1
641_fri_c1_500_10,regression,500,10,False,A11 A21 A31 A41 A53 A61,,EN6,Stacking,True,,6,0.7609311636023721,0.04692681212505117,0.48,ok,,2
641_fri_c1_500_10,regression,500,10,False,A11 A21 A31 A41 A53 A61,,EN7,Voting Ensemble,True,,8,0.6301329637938966,0.05630959247789259,0.16,ok,,1
641_fri_c1_500_10,regression,500,10,False,A11 A21 A31 A41 A53 A61,,EN7,Voting Ensemble,True,,8,0.6333584343074866,0.029815231646278726,0.19,ok,,2
641_fri_c1_500_10,regression,500,10,False,A11 A21 A31 A41 A53 A61,,SV1,SVM (linear),True,,17,0.1809415702624096,0.11310790729767002,0.07,ok,,1
641_fri_c1_500_10,regression,500,10,False,A11 A21 A31 A41 A53 A61,,SV1,SVM (linear),True,,17,0.19851743907365754,0.07914946601608523,0.06,ok,,2
641_fri_c1_500_10,regression,500,10,False,A11 A21 A31 A41 A53 A61,,SV2,Kernel SVM (RBF/Poly),True,,13,0.4382951805890361,0.0881816299991019,0.11,ok,,1
641_fri_c1_500_10,regression,500,10,False,A11 A21 A31 A41 A53 A61,,SV2,Kernel SVM (RBF/Poly),True,,13,0.4550921257814774,0.05643672312764257,0.11,ok,,2
641_fri_c1_500_10,regression,500,10,False,A11 A21 A31 A41 A53 A61,,IB1,k-Nearest Neighbors,True,,16,0.3857426834102258,0.11352892480103968,0.06,ok,,1
641_fri_c1_500_10,regression,500,10,False,A11 A21 A31 A41 A53 A61,,IB1,k-Nearest Neighbors,True,,16,0.4013333561230251,0.05827241871192508,0.06,ok,,2
641_fri_c1_500_10,regression,500,10,False,A11 A21 A31 A41 A53 A61,,NN2,MLP (Feedforward),True,,9,0.839034599347593,0.015961389501632225,3.19,ok,,1
641_fri_c1_500_10,regression,500,10,False,A11 A21 A31 A41 A53 A61,,NN2,MLP (Feedforward),True,,9,0.8498821860584496,0.030974813880580345,3.13,ok,,2
641_fri_c1_500_10,regression,500,10,False,A11 A21 A31 A41 A53 A61,,EN3,XGBoost,True,,5,0.8847188313846079,0.030525742200443857,0.93,ok,,1
641_fri_c1_500_10,regression,500,10,False,A11 A21 A31 A41 A53 A61,,EN3,XGBoost,True,,5,0.8778381795337333,0.02370297919935544,0.96,ok,,2
641_fri_c1_500_10,regression,500,10,False,A11 A21 A31 A41 A53 A61,,EN4,LightGBM,True,,3,0.9082049183816642,0.0169196871136978,9.75,ok,,1
641_fri_c1_500_10,regression,500,10,False,A11 A21 A31 A41 A53 A61,,EN4,LightGBM,True,,3,0.9091764041337737,0.006392778155058921,18.75,ok,,2
641_fri_c1_500_10,regression,500,10,False,A11 A21 A31 A41 A53 A61,,BASE-HGB,Histogram Gradient Boosting (baseline),False,,,0.9103572550688298,0.013435945640339668,0.65,ok,,1
641_fri_c1_500_10,regression,500,10,False,A11 A21 A31 A41 A53 A61,,BASE-HGB,Histogram Gradient Boosting (baseline),False,,,0.9069847773801483,0.0037520440688262047,0.66,ok,,2
589_fri_c2_1000_25,regression,1000,25,False,A11 A21 A31 A41 A53 A61,,LM1,Linear Regression,True,,15,0.25048356441495506,0.06277304807031374,0.08,ok,,1
589_fri_c2_1000_25,regression,1000,25,False,A11 A21 A31 A41 A53 A61,,LM1,Linear Regression,True,,15,0.26667159633741094,0.03738929243505626,0.08,ok,,2
589_fri_c2_1000_25,regression,1000,25,False,A11 A21 A31 A41 A53 A61,,LM3,Ridge Regression,True,,10,0.2506231641352981,0.0627455451778679,0.08,ok,,1
589_fri_c2_1000_25,regression,1000,25,False,A11 A21 A31 A41 A53 A61,,LM3,Ridge Regression,True,,10,0.2667769854117178,0.037377516071934305,0.07,ok,,2
589_fri_c2_1000_25,regression,1000,25,False,A11 A21 A31 A41 A53 A61,,LM4,Lasso Regression,True,,18,-0.007144122718978041,0.00909291217364917,0.07,ok,,1
589_fri_c2_1000_25,regression,1000,25,False,A11 A21 A31 A41 A53 A61,,LM4,Lasso Regression,True,,18,-0.0030577675315943686,0.0035543977465523017,0.07,ok,,2
589_fri_c2_1000_25,regression,1000,25,False,A11 A21 A31 A41 A53 A61,,LM5,Elastic Net,True,,19,-0.007144122718978041,0.00909291217364917,0.08,ok,,1
589_fri_c2_1000_25,regression,1000,25,False,A11 A21 A31 A41 A53 A61,,LM5,Elastic Net,True,,19,-0.0030577675315943686,0.0035543977465523017,0.07,ok,,2
589_fri_c2_1000_25,regression,1000,25,False,A11 A21 A31 A41 A53 A61,,LM6,Polynomial Regression,True,,14,-0.3157350515563551,0.12277449476580886,0.14,ok,,1
589_fri_c2_1000_25,regression,1000,25,False,A11 A21 A31 A41 A53 A61,,LM6,Polynomial Regression,True,,14,-0.3306212710355168,0.13970957852848628,0.13,ok,,2
589_fri_c2_1000_25,regression,1000,25,False,A11 A21 A31 A41 A53 A61,,LM7,Bayesian Linear Regression,True,,11,0.2524592059342615,0.0611807469381717,0.08,ok,,1
589_fri_c2_1000_25,regression,1000,25,False,A11 A21 A31 A41 A53 A61,,LM7,Bayesian Linear Regression,True,,11,0.2675040891200087,0.03564462092849434,0.07,ok,,2
589_fri_c2_1000_25,regression,1000,25,False,A11 A21 A31 A41 A53 A61,,TR1,Decision Tree,True,,12,0.7369702107807015,0.033695395241384436,0.16,ok,,1
589_fri_c2_1000_25,regression,1000,25,False,A11 A21 A31 A41 A53 A61,,TR1,Decision Tree,True,,12,0.7437097781034889,0.04539078538363123,0.15,ok,,2
589_fri_c2_1000_25,regression,1000,25,False,A11 A21 A31 A41 A53 A61,,TR2,Random Forest,True,,4,0.8822034634862931,0.01060341418408957,11.36,ok,,1
589_fri_c2_1000_25,regression,1000,25,False,A11 A21 A31 A41 A53 A61,,TR2,Random Forest,True,,4,0.8801608707402707,0.025556272702986108,11.15,ok,,2
589_fri_c2_1000_25,regression,1000,25,False,A11 A21 A31 A41 A53 A61,,TR3,Extra Trees,True,,2,0.9146406638797651,0.010925234590735794,6.25,ok,,1
589_fri_c2_1000_25,regression,1000,25,False,A11 A21 A31 A41 A53 A61,,TR3,Extra Trees,True,,2,0.9127202055895325,0.008930785904952387,6.43,ok,,2
589_fri_c2_1000_25,regression,1000,25,False,A11 A21 A31 A41 A53 A61,,EN1,AdaBoost,True,,7,0.7935003244390091,0.02060772790689893,1.36,ok,,1
589_fri_c2_1000_25,regression,1000,25,False,A11 A21 A31 A41 A53 A61,,EN1,AdaBoost,True,,7,0.7968042992825956,0.019447626543776752,1.28,ok,,2
589_fri_c2_1000_25,regression,1000,25,False,A11 A21 A31 A41 A53 A61,,EN2,Gradient Boosting (GBM),True,,1,0.9231206578488618,0.009676578530677198,2.87,ok,,1
589_fri_c2_1000_25,regression,1000,25,False,A11 A21 A31 A41 A53 A61,,EN2,Gradient Boosting (GBM),True,,1,0.9204956664506627,0.014204995039516966,2.99,ok,,2
589_fri_c2_1000_25,regression,1000,25,False,A11 A21 A31 A41 A53 A61,,EN6,Stacking,True,,6,0.772341819721517,0.02145286190226741,0.7,ok,,1
589_fri_c2_1000_25,regression,1000,25,False,A11 A21 A31 A41 A53 A61,,EN6,Stacking,True,,6,0.780917076193831,0.03124415651981199,0.7,ok,,2
589_fri_c2_1000_25,regression,1000,25,False,A11 A21 A31 A41 A53 A61,,EN7,Voting Ensemble,True,,8,0.6129677023568498,0.033222535036074446,0.23,ok,,1
589_fri_c2_1000_25,regression,1000,25,False,A11 A21 A31 A41 A53 A61,,EN7,Voting Ensemble,True,,8,0.6202832625934012,0.016383830551620446,0.24,ok,,2
589_fri_c2_1000_25,regression,1000,25,False,A11 A21 A31 A41 A53 A61,,SV1,SVM (linear),True,,17,0.2211065495067273,0.05909126875430948,0.15,ok,,1
589_fri_c2_1000_25,regression,1000,25,False,A11 A21 A31 A41 A53 A61,,SV1,SVM (linear),True,,17,0.24172538692437645,0.03255968123809013,0.15,ok,,2
589_fri_c2_1000_25,regression,1000,25,False,A11 A21 A31 A41 A53 A61,,SV2,Kernel SVM (RBF/Poly),True,,13,0.2721411723796115,0.07794854034499728,0.31,ok,,1
589_fri_c2_1000_25,regression,1000,25,False,A11 A21 A31 A41 A53 A61,,SV2,Kernel SVM (RBF/Poly),True,,13,0.3059162555269412,0.012079709859303327,0.38,ok,,2
589_fri_c2_1000_25,regression,1000,25,False,A11 A21 A31 A41 A53 A61,,IB1,k-Nearest Neighbors,True,,16,0.26473631287118,0.07324963940670634,0.08,ok,,1
589_fri_c2_1000_25,regression,1000,25,False,A11 A21 A31 A41 A53 A61,,IB1,k-Nearest Neighbors,True,,16,0.2857759547713603,0.02533411841920995,0.08,ok,,2
589_fri_c2_1000_25,regression,1000,25,False,A11 A21 A31 A41 A53 A61,,NN2,MLP (Feedforward),True,,9,-0.15638479295259305,0.19410074411380193,6.47,ok,,1
589_fri_c2_1000_25,regression,1000,25,False,A11 A21 A31 A41 A53 A61,,NN2,MLP (Feedforward),True,,9,-0.215456285626506,0.14737824343477302,6.76,ok,,2
589_fri_c2_1000_25,regression,1000,25,False,A11 A21 A31 A41 A53 A61,,EN3,XGBoost,True,,5,0.9050462002402002,0.012723361355594261,3.14,ok,,1
589_fri_c2_1000_25,regression,1000,25,False,A11 A21 A31 A41 A53 A61,,EN3,XGBoost,True,,5,0.9013507473943673,0.01163477151725789,3.0,ok,,2
589_fri_c2_1000_25,regression,1000,25,False,A11 A21 A31 A41 A53 A61,,BASE-HGB,Histogram Gradient Boosting (baseline),False,,,0.9183844754990776,0.013195515189791479,1.59,ok,,1
589_fri_c2_1000_25,regression,1000,25,False,A11 A21 A31 A41 A53 A61,,BASE-HGB,Histogram Gradient Boosting (baseline),False,,,0.9219522640063849,0.015794430055124244,1.58,ok,,2
598_fri_c0_1000_25,regression,1000,25,False,A11 A21 A31 A41 A53 A61,,LM1,Linear Regression,True,,15,0.6918225724492912,0.04161018224150648,0.08,ok,,1
598_fri_c0_1000_25,regression,1000,25,False,A11 A21 A31 A41 A53 A61,,LM1,Linear Regression,True,,15,0.6941157747447452,0.013175004044995761,0.08,ok,,2
598_fri_c0_1000_25,regression,1000,25,False,A11 A21 A31 A41 A53 A61,,LM3,Ridge Regression,True,,10,0.6918540023242122,0.04159237439358161,0.08,ok,,1
598_fri_c0_1000_25,regression,1000,25,False,A11 A21 A31 A41 A53 A61,,LM3,Ridge Regression,True,,10,0.694142533761274,0.013111782709165846,0.08,ok,,2
598_fri_c0_1000_25,regression,1000,25,False,A11 A21 A31 A41 A53 A61,,LM4,Lasso Regression,True,,18,-0.004584380958387246,0.0034359203088624077,0.08,ok,,1
598_fri_c0_1000_25,regression,1000,25,False,A11 A21 A31 A41 A53 A61,,LM4,Lasso Regression,True,,18,-0.0020601245985171434,0.0029096628607677283,0.08,ok,,2
598_fri_c0_1000_25,regression,1000,25,False,A11 A21 A31 A41 A53 A61,,LM5,Elastic Net,True,,19,0.04959845428777983,0.004923341392767248,0.07,ok,,1
598_fri_c0_1000_25,regression,1000,25,False,A11 A21 A31 A41 A53 A61,,LM5,Elastic Net,True,,19,0.05246435916258296,0.008332057123212123,0.08,ok,,2
598_fri_c0_1000_25,regression,1000,25,False,A11 A21 A31 A41 A53 A61,,LM6,Polynomial Regression,True,,14,0.7997561915919551,0.013142594846010146,0.14,ok,,1
598_fri_c0_1000_25,regression,1000,25,False,A11 A21 A31 A41 A53 A61,,LM6,Polynomial Regression,True,,14,0.794927378982272,0.010548363850082012,0.14,ok,,2
598_fri_c0_1000_25,regression,1000,25,False,A11 A21 A31 A41 A53 A61,,LM7,Bayesian Linear Regression,True,,11,0.6920043567012779,0.04142217033740362,0.08,ok,,1
598_fri_c0_1000_25,regression,1000,25,False,A11 A21 A31 A41 A53 A61,,LM7,Bayesian Linear Regression,True,,11,0.6942578720582079,0.012539785001537527,0.08,ok,,2
598_fri_c0_1000_25,regression,1000,25,False,A11 A21 A31 A41 A53 A61,,TR1,Decision Tree,True,,12,0.5771647685693244,0.04676165981187562,0.15,ok,,1
598_fri_c0_1000_25,regression,1000,25,False,A11 A21 A31 A41 A53 A61,,TR1,Decision Tree,True,,12,0.5778002167823989,0.028391345186265227,0.14,ok,,2
598_fri_c0_1000_25,regression,1000,25,False,A11 A21 A31 A41 A53 A61,,TR2,Random Forest,True,,4,0.8055204822361626,0.01755400617608338,10.3,ok,,1
598_fri_c0_1000_25,regression,1000,25,False,A11 A21 A31 A41 A53 A61,,TR2,Random Forest,True,,4,0.8107434601209466,0.01213050664548699,10.75,ok,,2
598_fri_c0_1000_25,regression,1000,25,False,A11 A21 A31 A41 A53 A61,,TR3,Extra Trees,True,,2,0.828927896618809,0.020513020053567196,6.31,ok,,1
598_fri_c0_1000_25,regression,1000,25,False,A11 A21 A31 A41 A53 A61,,TR3,Extra Trees,True,,2,0.8317914854821673,0.00993088194313521,6.38,ok,,2
598_fri_c0_1000_25,regression,1000,25,False,A11 A21 A31 A41 A53 A61,,EN1,AdaBoost,True,,7,0.7677035872494271,0.029692603127388837,1.35,ok,,1
598_fri_c0_1000_25,regression,1000,25,False,A11 A21 A31 A41 A53 A61,,EN1,AdaBoost,True,,7,0.7699161534144215,0.008329738738849889,1.38,ok,,2
598_fri_c0_1000_25,regression,1000,25,False,A11 A21 A31 A41 A53 A61,,EN2,Gradient Boosting (GBM),True,,1,0.9024044539056568,0.00845840482629447,2.92,ok,,1
598_fri_c0_1000_25,regression,1000,25,False,A11 A21 A31 A41 A53 A61,,EN2,Gradient Boosting (GBM),True,,1,0.9016179834976796,0.006598823516449194,3.06,ok,,2
598_fri_c0_1000_25,regression,1000,25,False,A11 A21 A31 A41 A53 A61,,EN6,Stacking,True,,6,0.74730346245683,0.029927055045465695,0.68,ok,,1
598_fri_c0_1000_25,regression,1000,25,False,A11 A21 A31 A41 A53 A61,,EN6,Stacking,True,,6,0.7604839836178287,0.01890285386178338,0.63,ok,,2
598_fri_c0_1000_25,regression,1000,25,False,A11 A21 A31 A41 A53 A61,,EN7,Voting Ensemble,True,,8,0.7179416847077041,0.024389697450305368,0.2,ok,,1
598_fri_c0_1000_25,regression,1000,25,False,A11 A21 A31 A41 A53 A61,,EN7,Voting Ensemble,True,,8,0.7246379778234933,0.014512343436354231,0.24,ok,,2
598_fri_c0_1000_25,regression,1000,25,False,A11 A21 A31 A41 A53 A61,,SV1,SVM (linear),True,,17,0.6858633822106757,0.04731324744206079,0.18,ok,,1
598_fri_c0_1000_25,regression,1000,25,False,A11 A21 A31 A41 A53 A61,,SV1,SVM (linear),True,,17,0.6813850733291892,0.015230712223824066,0.19,ok,,2
598_fri_c0_1000_25,regression,1000,25,False,A11 A21 A31 A41 A53 A61,,SV2,Kernel SVM (RBF/Poly),True,,13,0.7454459519817882,0.03261392602290956,0.39,ok,,1
598_fri_c0_1000_25,regression,1000,25,False,A11 A21 A31 A41 A53 A61,,SV2,Kernel SVM (RBF/Poly),True,,13,0.7467326514652105,0.015431482585967226,0.32,ok,,2
598_fri_c0_1000_25,regression,1000,25,False,A11 A21 A31 A41 A53 A61,,IB1,k-Nearest Neighbors,True,,16,0.43446917455774425,0.04319582069499687,0.08,ok,,1
598_fri_c0_1000_25,regression,1000,25,False,A11 A21 A31 A41 A53 A61,,IB1,k-Nearest Neighbors,True,,16,0.41871974585081695,0.03968857289898593,0.08,ok,,2
598_fri_c0_1000_25,regression,1000,25,False,A11 A21 A31 A41 A53 A61,,NN2,MLP (Feedforward),True,,9,0.7467293797063467,0.024910526629433882,3.77,ok,,1
598_fri_c0_1000_25,regression,1000,25,False,A11 A21 A31 A41 A53 A61,,NN2,MLP (Feedforward),True,,9,0.7528362540046205,0.02793109684182654,4.1,ok,,2
598_fri_c0_1000_25,regression,1000,25,False,A11 A21 A31 A41 A53 A61,,EN3,XGBoost,True,,5,0.863429087992662,0.016512017281674753,3.12,ok,,1
598_fri_c0_1000_25,regression,1000,25,False,A11 A21 A31 A41 A53 A61,,EN3,XGBoost,True,,5,0.8560775858543732,0.011052895387056694,3.21,ok,,2
598_fri_c0_1000_25,regression,1000,25,False,A11 A21 A31 A41 A53 A61,,EN4,LightGBM,True,,3,0.8968061282156471,0.012653271126992964,14.46,ok,,2
598_fri_c0_1000_25,regression,1000,25,False,A11 A21 A31 A41 A53 A61,,BASE-HGB,Histogram Gradient Boosting (baseline),False,,,0.89416013675331,0.013786945062752545,1.52,ok,,1
598_fri_c0_1000_25,regression,1000,25,False,A11 A21 A31 A41 A53 A61,,BASE-HGB,Histogram Gradient Boosting (baseline),False,,,0.8989170436542346,0.013360512939934685,1.54,ok,,2
620_fri_c1_1000_25,regression,1000,25,False,A11 A21 A31 A41 A53 A61,,LM1,Linear Regression,True,,15,0.2617901840872925,0.06756345946529972,0.07,ok,,1
620_fri_c1_1000_25,regression,1000,25,False,A11 A21 A31 A41 A53 A61,,LM1,Linear Regression,True,,15,0.25023517049664523,0.05288998598104455,0.08,ok,,2
620_fri_c1_1000_25,regression,1000,25,False,A11 A21 A31 A41 A53 A61,,LM3,Ridge Regression,True,,10,0.2620411186938081,0.06743900139882701,0.07,ok,,1
620_fri_c1_1000_25,regression,1000,25,False,A11 A21 A31 A41 A53 A61,,LM3,Ridge Regression,True,,10,0.250612288844135,0.05254893075001726,0.07,ok,,2
620_fri_c1_1000_25,regression,1000,25,False,A11 A21 A31 A41 A53 A61,,LM4,Lasso Regression,True,,18,-0.0011788711091493375,0.0014849065316356706,0.07,ok,,1
620_fri_c1_1000_25,regression,1000,25,False,A11 A21 A31 A41 A53 A61,,LM4,Lasso Regression,True,,18,-0.007244235181030767,0.01077193831990482,0.09,ok,,2
620_fri_c1_1000_25,regression,1000,25,False,A11 A21 A31 A41 A53 A61,,LM5,Elastic Net,True,,19,-0.0011788711091493375,0.0014849065316356706,0.1,ok,,1
620_fri_c1_1000_25,regression,1000,25,False,A11 A21 A31 A41 A53 A61,,LM5,Elastic Net,True,,19,-0.007244235181030767,0.01077193831990482,0.07,ok,,2
620_fri_c1_1000_25,regression,1000,25,False,A11 A21 A31 A41 A53 A61,,LM6,Polynomial Regression,True,,14,-0.19399798510516958,0.13598732157534474,0.13,ok,,1
620_fri_c1_1000_25,regression,1000,25,False,A11 A21 A31 A41 A53 A61,,LM6,Polynomial Regression,True,,14,-0.21252746740833217,0.1679775951607865,0.14,ok,,2
620_fri_c1_1000_25,regression,1000,25,False,A11 A21 A31 A41 A53 A61,,LM7,Bayesian Linear Regression,True,,11,0.2640701538274399,0.061547243367540964,0.08,ok,,1
620_fri_c1_1000_25,regression,1000,25,False,A11 A21 A31 A41 A53 A61,,LM7,Bayesian Linear Regression,True,,11,0.25378831160235105,0.04610869820388132,0.08,ok,,2
620_fri_c1_1000_25,regression,1000,25,False,A11 A21 A31 A41 A53 A61,,TR1,Decision Tree,True,,12,0.7260217351080867,0.04999269332144136,0.15,ok,,1
620_fri_c1_1000_25,regression,1000,25,False,A11 A21 A31 A41 A53 A61,,TR1,Decision Tree,True,,12,0.7127187057797075,0.03657379835555444,0.15,ok,,2
620_fri_c1_1000_25,regression,1000,25,False,A11 A21 A31 A41 A53 A61,,TR2,Random Forest,True,,4,0.8773498338934758,0.015283647204892037,11.08,ok,,1
620_fri_c1_1000_25,regression,1000,25,False,A11 A21 A31 A41 A53 A61,,TR2,Random Forest,True,,4,0.8733764811523258,0.014080035862993284,11.42,ok,,2
620_fri_c1_1000_25,regression,1000,25,False,A11 A21 A31 A41 A53 A61,,TR3,Extra Trees,True,,2,0.9142217138392811,0.0065970926812036045,5.74,ok,,1
620_fri_c1_1000_25,regression,1000,25,False,A11 A21 A31 A41 A53 A61,,TR3,Extra Trees,True,,2,0.9144390800281382,0.009148300465561074,6.1,ok,,2
620_fri_c1_1000_25,regression,1000,25,False,A11 A21 A31 A41 A53 A61,,EN1,AdaBoost,True,,7,0.8038544444672592,0.017973759463939212,1.5,ok,,1
620_fri_c1_1000_25,regression,1000,25,False,A11 A21 A31 A41 A53 A61,,EN1,AdaBoost,True,,7,0.7979702331450931,0.02364034721886107,1.34,ok,,2
620_fri_c1_1000_25,regression,1000,25,False,A11 A21 A31 A41 A53 A61,,EN2,Gradient Boosting (GBM),True,,1,0.9261767588424588,0.009798629286003427,3.06,ok,,1
620_fri_c1_1000_25,regression,1000,25,False,A11 A21 A31 A41 A53 A61,,EN2,Gradient Boosting (GBM),True,,1,0.9201550852223044,0.009519248423887221,2.87,ok,,2
620_fri_c1_1000_25,regression,1000,25,False,A11 A21 A31 A41 A53 A61,,EN6,Stacking,True,,6,0.784508007921306,0.027767079153225394,0.69,ok,,1
620_fri_c1_1000_25,regression,1000,25,False,A11 A21 A31 A41 A53 A61,,EN6,Stacking,True,,6,0.7636098242784651,0.0436021773787642,0.73,ok,,2
620_fri_c1_1000_25,regression,1000,25,False,A11 A21 A31 A41 A53 A61,,EN7,Voting Ensemble,True,,8,0.5942051439570826,0.03562436450724112,0.27,ok,,1
620_fri_c1_1000_25,regression,1000,25,False,A11 A21 A31 A41 A53 A61,,EN7,Voting Ensemble,True,,8,0.5747251255074456,0.04502191852900476,0.25,ok,,2
620_fri_c1_1000_25,regression,1000,25,False,A11 A21 A31 A41 A53 A61,,SV1,SVM (linear),True,,17,0.2250757457638879,0.07180875288642523,0.24,ok,,1
620_fri_c1_1000_25,regression,1000,25,False,A11 A21 A31 A41 A53 A61,,SV1,SVM (linear),True,,17,0.20665173367407447,0.06141433660980486,0.14,ok,,2
620_fri_c1_1000_25,regression,1000,25,False,A11 A21 A31 A41 A53 A61,,SV2,Kernel SVM (RBF/Poly),True,,13,0.2359276352021206,0.07261992704219618,0.34,ok,,1
620_fri_c1_1000_25,regression,1000,25,False,A11 A21 A31 A41 A53 A61,,SV2,Kernel SVM (RBF/Poly),True,,13,0.23378755351848862,0.05290478402713521,0.34,ok,,2
620_fri_c1_1000_25,regression,1000,25,False,A11 A21 A31 A41 A53 A61,,IB1,k-Nearest Neighbors,True,,16,0.15988504215232874,0.06230709600167529,0.08,ok,,1
620_fri_c1_1000_25,regression,1000,25,False,A11 A21 A31 A41 A53 A61,,IB1,k-Nearest Neighbors,True,,16,0.14377328623297725,0.1043858653767082,0.08,ok,,2
620_fri_c1_1000_25,regression,1000,25,False,A11 A21 A31 A41 A53 A61,,NN2,MLP (Feedforward),True,,9,-0.19826808507481253,0.20851087415740288,6.55,ok,,1
620_fri_c1_1000_25,regression,1000,25,False,A11 A21 A31 A41 A53 A61,,NN2,MLP (Feedforward),True,,9,-0.23184812947635675,0.1296704579404133,6.63,ok,,2
620_fri_c1_1000_25,regression,1000,25,False,A11 A21 A31 A41 A53 A61,,EN3,XGBoost,True,,5,0.9042427694034284,0.013611370323733444,3.19,ok,,1
620_fri_c1_1000_25,regression,1000,25,False,A11 A21 A31 A41 A53 A61,,EN3,XGBoost,True,,5,0.9025527645876223,0.014937044584747086,3.29,ok,,2
620_fri_c1_1000_25,regression,1000,25,False,A11 A21 A31 A41 A53 A61,,EN4,LightGBM,True,,3,0.9249574565574173,0.012264545447986613,19.29,ok,,1
620_fri_c1_1000_25,regression,1000,25,False,A11 A21 A31 A41 A53 A61,,BASE-HGB,Histogram Gradient Boosting (baseline),False,,,0.9267445072014924,0.010721474283753885,1.58,ok,,1
620_fri_c1_1000_25,regression,1000,25,False,A11 A21 A31 A41 A53 A61,,BASE-HGB,Histogram Gradient Boosting (baseline),False,,,0.9270811757453508,0.0044075696493603815,1.65,ok,,2
606_fri_c2_1000_10,regression,1000,10,False,A11 A21 A31 A41 A53 A61,,LM1,Linear Regression,True,,15,0.31228450115072387,0.03713345637235309,0.07,ok,,1
606_fri_c2_1000_10,regression,1000,10,False,A11 A21 A31 A41 A53 A61,,LM1,Linear Regression,True,,15,0.308843113073351,0.03750481127296922,0.06,ok,,2
606_fri_c2_1000_10,regression,1000,10,False,A11 A21 A31 A41 A53 A61,,LM3,Ridge Regression,True,,10,0.3123126307251236,0.03699648853758544,0.06,ok,,1
606_fri_c2_1000_10,regression,1000,10,False,A11 A21 A31 A41 A53 A61,,LM3,Ridge Regression,True,,10,0.30888511864593104,0.03730770062782823,0.06,ok,,2
606_fri_c2_1000_10,regression,1000,10,False,A11 A21 A31 A41 A53 A61,,LM4,Lasso Regression,True,,18,-0.004912148647167802,0.003166375274238755,0.07,ok,,1
606_fri_c2_1000_10,regression,1000,10,False,A11 A21 A31 A41 A53 A61,,LM4,Lasso Regression,True,,18,-0.00424215432290378,0.004182823333535832,0.07,ok,,2
606_fri_c2_1000_10,regression,1000,10,False,A11 A21 A31 A41 A53 A61,,LM5,Elastic Net,True,,19,-0.004912148647167802,0.003166375274238755,0.06,ok,,1
606_fri_c2_1000_10,regression,1000,10,False,A11 A21 A31 A41 A53 A61,,LM5,Elastic Net,True,,19,-0.00424215432290378,0.004182823333535832,0.07,ok,,2
606_fri_c2_1000_10,regression,1000,10,False,A11 A21 A31 A41 A53 A61,,LM6,Polynomial Regression,True,,14,0.3095798169162945,0.009407086186896419,0.08,ok,,1
606_fri_c2_1000_10,regression,1000,10,False,A11 A21 A31 A41 A53 A61,,LM6,Polynomial Regression,True,,14,0.29391750761335195,0.05814144750919411,0.09,ok,,2
606_fri_c2_1000_10,regression,1000,10,False,A11 A21 A31 A41 A53 A61,,LM7,Bayesian Linear Regression,True,,11,0.3121533762214595,0.03486458814246637,0.07,ok,,1
606_fri_c2_1000_10,regression,1000,10,False,A11 A21 A31 A41 A53 A61,,LM7,Bayesian Linear Regression,True,,11,0.3087473746938489,0.034522814308241875,0.08,ok,,2
606_fri_c2_1000_10,regression,1000,10,False,A11 A21 A31 A41 A53 A61,,TR1,Decision Tree,True,,12,0.7725726621649398,0.023192034462117178,0.11,ok,,1
606_fri_c2_1000_10,regression,1000,10,False,A11 A21 A31 A41 A53 A61,,TR1,Decision Tree,True,,12,0.7677865443773911,0.03254716348119529,0.1,ok,,2
606_fri_c2_1000_10,regression,1000,10,False,A11 A21 A31 A41 A53 A61,,TR2,Random Forest,True,,4,0.9021445522111259,0.010455847848798785,6.04,ok,,1
606_fri_c2_1000_10,regression,1000,10,False,A11 A21 A31 A41 A53 A61,,TR2,Random Forest,True,,4,0.896166459216602,0.013750240702323202,5.8,ok,,2
606_fri_c2_1000_10,regression,1000,10,False,A11 A21 A31 A41 A53 A61,,TR3,Extra Trees,True,,2,0.927814635593528,0.012424085068625607,3.42,ok,,1
606_fri_c2_1000_10,regression,1000,10,False,A11 A21 A31 A41 A53 A61,,TR3,Extra Trees,True,,2,0.9281017809887795,0.005204652791950173,3.58,ok,,2
606_fri_c2_1000_10,regression,1000,10,False,A11 A21 A31 A41 A53 A61,,EN1,AdaBoost,True,,7,0.8061700726591638,0.014395100795304367,0.76,ok,,1
606_fri_c2_1000_10,regression,1000,10,False,A11 A21 A31 A41 A53 A61,,EN1,AdaBoost,True,,7,0.8147342930272587,0.02117808386663715,0.83,ok,,2
606_fri_c2_1000_10,regression,1000,10,False,A11 A21 A31 A41 A53 A61,,EN2,Gradient Boosting (GBM),True,,1,0.9317711461351526,0.009261416867878685,1.39,ok,,1
606_fri_c2_1000_10,regression,1000,10,False,A11 A21 A31 A41 A53 A61,,EN2,Gradient Boosting (GBM),True,,1,0.929343009025865,0.011175493396622682,1.44,ok,,2
606_fri_c2_1000_10,regression,1000,10,False,A11 A21 A31 A41 A53 A61,,EN6,Stacking,True,,6,0.8259963615229982,0.019765122612346323,0.61,ok,,1
606_fri_c2_1000_10,regression,1000,10,False,A11 A21 A31 A41 A53 A61,,EN6,Stacking,True,,6,0.8140469280412962,0.0230637994322638,0.57,ok,,2
606_fri_c2_1000_10,regression,1000,10,False,A11 A21 A31 A41 A53 A61,,EN7,Voting Ensemble,True,,8,0.7152523333856756,0.019334758650017315,0.17,ok,,1
606_fri_c2_1000_10,regression,1000,10,False,A11 A21 A31 A41 A53 A61,,EN7,Voting Ensemble,True,,8,0.706477921628727,0.023580282895332125,0.22,ok,,2
606_fri_c2_1000_10,regression,1000,10,False,A11 A21 A31 A41 A53 A61,,SV1,SVM (linear),True,,17,0.27282035926381437,0.03219882664072352,0.08,ok,,1
606_fri_c2_1000_10,regression,1000,10,False,A11 A21 A31 A41 A53 A61,,SV1,SVM (linear),True,,17,0.27384892009471384,0.038443587772123776,0.08,ok,,2
606_fri_c2_1000_10,regression,1000,10,False,A11 A21 A31 A41 A53 A61,,SV2,Kernel SVM (RBF/Poly),True,,13,0.6456888289143562,0.02536537591121145,0.3,ok,,1
606_fri_c2_1000_10,regression,1000,10,False,A11 A21 A31 A41 A53 A61,,SV2,Kernel SVM (RBF/Poly),True,,13,0.6347193126295003,0.04496818835476469,0.25,ok,,2
606_fri_c2_1000_10,regression,1000,10,False,A11 A21 A31 A41 A53 A61,,IB1,k-Nearest Neighbors,True,,16,0.5658284655925868,0.03646110671593665,0.08,ok,,1
606_fri_c2_1000_10,regression,1000,10,False,A11 A21 A31 A41 A53 A61,,IB1,k-Nearest Neighbors,True,,16,0.5606453426505057,0.06085453992477628,0.08,ok,,2
606_fri_c2_1000_10,regression,1000,10,False,A11 A21 A31 A41 A53 A61,,NN2,MLP (Feedforward),True,,9,0.9131587791272068,0.00976399949472597,5.12,ok,,1
606_fri_c2_1000_10,regression,1000,10,False,A11 A21 A31 A41 A53 A61,,NN2,MLP (Feedforward),True,,9,0.913672897369409,0.012185565238151263,5.1,ok,,2
606_fri_c2_1000_10,regression,1000,10,False,A11 A21 A31 A41 A53 A61,,EN3,XGBoost,True,,5,0.9211146451570226,0.007703683965477601,1.34,ok,,1
606_fri_c2_1000_10,regression,1000,10,False,A11 A21 A31 A41 A53 A61,,EN3,XGBoost,True,,5,0.917566648204572,0.007598519549369296,1.24,ok,,2
606_fri_c2_1000_10,regression,1000,10,False,A11 A21 A31 A41 A53 A61,,BASE-HGB,Histogram Gradient Boosting (baseline),False,,,0.9358721128164321,0.007188604525661865,0.99,ok,,1
606_fri_c2_1000_10,regression,1000,10,False,A11 A21 A31 A41 A53 A61,,BASE-HGB,Histogram Gradient Boosting (baseline),False,,,0.9313859368292668,0.012007841501231603,1.01,ok,,2
595_fri_c0_1000_10,regression,1000,10,False,A11 A21 A31 A41 A53 A61,,LM1,Linear Regression,True,,15,0.7039963862838452,0.04534054661257931,0.06,ok,,1
595_fri_c0_1000_10,regression,1000,10,False,A11 A21 A31 A41 A53 A61,,LM1,Linear Regression,True,,15,0.7063534809190674,0.05023506872607525,0.06,ok,,2
595_fri_c0_1000_10,regression,1000,10,False,A11 A21 A31 A41 A53 A61,,LM3,Ridge Regression,True,,10,0.7040111474230498,0.04524293519306838,0.06,ok,,1
595_fri_c0_1000_10,regression,1000,10,False,A11 A21 A31 A41 A53 A61,,LM3,Ridge Regression,True,,10,0.7063742016882982,0.05013724234640564,0.06,ok,,2
595_fri_c0_1000_10,regression,1000,10,False,A11 A21 A31 A41 A53 A61,,LM4,Lasso Regression,True,,18,-0.006160048705663978,0.0036063365902601033,0.06,ok,,1
595_fri_c0_1000_10,regression,1000,10,False,A11 A21 A31 A41 A53 A61,,LM4,Lasso Regression,True,,18,-0.011417305067673,0.01378036702793266,0.06,ok,,2
595_fri_c0_1000_10,regression,1000,10,False,A11 A21 A31 A41 A53 A61,,LM5,Elastic Net,True,,19,0.045875502665774094,0.015198991706488614,0.06,ok,,1
595_fri_c0_1000_10,regression,1000,10,False,A11 A21 A31 A41 A53 A61,,LM5,Elastic Net,True,,19,0.04045726936407297,0.009583344339600468,0.06,ok,,2
595_fri_c0_1000_10,regression,1000,10,False,A11 A21 A31 A41 A53 A61,,LM6,Polynomial Regression,True,,14,0.8630586801121138,0.030994060489649748,0.07,ok,,1
595_fri_c0_1000_10,regression,1000,10,False,A11 A21 A31 A41 A53 A61,,LM6,Polynomial Regression,True,,14,0.8651281067823302,0.018731337587777383,0.07,ok,,2
595_fri_c0_1000_10,regression,1000,10,False,A11 A21 A31 A41 A53 A61,,LM7,Bayesian Linear Regression,True,,11,0.7040284188521583,0.04498136717420813,0.06,ok,,1
595_fri_c0_1000_10,regression,1000,10,False,A11 A21 A31 A41 A53 A61,,LM7,Bayesian Linear Regression,True,,11,0.7063955152907679,0.049858102879667875,0.06,ok,,2
595_fri_c0_1000_10,regression,1000,10,False,A11 A21 A31 A41 A53 A61,,TR1,Decision Tree,True,,12,0.6125259529409988,0.049807191707633314,0.09,ok,,1
595_fri_c0_1000_10,regression,1000,10,False,A11 A21 A31 A41 A53 A61,,TR1,Decision Tree,True,,12,0.571438222508198,0.042202569810013295,0.09,ok,,2
595_fri_c0_1000_10,regression,1000,10,False,A11 A21 A31 A41 A53 A61,,TR2,Random Forest,True,,4,0.8258971824788708,0.022371113391009945,5.13,ok,,1
595_fri_c0_1000_10,regression,1000,10,False,A11 A21 A31 A41 A53 A61,,TR2,Random Forest,True,,4,0.8255033316754039,0.015818685286719387,5.6,ok,,2
595_fri_c0_1000_10,regression,1000,10,False,A11 A21 A31 A41 A53 A61,,TR3,Extra Trees,True,,2,0.8425648895640826,0.0218365115440425,3.4,ok,,1
595_fri_c0_1000_10,regression,1000,10,False,A11 A21 A31 A41 A53 A61,,TR3,Extra Trees,True,,2,0.8448410953429006,0.018590312895542912,3.53,ok,,2
595_fri_c0_1000_10,regression,1000,10,False,A11 A21 A31 A41 A53 A61,,EN1,AdaBoost,True,,7,0.7885469953527918,0.031334703740463155,0.85,ok,,1
595_fri_c0_1000_10,regression,1000,10,False,A11 A21 A31 A41 A53 A61,,EN1,AdaBoost,True,,7,0.7827354761259642,0.016263403069541906,0.79,ok,,2
595_fri_c0_1000_10,regression,1000,10,False,A11 A21 A31 A41 A53 A61,,EN2,Gradient Boosting (GBM),True,,1,0.8943058644967138,0.011401888556837903,1.42,ok,,1
595_fri_c0_1000_10,regression,1000,10,False,A11 A21 A31 A41 A53 A61,,EN2,Gradient Boosting (GBM),True,,1,0.8951420575361666,0.011580615876752548,1.39,ok,,2
595_fri_c0_1000_10,regression,1000,10,False,A11 A21 A31 A41 A53 A61,,EN6,Stacking,True,,6,0.7742637715886442,0.03444548715949677,0.6,ok,,1
595_fri_c0_1000_10,regression,1000,10,False,A11 A21 A31 A41 A53 A61,,EN6,Stacking,True,,6,0.7770597039748901,0.033059266021677296,0.55,ok,,2
595_fri_c0_1000_10,regression,1000,10,False,A11 A21 A31 A41 A53 A61,,EN7,Voting Ensemble,True,,8,0.7589802376631818,0.02556068054718688,0.2,ok,,1
595_fri_c0_1000_10,regression,1000,10,False,A11 A21 A31 A41 A53 A61,,EN7,Voting Ensemble,True,,8,0.7616378442861518,0.029801155925229323,0.17,ok,,2
595_fri_c0_1000_10,regression,1000,10,False,A11 A21 A31 A41 A53 A61,,SV1,SVM (linear),True,,17,0.6972002723838322,0.05060007424024451,0.09,ok,,1
595_fri_c0_1000_10,regression,1000,10,False,A11 A21 A31 A41 A53 A61,,SV1,SVM (linear),True,,17,0.6994535680068396,0.059667966811104194,0.09,ok,,2
595_fri_c0_1000_10,regression,1000,10,False,A11 A21 A31 A41 A53 A61,,SV2,Kernel SVM (RBF/Poly),True,,13,0.8769162547158441,0.022728084757864166,0.28,ok,,1
595_fri_c0_1000_10,regression,1000,10,False,A11 A21 A31 A41 A53 A61,,SV2,Kernel SVM (RBF/Poly),True,,13,0.877416481210995,0.013039297799634858,0.26,ok,,2
595_fri_c0_1000_10,regression,1000,10,False,A11 A21 A31 A41 A53 A61,,IB1,k-Nearest Neighbors,True,,16,0.6500218560818557,0.0209483865948236,0.08,ok,,1
595_fri_c0_1000_10,regression,1000,10,False,A11 A21 A31 A41 A53 A61,,IB1,k-Nearest Neighbors,True,,16,0.6594490058718793,0.012394474009807064,0.08,ok,,2
595_fri_c0_1000_10,regression,1000,10,False,A11 A21 A31 A41 A53 A61,,NN2,MLP (Feedforward),True,,9,0.9189254350060612,0.016528418861087985,3.44,ok,,1
595_fri_c0_1000_10,regression,1000,10,False,A11 A21 A31 A41 A53 A61,,NN2,MLP (Feedforward),True,,9,0.9167678309993157,0.010776539776572175,3.47,ok,,2
595_fri_c0_1000_10,regression,1000,10,False,A11 A21 A31 A41 A53 A61,,EN3,XGBoost,True,,5,0.8674747160810112,0.011181228239931087,1.25,ok,,1
595_fri_c0_1000_10,regression,1000,10,False,A11 A21 A31 A41 A53 A61,,EN3,XGBoost,True,,5,0.8584338669176279,0.012621236020556,1.36,ok,,2
595_fri_c0_1000_10,regression,1000,10,False,A11 A21 A31 A41 A53 A61,,EN4,LightGBM,True,,3,0.8986011074039751,0.009004326267681759,41.6,ok,,2
595_fri_c0_1000_10,regression,1000,10,False,A11 A21 A31 A41 A53 A61,,BASE-HGB,Histogram Gradient Boosting (baseline),False,,,0.8949639358824264,0.012979833147628054,1.04,ok,,1
595_fri_c0_1000_10,regression,1000,10,False,A11 A21 A31 A41 A53 A61,,BASE-HGB,Histogram Gradient Boosting (baseline),False,,,0.8947353750198241,0.007224832586699734,1.05,ok,,2
225_puma8NH,regression,5000,8,True,A11 A21 A31 A41 A53 A61,,LM1,Linear Regression,True,,15,0.37561075149999334,0.011520566470634092,0.07,ok,,1
225_puma8NH,regression,5000,8,True,A11 A21 A31 A41 A53 A61,,LM1,Linear Regression,True,,15,0.37597707259779517,0.02075149827862549,0.07,ok,,2
225_puma8NH,regression,5000,8,True,A11 A21 A31 A41 A53 A61,,LM3,Ridge Regression,True,,10,0.3756115107825867,0.01151548266578596,0.08,ok,,1
225_puma8NH,regression,5000,8,True,A11 A21 A31 A41 A53 A61,,LM3,Ridge Regression,True,,10,0.37597775503230485,0.0207430330775248,0.09,ok,,2
225_puma8NH,regression,5000,8,True,A11 A21 A31 A41 A53 A61,,LM4,Lasso Regression,True,,18,0.31317716057470524,0.005941698403849013,0.08,ok,,1
225_puma8NH,regression,5000,8,True,A11 A21 A31 A41 A53 A61,,LM4,Lasso Regression,True,,18,0.31316838176157685,0.0081096013206002,0.08,ok,,2
225_puma8NH,regression,5000,8,True,A11 A21 A31 A41 A53 A61,,LM5,Elastic Net,True,,19,0.29437800007369475,0.005979289775840946,0.08,ok,,1
225_puma8NH,regression,5000,8,True,A11 A21 A31 A41 A53 A61,,LM5,Elastic Net,True,,19,0.29439120931528256,0.007339494220672724,0.07,ok,,2
225_puma8NH,regression,5000,8,True,A11 A21 A31 A41 A53 A61,,LM6,Polynomial Regression,True,,14,0.4258013146479385,0.02390721571277302,0.12,ok,,1
225_puma8NH,regression,5000,8,True,A11 A21 A31 A41 A53 A61,,LM6,Polynomial Regression,True,,14,0.4261305896498763,0.019794159371450678,0.09,ok,,2
225_puma8NH,regression,5000,8,True,A11 A21 A31 A41 A53 A61,,LM7,Bayesian Linear Regression,True,,11,0.37561546369290627,0.011454733801732649,0.07,ok,,1
225_puma8NH,regression,5000,8,True,A11 A21 A31 A41 A53 A61,,LM7,Bayesian Linear Regression,True,,11,0.375979394463869,0.02063775683019755,0.07,ok,,2
225_puma8NH,regression,5000,8,True,A11 A21 A31 A41 A53 A61,,TR1,Decision Tree,True,,12,0.3313181794637866,0.06006798722362348,0.26,ok,,1
225_puma8NH,regression,5000,8,True,A11 A21 A31 A41 A53 A61,,TR1,Decision Tree,True,,12,0.3351547327715275,0.04347028338862714,0.26,ok,,2
225_puma8NH,regression,5000,8,True,A11 A21 A31 A41 A53 A61,,TR2,Random Forest,True,,4,0.6558744627287046,0.0338284361244288,24.98,ok,,1
225_puma8NH,regression,5000,8,True,A11 A21 A31 A41 A53 A61,,TR2,Random Forest,True,,4,0.6537567078561649,0.01600934182029009,25.41,ok,,2
225_puma8NH,regression,5000,8,True,A11 A21 A31 A41 A53 A61,,TR3,Extra Trees,True,,2,0.6570820189351678,0.02834622208319989,12.91,ok,,1
225_puma8NH,regression,5000,8,True,A11 A21 A31 A41 A53 A61,,TR3,Extra Trees,True,,2,0.6510672986361192,0.014208387363905207,12.4,ok,,2
225_puma8NH,regression,5000,8,True,A11 A21 A31 A41 A53 A61,,EN1,AdaBoost,True,,7,0.5447903727111619,0.018790796563209523,1.73,ok,,1
225_puma8NH,regression,5000,8,True,A11 A21 A31 A41 A53 A61,,EN1,AdaBoost,True,,7,0.5492099251007136,0.010246800617750436,1.86,ok,,2
225_puma8NH,regression,5000,8,True,A11 A21 A31 A41 A53 A61,,EN2,Gradient Boosting (GBM),True,,1,0.6591297043616646,0.03093255013955663,5.25,ok,,1
225_puma8NH,regression,5000,8,True,A11 A21 A31 A41 A53 A61,,EN2,Gradient Boosting (GBM),True,,1,0.6595056241901058,0.01373980638698424,5.39,ok,,2
225_puma8NH,regression,5000,8,True,A11 A21 A31 A41 A53 A61,,EN6,Stacking,True,,6,0.6243137831208709,0.030224638714808894,1.52,ok,,1
225_puma8NH,regression,5000,8,True,A11 A21 A31 A41 A53 A61,,EN6,Stacking,True,,6,0.6256041589882294,0.014778769896708158,1.48,ok,,2
225_puma8NH,regression,5000,8,True,A11 A21 A31 A41 A53 A61,,EN7,Voting Ensemble,True,,8,0.5850425815996363,0.021680669984691227,0.43,ok,,1
225_puma8NH,regression,5000,8,True,A11 A21 A31 A41 A53 A61,,EN7,Voting Ensemble,True,,8,0.5854951784257565,0.009917973003032586,0.5,ok,,2
225_puma8NH,regression,5000,8,True,A11 A21 A31 A41 A53 A61,,SV1,SVM (linear),True,,17,0.3539574450209232,0.01723519960489098,0.09,ok,,1
225_puma8NH,regression,5000,8,True,A11 A21 A31 A41 A53 A61,,SV1,SVM (linear),True,,17,0.3541923676274209,0.02660476547373311,0.09,ok,,2
225_puma8NH,regression,5000,8,True,A11 A21 A31 A41 A53 A61,,SV2,Kernel SVM (RBF/Poly),True,,13,0.5971392829564367,0.02914552183637348,4.02,ok,,1
225_puma8NH,regression,5000,8,True,A11 A21 A31 A41 A53 A61,,SV2,Kernel SVM (RBF/Poly),True,,13,0.593343055551593,0.014590975138967658,3.92,ok,,2
225_puma8NH,regression,5000,8,True,A11 A21 A31 A41 A53 A61,,IB1,k-Nearest Neighbors,True,,16,0.5217081646258543,0.02955466624700891,0.27,ok,,1
225_puma8NH,regression,5000,8,True,A11 A21 A31 A41 A53 A61,,IB1,k-Nearest Neighbors,True,,16,0.5262654021500361,0.011326880965485685,0.25,ok,,2
225_puma8NH,regression,5000,8,True,A11 A21 A31 A41 A53 A61,,NN2,MLP (Feedforward),True,,9,0.6710292428161397,0.028177341232086293,29.09,ok,,1
225_puma8NH,regression,5000,8,True,A11 A21 A31 A41 A53 A61,,NN2,MLP (Feedforward),True,,9,0.6695545842613294,0.014942328056027661,33.52,ok,,2
225_puma8NH,regression,5000,8,True,A11 A21 A31 A41 A53 A61,,EN3,XGBoost,True,,5,0.6171850590187249,0.034911127758874796,1.36,ok,,1
225_puma8NH,regression,5000,8,True,A11 A21 A31 A41 A53 A61,,EN3,XGBoost,True,,5,0.6162012245823589,0.019343214519577875,1.34,ok,,2
225_puma8NH,regression,5000,8,True,A11 A21 A31 A41 A53 A61,,BASE-HGB,Histogram Gradient Boosting (baseline),False,,,0.6613332649106786,0.03336457200637902,1.12,ok,,1
225_puma8NH,regression,5000,8,True,A11 A21 A31 A41 A53 A61,,BASE-HGB,Histogram Gradient Boosting (baseline),False,,,0.6552384776152188,0.01479614568939782,1.16,ok,,2
1199_BNG_echoMonths,regression,5000,9,True,A11 A21 A38 A41 A53 A61,,LM1,Linear Regression,True,,15,0.43134163910079054,0.01863843334766615,0.2,ok,,1
1199_BNG_echoMonths,regression,5000,9,True,A11 A21 A38 A41 A53 A61,,LM1,Linear Regression,True,,15,0.430209642327263,0.024159317458881717,0.22,ok,,2
1199_BNG_echoMonths,regression,5000,9,True,A11 A21 A38 A41 A53 A61,,LM3,Ridge Regression,True,,10,0.4313423364862975,0.018623460907123947,0.18,ok,,1
1199_BNG_echoMonths,regression,5000,9,True,A11 A21 A38 A41 A53 A61,,LM3,Ridge Regression,True,,10,0.43021046796763296,0.024155246505369786,0.18,ok,,2
1199_BNG_echoMonths,regression,5000,9,True,A11 A21 A38 A41 A53 A61,,LM4,Lasso Regression,True,,18,0.3960943354211911,0.01655053442895599,0.19,ok,,1
1199_BNG_echoMonths,regression,5000,9,True,A11 A21 A38 A41 A53 A61,,LM4,Lasso Regression,True,,18,0.39461875115214573,0.015722513117162856,0.18,ok,,2
1199_BNG_echoMonths,regression,5000,9,True,A11 A21 A38 A41 A53 A61,,LM5,Elastic Net,True,,19,0.323734881515667,0.008373698809691958,0.26,ok,,1
1199_BNG_echoMonths,regression,5000,9,True,A11 A21 A38 A41 A53 A61,,LM5,Elastic Net,True,,19,0.3221759426623442,0.013003809084721926,0.21,ok,,2
1199_BNG_echoMonths,regression,5000,9,True,A11 A21 A38 A41 A53 A61,,LM6,Polynomial Regression,True,,14,0.4328330306075906,0.01789674035294638,0.24,ok,,1
1199_BNG_echoMonths,regression,5000,9,True,A11 A21 A38 A41 A53 A61,,LM6,Polynomial Regression,True,,14,0.4333386401742749,0.021352500432070782,0.23,ok,,2
1199_BNG_echoMonths,regression,5000,9,True,A11 A21 A38 A41 A53 A61,,LM7,Bayesian Linear Regression,True,,12,0.43133830941910595,0.018525078975700084,0.2,ok,,1
1199_BNG_echoMonths,regression,5000,9,True,A11 A21 A38 A41 A53 A61,,LM7,Bayesian Linear Regression,True,,12,0.43020993076215,0.024127678756128354,0.21,ok,,2
1199_BNG_echoMonths,regression,5000,9,True,A11 A21 A38 A41 A53 A61,,TR1,Decision Tree,True,,11,-0.10633806536082854,0.08128309008235074,0.35,ok,,1
1199_BNG_echoMonths,regression,5000,9,True,A11 A21 A38 A41 A53 A61,,TR1,Decision Tree,True,,11,-0.10367832596031001,0.05693981819797535,0.44,ok,,2
1199_BNG_echoMonths,regression,5000,9,True,A11 A21 A38 A41 A53 A61,,TR2,Random Forest,True,,4,0.4367038027804807,0.02050337786031917,23.3,ok,,1
1199_BNG_echoMonths,regression,5000,9,True,A11 A21 A38 A41 A53 A61,,TR2,Random Forest,True,,4,0.43655873074116425,0.023913035777799272,24.05,ok,,2
1199_BNG_echoMonths,regression,5000,9,True,A11 A21 A38 A41 A53 A61,,TR3,Extra Trees,True,,2,0.4345964605394393,0.018260464999140226,11.47,ok,,1
1199_BNG_echoMonths,regression,5000,9,True,A11 A21 A38 A41 A53 A61,,TR3,Extra Trees,True,,2,0.4280124236832858,0.030274611661592628,11.55,ok,,2
1199_BNG_echoMonths,regression,5000,9,True,A11 A21 A38 A41 A53 A61,,EN1,AdaBoost,True,,7,0.3924583635789879,0.018410158959318513,0.98,ok,,1
1199_BNG_echoMonths,regression,5000,9,True,A11 A21 A38 A41 A53 A61,,EN1,AdaBoost,True,,7,0.40175105049575066,0.02381463881795953,0.84,ok,,2
1199_BNG_echoMonths,regression,5000,9,True,A11 A21 A38 A41 A53 A61,,EN2,Gradient Boosting (GBM),True,,1,0.43646777781780743,0.02245944958896714,4.42,ok,,1
1199_BNG_echoMonths,regression,5000,9,True,A11 A21 A38 A41 A53 A61,,EN2,Gradient Boosting (GBM),True,,1,0.4367303101255544,0.02278616869860485,4.28,ok,,2
1199_BNG_echoMonths,regression,5000,9,True,A11 A21 A38 A41 A53 A61,,EN6,Stacking,True,,6,0.43847686933226093,0.019128588820671345,1.94,ok,,1
1199_BNG_echoMonths,regression,5000,9,True,A11 A21 A38 A41 A53 A61,,EN6,Stacking,True,,6,0.43614995111710614,0.02689415708072146,1.94,ok,,2
1199_BNG_echoMonths,regression,5000,9,True,A11 A21 A38 A41 A53 A61,,EN7,Voting Ensemble,True,,8,0.431592535202861,0.018656398430683185,0.6,ok,,1
1199_BNG_echoMonths,regression,5000,9,True,A11 A21 A38 A41 A53 A61,,EN7,Voting Ensemble,True,,8,0.43034664904330355,0.02923558013625436,0.58,ok,,2
1199_BNG_echoMonths,regression,5000,9,True,A11 A21 A38 A41 A53 A61,,SV1,SVM (linear),True,,17,0.4022345718407516,0.027279302240271714,0.2,ok,,1
1199_BNG_echoMonths,regression,5000,9,True,A11 A21 A38 A41 A53 A61,,SV1,SVM (linear),True,,17,0.4012528964286212,0.02231000114670974,0.2,ok,,2
1199_BNG_echoMonths,regression,5000,9,True,A11 A21 A38 A41 A53 A61,,SV2,Kernel SVM (RBF/Poly),True,,13,0.41378769027707507,0.018189523505969307,4.46,ok,,1
1199_BNG_echoMonths,regression,5000,9,True,A11 A21 A38 A41 A53 A61,,SV2,Kernel SVM (RBF/Poly),True,,13,0.41422030047541725,0.022134041206223563,4.43,ok,,2
1199_BNG_echoMonths,regression,5000,9,True,A11 A21 A38 A41 A53 A61,,IB1,k-Nearest Neighbors,True,,16,0.33951845692556387,0.01501099984415867,0.4,ok,,1
1199_BNG_echoMonths,regression,5000,9,True,A11 A21 A38 A41 A53 A61,,IB1,k-Nearest Neighbors,True,,16,0.34584002267889064,0.04650149647500265,0.43,ok,,2
1199_BNG_echoMonths,regression,5000,9,True,A11 A21 A38 A41 A53 A61,,NN2,MLP (Feedforward),True,,9,0.42910687405881276,0.017719466336945145,39.87,ok,,1
1199_BNG_echoMonths,regression,5000,9,True,A11 A21 A38 A41 A53 A61,,NN2,MLP (Feedforward),True,,9,0.4303302288177123,0.021775080747052936,37.98,ok,,2
1199_BNG_echoMonths,regression,5000,9,True,A11 A21 A38 A41 A53 A61,,EN3,XGBoost,True,,5,0.3498173471911256,0.02028240784913013,1.21,ok,,1
1199_BNG_echoMonths,regression,5000,9,True,A11 A21 A38 A41 A53 A61,,EN3,XGBoost,True,,5,0.3619995115401293,0.028156158811158783,1.28,ok,,2
1199_BNG_echoMonths,regression,5000,9,True,A11 A21 A38 A41 A53 A61,,BASE-HGB,Histogram Gradient Boosting (baseline),False,,,0.42706127449594167,0.013669790790414037,1.31,ok,,1
1199_BNG_echoMonths,regression,5000,9,True,A11 A21 A38 A41 A53 A61,,BASE-HGB,Histogram Gradient Boosting (baseline),False,,,0.4266424192237571,0.031047829607904164,1.33,ok,,2
227_cpu_small,regression,5000,12,True,A11 A21 A31 A41 A53 A61,,EN3,XGBoost,True,,5,0.9724610195476485,0.008664203030117203,1.18,ok,,0
227_cpu_small,regression,5000,12,True,A11 A21 A31 A41 A53 A61,,EN4,LightGBM,True,,3,0.9760176697970084,0.004936182038006938,0.8,ok,,0
227_cpu_small,regression,5000,12,True,A11 A21 A31 A41 A53 A61,,BASE-HGB,Histogram Gradient Boosting (baseline),False,,,0.9741229114857989,0.008294024746510413,1.66,ok,,0
197_cpu_act,regression,5000,21,True,A11 A21 A31 A41 A53 A61,,EN3,XGBoost,True,,5,0.9793257401149017,0.008799678887555439,1.71,ok,,0
197_cpu_act,regression,5000,21,True,A11 A21 A31 A41 A53 A61,,EN4,LightGBM,True,,3,0.9827498142075746,0.004767217775899907,0.87,ok,,0
197_cpu_act,regression,5000,21,True,A11 A21 A31 A41 A53 A61,,BASE-HGB,Histogram Gradient Boosting (baseline),False,,,0.9811270621965289,0.008611367191541285,1.7,ok,,0
645_fri_c3_500_50,regression,500,50,False,A11 A21 A31 A41 A53 A61,,EN4,LightGBM,True,,3,0.8594386245629917,0.0187572578267398,0.63,ok,,1
589_fri_c2_1000_25,regression,1000,25,False,A11 A21 A31 A41 A53 A61,,EN4,LightGBM,True,,3,0.920111835549602,0.01313773952493905,0.94,ok,,1
589_fri_c2_1000_25,regression,1000,25,False,A11 A21 A31 A41 A53 A61,,EN4,LightGBM,True,,3,0.9200409818662998,0.016452848657289368,0.93,ok,,2
598_fri_c0_1000_25,regression,1000,25,False,A11 A21 A31 A41 A53 A61,,EN4,LightGBM,True,,3,0.8955568042550619,0.012774143063399631,1.02,ok,,1
620_fri_c1_1000_25,regression,1000,25,False,A11 A21 A31 A41 A53 A61,,EN4,LightGBM,True,,3,0.9265091139420514,0.008453957298426434,0.98,ok,,2
606_fri_c2_1000_10,regression,1000,10,False,A11 A21 A31 A41 A53 A61,,EN4,LightGBM,True,,3,0.9332070854518857,0.008428901427414563,0.61,ok,,1
606_fri_c2_1000_10,regression,1000,10,False,A11 A21 A31 A41 A53 A61,,EN4,LightGBM,True,,3,0.9302153542671338,0.008863861583762535,0.45,ok,,2
595_fri_c0_1000_10,regression,1000,10,False,A11 A21 A31 A41 A53 A61,,EN4,LightGBM,True,,3,0.8927919485632992,0.016846225526074312,0.43,ok,,1
225_puma8NH,regression,5000,8,True,A11 A21 A31 A41 A53 A61,,EN4,LightGBM,True,,3,0.6599898578873958,0.0375904480473033,0.65,ok,,1
225_puma8NH,regression,5000,8,True,A11 A21 A31 A41 A53 A61,,EN4,LightGBM,True,,3,0.6547894794849881,0.010460348297593977,0.69,ok,,2
1199_BNG_echoMonths,regression,5000,9,True,A11 A21 A38 A41 A53 A61,,EN4,LightGBM,True,,3,0.42851750358963175,0.019198127080374248,0.83,ok,,1
1199_BNG_echoMonths,regression,5000,9,True,A11 A21 A38 A41 A53 A61,,EN4,LightGBM,True,,3,0.42504953044216,0.030006376236075785,0.68,ok,,2
heart_disease_va_long_beach,classification,200,13,False,A11 A21 A38 A41 A51 A62,A54,BASE-HGB-TUNED,"Histogram Gradient Boosting, tuned",False,,,0.570491118077325,0.055598983079953375,29.62,ok,,0
prnn_crabs,classification,200,7,False,A11 A21 A38 A41 A51 A61,A54,BASE-HGB-TUNED,"Histogram Gradient Boosting, tuned",False,,,0.9549999999999998,0.04301162633521313,26.16,ok,,0
auto_insurance_symboling,classification,205,24,False,A11 A21 A38 A42 A51 A62,A54,BASE-HGB-TUNED,"Histogram Gradient Boosting, tuned",False,,,,,,skipped,a class has only 3 rows,0
sonar,classification,208,60,False,A11 A21 A31 A42 A51 A61,A54,BASE-HGB-TUNED,"Histogram Gradient Boosting, tuned",False,,,0.8928292074058664,0.06376336906022152,33.92,ok,,0
biomed,classification,209,8,False,A11 A21 A38 A41 A51 A61,A54,BASE-HGB-TUNED,"Histogram Gradient Boosting, tuned",False,,,0.8925925925925926,0.06026917216832,20.18,ok,,0
new_thyroid,classification,215,5,False,A11 A21 A31 A41 A51 A61,A54,BASE-HGB-TUNED,"Histogram Gradient Boosting, tuned",False,,,0.8958730158730159,0.03431803297467961,55.76,ok,,0
prnn_synth,classification,250,2,False,A11 A21 A31 A41 A51 A61,A54,BASE-HGB-TUNED,"Histogram Gradient Boosting, tuned",False,,,0.852,0.015999999999999976,30.04,ok,,0
analcatdata_lawsuit,classification,264,4,False,A11 A21 A38 A41 A52 A61,A54,BASE-HGB-TUNED,"Histogram Gradient Boosting, tuned",False,,,0.9729591836734695,0.04913877195034492,18.47,ok,,0
spect,classification,267,22,False,A11 A21 A32 A41 A52 A61,A53,BASE-HGB-TUNED,"Histogram Gradient Boosting, tuned",False,,,0.7073693748112352,0.10056574134393945,38.05,ok,,0
breast_cancer,classification,286,9,False,A11 A21 A38 A41 A51 A61,A53,BASE-HGB-TUNED,"Histogram Gradient Boosting, tuned",False,,,0.6099748923959828,0.048109366342620814,38.65,ok,,0
heart_disease_hungarian,classification,294,13,False,A11 A21 A38 A41 A51 A62,A54,BASE-HGB-TUNED,"Histogram Gradient Boosting, tuned",False,,,0.7700513568934622,0.04252623492427815,32.69,ok,,0
heart_disease_cleveland,classification,303,13,False,A11 A21 A38 A41 A51 A62,A54,BASE-HGB-TUNED,"Histogram Gradient Boosting, tuned",False,,,0.794343734968735,0.019691526534917677,32.93,ok,,0
haberman,classification,306,3,False,A11 A21 A31 A41 A51 A61,A54,BASE-HGB-TUNED,"Histogram Gradient Boosting, tuned",False,,,0.5663071895424837,0.048714706716517474,28.48,ok,,0
ecoli,classification,327,7,False,A11 A21 A31 A41 A51 A61,A54,BASE-HGB-TUNED,"Histogram Gradient Boosting, tuned",False,,,0.7835022391401703,0.04874374998872653,83.4,ok,,0
schizo,classification,340,14,False,A11 A21 A38 A41 A51 A61,A54,BASE-HGB-TUNED,"Histogram Gradient Boosting, tuned",False,,,0.39544871794871794,0.0700218467729531,84.94,ok,,0
penguins,classification,344,7,False,A11 A21 A38 A41 A51 A62,A54,BASE-HGB-TUNED,"Histogram Gradient Boosting, tuned",False,,,0.9830704635865928,0.012001643595935462,41.05,ok,,0
bupa,classification,345,5,False,A11 A21 A31 A41 A51 A61,A53,BASE-HGB-TUNED,"Histogram Gradient Boosting, tuned",False,,,0.5802801120448178,0.08132499321497916,29.24,ok,,0
spectf,classification,349,44,False,A11 A21 A31 A42 A51 A61,A53,BASE-HGB-TUNED,"Histogram Gradient Boosting, tuned",False,,,0.898811145510836,0.041349615869103754,35.67,ok,,0
ionosphere,classification,351,34,False,A11 A21 A38 A41 A51 A61,A54,BASE-HGB-TUNED,"Histogram Gradient Boosting, tuned",False,,,0.9253504273504273,0.04766391949895717,33.64,ok,,0
movement_libras,classification,360,90,False,A11 A21 A31 A42 A51 A61,A54,BASE-HGB-TUNED,"Histogram Gradient Boosting, tuned",False,,,0.7833333333333334,0.024129281427805096,491.94,ok,,0
horse_colic_outcome,classification,366,21,False,A11 A21 A38 A41 A51 A62,A54,BASE-HGB-TUNED,"Histogram Gradient Boosting, tuned",False,,,0.5759318676965737,0.04922756308235571,145.02,ok,,0
dermatology,classification,366,34,False,A11 A21 A38 A41 A51 A61,A54,BASE-HGB-TUNED,"Histogram Gradient Boosting, tuned",False,,,0.9606674806674806,0.026275758882355227,259.42,ok,,0
horse_colic_surgery,classification,368,20,False,A11 A21 A38 A41 A51 A62,A54,BASE-HGB-TUNED,"Histogram Gradient Boosting, tuned",False,,,0.7249984092722298,0.03978414889949951,62.15,ok,,0
horse_colic_lesion_type,classification,368,20,False,A11 A21 A38 A41 A51 A62,A54,BASE-HGB-TUNED,"Histogram Gradient Boosting, tuned",False,,,0.35612307692307693,0.04621879660661141,248.09,ok,,0
cars,classification,392,8,False,A11 A21 A38 A41 A51 A61,A53,BASE-HGB-TUNED,"Histogram Gradient Boosting, tuned",False,,,0.941136839351125,0.03504234650467381,66.79,ok,,0
calendarDOW,classification,399,32,False,A11 A21 A38 A41 A51 A61,A54,BASE-HGB-TUNED,"Histogram Gradient Boosting, tuned",False,,,0.5699566563467492,0.06074537344375904,534.0,ok,,0
analcatdata_germangss,classification,400,5,False,A11 A21 A38 A41 A51 A61,A54,BASE-HGB-TUNED,"Histogram Gradient Boosting, tuned",False,,,0.39,0.06442049363362562,141.45,ok,,0
congressional_voting_records,classification,435,16,False,A11 A21 A32 A41 A51 A61,A53,BASE-HGB-TUNED,"Histogram Gradient Boosting, tuned",False,,,0.952468824388913,0.01996840728146256,35.87,ok,,0
saheart,classification,462,9,False,A11 A21 A38 A41 A51 A61,A53,BASE-HGB-TUNED,"Histogram Gradient Boosting, tuned",False,,,0.592141393442623,0.022148550298628025,36.72,ok,,0
collins,classification,485,23,False,A11 A21 A38 A41 A51 A61,A54,BASE-HGB-TUNED,"Histogram Gradient Boosting, tuned",False,,,0.9822466422466423,0.00900287844225163,188.54,ok,,0
irish,classification,500,5,False,A11 A21 A38 A41 A51 A61,A54,BASE-HGB-TUNED,"Histogram Gradient Boosting, tuned",False,,,0.991497113997114,0.010431735288873005,31.62,ok,,0
threeOf9,classification,512,9,False,A11 A21 A32 A41 A51 A61,A53,BASE-HGB-TUNED,"Histogram Gradient Boosting, tuned",False,,,1.0,0.0,31.05,ok,,0
monk3,classification,554,6,False,A11 A21 A32 A41 A51 A61,A54,BASE-HGB-TUNED,"Histogram Gradient Boosting, tuned",False,,,0.9819197926138994,0.011368949110945832,29.32,ok,,0
monk1,classification,556,6,False,A11 A21 A32 A41 A51 A61,A54,BASE-HGB-TUNED,"Histogram Gradient Boosting, tuned",False,,,1.0,0.0,30.31,ok,,0
breast_cancer_wisconsin_diagnostic,classification,569,30,False,A11 A21 A31 A41 A51 A61,A54,BASE-HGB-TUNED,"Histogram Gradient Boosting, tuned",False,,,0.9697502846536583,0.014272025506702495,38.1,ok,,0
monk2,classification,601,6,False,A11 A21 A32 A41 A51 A61,A54,BASE-HGB-TUNED,"Histogram Gradient Boosting, tuned",False,,,0.9813831429453534,0.018338473749447103,48.75,ok,,0
balance_scale,classification,625,4,False,A11 A21 A32 A41 A51 A61,A54,BASE-HGB-TUNED,"Histogram Gradient Boosting, tuned",False,,,0.7562841970827452,0.060924398604578926,113.64,ok,,0
profb,classification,672,9,False,A11 A21 A38 A41 A51 A61,A54,BASE-HGB-TUNED,"Histogram Gradient Boosting, tuned",False,,,0.5480354102826013,0.03920630368524695,52.17,ok,,0
soybean,classification,675,35,False,A11 A21 A32 A41 A51 A61,A54,BASE-HGB-TUNED,"Histogram Gradient Boosting, tuned",False,,,0.9622644574398962,0.017774694890558926,877.61,ok,,0
credit_approval_australia,classification,690,15,False,A11 A21 A38 A41 A51 A62,A54,BASE-HGB-TUNED,"Histogram Gradient Boosting, tuned",False,,,0.8648362589566073,0.024691526260373294,68.02,ok,,0
breast_cancer_wisconsin_original,classification,699,9,False,A11 A21 A31 A41 A51 A62,A54,BASE-HGB-TUNED,"Histogram Gradient Boosting, tuned",False,,,0.9536135189861898,0.01945730957672942,27.8,ok,,0
analcatdata_dmft,classification,797,4,False,A11 A21 A32 A41 A51 A61,A53,BASE-HGB-TUNED,"Histogram Gradient Boosting, tuned",False,,,0.2056437324125496,0.01614134473746065,352.55,ok,,0
analcatdata_authorship,classification,841,70,False,A11 A21 A38 A41 A51 A61,A54,BASE-HGB-TUNED,"Histogram Gradient Boosting, tuned",False,,,0.9969427209443099,0.0043197824777775435,184.92,ok,,0
vehicle,classification,846,18,False,A11 A21 A31 A41 A51 A61,A53,BASE-HGB-TUNED,"Histogram Gradient Boosting, tuned",False,,,0.7719260293969595,0.030339277932709737,152.26,ok,,0
tic_tac_toe,classification,958,9,False,A11 A21 A32 A41 A51 A61,A53,BASE-HGB-TUNED,"Histogram Gradient Boosting, tuned",False,,,0.9939620081411127,0.00883101226337746,59.38,ok,,0
tokyo1,classification,959,44,False,A11 A21 A38 A41 A51 A61,A53,BASE-HGB-TUNED,"Histogram Gradient Boosting, tuned",False,,,0.9239136809044499,0.021808606685416333,66.62,ok,,0
xd6,classification,973,9,False,A11 A21 A32 A41 A51 A61,A53,BASE-HGB-TUNED,"Histogram Gradient Boosting, tuned",False,,,1.0,0.0,37.31,ok,,0
vowel,classification,990,13,False,A11 A21 A38 A41 A51 A61,A54,BASE-HGB-TUNED,"Histogram Gradient Boosting, tuned",False,,,0.9393939393939394,0.01862534233796541,341.75,ok,,0
credit_approval_germany,classification,1000,20,False,A11 A21 A38 A41 A51 A61,A53,BASE-HGB-TUNED,"Histogram Gradient Boosting, tuned",False,,,0.6757142857142858,0.025046442123354527,127.23,ok,,0
parity5+5,classification,1124,10,False,A11 A21 A32 A41 A51 A61,A53,BASE-HGB-TUNED,"Histogram Gradient Boosting, tuned",False,,,1.0,0.0,67.54,ok,,0
Hill_Valley_without_noise,classification,1212,100,False,A11 A21 A31 A41 A51 A61,A53,BASE-HGB-TUNED,"Histogram Gradient Boosting, tuned",False,,,0.607936825269892,0.014196340842766842,264.61,ok,,0
Hill_Valley_with_noise,classification,1212,100,False,A11 A21 A31 A41 A51 A61,A53,BASE-HGB-TUNED,"Histogram Gradient Boosting, tuned",False,,,0.5925213385720093,0.04068002253338441,247.5,ok,,0
mofn_3_7_10,classification,1324,10,False,A11 A21 A32 A41 A52 A61,A53,BASE-HGB-TUNED,"Histogram Gradient Boosting, tuned",False,,,1.0,0.0,47.65,ok,,0
contraceptive_method,classification,1473,9,False,A11 A21 A38 A41 A51 A61,A53,BASE-HGB-TUNED,"Histogram Gradient Boosting, tuned",False,,,0.48942236207180934,0.02574375973873075,250.42,ok,,0
229_pwLinear,regression,200,10,False,A11 A21 A32 A41 A53 A61,,BASE-HGB-TUNED,"Histogram Gradient Boosting, tuned",False,,,0.8507463820363934,0.02897349175253281,33.0,ok,,0
auto_insurance_price,regression,201,23,False,A11 A21 A38 A42 A54 A62,,BASE-HGB-TUNED,"Histogram Gradient Boosting, tuned",False,,,0.9055260355236985,0.015574027760457477,56.59,ok,,0
561_cpu,regression,209,7,False,A11 A21 A31 A41 A54 A61,,BASE-HGB-TUNED,"Histogram Gradient Boosting, tuned",False,,,0.8092217831177327,0.07328223913356818,26.22,ok,,0
230_machine_cpu,regression,209,6,False,A11 A21 A31 A41 A54 A61,,BASE-HGB-TUNED,"Histogram Gradient Boosting, tuned",False,,,0.7833817559675309,0.10477953656040184,39.7,ok,,0
712_chscase_geyser1,regression,222,2,False,A11 A21 A31 A41 A54 A61,,BASE-HGB-TUNED,"Histogram Gradient Boosting, tuned",False,,,0.7543465982964298,0.04664348671208961,36.28,ok,,0
695_chatfield_4,regression,235,12,False,A11 A21 A31 A41 A54 A61,,BASE-HGB-TUNED,"Histogram Gradient Boosting, tuned",False,,,0.7820191356057615,0.014997149865448003,39.22,ok,,0
first_principles_supernovae_zr,regression,236,1,False,A11 A21 A31 A41 A54 A61,,BASE-HGB-TUNED,"Histogram Gradient Boosting, tuned",False,,,0.9954427740322563,0.0011703114956260812,29.14,ok,,0
first_principles_supernovae_zg,regression,243,1,False,A11 A21 A31 A41 A54 A61,,BASE-HGB-TUNED,"Histogram Gradient Boosting, tuned",False,,,0.9980192450448726,0.0014942885486411198,28.15,ok,,0
613_fri_c3_250_5,regression,250,5,False,A11 A21 A31 A41 A53 A61,,BASE-HGB-TUNED,"Histogram Gradient Boosting, tuned",False,,,0.8556877116920519,0.07838249695761346,29.22,ok,,0
615_fri_c4_250_10,regression,250,10,False,A11 A21 A31 A41 A54 A61,,BASE-HGB-TUNED,"Histogram Gradient Boosting, tuned",False,,,0.8334310332156681,0.03135959484256629,32.2,ok,,0
635_fri_c0_250_10,regression,250,10,False,A11 A21 A31 A41 A53 A61,,BASE-HGB-TUNED,"Histogram Gradient Boosting, tuned",False,,,0.8419539794222924,0.03135474471637266,31.45,ok,,0
579_fri_c0_250_5,regression,250,5,False,A11 A21 A31 A41 A53 A61,,BASE-HGB-TUNED,"Histogram Gradient Boosting, tuned",False,,,0.822263678174911,0.03344065996757405,29.16,ok,,0
602_fri_c3_250_10,regression,250,10,False,A11 A21 A31 A41 A53 A61,,BASE-HGB-TUNED,"Histogram Gradient Boosting, tuned",False,,,0.8351307962268347,0.042550316367517924,32.74,ok,,0
603_fri_c0_250_50,regression,250,50,False,A11 A21 A31 A42 A54 A61,,BASE-HGB-TUNED,"Histogram Gradient Boosting, tuned",False,,,0.7893968248287238,0.0143274535391071,54.41,ok,,0
601_fri_c1_250_5,regression,250,5,False,A11 A21 A31 A41 A53 A61,,BASE-HGB-TUNED,"Histogram Gradient Boosting, tuned",False,,,0.893345653192023,0.011586293601253309,30.55,ok,,0
596_fri_c2_250_5,regression,250,5,False,A11 A21 A31 A41 A54 A61,,BASE-HGB-TUNED,"Histogram Gradient Boosting, tuned",False,,,0.8692904869259266,0.0430642288658442,30.95,ok,,0
647_fri_c1_250_10,regression,250,10,False,A11 A21 A31 A41 A54 A61,,BASE-HGB-TUNED,"Histogram Gradient Boosting, tuned",False,,,0.8480306834235588,0.03323467131625747,32.35,ok,,0
648_fri_c1_250_50,regression,250,50,False,A11 A21 A31 A42 A54 A61,,BASE-HGB-TUNED,"Histogram Gradient Boosting, tuned",False,,,0.8304903292155499,0.057940632075833755,54.29,ok,,0
644_fri_c4_250_25,regression,250,25,False,A11 A21 A31 A41 A54 A61,,BASE-HGB-TUNED,"Histogram Gradient Boosting, tuned",False,,,0.7652896517040619,0.05120259307266265,42.22,ok,,0
605_fri_c2_250_25,regression,250,25,False,A11 A21 A31 A41 A54 A61,,BASE-HGB-TUNED,"Histogram Gradient Boosting, tuned",False,,,0.8348766625418058,0.0508581954597684,42.14,ok,,0
658_fri_c3_250_25,regression,250,25,False,A11 A21 A31 A41 A54 A61,,BASE-HGB-TUNED,"Histogram Gradient Boosting, tuned",False,,,0.7943004508962748,0.028794144333486735,40.65,ok,,0
653_fri_c0_250_25,regression,250,25,False,A11 A21 A31 A41 A54 A61,,BASE-HGB-TUNED,"Histogram Gradient Boosting, tuned",False,,,0.8152459964433426,0.03006562368534074,40.28,ok,,0
657_fri_c2_250_10,regression,250,10,False,A11 A21 A31 A41 A54 A61,,BASE-HGB-TUNED,"Histogram Gradient Boosting, tuned",False,,,0.86612644315496,0.05739099476083494,32.5,ok,,0
560_bodyfat,regression,252,14,False,A11 A21 A31 A41 A54 A61,,BASE-HGB-TUNED,"Histogram Gradient Boosting, tuned",False,,,0.9574523080676833,0.0126797679428377,36.37,ok,,0
690_visualizing_galaxy,regression,323,4,False,A11 A21 A31 A41 A54 A61,,BASE-HGB-TUNED,"Histogram Gradient Boosting, tuned",False,,,0.9748464569805764,0.008267395259114355,33.77,ok,,0
nikuradse_2,regression,362,1,False,A11 A21 A31 A41 A54 A61,,BASE-HGB-TUNED,"Histogram Gradient Boosting, tuned",False,,,0.964881219072659,0.004224075208674683,33.82,ok,,0
nikuradse_1,regression,362,2,False,A11 A21 A31 A41 A54 A61,,BASE-HGB-TUNED,"Histogram Gradient Boosting, tuned",False,,,0.9972025954619644,0.0008694256951156575,33.13,ok,,0
519_vinnie,regression,380,2,False,A11 A21 A38 A41 A54 A61,,BASE-HGB-TUNED,"Histogram Gradient Boosting, tuned",False,,,0.6949008287750331,0.09012637085579134,28.64,ok,,0
strogatz_bacres1,regression,400,2,False,A11 A21 A31 A41 A53 A61,,BASE-HGB-TUNED,"Histogram Gradient Boosting, tuned",False,,,0.9975984421737684,0.0005316178788837124,38.0,ok,,0
strogatz_bacres2,regression,400,2,False,A11 A21 A31 A41 A53 A61,,BASE-HGB-TUNED,"Histogram Gradient Boosting, tuned",False,,,0.9943622684765835,0.004294735578153128,37.66,ok,,0
strogatz_barmag1,regression,400,2,False,A11 A21 A31 A41 A54 A61,,BASE-HGB-TUNED,"Histogram Gradient Boosting, tuned",False,,,0.9849713806924051,0.006754866334238202,37.68,ok,,0
strogatz_glider2,regression,400,2,False,A11 A21 A31 A41 A54 A61,,BASE-HGB-TUNED,"Histogram Gradient Boosting, tuned",False,,,0.9216958621086079,0.04632707432132803,37.82,ok,,0
strogatz_predprey2,regression,400,2,False,A11 A21 A31 A41 A53 A61,,BASE-HGB-TUNED,"Histogram Gradient Boosting, tuned",False,,,0.9903582090421017,0.0033630406669822653,39.63,ok,,0
strogatz_predprey1,regression,400,2,False,A11 A21 A31 A41 A53 A61,,BASE-HGB-TUNED,"Histogram Gradient Boosting, tuned",False,,,0.7433269619256959,0.14821113356757434,36.99,ok,,0
strogatz_lv1,regression,400,2,False,A11 A21 A31 A41 A54 A61,,BASE-HGB-TUNED,"Histogram Gradient Boosting, tuned",False,,,-3.4299170958464513,4.493721343727963,37.16,ok,,0
strogatz_lv2,regression,400,2,False,A11 A21 A31 A41 A54 A61,,BASE-HGB-TUNED,"Histogram Gradient Boosting, tuned",False,,,0.5049777757958859,0.45684086702133975,38.11,ok,,0
strogatz_vdp2,regression,400,2,False,A11 A21 A31 A41 A53 A61,,BASE-HGB-TUNED,"Histogram Gradient Boosting, tuned",False,,,0.9997874641093556,7.096472422660949e-05,38.8,ok,,0
strogatz_shearflow1,regression,400,2,False,A11 A21 A31 A41 A54 A61,,BASE-HGB-TUNED,"Histogram Gradient Boosting, tuned",False,,,0.8455158265282942,0.17454612623125723,40.06,ok,,0
strogatz_shearflow2,regression,400,2,False,A11 A21 A31 A41 A54 A61,,BASE-HGB-TUNED,"Histogram Gradient Boosting, tuned",False,,,0.9149569245711264,0.14036337701649776,38.36,ok,,0
strogatz_vdp1,regression,400,2,False,A11 A21 A31 A41 A53 A61,,BASE-HGB-TUNED,"Histogram Gradient Boosting, tuned",False,,,0.9180876792048371,0.0374182947991349,40.66,ok,,0
strogatz_glider1,regression,400,2,False,A11 A21 A31 A41 A54 A61,,BASE-HGB-TUNED,"Histogram Gradient Boosting, tuned",False,,,0.9547795387399441,0.02387746994809528,37.53,ok,,0
strogatz_barmag2,regression,400,2,False,A11 A21 A31 A41 A54 A61,,BASE-HGB-TUNED,"Histogram Gradient Boosting, tuned",False,,,0.9841640707384569,0.0070199796226712045,39.85,ok,,0
556_analcatdata_apnea2,regression,475,3,False,A11 A21 A38 A41 A54 A61,,BASE-HGB-TUNED,"Histogram Gradient Boosting, tuned",False,,,0.917751625747945,0.019367999376819357,42.08,ok,,0
557_analcatdata_apnea1,regression,475,3,False,A11 A21 A38 A41 A54 A61,,BASE-HGB-TUNED,"Histogram Gradient Boosting, tuned",False,,,0.9118666571832348,0.05737735494516425,42.65,ok,,0
1027_ESL,regression,488,4,False,A11 A21 A32 A41 A53 A61,,BASE-HGB-TUNED,"Histogram Gradient Boosting, tuned",False,,,0.7945629120853086,0.046645123023284114,55.33,ok,,0
650_fri_c0_500_50,regression,500,50,False,A11 A21 A31 A41 A53 A61,,BASE-HGB-TUNED,"Histogram Gradient Boosting, tuned",False,,,0.8577734357796215,0.02200175270552442,112.72,ok,,0
654_fri_c0_500_10,regression,500,10,False,A11 A21 A31 A41 A53 A61,,BASE-HGB-TUNED,"Histogram Gradient Boosting, tuned",False,,,0.8786408905847566,0.013182232561891674,56.34,ok,,0
645_fri_c3_500_50,regression,500,50,False,A11 A21 A31 A41 A53 A61,,BASE-HGB-TUNED,"Histogram Gradient Boosting, tuned",False,,,0.873544134552167,0.01689712514941664,118.89,ok,,0
649_fri_c0_500_5,regression,500,5,False,A11 A21 A31 A41 A53 A61,,BASE-HGB-TUNED,"Histogram Gradient Boosting, tuned",False,,,0.9021869365817947,0.006276285315698379,49.33,ok,,0
597_fri_c2_500_5,regression,500,5,False,A11 A21 A31 A41 A53 A61,,BASE-HGB-TUNED,"Histogram Gradient Boosting, tuned",False,,,0.9305566267288696,0.013779065342166677,47.91,ok,,0
604_fri_c4_500_10,regression,500,10,False,A11 A21 A31 A41 A53 A61,,BASE-HGB-TUNED,"Histogram Gradient Boosting, tuned",False,,,0.9181419317829145,0.019722784608150832,53.33,ok,,0
616_fri_c4_500_50,regression,500,50,False,A11 A21 A31 A41 A53 A61,,BASE-HGB-TUNED,"Histogram Gradient Boosting, tuned",False,,,0.8749324003474772,0.03352717151310631,112.34,ok,,0
627_fri_c2_500_10,regression,500,10,False,A11 A21 A31 A41 A53 A61,,BASE-HGB-TUNED,"Histogram Gradient Boosting, tuned",False,,,0.9220521568101299,0.009941105732478096,54.67,ok,,0
631_fri_c1_500_5,regression,500,5,False,A11 A21 A31 A41 A53 A61,,BASE-HGB-TUNED,"Histogram Gradient Boosting, tuned",False,,,0.9167312120372475,0.018515227184498335,47.54,ok,,0
626_fri_c2_500_50,regression,500,50,False,A11 A21 A31 A41 A53 A61,,BASE-HGB-TUNED,"Histogram Gradient Boosting, tuned",False,,,0.8881005314431982,0.02254794241871465,107.73,ok,,0
617_fri_c3_500_5,regression,500,5,False,A11 A21 A31 A41 A53 A61,,BASE-HGB-TUNED,"Histogram Gradient Boosting, tuned",False,,,0.9240337784420494,0.016104144708029317,47.51,ok,,0
633_fri_c0_500_25,regression,500,25,False,A11 A21 A31 A41 A53 A61,,BASE-HGB-TUNED,"Histogram Gradient Boosting, tuned",False,,,0.8826126362699979,0.019150009028745724,73.8,ok,,0
581_fri_c3_500_25,regression,500,25,False,A11 A21 A31 A41 A53 A61,,BASE-HGB-TUNED,"Histogram Gradient Boosting, tuned",False,,,0.9066800613777518,0.009446825690402283,74.39,ok,,0
547_no2,regression,500,7,False,A11 A21 A31 A41 A53 A61,,BASE-HGB-TUNED,"Histogram Gradient Boosting, tuned",False,,,0.5711655261893595,0.042020935365496184,48.49,ok,,0
582_fri_c1_500_25,regression,500,25,False,A11 A21 A31 A41 A53 A61,,BASE-HGB-TUNED,"Histogram Gradient Boosting, tuned",False,,,0.88929808417718,0.016580685384096825,73.08,ok,,0
522_pm10,regression,500,7,False,A11 A21 A31 A41 A53 A61,,BASE-HGB-TUNED,"Histogram Gradient Boosting, tuned",False,,,0.45860593576901054,0.07599790524983373,47.49,ok,,0
584_fri_c4_500_25,regression,500,25,False,A11 A21 A31 A41 A53 A61,,BASE-HGB-TUNED,"Histogram Gradient Boosting, tuned",False,,,0.900549862061089,0.02774351598690371,74.63,ok,,0
637_fri_c1_500_50,regression,500,50,False,A11 A21 A31 A41 A53 A61,,BASE-HGB-TUNED,"Histogram Gradient Boosting, tuned",False,,,0.8671836987900383,0.036218020082577525,108.41,ok,,0
641_fri_c1_500_10,regression,500,10,False,A11 A21 A31 A41 A53 A61,,BASE-HGB-TUNED,"Histogram Gradient Boosting, tuned",False,,,0.9180024182139498,0.023853343263627414,55.63,ok,,0
643_fri_c2_500_25,regression,500,25,False,A11 A21 A31 A41 A53 A61,,BASE-HGB-TUNED,"Histogram Gradient Boosting, tuned",False,,,0.8947550998308706,0.016464043680902287,75.09,ok,,0
646_fri_c3_500_10,regression,500,10,False,A11 A21 A31 A41 A53 A61,,BASE-HGB-TUNED,"Histogram Gradient Boosting, tuned",False,,,0.9087811570691431,0.021374955298860153,53.67,ok,,0
666_rmftsa_ladata,regression,508,10,False,A11 A21 A31 A41 A54 A61,,BASE-HGB-TUNED,"Histogram Gradient Boosting, tuned",False,,,0.5301561229546328,0.08599903056761815,53.21,ok,,0
1029_LEV,regression,1000,4,False,A11 A21 A32 A41 A53 A61,,BASE-HGB-TUNED,"Histogram Gradient Boosting, tuned",False,,,0.5366503856332487,0.06232347309570192,72.28,ok,,0
589_fri_c2_1000_25,regression,1000,25,False,A11 A21 A31 A41 A53 A61,,BASE-HGB-TUNED,"Histogram Gradient Boosting, tuned",False,,,0.9371400127549426,0.007971830213448033,107.0,ok,,0
590_fri_c0_1000_50,regression,1000,50,False,A11 A21 A31 A41 A53 A61,,BASE-HGB-TUNED,"Histogram Gradient Boosting, tuned",False,,,0.8942349370087495,0.012626777264768461,178.26,ok,,0
608_fri_c3_1000_10,regression,1000,10,False,A11 A21 A31 A41 A53 A61,,BASE-HGB-TUNED,"Histogram Gradient Boosting, tuned",False,,,0.9366557196512275,0.012871543663937049,76.36,ok,,0
592_fri_c4_1000_25,regression,1000,25,False,A11 A21 A31 A41 A53 A61,,BASE-HGB-TUNED,"Histogram Gradient Boosting, tuned",False,,,0.934971847675528,0.007208341538543701,110.13,ok,,0
599_fri_c2_1000_5,regression,1000,5,False,A11 A21 A31 A41 A53 A61,,BASE-HGB-TUNED,"Histogram Gradient Boosting, tuned",False,,,0.9536412376028423,0.0031957110030482357,68.71,ok,,0
598_fri_c0_1000_25,regression,1000,25,False,A11 A21 A31 A41 A53 A61,,BASE-HGB-TUNED,"Histogram Gradient Boosting, tuned",False,,,0.9063862096486259,0.0042977024098643495,116.23,ok,,0
623_fri_c4_1000_10,regression,1000,10,False,A11 A21 A31 A41 A53 A61,,BASE-HGB-TUNED,"Histogram Gradient Boosting, tuned",False,,,0.9422855069441741,0.009946714128028143,78.52,ok,,0
628_fri_c3_1000_5,regression,1000,5,False,A11 A21 A31 A41 A53 A61,,BASE-HGB-TUNED,"Histogram Gradient Boosting, tuned",False,,,0.9496434912061484,0.0034633095884286274,66.73,ok,,0
612_fri_c1_1000_5,regression,1000,5,False,A11 A21 A31 A41 A53 A61,,BASE-HGB-TUNED,"Histogram Gradient Boosting, tuned",False,,,0.9521785954321457,0.005505735818839831,65.28,ok,,0
618_fri_c3_1000_50,regression,1000,50,False,A11 A21 A31 A41 A53 A61,,BASE-HGB-TUNED,"Histogram Gradient Boosting, tuned",False,,,0.933161463999434,0.009214972230055797,171.12,ok,,0
620_fri_c1_1000_25,regression,1000,25,False,A11 A21 A31 A41 A53 A61,,BASE-HGB-TUNED,"Histogram Gradient Boosting, tuned",False,,,0.9346261861607262,0.006641695852378998,107.23,ok,,0
622_fri_c2_1000_50,regression,1000,50,False,A11 A21 A31 A41 A53 A61,,BASE-HGB-TUNED,"Histogram Gradient Boosting, tuned",False,,,0.9275637977430977,0.00870529487617136,172.24,ok,,0
1030_ERA,regression,1000,4,False,A11 A21 A31 A41 A53 A61,,BASE-HGB-TUNED,"Histogram Gradient Boosting, tuned",False,,,0.33582118582575327,0.09833226694432862,52.72,ok,,0
588_fri_c4_1000_100,regression,1000,100,False,A11 A21 A31 A41 A53 A61,,BASE-HGB-TUNED,"Histogram Gradient Boosting, tuned",False,,,0.9280535906700897,0.0058485201066346615,295.9,ok,,0
586_fri_c3_1000_25,regression,1000,25,False,A11 A21 A31 A41 A53 A61,,BASE-HGB-TUNED,"Histogram Gradient Boosting, tuned",False,,,0.9376104766585257,0.0075694493874940375,106.71,ok,,0
583_fri_c1_1000_50,regression,1000,50,False,A11 A21 A31 A41 A53 A61,,BASE-HGB-TUNED,"Histogram Gradient Boosting, tuned",False,,,0.9281489657561108,0.010506442066943133,166.05,ok,,0
606_fri_c2_1000_10,regression,1000,10,False,A11 A21 A31 A41 A53 A61,,BASE-HGB-TUNED,"Histogram Gradient Boosting, tuned",False,,,0.9439041467654142,0.007892965812111396,74.08,ok,,0
607_fri_c4_1000_50,regression,1000,50,False,A11 A21 A31 A41 A53 A61,,BASE-HGB-TUNED,"Histogram Gradient Boosting, tuned",False,,,0.9316549298193856,0.014034968878312255,158.82,ok,,0
609_fri_c0_1000_5,regression,1000,5,False,A11 A21 A31 A41 A53 A61,,BASE-HGB-TUNED,"Histogram Gradient Boosting, tuned",False,,,0.9223857200092495,0.007382099984347897,61.57,ok,,0
1028_SWD,regression,1000,10,False,A11 A21 A32 A41 A53 A61,,BASE-HGB-TUNED,"Histogram Gradient Boosting, tuned",False,,,0.38179647518402704,0.03815323587083704,79.26,ok,,0
593_fri_c1_1000_10,regression,1000,10,False,A11 A21 A31 A41 A53 A61,,BASE-HGB-TUNED,"Histogram Gradient Boosting, tuned",False,,,0.9465475230470088,0.00441949020788393,75.02,ok,,0
595_fri_c0_1000_10,regression,1000,10,False,A11 A21 A31 A41 A53 A61,,BASE-HGB-TUNED,"Histogram Gradient Boosting, tuned",False,,,0.9111987943680461,0.011829214334637102,72.78,ok,,0
solar_flare,regression,1066,10,False,A11 A21 A32 A41 A53 A61,,BASE-HGB-TUNED,"Histogram Gradient Boosting, tuned",False,,,0.041024162784099726,0.09390674022536429,73.43,ok,,0
529_pollen,regression,3848,4,False,A11 A21 A31 A41 A53 A61,,BASE-HGB-TUNED,"Histogram Gradient Boosting, tuned",False,,,0.7689393556103145,0.005718262925451495,31.51,ok,,0
294_satellite_image,regression,5000,36,True,A11 A21 A31 A41 A53 A61,,BASE-HGB-TUNED,"Histogram Gradient Boosting, tuned",False,,,0.904705364823519,0.005146593355935143,64.16,ok,,0
503_wind,regression,5000,14,True,A11 A21 A31 A41 A53 A61,,BASE-HGB-TUNED,"Histogram Gradient Boosting, tuned",False,,,0.7916220317381143,0.012470131575684511,45.99,ok,,0
225_puma8NH,regression,5000,8,True,A11 A21 A31 A41 A53 A61,,BASE-HGB-TUNED,"Histogram Gradient Boosting, tuned",False,,,0.6637582112983532,0.013715811497574651,39.84,ok,,0
562_cpu_small,regression,5000,12,True,A11 A21 A31 A41 A53 A61,,BASE-HGB-TUNED,"Histogram Gradient Boosting, tuned",False,,,0.9735666116094096,0.008389776322000254,44.6,ok,,0
227_cpu_small,regression,5000,12,True,A11 A21 A31 A41 A53 A61,,BASE-HGB-TUNED,"Histogram Gradient Boosting, tuned",False,,,0.9735666116094096,0.008389776322000254,43.97,ok,,0
197_cpu_act,regression,5000,21,True,A11 A21 A31 A41 A53 A61,,BASE-HGB-TUNED,"Histogram Gradient Boosting, tuned",False,,,0.9828284601512778,0.00406151589514702,57.35,ok,,0
573_cpu_act,regression,5000,21,True,A11 A21 A31 A41 A53 A61,,BASE-HGB-TUNED,"Histogram Gradient Boosting, tuned",False,,,0.9828284601512778,0.00406151589514702,58.21,ok,,0
201_pol,regression,5000,48,True,A11 A21 A38 A41 A53 A61,,BASE-HGB-TUNED,"Histogram Gradient Boosting, tuned",False,,,0.9826979116253088,0.0020348888561147385,77.55,ok,,0
1199_BNG_echoMonths,regression,5000,9,True,A11 A21 A38 A41 A53 A61,,BASE-HGB-TUNED,"Histogram Gradient Boosting, tuned",False,,,0.44306094717790917,0.03850226169860852,41.27,ok,,0
yeast,classification,1479,8,False,A11 A21 A31 A41 A51 A61,A53,BASE-HGB-TUNED,"Histogram Gradient Boosting, tuned",False,,,0.5228969197896931,0.041744123623987425,378.87,ok,,0
mfeat_morphological,classification,2000,6,False,A11 A21 A38 A41 A51 A61,A54,BASE-HGB-TUNED,"Histogram Gradient Boosting, tuned",False,,,0.6960000000000001,0.013928388277184112,539.47,ok,,0
titanic,classification,2207,8,False,A11 A21 A38 A41 A51 A62,A54,BASE-HGB-TUNED,"Histogram Gradient Boosting, tuned",False,,,0.7535830346424345,0.01903601899550779,118.92,ok,,0
segmentation,classification,2310,19,False,A11 A21 A38 A41 A51 A61,A54,BASE-HGB-TUNED,"Histogram Gradient Boosting, tuned",False,,,0.9835497835497835,0.005903974760599964,262.64,ok,,0
splice,classification,3188,60,False,A11 A21 A32 A41 A51 A61,A53,BASE-HGB-TUNED,"Histogram Gradient Boosting, tuned",False,,,0.9664665483450385,0.0034509719658490255,1438.95,ok,,0
kr_vs_kp,classification,3196,36,False,A11 A21 A32 A41 A51 A61,A54,BASE-HGB-TUNED,"Histogram Gradient Boosting, tuned",False,,,0.9930749485591008,0.003318876970307127,144.38,ok,,0
led24,classification,3200,24,False,A11 A21 A32 A41 A51 A61,A53,BASE-HGB-TUNED,"Histogram Gradient Boosting, tuned",False,,,0.7099742034639837,0.022559706269477404,1184.66,ok,,0
allhyper,classification,3771,29,False,A11 A21 A38 A41 A52 A61,A53,BASE-HGB-TUNED,"Histogram Gradient Boosting, tuned",False,,,0.6331488419618528,0.058061100610138874,111.25,ok,,0
allbp,classification,3772,29,False,A11 A21 A38 A41 A52 A61,A53,BASE-HGB-TUNED,"Histogram Gradient Boosting, tuned",False,,,0.6252243498520115,0.10466280601804302,105.11,ok,,0
dis,classification,3772,29,False,A11 A21 A38 A41 A52 A61,A53,BASE-HGB-TUNED,"Histogram Gradient Boosting, tuned",False,,,0.7595289818149719,0.08438768014883746,45.62,ok,,0
wine_quality_white,classification,4898,11,False,A11 A21 A31 A41 A51 A61,A54,BASE-HGB-TUNED,"Histogram Gradient Boosting, tuned",False,,,0.3899191860225247,0.00628266236055096,217.27,ok,,0
waveform_40,classification,5000,40,False,A11 A21 A31 A41 A51 A61,A53,BASE-HGB-TUNED,"Histogram Gradient Boosting, tuned",False,,,0.8541620077085558,0.006479467985543448,237.8,ok,,0
churn,classification,5000,20,False,A11 A21 A38 A41 A52 A61,A53,BASE-HGB-TUNED,"Histogram Gradient Boosting, tuned",False,,,0.8660506889184681,0.02004119625096549,68.9,ok,,0
phoneme,classification,5000,5,True,A11 A21 A31 A41 A51 A61,A53,BASE-HGB-TUNED,"Histogram Gradient Boosting, tuned",False,,,0.8734857144552887,0.00936511796811237,43.72,ok,,0
page_blocks,classification,5000,10,True,A11 A21 A31 A41 A52 A61,A53,BASE-HGB-TUNED,"Histogram Gradient Boosting, tuned",False,,,0.8073345638820252,0.02914495411915084,91.77,ok,,0
ring,classification,5000,20,True,A11 A21 A31 A41 A51 A61,A53,BASE-HGB-TUNED,"Histogram Gradient Boosting, tuned",False,,,0.9715861753226014,0.005645986437483056,54.57,ok,,0
mushroom,classification,5000,22,True,A11 A21 A32 A41 A51 A61,A53,BASE-HGB-TUNED,"Histogram Gradient Boosting, tuned",False,,,1.0,0.0,59.97,ok,,0
coil2000,classification,5000,85,True,A11 A21 A38 A41 A52 A61,A53,BASE-HGB-TUNED,"Histogram Gradient Boosting, tuned",False,,,0.5366674765736246,0.024356013762500125,789.39,ok,,0
nursery,classification,5000,8,True,A11 A21 A32 A41 A51 A61,A53,BASE-HGB-TUNED,"Histogram Gradient Boosting, tuned",False,,,0.9978260869565216,0.004347826086956541,126.78,ok,,0
letter,classification,5000,16,True,A11 A21 A31 A41 A53 A61,,BASE-HGB-TUNED,"Histogram Gradient Boosting, tuned",False,,,0.9162538513903623,0.009446816269093944,597.25,ok,,0
wine_quality_red,classification,1599,11,False,A11 A21 A31 A41 A51 A61,A54,BASE-HGB-TUNED,"Histogram Gradient Boosting, tuned",False,,,0.36044085842712975,0.0075858346086410365,262.6,ok,,0
car_evaluation,classification,1728,6,False,A11 A21 A32 A41 A51 A61,A54,BASE-HGB-TUNED,"Histogram Gradient Boosting, tuned",False,,,0.9837889383343927,0.02206643301468976,198.94,ok,,0
mfeat_fourier,classification,2000,76,False,A11 A21 A31 A41 A51 A61,A54,BASE-HGB-TUNED,"Histogram Gradient Boosting, tuned",False,,,0.8379999999999999,0.015033296378372904,1075.92,ok,,0
mfeat_karhunen,classification,2000,64,False,A11 A21 A31 A41 A51 A61,A54,BASE-HGB-TUNED,"Histogram Gradient Boosting, tuned",False,,,0.9635,0.008306623862918028,806.08,ok,,0
mfeat_zernike,classification,2000,47,False,A11 A21 A31 A41 A51 A61,A54,BASE-HGB-TUNED,"Histogram Gradient Boosting, tuned",False,,,0.797,0.011335784048754679,793.72,ok,,0
hypothyroid,classification,3163,25,False,A11 A21 A38 A41 A52 A61,A53,BASE-HGB-TUNED,"Histogram Gradient Boosting, tuned",False,,,0.8966117133405598,0.03190617867137198,98.25,ok,,0
chess,classification,3196,36,False,A11 A21 A32 A41 A51 A61,A53,BASE-HGB-TUNED,"Histogram Gradient Boosting, tuned",False,,,0.9961869446577755,0.003979211557553862,145.97,ok,,0
led7,classification,3200,7,False,A11 A21 A32 A41 A51 A61,A53,BASE-HGB-TUNED,"Histogram Gradient Boosting, tuned",False,,,0.7271638607147054,0.015050874055512004,659.74,ok,,0
allhypo,classification,3770,29,False,A11 A21 A38 A41 A52 A61,A53,BASE-HGB-TUNED,"Histogram Gradient Boosting, tuned",False,,,0.7462178568599788,0.1638843604132189,122.79,ok,,0
allrep,classification,3772,29,False,A11 A21 A38 A41 A52 A61,A53,BASE-HGB-TUNED,"Histogram Gradient Boosting, tuned",False,,,0.72979981283444,0.05789842829330019,118.31,ok,,0
spambase,classification,4601,57,False,A11 A21 A31 A43 A51 A61,A54,BASE-HGB-TUNED,"Histogram Gradient Boosting, tuned",False,,,0.9546614226052308,0.00869639683128397,90.29,ok,,0
waveform_21,classification,5000,21,False,A11 A21 A31 A41 A51 A61,A53,BASE-HGB-TUNED,"Histogram Gradient Boosting, tuned",False,,,0.8441491616496075,0.0072559138101068715,153.11,ok,,0
banana,classification,5000,2,True,A11 A21 A31 A41 A51 A61,A53,BASE-HGB-TUNED,"Histogram Gradient Boosting, tuned",False,,,0.8990765326311048,0.015101475131137621,33.87,ok,,0
texture,classification,5000,40,True,A11 A21 A31 A41 A51 A61,A53,BASE-HGB-TUNED,"Histogram Gradient Boosting, tuned",False,,,0.9884209989407211,0.0010214100755337968,285.75,ok,,0
optdigits,classification,5000,64,True,A11 A21 A38 A41 A51 A61,A53,BASE-HGB-TUNED,"Histogram Gradient Boosting, tuned",False,,,0.9829058126428725,0.00507440866651497,660.42,ok,,0
satimage,classification,5000,36,True,A11 A21 A31 A41 A51 A61,A53,BASE-HGB-TUNED,"Histogram Gradient Boosting, tuned",False,,,0.900052281176993,0.006796509596475096,231.61,ok,,0
ann_thyroid,classification,5000,21,True,A11 A21 A38 A41 A52 A61,A53,BASE-HGB-TUNED,"Histogram Gradient Boosting, tuned",False,,,0.935008952620801,0.09913910131484209,70.9,ok,,0
twonorm,classification,5000,20,True,A11 A21 A31 A41 A51 A61,A53,BASE-HGB-TUNED,"Histogram Gradient Boosting, tuned",False,,,0.972809764085022,0.001719735320764215,51.9,ok,,0
agaricus_lepiota,classification,5000,22,True,A11 A21 A38 A41 A51 A61,A53,BASE-HGB-TUNED,"Histogram Gradient Boosting, tuned",False,,,1.0,0.0,54.02,ok,,0
pendigits,classification,5000,16,True,A11 A21 A31 A41 A51 A61,A53,BASE-HGB-TUNED,"Histogram Gradient Boosting, tuned",False,,,0.9877683563429793,0.0031355517156863248,176.66,ok,,0
magic,classification,5000,10,True,A11 A21 A31 A41 A51 A61,A53,BASE-HGB-TUNED,"Histogram Gradient Boosting, tuned",False,,,0.8417120983222677,0.008646536333288738,46.24,ok,,0
