dataset,task,rows,features,subsampled,signature,flags,model,model_name,eligible,ruled_out_why,recommended_rank,score,score_std,seconds,status,detail,seed,condition
heart_disease_va_long_beach,classification,200,13,False,A11 A21 A38 A41 A51 A62,A54,LM2,Logistic Regression,True,,10.0,0.6025705329153606,0.0651816905280772,0.14,ok,,0,missing_10
heart_disease_va_long_beach,classification,200,13,False,A11 A21 A38 A41 A51 A62,A54,TR1,Decision Tree,True,,13.0,0.6151097178683386,0.0708824760244326,0.11,ok,,0,missing_10
heart_disease_va_long_beach,classification,200,13,False,A11 A21 A38 A41 A51 A62,A54,TR2,Random Forest,True,,5.0,0.5903761755485893,0.0430410732625204,2.14,ok,,0,missing_10
heart_disease_va_long_beach,classification,200,13,False,A11 A21 A38 A41 A51 A62,A54,TR3,Extra Trees,True,,3.0,0.5835945663531871,0.0505552027621114,1.75,ok,,0,missing_10
heart_disease_va_long_beach,classification,200,13,False,A11 A21 A38 A41 A51 A62,A54,EN1,AdaBoost,True,,15.0,0.6070428422152561,0.0573100274566425,0.62,ok,,0,missing_10
heart_disease_va_long_beach,classification,200,13,False,A11 A21 A38 A41 A51 A62,A54,EN2,Gradient Boosting (GBM),True,,7.0,0.5908672936259143,0.0922583983551346,0.74,ok,,0,missing_10
heart_disease_va_long_beach,classification,200,13,False,A11 A21 A38 A41 A51 A62,A54,EN6,Stacking,True,,6.0,0.5348484848484849,0.0340690165395277,4.1,ok,,0,missing_10
heart_disease_va_long_beach,classification,200,13,False,A11 A21 A38 A41 A51 A62,A54,EN7,Voting Ensemble,True,,8.0,0.5838244514106583,0.0438474045059384,0.26,ok,,0,missing_10
heart_disease_va_long_beach,classification,200,13,False,A11 A21 A38 A41 A51 A62,A54,SV1,SVM (linear),True,,11.0,0.6224555903866248,0.0605496927362746,0.12,ok,,0,missing_10
heart_disease_va_long_beach,classification,200,13,False,A11 A21 A38 A41 A51 A62,A54,SV2,Kernel SVM (RBF/Poly),True,,9.0,0.5533333333333333,0.0355902608401043,0.12,ok,,0,missing_10
heart_disease_va_long_beach,classification,200,13,False,A11 A21 A38 A41 A51 A62,A54,PR1,Naive Bayes,True,,14.0,0.5975548589341693,0.0768947576120514,0.11,ok,,0,missing_10
heart_disease_va_long_beach,classification,200,13,False,A11 A21 A38 A41 A51 A62,A54,IB1,k-Nearest Neighbors,True,,16.0,0.606133751306165,0.0473691765402839,0.11,ok,,0,missing_10
heart_disease_va_long_beach,classification,200,13,False,A11 A21 A38 A41 A51 A62,A54,DR4,LDA (Linear Discriminant Analysis),True,,12.0,0.6156739811912226,0.0359491717808787,0.12,ok,,0,missing_10
heart_disease_va_long_beach,classification,200,13,False,A11 A21 A38 A41 A51 A62,A54,NN1,Perceptron,True,,17.0,0.6183176593521421,0.0916760284405701,0.11,ok,,0,missing_10
heart_disease_va_long_beach,classification,200,13,False,A11 A21 A38 A41 A51 A62,A54,NN2,MLP (Feedforward),True,,2.0,0.574994775339603,0.0482955760477995,2.47,ok,,0,missing_10
heart_disease_va_long_beach,classification,200,13,False,A11 A21 A38 A41 A51 A62,A54,EN3,XGBoost,True,,4.0,0.600491118077325,0.0301035592468712,0.25,ok,,0,missing_10
heart_disease_va_long_beach,classification,200,13,False,A11 A21 A38 A41 A51 A62,A54,EN4,LightGBM,True,,1.0,0.6070428422152561,0.0308400050867017,1.0,ok,,0,missing_10
heart_disease_va_long_beach,classification,200,13,False,A11 A21 A38 A41 A51 A62,A54,BASE-HGB,Histogram Gradient Boosting (baseline),False,,,0.577042842215256,0.0293694626364194,0.41,ok,,0,missing_10
biomed,classification,209,8,False,A11 A21 A38 A41 A51 A62,A54,LM2,Logistic Regression,True,,10.0,0.8481481481481483,0.062195761569432,0.1,ok,,0,missing_10
biomed,classification,209,8,False,A11 A21 A38 A41 A51 A62,A54,TR1,Decision Tree,True,,13.0,0.8229629629629631,0.0792073211619455,0.1,ok,,0,missing_10
biomed,classification,209,8,False,A11 A21 A38 A41 A51 A62,A54,TR2,Random Forest,True,,5.0,0.8703703703703705,0.083706981253432,1.97,ok,,0,missing_10
biomed,classification,209,8,False,A11 A21 A38 A41 A51 A62,A54,TR3,Extra Trees,True,,3.0,0.8851851851851853,0.0885487318652954,1.69,ok,,0,missing_10
biomed,classification,209,8,False,A11 A21 A38 A41 A51 A62,A54,EN1,AdaBoost,True,,15.0,0.8807407407407407,0.0497676356510839,0.61,ok,,0,missing_10
biomed,classification,209,8,False,A11 A21 A38 A41 A51 A62,A54,EN2,Gradient Boosting (GBM),True,,7.0,0.882962962962963,0.0611099887663491,0.82,ok,,0,missing_10
biomed,classification,209,8,False,A11 A21 A38 A41 A51 A62,A54,EN6,Stacking,True,,6.0,0.8644444444444446,0.0743919107067483,0.71,ok,,0,missing_10
biomed,classification,209,8,False,A11 A21 A38 A41 A51 A62,A54,EN7,Voting Ensemble,True,,8.0,0.8481481481481483,0.0735910175230802,0.21,ok,,0,missing_10
biomed,classification,209,8,False,A11 A21 A38 A41 A51 A62,A54,SV1,SVM (linear),True,,11.0,0.8437037037037038,0.0615037889026579,0.1,ok,,0,missing_10
biomed,classification,209,8,False,A11 A21 A38 A41 A51 A62,A54,SV2,Kernel SVM (RBF/Poly),True,,9.0,0.8422222222222222,0.0486074954563642,0.11,ok,,0,missing_10
biomed,classification,209,8,False,A11 A21 A38 A41 A51 A62,A54,PR1,Naive Bayes,True,,14.0,0.8422222222222222,0.051830683509736,0.09,ok,,0,missing_10
biomed,classification,209,8,False,A11 A21 A38 A41 A51 A62,A54,IB1,k-Nearest Neighbors,True,,16.0,0.8117094017094016,0.0622632218323795,0.1,ok,,0,missing_10
biomed,classification,209,8,False,A11 A21 A38 A41 A51 A62,A54,DR4,LDA (Linear Discriminant Analysis),True,,12.0,0.805185185185185,0.052722843405257,0.1,ok,,0,missing_10
biomed,classification,209,8,False,A11 A21 A38 A41 A51 A62,A54,NN1,Perceptron,True,,17.0,0.8064102564102564,0.0708200449764367,0.1,ok,,0,missing_10
biomed,classification,209,8,False,A11 A21 A38 A41 A51 A62,A54,NN2,MLP (Feedforward),True,,2.0,0.8413390313390312,0.0718788456583586,2.4,ok,,0,missing_10
biomed,classification,209,8,False,A11 A21 A38 A41 A51 A62,A54,EN3,XGBoost,True,,4.0,0.9,0.076227944931484,0.2,ok,,0,missing_10
biomed,classification,209,8,False,A11 A21 A38 A41 A51 A62,A54,EN4,LightGBM,True,,1.0,0.8755555555555556,0.0782735521820328,10.22,ok,,0,missing_10
biomed,classification,209,8,False,A11 A21 A38 A41 A51 A62,A54,BASE-HGB,Histogram Gradient Boosting (baseline),False,,,0.8622222222222223,0.0628277415070815,0.38,ok,,0,missing_10
breast_cancer,classification,286,9,False,A11 A21 A38 A41 A51 A62,A53,LM2,Logistic Regression,True,,10.0,0.5956241032998566,0.0460341142216909,0.17,ok,,0,missing_10
breast_cancer,classification,286,9,False,A11 A21 A38 A41 A51 A62,A53,TR1,Decision Tree,True,,13.0,0.5900824964131994,0.0431710109380639,0.12,ok,,0,missing_10
breast_cancer,classification,286,9,False,A11 A21 A38 A41 A51 A62,A53,TR2,Random Forest,True,,5.0,0.6187230989956959,0.0479842564174567,2.21,ok,,0,missing_10
breast_cancer,classification,286,9,False,A11 A21 A38 A41 A51 A62,A53,TR3,Extra Trees,True,,3.0,0.6381348637015781,0.0620689052230899,1.85,ok,,0,missing_10
breast_cancer,classification,286,9,False,A11 A21 A38 A41 A51 A62,A53,EN1,AdaBoost,True,,15.0,0.575416068866571,0.0545786477830514,0.53,ok,,0,missing_10
breast_cancer,classification,286,9,False,A11 A21 A38 A41 A51 A62,A53,EN2,Gradient Boosting (GBM),True,,7.0,0.5910150645624104,0.0607053615389901,0.7,ok,,0,missing_10
breast_cancer,classification,286,9,False,A11 A21 A38 A41 A51 A62,A53,EN6,Stacking,True,,6.0,0.5388235294117647,0.0205219521252521,0.69,ok,,0,missing_10
breast_cancer,classification,286,9,False,A11 A21 A38 A41 A51 A62,A53,EN7,Voting Ensemble,True,,8.0,0.6157711621233859,0.0498436546037987,0.21,ok,,0,missing_10
breast_cancer,classification,286,9,False,A11 A21 A38 A41 A51 A62,A53,SV1,SVM (linear),True,,11.0,0.5931241032998564,0.0508174680013128,0.11,ok,,0,missing_10
breast_cancer,classification,286,9,False,A11 A21 A38 A41 A51 A62,A53,SV2,Kernel SVM (RBF/Poly),True,,9.0,0.6194117647058823,0.027951236579042,0.13,ok,,0,missing_10
breast_cancer,classification,286,9,False,A11 A21 A38 A41 A51 A62,A53,PR1,Naive Bayes,True,,14.0,0.5753299856527977,0.0701749008421991,0.12,ok,,0,missing_10
breast_cancer,classification,286,9,False,A11 A21 A38 A41 A51 A62,A53,IB1,k-Nearest Neighbors,True,,16.0,0.553012912482066,0.0434003684621642,0.18,ok,,0,missing_10
breast_cancer,classification,286,9,False,A11 A21 A38 A41 A51 A62,A53,DR4,LDA (Linear Discriminant Analysis),True,,12.0,0.5915674318507891,0.042215817508198,0.13,ok,,0,missing_10
breast_cancer,classification,286,9,False,A11 A21 A38 A41 A51 A62,A53,NN1,Perceptron,True,,17.0,0.526502869440459,0.0630036793874731,0.11,ok,,0,missing_10
breast_cancer,classification,286,9,False,A11 A21 A38 A41 A51 A62,A53,NN2,MLP (Feedforward),True,,2.0,0.610609756097561,0.0654561688378166,4.07,ok,,0,missing_10
breast_cancer,classification,286,9,False,A11 A21 A38 A41 A51 A62,A53,EN3,XGBoost,True,,4.0,0.5478766140602583,0.0771531780542447,0.33,ok,,0,missing_10
breast_cancer,classification,286,9,False,A11 A21 A38 A41 A51 A62,A53,EN4,LightGBM,True,,1.0,0.5968974175035868,0.0685628145981763,0.97,ok,,0,missing_10
breast_cancer,classification,286,9,False,A11 A21 A38 A41 A51 A62,A53,BASE-HGB,Histogram Gradient Boosting (baseline),False,,,0.5993364418938307,0.0624870187565075,0.55,ok,,0,missing_10
schizo,classification,340,14,False,A11 A21 A38 A41 A51 A62,A54,LM2,Logistic Regression,True,,10.0,0.3891880341880342,0.0316771180141659,0.15,ok,,0,missing_10
schizo,classification,340,14,False,A11 A21 A38 A41 A51 A62,A54,TR1,Decision Tree,True,,13.0,0.3640811965811966,0.0384305668270981,0.12,ok,,0,missing_10
schizo,classification,340,14,False,A11 A21 A38 A41 A51 A62,A54,TR2,Random Forest,True,,5.0,0.3751923076923077,0.0345529668333189,3.97,ok,,0,missing_10
schizo,classification,340,14,False,A11 A21 A38 A41 A51 A62,A54,TR3,Extra Trees,True,,3.0,0.3617307692307692,0.0285809588793125,2.28,ok,,0,missing_10
schizo,classification,340,14,False,A11 A21 A38 A41 A51 A62,A54,EN1,AdaBoost,True,,15.0,0.4037820512820513,0.0362347803966742,0.63,ok,,0,missing_10
schizo,classification,340,14,False,A11 A21 A38 A41 A51 A62,A54,EN2,Gradient Boosting (GBM),True,,7.0,0.3997863247863248,0.0125754716280594,2.66,ok,,0,missing_10
schizo,classification,340,14,False,A11 A21 A38 A41 A51 A62,A54,EN6,Stacking,True,,6.0,0.3678632478632478,0.0282790406840796,0.72,ok,,0,missing_10
schizo,classification,340,14,False,A11 A21 A38 A41 A51 A62,A54,EN7,Voting Ensemble,True,,8.0,0.370042735042735,0.0655994250855432,0.22,ok,,0,missing_10
schizo,classification,340,14,False,A11 A21 A38 A41 A51 A62,A54,SV1,SVM (linear),True,,11.0,0.3747649572649573,0.0406502366726727,0.11,ok,,0,missing_10
schizo,classification,340,14,False,A11 A21 A38 A41 A51 A62,A54,SV2,Kernel SVM (RBF/Poly),True,,9.0,0.3594017094017093,0.0174404007926597,0.12,ok,,0,missing_10
schizo,classification,340,14,False,A11 A21 A38 A41 A51 A62,A54,PR1,Naive Bayes,True,,14.0,0.4344230769230769,0.0619936718979836,0.1,ok,,0,missing_10
schizo,classification,340,14,False,A11 A21 A38 A41 A51 A62,A54,IB1,k-Nearest Neighbors,True,,16.0,0.3598076923076923,0.0419306997086308,0.12,ok,,0,missing_10
schizo,classification,340,14,False,A11 A21 A38 A41 A51 A62,A54,DR4,LDA (Linear Discriminant Analysis),True,,12.0,0.3836324786324787,0.0447399058883986,0.14,ok,,0,missing_10
schizo,classification,340,14,False,A11 A21 A38 A41 A51 A62,A54,NN1,Perceptron,True,,17.0,0.3999786324786324,0.0651988310782064,0.14,ok,,0,missing_10
schizo,classification,340,14,False,A11 A21 A38 A41 A51 A62,A54,NN2,MLP (Feedforward),True,,2.0,0.3676923076923076,0.0386144633133002,5.66,ok,,0,missing_10
schizo,classification,340,14,False,A11 A21 A38 A41 A51 A62,A54,EN3,XGBoost,True,,4.0,0.4174145299145299,0.0482684220315672,0.97,ok,,0,missing_10
schizo,classification,340,14,False,A11 A21 A38 A41 A51 A62,A54,EN4,LightGBM,True,,1.0,0.3879487179487179,0.0612402034398131,11.04,ok,,0,missing_10
schizo,classification,340,14,False,A11 A21 A38 A41 A51 A62,A54,BASE-HGB,Histogram Gradient Boosting (baseline),False,,,0.4015811965811965,0.0520377633210196,1.23,ok,,0,missing_10
movement_libras,classification,360,90,False,A11 A21 A31 A42 A51 A62,A54,LM2,Logistic Regression,True,,10.0,0.624,0.0245311593239654,0.37,ok,,0,missing_10
movement_libras,classification,360,90,False,A11 A21 A31 A42 A51 A62,A54,TR1,Decision Tree,True,,13.0,0.5159999999999999,0.0567019497999064,0.54,ok,,0,missing_10
movement_libras,classification,360,90,False,A11 A21 A31 A42 A51 A62,A54,TR2,Random Forest,True,,5.0,0.8046666666666666,0.0247296493213219,4.81,ok,,0,missing_10
movement_libras,classification,360,90,False,A11 A21 A31 A42 A51 A62,A54,TR3,Extra Trees,True,,3.0,0.808,0.0389072972304396,2.43,ok,,0,missing_10
movement_libras,classification,360,90,False,A11 A21 A31 A42 A51 A62,A54,EN1,AdaBoost,True,,15.0,0.2946666666666667,0.0318747549010184,1.16,ok,,0,missing_10
movement_libras,classification,360,90,False,A11 A21 A31 A42 A51 A62,A54,EN2,Gradient Boosting (GBM),True,,7.0,0.666,0.0444921965692362,48.57,ok,,0,missing_10
movement_libras,classification,360,90,False,A11 A21 A31 A42 A51 A62,A54,EN6,Stacking,True,,6.0,0.7326666666666667,0.0485523772160883,2.08,ok,,0,missing_10
movement_libras,classification,360,90,False,A11 A21 A31 A42 A51 A62,A54,EN7,Voting Ensemble,True,,8.0,0.7053333333333334,0.0570613704707484,0.64,ok,,0,missing_10
movement_libras,classification,360,90,False,A11 A21 A31 A42 A51 A62,A54,SV1,SVM (linear),True,,11.0,0.4386666666666666,0.0152897932549063,0.72,ok,,0,missing_10
movement_libras,classification,360,90,False,A11 A21 A31 A42 A51 A62,A54,SV2,Kernel SVM (RBF/Poly),True,,9.0,0.7473333333333333,0.0352388674304067,0.26,ok,,0,missing_10
movement_libras,classification,360,90,False,A11 A21 A31 A42 A51 A62,A54,PR1,Naive Bayes,True,,14.0,0.6206666666666667,0.0261108747034215,0.12,ok,,0,missing_10
movement_libras,classification,360,90,False,A11 A21 A31 A42 A51 A62,A54,IB1,k-Nearest Neighbors,True,,16.0,0.6759999999999999,0.0328903903561173,0.14,ok,,0,missing_10
movement_libras,classification,360,90,False,A11 A21 A31 A42 A51 A62,A54,DR4,LDA (Linear Discriminant Analysis),True,,12.0,0.474,0.0475347825866024,0.14,ok,,0,missing_10
movement_libras,classification,360,90,False,A11 A21 A31 A42 A51 A62,A54,NN1,Perceptron,True,,17.0,0.4613333333333333,0.0403099105542159,0.24,ok,,0,missing_10
movement_libras,classification,360,90,False,A11 A21 A31 A42 A51 A62,A54,NN2,MLP (Feedforward),True,,2.0,0.7913333333333334,0.0595016339644924,3.71,ok,,0,missing_10
movement_libras,classification,360,90,False,A11 A21 A31 A42 A51 A62,A54,EN3,XGBoost,True,,4.0,0.6679999999999999,0.0177137736741152,4.58,ok,,0,missing_10
movement_libras,classification,360,90,False,A11 A21 A31 A42 A51 A62,A54,EN4,LightGBM,True,,1.0,0.7173333333333332,0.0198214249964246,109.08,ok,,0,missing_10
movement_libras,classification,360,90,False,A11 A21 A31 A42 A51 A62,A54,BASE-HGB,Histogram Gradient Boosting (baseline),False,,,0.7133333333333333,0.0277288457907805,17.26,ok,,0,missing_10
cars,classification,392,8,False,A11 A21 A38 A41 A51 A62,A53,LM2,Logistic Regression,True,,10.0,0.6308747601604745,0.0145610878813032,0.15,ok,,0,missing_10
cars,classification,392,8,False,A11 A21 A38 A41 A51 A62,A53,TR1,Decision Tree,True,,13.0,0.773064713064713,0.052629306772007,0.11,ok,,0,missing_10
cars,classification,392,8,False,A11 A21 A38 A41 A51 A62,A53,TR2,Random Forest,True,,5.0,0.7877485609628467,0.0333852762055538,2.42,ok,,0,missing_10
cars,classification,392,8,False,A11 A21 A38 A41 A51 A62,A53,TR3,Extra Trees,True,,3.0,0.8373203383917669,0.0733333922894125,1.92,ok,,0,missing_10
cars,classification,392,8,False,A11 A21 A38 A41 A51 A62,A53,EN1,AdaBoost,True,,15.0,0.7636656200941915,0.0593987495101925,0.69,ok,,0,missing_10
cars,classification,392,8,False,A11 A21 A38 A41 A51 A62,A53,EN2,Gradient Boosting (GBM),True,,7.0,0.9011446886446888,0.0412221805928904,2.44,ok,,0,missing_10
cars,classification,392,8,False,A11 A21 A38 A41 A51 A62,A53,EN6,Stacking,True,,6.0,0.7751962323390895,0.0437716240503117,0.72,ok,,0,missing_10
cars,classification,392,8,False,A11 A21 A38 A41 A51 A62,A53,EN7,Voting Ensemble,True,,8.0,0.7645408163265305,0.0439184585437864,0.23,ok,,0,missing_10
cars,classification,392,8,False,A11 A21 A38 A41 A51 A62,A53,SV1,SVM (linear),True,,11.0,0.6293964765393337,0.0426464225779094,0.12,ok,,0,missing_10
cars,classification,392,8,False,A11 A21 A38 A41 A51 A62,A53,SV2,Kernel SVM (RBF/Poly),True,,9.0,0.631578144078144,0.0358060952780296,0.16,ok,,0,missing_10
cars,classification,392,8,False,A11 A21 A38 A41 A51 A62,A53,PR1,Naive Bayes,True,,14.0,0.6495137798709226,0.0653032950982544,0.1,ok,,0,missing_10
cars,classification,392,8,False,A11 A21 A38 A41 A51 A62,A53,IB1,k-Nearest Neighbors,True,,16.0,0.640107709750567,0.0589701779500675,0.15,ok,,0,missing_10
cars,classification,392,8,False,A11 A21 A38 A41 A51 A62,A53,DR4,LDA (Linear Discriminant Analysis),True,,12.0,0.6408176347462062,0.0275197749133651,0.12,ok,,0,missing_10
cars,classification,392,8,False,A11 A21 A38 A41 A51 A62,A53,NN1,Perceptron,True,,17.0,0.5894370312227455,0.0316303485893587,0.11,ok,,0,missing_10
cars,classification,392,8,False,A11 A21 A38 A41 A51 A62,A53,NN2,MLP (Feedforward),True,,2.0,0.6672165532879818,0.0553825976468315,4.25,ok,,0,missing_10
cars,classification,392,8,False,A11 A21 A38 A41 A51 A62,A53,EN3,XGBoost,True,,4.0,0.9023024594453164,0.0261978412189929,0.36,ok,,0,missing_10
cars,classification,392,8,False,A11 A21 A38 A41 A51 A62,A53,EN4,LightGBM,True,,1.0,0.8980572998430143,0.0232983703157036,2.13,ok,,0,missing_10
cars,classification,392,8,False,A11 A21 A38 A41 A51 A62,A53,BASE-HGB,Histogram Gradient Boosting (baseline),False,,,0.8944858712715856,0.0328973396482362,1.61,ok,,0,missing_10
collins,classification,485,23,False,A11 A21 A38 A41 A51 A62,A54,LM2,Logistic Regression,True,,10.0,0.5842643467643467,0.0341774918880072,0.51,ok,,0,missing_10
collins,classification,485,23,False,A11 A21 A38 A41 A51 A62,A54,TR1,Decision Tree,True,,13.0,0.9305769230769232,0.0246768877899963,0.13,ok,,0,missing_10
collins,classification,485,23,False,A11 A21 A38 A41 A51 A62,A54,TR2,Random Forest,True,,5.0,0.9522069597069598,0.0218589860813332,2.9,ok,,0,missing_10
collins,classification,485,23,False,A11 A21 A38 A41 A51 A62,A54,TR3,Extra Trees,True,,3.0,0.9450030525030526,0.012395363608746,2.38,ok,,0,missing_10
collins,classification,485,23,False,A11 A21 A38 A41 A51 A62,A54,EN1,AdaBoost,True,,15.0,0.4191269841269841,0.0468002172527349,0.89,ok,,0,missing_10
collins,classification,485,23,False,A11 A21 A38 A41 A51 A62,A54,EN2,Gradient Boosting (GBM),True,,7.0,0.94232905982906,0.0279307425401532,33.8,ok,,0,missing_10
collins,classification,485,23,False,A11 A21 A38 A41 A51 A62,A54,EN6,Stacking,True,,6.0,0.8784218559218561,0.018060550080874,2.53,ok,,0,missing_10
collins,classification,485,23,False,A11 A21 A38 A41 A51 A62,A54,EN7,Voting Ensemble,True,,8.0,0.8481043956043957,0.0303870912642171,0.66,ok,,0,missing_10
collins,classification,485,23,False,A11 A21 A38 A41 A51 A62,A54,SV1,SVM (linear),True,,11.0,0.5191391941391941,0.0465108318479851,0.38,ok,,0,missing_10
collins,classification,485,23,False,A11 A21 A38 A41 A51 A62,A54,SV2,Kernel SVM (RBF/Poly),True,,9.0,0.5586172161172159,0.0340374192477862,0.41,ok,,0,missing_10
collins,classification,485,23,False,A11 A21 A38 A41 A51 A62,A54,PR1,Naive Bayes,True,,14.0,0.7912393162393163,0.0160117126517883,0.32,ok,,0,missing_10
collins,classification,485,23,False,A11 A21 A38 A41 A51 A62,A54,IB1,k-Nearest Neighbors,True,,16.0,0.4568650793650793,0.0414028661552935,0.31,ok,,0,missing_10
collins,classification,485,23,False,A11 A21 A38 A41 A51 A62,A54,DR4,LDA (Linear Discriminant Analysis),True,,12.0,0.6535775335775336,0.0408401963816886,0.33,ok,,0,missing_10
collins,classification,485,23,False,A11 A21 A38 A41 A51 A62,A54,NN1,Perceptron,True,,17.0,0.4375854700854701,0.060364229672996,0.36,ok,,0,missing_10
collins,classification,485,23,False,A11 A21 A38 A41 A51 A62,A54,NN2,MLP (Feedforward),True,,2.0,0.563580586080586,0.0320483433736246,11.56,ok,,0,missing_10
collins,classification,485,23,False,A11 A21 A38 A41 A51 A62,A54,EN3,XGBoost,True,,4.0,0.956517094017094,0.023942686698221,2.07,ok,,0,missing_10
collins,classification,485,23,False,A11 A21 A38 A41 A51 A62,A54,EN4,LightGBM,True,,1.0,0.966431623931624,0.020042051634878,84.66,ok,,0,missing_10
collins,classification,485,23,False,A11 A21 A38 A41 A51 A62,A54,BASE-HGB,Histogram Gradient Boosting (baseline),False,,,0.9628663003663004,0.0218772363513244,5.53,ok,,0,missing_10
breast_cancer_wisconsin_diagnostic,classification,569,30,False,A11 A21 A31 A41 A51 A62,A54,LM2,Logistic Regression,True,,10.0,0.960226670098108,0.0254409556704459,0.27,ok,,0,missing_10
breast_cancer_wisconsin_diagnostic,classification,569,30,False,A11 A21 A31 A41 A51 A62,A54,TR1,Decision Tree,True,,13.0,0.8939435709866433,0.0317125243152227,0.42,ok,,0,missing_10
breast_cancer_wisconsin_diagnostic,classification,569,30,False,A11 A21 A31 A41 A51 A62,A54,TR2,Random Forest,True,,5.0,0.9539651344761072,0.0156758384246126,4.65,ok,,0,missing_10
breast_cancer_wisconsin_diagnostic,classification,569,30,False,A11 A21 A31 A41 A51 A62,A54,TR3,Extra Trees,True,,3.0,0.9613940750445829,0.0066362607608471,2.93,ok,,0,missing_10
breast_cancer_wisconsin_diagnostic,classification,569,30,False,A11 A21 A31 A41 A51 A62,A54,EN1,AdaBoost,True,,15.0,0.9571234902957798,0.0141179808354403,1.81,ok,,0,missing_10
breast_cancer_wisconsin_diagnostic,classification,569,30,False,A11 A21 A31 A41 A51 A62,A54,EN2,Gradient Boosting (GBM),True,,7.0,0.9600605571412972,0.0241328376135909,4.71,ok,,0,missing_10
breast_cancer_wisconsin_diagnostic,classification,569,30,False,A11 A21 A31 A41 A51 A62,A54,EN6,Stacking,True,,6.0,0.9667580417907964,0.0226549891834796,1.01,ok,,0,missing_10
breast_cancer_wisconsin_diagnostic,classification,569,30,False,A11 A21 A31 A41 A51 A62,A54,EN7,Voting Ensemble,True,,8.0,0.963820974945279,0.0218141623410269,0.36,ok,,0,missing_10
breast_cancer_wisconsin_diagnostic,classification,569,30,False,A11 A21 A31 A41 A51 A62,A54,SV1,SVM (linear),True,,11.0,0.9521598583750566,0.0111332505709122,0.21,ok,,0,missing_10
breast_cancer_wisconsin_diagnostic,classification,569,30,False,A11 A21 A31 A41 A51 A62,A54,SV2,Kernel SVM (RBF/Poly),True,,9.0,0.9629132677200152,0.0211275964255758,0.33,ok,,0,missing_10
breast_cancer_wisconsin_diagnostic,classification,569,30,False,A11 A21 A31 A41 A51 A62,A54,PR1,Naive Bayes,True,,14.0,0.9203424032567498,0.0284798086253693,0.18,ok,,0,missing_10
breast_cancer_wisconsin_diagnostic,classification,569,30,False,A11 A21 A31 A41 A51 A62,A54,IB1,k-Nearest Neighbors,True,,16.0,0.9506380661228352,0.0234361251670835,0.13,ok,,0,missing_10
breast_cancer_wisconsin_diagnostic,classification,569,30,False,A11 A21 A31 A41 A51 A62,A54,DR4,LDA (Linear Discriminant Analysis),True,,12.0,0.9167751989976032,0.0252443224150182,0.18,ok,,0,missing_10
breast_cancer_wisconsin_diagnostic,classification,569,30,False,A11 A21 A31 A41 A51 A62,A54,NN1,Perceptron,True,,17.0,0.9564141957689288,0.0177190909674057,0.23,ok,,0,missing_10
breast_cancer_wisconsin_diagnostic,classification,569,30,False,A11 A21 A31 A41 A51 A62,A54,NN2,MLP (Feedforward),True,,2.0,0.9691031850014818,0.0162141652248964,6.71,ok,,0,missing_10
breast_cancer_wisconsin_diagnostic,classification,569,30,False,A11 A21 A31 A41 A51 A62,A54,EN3,XGBoost,True,,4.0,0.9647833382725294,0.0170881304125999,1.27,ok,,0,missing_10
breast_cancer_wisconsin_diagnostic,classification,569,30,False,A11 A21 A31 A41 A51 A62,A54,EN4,LightGBM,True,,1.0,0.965163916314424,0.0117796184066212,69.07,ok,,0,missing_10
breast_cancer_wisconsin_diagnostic,classification,569,30,False,A11 A21 A31 A41 A51 A62,A54,BASE-HGB,Histogram Gradient Boosting (baseline),False,,,0.9689533193996016,0.0056081966872967,2.08,ok,,0,missing_10
credit_approval_australia,classification,690,15,False,A11 A21 A38 A41 A51 A62,A54,LM2,Logistic Regression,True,,10.0,0.8517764111254051,0.0387196469523427,0.18,ok,,0,missing_10
credit_approval_australia,classification,690,15,False,A11 A21 A38 A41 A51 A62,A54,TR1,Decision Tree,True,,13.0,0.7900134211303461,0.0337653447266351,0.16,ok,,0,missing_10
credit_approval_australia,classification,690,15,False,A11 A21 A38 A41 A51 A62,A54,TR2,Random Forest,True,,5.0,0.8645082220237388,0.0256023351713768,2.85,ok,,0,missing_10
credit_approval_australia,classification,690,15,False,A11 A21 A38 A41 A51 A62,A54,TR3,Extra Trees,True,,3.0,0.8473015322788487,0.037520505269202,2.3,ok,,0,missing_10
credit_approval_australia,classification,690,15,False,A11 A21 A38 A41 A51 A62,A54,EN1,AdaBoost,True,,15.0,0.8371866701029772,0.0415357522260537,1.52,ok,,0,missing_10
credit_approval_australia,classification,690,15,False,A11 A21 A38 A41 A51 A62,A54,EN2,Gradient Boosting (GBM),True,,7.0,0.8463044268765273,0.0250771435671196,1.26,ok,,0,missing_10
credit_approval_australia,classification,690,15,False,A11 A21 A38 A41 A51 A62,A54,EN6,Stacking,True,,6.0,0.845249957256971,0.0212857632197517,0.91,ok,,0,missing_10
credit_approval_australia,classification,690,15,False,A11 A21 A38 A41 A51 A62,A54,EN7,Voting Ensemble,True,,8.0,0.839156075492322,0.0305462801139116,0.33,ok,,0,missing_10
credit_approval_australia,classification,690,15,False,A11 A21 A38 A41 A51 A62,A54,SV1,SVM (linear),True,,11.0,0.8475132232292186,0.0382860742646181,0.18,ok,,0,missing_10
credit_approval_australia,classification,690,15,False,A11 A21 A38 A41 A51 A62,A54,SV2,Kernel SVM (RBF/Poly),True,,9.0,0.8364659214258424,0.0252706093640691,0.21,ok,,0,missing_10
credit_approval_australia,classification,690,15,False,A11 A21 A38 A41 A51 A62,A54,PR1,Naive Bayes,True,,14.0,0.8140351298900104,0.0413367289350933,0.13,ok,,0,missing_10
credit_approval_australia,classification,690,15,False,A11 A21 A38 A41 A51 A62,A54,IB1,k-Nearest Neighbors,True,,16.0,0.8166345747547563,0.0460792561419314,0.15,ok,,0,missing_10
credit_approval_australia,classification,690,15,False,A11 A21 A38 A41 A51 A62,A54,DR4,LDA (Linear Discriminant Analysis),True,,12.0,0.852946567057035,0.0217431162530405,0.16,ok,,0,missing_10
credit_approval_australia,classification,690,15,False,A11 A21 A38 A41 A51 A62,A54,NN1,Perceptron,True,,17.0,0.8018540263210306,0.0486383541257781,0.16,ok,,0,missing_10
credit_approval_australia,classification,690,15,False,A11 A21 A38 A41 A51 A62,A54,NN2,MLP (Feedforward),True,,2.0,0.8204843029163216,0.032709212940146,8.0,ok,,0,missing_10
credit_approval_australia,classification,690,15,False,A11 A21 A38 A41 A51 A62,A54,EN3,XGBoost,True,,4.0,0.8562198155597638,0.0432110939640626,0.53,ok,,0,missing_10
credit_approval_australia,classification,690,15,False,A11 A21 A38 A41 A51 A62,A54,EN4,LightGBM,True,,1.0,0.8538772264780503,0.028507964256992,9.73,ok,,0,missing_10
credit_approval_australia,classification,690,15,False,A11 A21 A38 A41 A51 A62,A54,BASE-HGB,Histogram Gradient Boosting (baseline),False,,,0.8577843188568508,0.0315063559011726,1.33,ok,,0,missing_10
tic_tac_toe,classification,958,9,False,A11 A21 A32 A41 A51 A62,A53,LM2,Logistic Regression,False,needs A31 data (yours is A32),,0.6552572290064829,0.0285454107307226,0.2,ok,,0,missing_10
tic_tac_toe,classification,958,9,False,A11 A21 A32 A41 A51 A62,A53,TR1,Decision Tree,True,,12.0,0.7817801382696905,0.0133056033502123,0.15,ok,,0,missing_10
tic_tac_toe,classification,958,9,False,A11 A21 A32 A41 A51 A62,A53,TR2,Random Forest,True,,5.0,0.8165390967241715,0.0143670038865158,2.85,ok,,0,missing_10
tic_tac_toe,classification,958,9,False,A11 A21 A32 A41 A51 A62,A53,TR3,Extra Trees,True,,3.0,0.8252481660959272,0.0140043020676355,2.4,ok,,0,missing_10
tic_tac_toe,classification,958,9,False,A11 A21 A32 A41 A51 A62,A53,EN1,AdaBoost,True,,13.0,0.6391317094182767,0.0180768253766722,0.63,ok,,0,missing_10
tic_tac_toe,classification,958,9,False,A11 A21 A32 A41 A51 A62,A53,EN2,Gradient Boosting (GBM),True,,7.0,0.7870869031466047,0.0238098218788099,1.38,ok,,0,missing_10
tic_tac_toe,classification,958,9,False,A11 A21 A32 A41 A51 A62,A53,EN6,Stacking,True,,6.0,0.8132895608537399,0.0070077155390756,0.72,ok,,0,missing_10
tic_tac_toe,classification,958,9,False,A11 A21 A32 A41 A51 A62,A53,EN7,Voting Ensemble,True,,8.0,0.8161625982640908,0.0063974765297109,0.24,ok,,0,missing_10
tic_tac_toe,classification,958,9,False,A11 A21 A32 A41 A51 A62,A53,SV1,SVM (linear),True,,10.0,0.6567723805216343,0.0264927527588877,0.21,ok,,0,missing_10
tic_tac_toe,classification,958,9,False,A11 A21 A32 A41 A51 A62,A53,SV2,Kernel SVM (RBF/Poly),True,,9.0,0.8030338437681721,0.0093530658344107,0.31,ok,,0,missing_10
tic_tac_toe,classification,958,9,False,A11 A21 A32 A41 A51 A62,A53,PR1,Naive Bayes,False,needs A31 data (yours is A32),,0.6282706467661691,0.0049348564009371,0.14,ok,,0,missing_10
tic_tac_toe,classification,958,9,False,A11 A21 A32 A41 A51 A62,A53,IB1,k-Nearest Neighbors,False,needs A31 data (yours is A32),,0.7449045939135491,0.0214939456002165,0.13,ok,,0,missing_10
tic_tac_toe,classification,958,9,False,A11 A21 A32 A41 A51 A62,A53,DR4,LDA (Linear Discriminant Analysis),True,,11.0,0.6487624647326141,0.0248532533204395,0.16,ok,,0,missing_10
tic_tac_toe,classification,958,9,False,A11 A21 A32 A41 A51 A62,A53,NN1,Perceptron,False,needs A31 data (yours is A32),,0.6114975942796839,0.0153858370298455,0.14,ok,,0,missing_10
tic_tac_toe,classification,958,9,False,A11 A21 A32 A41 A51 A62,A53,NN2,MLP (Feedforward),True,,2.0,0.7904038250306907,0.029609349027299,10.76,ok,,0,missing_10
tic_tac_toe,classification,958,9,False,A11 A21 A32 A41 A51 A62,A53,EN3,XGBoost,True,,4.0,0.8233420430315952,0.015958587509089,0.37,ok,,0,missing_10
tic_tac_toe,classification,958,9,False,A11 A21 A32 A41 A51 A62,A53,EN4,LightGBM,True,,1.0,0.831364657233314,0.0202275035088854,1.11,ok,,0,missing_10
tic_tac_toe,classification,958,9,False,A11 A21 A32 A41 A51 A62,A53,BASE-HGB,Histogram Gradient Boosting (baseline),False,,,0.8162151838211541,0.0210813306218837,1.29,ok,,0,missing_10
parity5+5,classification,1124,10,False,A11 A21 A32 A41 A51 A62,A53,LM2,Logistic Regression,False,needs A31 data (yours is A32),,0.4621019707244672,0.0208055826543745,0.18,ok,,0,missing_10
parity5+5,classification,1124,10,False,A11 A21 A32 A41 A51 A62,A53,TR1,Decision Tree,True,,12.0,0.5068692569740543,0.0334937905198297,0.18,ok,,0,missing_10
parity5+5,classification,1124,10,False,A11 A21 A32 A41 A51 A62,A53,TR2,Random Forest,True,,5.0,0.4830509963020442,0.01361282353428,3.14,ok,,0,missing_10
parity5+5,classification,1124,10,False,A11 A21 A32 A41 A51 A62,A53,TR3,Extra Trees,True,,3.0,0.4975433156557981,0.0258922310486673,2.74,ok,,0,missing_10
parity5+5,classification,1124,10,False,A11 A21 A32 A41 A51 A62,A53,EN1,AdaBoost,True,,13.0,0.4612328215000548,0.0233735671103485,0.68,ok,,0,missing_10
parity5+5,classification,1124,10,False,A11 A21 A32 A41 A51 A62,A53,EN2,Gradient Boosting (GBM),True,,7.0,0.4250183878735346,0.0306004898440215,1.04,ok,,0,missing_10
parity5+5,classification,1124,10,False,A11 A21 A32 A41 A51 A62,A53,EN6,Stacking,True,,6.0,0.5394616654048419,0.0215859430366738,0.73,ok,,0,missing_10
parity5+5,classification,1124,10,False,A11 A21 A32 A41 A51 A62,A53,EN7,Voting Ensemble,True,,8.0,0.438340424728408,0.0144160883568702,0.26,ok,,0,missing_10
parity5+5,classification,1124,10,False,A11 A21 A32 A41 A51 A62,A53,SV1,SVM (linear),True,,10.0,0.462125678642912,0.0217190518885916,0.17,ok,,0,missing_10
parity5+5,classification,1124,10,False,A11 A21 A32 A41 A51 A62,A53,SV2,Kernel SVM (RBF/Poly),True,,9.0,0.4301713421619103,0.0323588330430672,0.35,ok,,0,missing_10
parity5+5,classification,1124,10,False,A11 A21 A32 A41 A51 A62,A53,PR1,Naive Bayes,False,needs A31 data (yours is A32),,0.4658397743341851,0.0146492630733301,0.14,ok,,0,missing_10
parity5+5,classification,1124,10,False,A11 A21 A32 A41 A51 A62,A53,IB1,k-Nearest Neighbors,False,needs A31 data (yours is A32),,0.4677124189030337,0.0120252132566793,0.15,ok,,0,missing_10
parity5+5,classification,1124,10,False,A11 A21 A32 A41 A51 A62,A53,DR4,LDA (Linear Discriminant Analysis),True,,11.0,0.462125678642912,0.0217190518885916,0.15,ok,,0,missing_10
parity5+5,classification,1124,10,False,A11 A21 A32 A41 A51 A62,A53,NN1,Perceptron,False,needs A31 data (yours is A32),,0.4792008610680012,0.0198671832825774,0.15,ok,,0,missing_10
parity5+5,classification,1124,10,False,A11 A21 A32 A41 A51 A62,A53,NN2,MLP (Feedforward),True,,2.0,0.6335907111116705,0.007980512374508,15.3,ok,,0,missing_10
parity5+5,classification,1124,10,False,A11 A21 A32 A41 A51 A62,A53,EN3,XGBoost,True,,4.0,0.5087886467544129,0.0348730690329414,0.48,ok,,0,missing_10
parity5+5,classification,1124,10,False,A11 A21 A32 A41 A51 A62,A53,EN4,LightGBM,True,,1.0,0.4259976170694616,0.0154253615679455,1.95,ok,,0,missing_10
parity5+5,classification,1124,10,False,A11 A21 A32 A41 A51 A62,A53,BASE-HGB,Histogram Gradient Boosting (baseline),False,,,0.4437153335383423,0.0327569409554779,1.17,ok,,0,missing_10
yeast,classification,1479,8,False,A11 A21 A31 A41 A51 A62,A53,LM2,Logistic Regression,True,,10.0,0.4595001957538563,0.0237080953419413,0.17,ok,,0,missing_10
yeast,classification,1479,8,False,A11 A21 A31 A41 A51 A62,A53,TR1,Decision Tree,True,,13.0,0.4014414274500919,0.0130827489746036,0.09,ok,,0,missing_10
yeast,classification,1479,8,False,A11 A21 A31 A41 A51 A62,A53,TR2,Random Forest,True,,5.0,0.4756675937433502,0.020761418928226,3.6,ok,,0,missing_10
yeast,classification,1479,8,False,A11 A21 A31 A41 A51 A62,A53,TR3,Extra Trees,True,,3.0,0.4848165695389825,0.0292193915047246,3.38,ok,,0,missing_10
yeast,classification,1479,8,False,A11 A21 A31 A41 A51 A62,A53,EN1,AdaBoost,True,,15.0,0.3430922417112939,0.0635619267938013,0.69,ok,,0,missing_10
yeast,classification,1479,8,False,A11 A21 A31 A41 A51 A62,A53,EN2,Gradient Boosting (GBM),True,,7.0,0.4520024238272106,0.0296999505784052,9.17,ok,,0,missing_10
yeast,classification,1479,8,False,A11 A21 A31 A41 A51 A62,A53,EN6,Stacking,True,,6.0,0.4580739526890595,0.0196348004209543,1.29,ok,,0,missing_10
yeast,classification,1479,8,False,A11 A21 A31 A41 A51 A62,A53,EN7,Voting Ensemble,True,,8.0,0.479903888322594,0.0312344788170651,0.35,ok,,0,missing_10
yeast,classification,1479,8,False,A11 A21 A31 A41 A51 A62,A53,SV1,SVM (linear),True,,11.0,0.4346219281027231,0.018511294147552,0.11,ok,,0,missing_10
yeast,classification,1479,8,False,A11 A21 A31 A41 A51 A62,A53,SV2,Kernel SVM (RBF/Poly),True,,9.0,0.4636441486615409,0.0291207732492146,0.41,ok,,0,missing_10
yeast,classification,1479,8,False,A11 A21 A31 A41 A51 A62,A53,PR1,Naive Bayes,True,,14.0,0.3118882031080111,0.0313553160513386,0.07,ok,,0,missing_10
yeast,classification,1479,8,False,A11 A21 A31 A41 A51 A62,A53,IB1,k-Nearest Neighbors,True,,16.0,0.4317933466432715,0.0257175952000536,0.11,ok,,0,missing_10
yeast,classification,1479,8,False,A11 A21 A31 A41 A51 A62,A53,DR4,LDA (Linear Discriminant Analysis),True,,12.0,0.4749312794372655,0.0237889261194665,0.08,ok,,0,missing_10
yeast,classification,1479,8,False,A11 A21 A31 A41 A51 A62,A53,NN1,Perceptron,True,,17.0,0.3217629027574388,0.0298752217021816,0.12,ok,,0,missing_10
yeast,classification,1479,8,False,A11 A21 A31 A41 A51 A62,A53,NN2,MLP (Feedforward),True,,2.0,0.4786460542412706,0.0229666920519716,16.39,ok,,0,missing_10
yeast,classification,1479,8,False,A11 A21 A31 A41 A51 A62,A53,EN3,XGBoost,True,,4.0,0.4910709996952602,0.0370493558294879,1.59,ok,,0,missing_10
yeast,classification,1479,8,False,A11 A21 A31 A41 A51 A62,A53,EN4,LightGBM,True,,1.0,0.4188163673413468,0.0397480709656394,9.31,ok,,0,missing_10
yeast,classification,1479,8,False,A11 A21 A31 A41 A51 A62,A53,BASE-HGB,Histogram Gradient Boosting (baseline),False,,,0.4165423758955843,0.0369014350508723,7.95,ok,,0,missing_10
mfeat_zernike,classification,2000,47,False,A11 A21 A31 A41 A51 A62,A54,LM2,Logistic Regression,True,,10.0,0.7845,0.0159999999999999,0.57,ok,,0,missing_10
mfeat_zernike,classification,2000,47,False,A11 A21 A31 A41 A51 A62,A54,TR1,Decision Tree,True,,13.0,0.6275,0.0235584379787794,0.69,ok,,0,missing_10
mfeat_zernike,classification,2000,47,False,A11 A21 A31 A41 A51 A62,A54,TR2,Random Forest,True,,5.0,0.7635,0.0147139389695621,9.26,ok,,0,missing_10
mfeat_zernike,classification,2000,47,False,A11 A21 A31 A41 A51 A62,A54,TR3,Extra Trees,True,,3.0,0.773,0.0166883192682786,4.72,ok,,0,missing_10
mfeat_zernike,classification,2000,47,False,A11 A21 A31 A41 A51 A62,A54,EN1,AdaBoost,True,,15.0,0.5365,0.0178605710994917,2.95,ok,,0,missing_10
mfeat_zernike,classification,2000,47,False,A11 A21 A31 A41 A51 A62,A54,EN2,Gradient Boosting (GBM),True,,7.0,0.75,0.0165075740192191,105.56,ok,,0,missing_10
mfeat_zernike,classification,2000,47,False,A11 A21 A31 A41 A51 A62,A54,EN6,Stacking,True,,6.0,0.8370000000000001,0.0201494416796099,3.54,ok,,0,missing_10
mfeat_zernike,classification,2000,47,False,A11 A21 A31 A41 A51 A62,A54,EN7,Voting Ensemble,True,,8.0,0.796,0.0090277350426338,0.81,ok,,0,missing_10
mfeat_zernike,classification,2000,47,False,A11 A21 A31 A41 A51 A62,A54,SV1,SVM (linear),True,,11.0,0.7685000000000001,0.0143701078631999,0.51,ok,,0,missing_10
mfeat_zernike,classification,2000,47,False,A11 A21 A31 A41 A51 A62,A54,SV2,Kernel SVM (RBF/Poly),True,,9.0,0.817,0.0166883192682786,1.0,ok,,0,missing_10
mfeat_zernike,classification,2000,47,False,A11 A21 A31 A41 A51 A62,A54,PR1,Naive Bayes,True,,14.0,0.7254999999999999,0.0219317121994612,0.13,ok,,0,missing_10
mfeat_zernike,classification,2000,47,False,A11 A21 A31 A41 A51 A62,A54,IB1,k-Nearest Neighbors,True,,16.0,0.796,0.0169263108798108,0.16,ok,,0,missing_10
mfeat_zernike,classification,2000,47,False,A11 A21 A31 A41 A51 A62,A54,DR4,LDA (Linear Discriminant Analysis),True,,12.0,0.7619999999999999,0.0269443871706149,0.15,ok,,0,missing_10
mfeat_zernike,classification,2000,47,False,A11 A21 A31 A41 A51 A62,A54,NN1,Perceptron,True,,17.0,0.7314999999999999,0.0202237484161566,0.23,ok,,0,missing_10
mfeat_zernike,classification,2000,47,False,A11 A21 A31 A41 A51 A62,A54,NN2,MLP (Feedforward),True,,2.0,0.806,0.0140178457688762,20.35,ok,,0,missing_10
mfeat_zernike,classification,2000,47,False,A11 A21 A31 A41 A51 A62,A54,EN3,XGBoost,True,,4.0,0.7705,0.0084261497731763,11.04,ok,,0,missing_10
mfeat_zernike,classification,2000,47,False,A11 A21 A31 A41 A51 A62,A54,BASE-HGB,Histogram Gradient Boosting (baseline),False,,,0.7685000000000001,0.0159373774505092,25.85,ok,,0,missing_10
splice,classification,3188,60,False,A11 A21 A32 A41 A51 A62,A53,LM2,Logistic Regression,False,needs A31 data (yours is A32),,0.9244053539155632,0.0114902087221936,2.6,ok,,0,missing_10
splice,classification,3188,60,False,A11 A21 A32 A41 A51 A62,A53,TR1,Decision Tree,True,,12.0,0.8597027743834026,0.019229601021484,1.63,ok,,0,missing_10
splice,classification,3188,60,False,A11 A21 A32 A41 A51 A62,A53,TR2,Random Forest,True,,5.0,0.9413625630846644,0.0102872662403538,7.61,ok,,0,missing_10
splice,classification,3188,60,False,A11 A21 A32 A41 A51 A62,A53,TR3,Extra Trees,True,,3.0,0.9392081867961788,0.0160822353470025,8.91,ok,,0,missing_10
splice,classification,3188,60,False,A11 A21 A32 A41 A51 A62,A53,EN1,AdaBoost,True,,13.0,0.9077641416325672,0.0062074838166971,3.87,ok,,0,missing_10
splice,classification,3188,60,False,A11 A21 A32 A41 A51 A62,A53,EN2,Gradient Boosting (GBM),True,,7.0,0.9431622869429775,0.0091909479110735,29.05,ok,,0,missing_10
splice,classification,3188,60,False,A11 A21 A32 A41 A51 A62,A53,EN6,Stacking,True,,6.0,0.9389915845138784,0.0082625509222146,11.67,ok,,0,missing_10
splice,classification,3188,60,False,A11 A21 A32 A41 A51 A62,A53,EN7,Voting Ensemble,True,,8.0,0.9419073975928616,0.0070725162034564,3.35,ok,,0,missing_10
splice,classification,3188,60,False,A11 A21 A32 A41 A51 A62,A53,SV1,SVM (linear),True,,10.0,0.9236184030173068,0.0128349764966121,1.46,ok,,0,missing_10
splice,classification,3188,60,False,A11 A21 A32 A41 A51 A62,A53,SV2,Kernel SVM (RBF/Poly),True,,9.0,0.9484393710102932,0.0111994612045816,8.64,ok,,0,missing_10
splice,classification,3188,60,False,A11 A21 A32 A41 A51 A62,A53,PR1,Naive Bayes,False,needs A31 data (yours is A32),,0.6891030662157653,0.1039651780092682,1.29,ok,,0,missing_10
splice,classification,3188,60,False,A11 A21 A32 A41 A51 A62,A53,IB1,k-Nearest Neighbors,False,needs A31 data (yours is A32),,0.7725864756087928,0.0161576335943158,1.37,ok,,0,missing_10
splice,classification,3188,60,False,A11 A21 A32 A41 A51 A62,A53,DR4,LDA (Linear Discriminant Analysis),True,,11.0,0.9239778332620175,0.0077218126632388,1.92,ok,,0,missing_10
splice,classification,3188,60,False,A11 A21 A32 A41 A51 A62,A53,NN1,Perceptron,False,needs A31 data (yours is A32),,0.9171255260449278,0.0074753586271808,1.95,ok,,0,missing_10
splice,classification,3188,60,False,A11 A21 A32 A41 A51 A62,A53,NN2,MLP (Feedforward),True,,2.0,0.930052902674567,0.0112226157431912,26.08,ok,,0,missing_10
splice,classification,3188,60,False,A11 A21 A32 A41 A51 A62,A53,EN3,XGBoost,True,,4.0,0.9458794200273252,0.0059856395356287,4.75,ok,,0,missing_10
splice,classification,3188,60,False,A11 A21 A32 A41 A51 A62,A53,EN4,LightGBM,True,,1.0,0.9454737336454248,0.0108838193127992,23.48,ok,,0,missing_10
splice,classification,3188,60,False,A11 A21 A32 A41 A51 A62,A53,BASE-HGB,Histogram Gradient Boosting (baseline),False,,,0.9432434484914072,0.0118767578907787,35.56,ok,,0,missing_10
allhypo,classification,3770,29,False,A11 A21 A38 A41 A52 A62,A53,LM2,Logistic Regression,True,,10.0,0.4326995873390585,0.0310705559963278,1.2,ok,,0,missing_10
allhypo,classification,3770,29,False,A11 A21 A38 A41 A52 A62,A53,TR1,Decision Tree,True,,13.0,0.7772738792276115,0.0573202356338551,0.64,ok,,0,missing_10
allhypo,classification,3770,29,False,A11 A21 A38 A41 A52 A62,A53,TR2,Random Forest,True,,5.0,0.5766562982330845,0.0331337782104069,6.07,ok,,0,missing_10
allhypo,classification,3770,29,False,A11 A21 A38 A41 A52 A62,A53,TR3,Extra Trees,True,,3.0,0.4897233114429838,0.0301162013415839,5.03,ok,,0,missing_10
allhypo,classification,3770,29,False,A11 A21 A38 A41 A52 A62,A53,EN1,AdaBoost,True,,15.0,0.5299175193322915,0.0509503769800848,1.74,ok,,0,missing_10
allhypo,classification,3770,29,False,A11 A21 A38 A41 A52 A62,A53,EN2,Gradient Boosting (GBM),True,,7.0,0.8255194198208334,0.0491617686224753,11.27,ok,,0,missing_10
allhypo,classification,3770,29,False,A11 A21 A38 A41 A52 A62,A53,EN6,Stacking,True,,6.0,0.7074895397084479,0.0437156301719977,5.61,ok,,0,missing_10
allhypo,classification,3770,29,False,A11 A21 A38 A41 A52 A62,A53,EN7,Voting Ensemble,True,,8.0,0.5032594440286077,0.0479933468940818,1.56,ok,,0,missing_10
allhypo,classification,3770,29,False,A11 A21 A38 A41 A52 A62,A53,SV1,SVM (linear),True,,11.0,0.3685097448119943,0.0180788953999098,0.85,ok,,0,missing_10
allhypo,classification,3770,29,False,A11 A21 A38 A41 A52 A62,A53,SV2,Kernel SVM (RBF/Poly),True,,9.0,0.3333333333333333,0.0,1.62,ok,,0,missing_10
allhypo,classification,3770,29,False,A11 A21 A38 A41 A52 A62,A53,PR1,Naive Bayes,True,,14.0,0.3901957268006215,0.0293158900888951,0.67,ok,,0,missing_10
allhypo,classification,3770,29,False,A11 A21 A38 A41 A52 A62,A53,IB1,k-Nearest Neighbors,True,,16.0,0.4184442563665028,0.0459498012126502,0.74,ok,,0,missing_10
allhypo,classification,3770,29,False,A11 A21 A38 A41 A52 A62,A53,DR4,LDA (Linear Discriminant Analysis),True,,12.0,0.4224797917473554,0.0274881666810831,0.64,ok,,0,missing_10
allhypo,classification,3770,29,False,A11 A21 A38 A41 A52 A62,A53,NN1,Perceptron,True,,17.0,0.433555814894362,0.0837917704681575,0.62,ok,,0,missing_10
allhypo,classification,3770,29,False,A11 A21 A38 A41 A52 A62,A53,NN2,MLP (Feedforward),True,,2.0,0.6099916439848141,0.0529870281843724,48.52,ok,,0,missing_10
allhypo,classification,3770,29,False,A11 A21 A38 A41 A52 A62,A53,EN3,XGBoost,True,,4.0,0.830996139984558,0.0492245528168112,5.03,ok,,0,missing_10
allhypo,classification,3770,29,False,A11 A21 A38 A41 A52 A62,A53,EN4,LightGBM,True,,1.0,0.8394587220995187,0.0535074605557569,81.75,ok,,0,missing_10
allhypo,classification,3770,29,False,A11 A21 A38 A41 A52 A62,A53,BASE-HGB,Histogram Gradient Boosting (baseline),False,,,0.8013397443185986,0.0432113476909319,8.72,ok,,0,missing_10
spambase,classification,4601,57,False,A11 A21 A31 A43 A51 A62,A54,LM2,Logistic Regression,True,,10.0,0.909062449494082,0.0103319739812882,0.37,ok,,0,missing_10
spambase,classification,4601,57,False,A11 A21 A31 A43 A51 A62,A54,TR1,Decision Tree,True,,13.0,0.883612102649597,0.0139161032279313,0.62,ok,,0,missing_10
spambase,classification,4601,57,False,A11 A21 A31 A43 A51 A62,A54,TR2,Random Forest,True,,5.0,0.9386293296836912,0.0097994646414258,7.48,ok,,0,missing_10
spambase,classification,4601,57,False,A11 A21 A31 A43 A51 A62,A54,TR3,Extra Trees,True,,3.0,0.9453188820011498,0.0066853773434953,6.17,ok,,0,missing_10
spambase,classification,4601,57,False,A11 A21 A31 A43 A51 A62,A54,EN1,AdaBoost,True,,15.0,0.913430628602494,0.0113923641222952,2.05,ok,,0,missing_10
spambase,classification,4601,57,False,A11 A21 A31 A43 A51 A62,A54,EN2,Gradient Boosting (GBM),True,,7.0,0.9282418565113448,0.0101562278488081,7.19,ok,,0,missing_10
spambase,classification,4601,57,False,A11 A21 A31 A43 A51 A62,A54,EN6,Stacking,True,,6.0,0.9213400391105389,0.0087997435424863,3.15,ok,,0,missing_10
spambase,classification,4601,57,False,A11 A21 A31 A43 A51 A62,A54,EN7,Voting Ensemble,True,,8.0,0.922674737985757,0.0082870721953709,1.78,ok,,0,missing_10
spambase,classification,4601,57,False,A11 A21 A31 A43 A51 A62,A54,SV1,SVM (linear),True,,11.0,0.9068689093144644,0.0081877334377109,1.23,ok,,0,missing_10
spambase,classification,4601,57,False,A11 A21 A31 A43 A51 A62,A54,SV2,Kernel SVM (RBF/Poly),True,,9.0,0.9175844324792186,0.0060509745089523,5.02,ok,,0,missing_10
spambase,classification,4601,57,False,A11 A21 A31 A43 A51 A62,A54,PR1,Naive Bayes,True,,14.0,0.8269166608620949,0.0106562989960124,0.46,ok,,0,missing_10
spambase,classification,4601,57,False,A11 A21 A31 A43 A51 A62,A54,IB1,k-Nearest Neighbors,True,,16.0,0.8865907197458002,0.01431757208703,0.7,ok,,0,missing_10
spambase,classification,4601,57,False,A11 A21 A31 A43 A51 A62,A54,DR4,LDA (Linear Discriminant Analysis),True,,12.0,0.862744362180171,0.0098299669545648,0.67,ok,,0,missing_10
spambase,classification,4601,57,False,A11 A21 A31 A43 A51 A62,A54,NN1,Perceptron,True,,17.0,0.8683056142415726,0.028745311349644,0.62,ok,,0,missing_10
spambase,classification,4601,57,False,A11 A21 A31 A43 A51 A62,A54,NN2,MLP (Feedforward),True,,2.0,0.9328178473215398,0.0079414816137521,89.86,ok,,0,missing_10
spambase,classification,4601,57,False,A11 A21 A31 A43 A51 A62,A54,EN3,XGBoost,True,,4.0,0.9444425484885672,0.0088748324288153,6.23,ok,,0,missing_10
spambase,classification,4601,57,False,A11 A21 A31 A43 A51 A62,A54,BASE-HGB,Histogram Gradient Boosting (baseline),False,,,0.9437909826996328,0.0099635925005723,11.81,ok,,0,missing_10
banana,classification,5000,2,True,A11 A21 A31 A41 A51 A62,A53,LM2,Logistic Regression,True,,10.0,0.512571951154867,0.0108931961882253,0.1,ok,,0,missing_10
banana,classification,5000,2,True,A11 A21 A31 A41 A51 A62,A53,TR1,Decision Tree,True,,13.0,0.8139403495661408,0.0235596921969321,0.33,ok,,0,missing_10
banana,classification,5000,2,True,A11 A21 A31 A41 A51 A62,A53,TR2,Random Forest,True,,5.0,0.8311972025326236,0.0207249562856495,8.04,ok,,0,missing_10
banana,classification,5000,2,True,A11 A21 A31 A41 A51 A62,A53,TR3,Extra Trees,True,,3.0,0.8267393875168139,0.0215931503014191,6.38,ok,,0,missing_10
banana,classification,5000,2,True,A11 A21 A31 A41 A51 A62,A53,EN1,AdaBoost,True,,15.0,0.6779074107746812,0.0154252412048072,1.54,ok,,0,missing_10
banana,classification,5000,2,True,A11 A21 A31 A41 A51 A62,A53,EN2,Gradient Boosting (GBM),True,,7.0,0.8283687593382002,0.018222896520797,3.91,ok,,0,missing_10
banana,classification,5000,2,True,A11 A21 A31 A41 A51 A62,A53,EN6,Stacking,True,,6.0,0.8366782375731521,0.0131142726611206,1.22,ok,,0,missing_10
banana,classification,5000,2,True,A11 A21 A31 A41 A51 A62,A53,EN7,Voting Ensemble,True,,8.0,0.8337020600945069,0.0144361908064497,0.36,ok,,0,missing_10
banana,classification,5000,2,True,A11 A21 A31 A41 A51 A62,A53,SV1,SVM (linear),True,,11.0,0.5132154460760268,0.0098426177998793,0.16,ok,,0,missing_10
banana,classification,5000,2,True,A11 A21 A31 A41 A51 A62,A53,SV2,Kernel SVM (RBF/Poly),True,,9.0,0.8305788691985161,0.0236894651189334,3.51,ok,,0,missing_10
banana,classification,5000,2,True,A11 A21 A31 A41 A51 A62,A53,PR1,Naive Bayes,True,,14.0,0.5741129983559095,0.0085245825156465,0.11,ok,,0,missing_10
banana,classification,5000,2,True,A11 A21 A31 A41 A51 A62,A53,IB1,k-Nearest Neighbors,True,,16.0,0.8268440321008678,0.0159022399593417,0.26,ok,,0,missing_10
banana,classification,5000,2,True,A11 A21 A31 A41 A51 A62,A53,DR4,LDA (Linear Discriminant Analysis),True,,12.0,0.5127951654405813,0.0111277692489486,0.19,ok,,0,missing_10
banana,classification,5000,2,True,A11 A21 A31 A41 A51 A62,A53,NN1,Perceptron,True,,17.0,0.5145762785821827,0.0406887030076345,0.18,ok,,0,missing_10
banana,classification,5000,2,True,A11 A21 A31 A41 A51 A62,A53,NN2,MLP (Feedforward),True,,2.0,0.8340907532951084,0.0246011734024344,47.11,ok,,0,missing_10
banana,classification,5000,2,True,A11 A21 A31 A41 A51 A62,A53,EN3,XGBoost,True,,4.0,0.8434289316153961,0.0107706924438725,1.11,ok,,0,missing_10
banana,classification,5000,2,True,A11 A21 A31 A41 A51 A62,A53,EN4,LightGBM,True,,1.0,0.8458734430258789,0.0120131525473271,111.45,ok,,0,missing_10
banana,classification,5000,2,True,A11 A21 A31 A41 A51 A62,A53,BASE-HGB,Histogram Gradient Boosting (baseline),False,,,0.8461632161981161,0.0111051110493733,1.95,ok,,0,missing_10
satimage,classification,5000,36,True,A11 A21 A31 A41 A51 A62,A53,LM2,Logistic Regression,True,,10.0,0.7834559216999064,0.0136025240187752,2.07,ok,,0,missing_10
satimage,classification,5000,36,True,A11 A21 A31 A41 A51 A62,A53,TR1,Decision Tree,True,,13.0,0.789877956605227,0.0087415056182297,1.48,ok,,0,missing_10
satimage,classification,5000,36,True,A11 A21 A31 A41 A51 A62,A53,TR2,Random Forest,True,,5.0,0.8657098353907176,0.0108904330974802,21.09,ok,,0,missing_10
satimage,classification,5000,36,True,A11 A21 A31 A41 A51 A62,A53,TR3,Extra Trees,True,,3.0,0.8631240322019732,0.0116600733504007,11.43,ok,,0,missing_10
satimage,classification,5000,36,True,A11 A21 A31 A41 A51 A62,A53,EN1,AdaBoost,True,,15.0,0.7127552687491715,0.0133409237248403,4.86,ok,,0,missing_10
satimage,classification,5000,36,True,A11 A21 A31 A41 A51 A62,A53,EN2,Gradient Boosting (GBM),True,,7.0,0.8645402648578054,0.009523697876879,109.78,ok,,0,missing_10
satimage,classification,5000,36,True,A11 A21 A31 A41 A51 A62,A53,EN6,Stacking,True,,6.0,0.8613728962669238,0.0105120386130873,17.2,ok,,0,missing_10
satimage,classification,5000,36,True,A11 A21 A31 A41 A51 A62,A53,EN7,Voting Ensemble,True,,8.0,0.8460306260827402,0.0059547626669663,2.39,ok,,0,missing_10
satimage,classification,5000,36,True,A11 A21 A31 A41 A51 A62,A53,SV1,SVM (linear),True,,11.0,0.7253093415719876,0.008985496457404,1.41,ok,,0,missing_10
satimage,classification,5000,36,True,A11 A21 A31 A41 A51 A62,A53,SV2,Kernel SVM (RBF/Poly),True,,9.0,0.8477925975079146,0.0090206659743548,3.97,ok,,0,missing_10
satimage,classification,5000,36,True,A11 A21 A31 A41 A51 A62,A53,PR1,Naive Bayes,True,,14.0,0.7815935103545085,0.0069668665355939,0.35,ok,,0,missing_10
satimage,classification,5000,36,True,A11 A21 A31 A41 A51 A62,A53,IB1,k-Nearest Neighbors,True,,16.0,0.8496497960784742,0.0081897326543354,0.55,ok,,0,missing_10
satimage,classification,5000,36,True,A11 A21 A31 A41 A51 A62,A53,DR4,LDA (Linear Discriminant Analysis),True,,12.0,0.7616526033336175,0.0078631477311723,0.37,ok,,0,missing_10
satimage,classification,5000,36,True,A11 A21 A31 A41 A51 A62,A53,NN1,Perceptron,True,,17.0,0.6637626804914225,0.0346021729435554,0.69,ok,,0,missing_10
satimage,classification,5000,36,True,A11 A21 A31 A41 A51 A62,A53,NN2,MLP (Feedforward),True,,2.0,0.8459260910291274,0.0098248706718466,118.75,ok,,0,missing_10
satimage,classification,5000,36,True,A11 A21 A31 A41 A51 A62,A53,EN3,XGBoost,True,,4.0,0.8727566944778404,0.0080558138682902,8.96,ok,,0,missing_10
satimage,classification,5000,36,True,A11 A21 A31 A41 A51 A62,A53,BASE-HGB,Histogram Gradient Boosting (baseline),False,,,0.8783274205466327,0.01157952814565,43.61,ok,,0,missing_10
agaricus_lepiota,classification,5000,22,True,A11 A21 A38 A41 A51 A62,A53,LM2,Logistic Regression,True,,10.0,0.9895597877490822,0.0017244786779882,2.2,ok,,0,missing_10
agaricus_lepiota,classification,5000,22,True,A11 A21 A38 A41 A51 A62,A53,TR1,Decision Tree,True,,13.0,0.9945278058320908,0.0015227999228979,2.69,ok,,0,missing_10
agaricus_lepiota,classification,5000,22,True,A11 A21 A38 A41 A51 A62,A53,TR2,Random Forest,True,,5.0,0.9983439939723304,0.0008287068852916,8.8,ok,,0,missing_10
agaricus_lepiota,classification,5000,22,True,A11 A21 A38 A41 A51 A62,A53,TR3,Extra Trees,True,,3.0,0.9987624040141714,0.0007882617100654,8.64,ok,,0,missing_10
agaricus_lepiota,classification,5000,22,True,A11 A21 A38 A41 A51 A62,A53,EN1,AdaBoost,True,,15.0,0.973977620673624,0.0067608126977347,9.01,ok,,0,missing_10
agaricus_lepiota,classification,5000,22,True,A11 A21 A38 A41 A51 A62,A53,EN2,Gradient Boosting (GBM),True,,7.0,0.9931491367287067,0.0031033272436926,23.9,ok,,0,missing_10
agaricus_lepiota,classification,5000,22,True,A11 A21 A38 A41 A51 A62,A53,EN6,Stacking,True,,6.0,0.9985531989932508,0.0010569031215707,17.77,ok,,0,missing_10
agaricus_lepiota,classification,5000,22,True,A11 A21 A38 A41 A51 A62,A53,EN7,Voting Ensemble,True,,8.0,0.9954151236794434,0.0008242431683687,4.57,ok,,0,missing_10
agaricus_lepiota,classification,5000,22,True,A11 A21 A38 A41 A51 A62,A53,SV1,SVM (linear),True,,11.0,0.9910594911749148,0.0011035461802704,3.2,ok,,0,missing_10
agaricus_lepiota,classification,5000,22,True,A11 A21 A38 A41 A51 A62,A53,SV2,Kernel SVM (RBF/Poly),True,,9.0,0.9966703538049664,0.0015159957596957,6.42,ok,,0,missing_10
agaricus_lepiota,classification,5000,22,True,A11 A21 A38 A41 A51 A62,A53,PR1,Naive Bayes,True,,14.0,0.8864818288205966,0.0034037844281676,3.09,ok,,0,missing_10
agaricus_lepiota,classification,5000,22,True,A11 A21 A38 A41 A51 A62,A53,IB1,k-Nearest Neighbors,True,,16.0,0.9979432180701838,0.0017613713797543,3.74,ok,,0,missing_10
agaricus_lepiota,classification,5000,22,True,A11 A21 A38 A41 A51 A62,A53,DR4,LDA (Linear Discriminant Analysis),True,,12.0,0.9876064060020198,0.0042716993150225,4.17,ok,,0,missing_10
agaricus_lepiota,classification,5000,22,True,A11 A21 A38 A41 A51 A62,A53,NN1,Perceptron,True,,17.0,0.9739014732522164,0.023517806272277,3.21,ok,,0,missing_10
agaricus_lepiota,classification,5000,22,True,A11 A21 A38 A41 A51 A62,A53,NN2,MLP (Feedforward),True,,2.0,0.996740890363744,0.000760889278468,35.15,ok,,0,missing_10
agaricus_lepiota,classification,5000,22,True,A11 A21 A38 A41 A51 A62,A53,EN3,XGBoost,True,,4.0,0.9964964170634348,0.0015217506918978,7.2,ok,,0,missing_10
agaricus_lepiota,classification,5000,22,True,A11 A21 A38 A41 A51 A62,A53,EN4,LightGBM,True,,1.0,0.9965140512031292,0.0022904073167708,19.74,ok,,0,missing_10
agaricus_lepiota,classification,5000,22,True,A11 A21 A38 A41 A51 A62,A53,BASE-HGB,Histogram Gradient Boosting (baseline),False,,,0.9967232562240496,0.0007547903123806,20.3,ok,,0,missing_10
letter,classification,5000,16,True,A11 A21 A31 A41 A53 A62,,LM2,Logistic Regression,True,,10.0,0.6388979387488007,0.0186334953218378,1.36,ok,,0,missing_10
letter,classification,5000,16,True,A11 A21 A31 A41 A53 A62,,TR1,Decision Tree,True,,13.0,0.6517819779174857,0.0077191646204367,0.31,ok,,0,missing_10
letter,classification,5000,16,True,A11 A21 A31 A41 A53 A62,,TR2,Random Forest,True,,5.0,0.8318405279769188,0.0114561354067689,20.56,ok,,0,missing_10
letter,classification,5000,16,True,A11 A21 A31 A41 A53 A62,,TR3,Extra Trees,True,,3.0,0.8551220193169227,0.0134695164384323,24.83,ok,,0,missing_10
letter,classification,5000,16,True,A11 A21 A31 A41 A53 A62,,EN1,AdaBoost,True,,15.0,0.2780578183140645,0.0169402714864706,6.11,ok,,0,missing_10
letter,classification,5000,16,True,A11 A21 A31 A41 A53 A62,,EN6,Stacking,True,,6.0,0.7787240554234656,0.0097401841358673,18.44,ok,,0,missing_10
letter,classification,5000,16,True,A11 A21 A31 A41 A53 A62,,EN7,Voting Ensemble,True,,8.0,0.7573184251628912,0.012883990873805,4.06,ok,,0,missing_10
letter,classification,5000,16,True,A11 A21 A31 A41 A53 A62,,SV1,SVM (linear),True,,11.0,0.5794079704126325,0.0143588411565612,4.08,ok,,0,missing_10
letter,classification,5000,16,True,A11 A21 A31 A41 A53 A62,,SV2,Kernel SVM (RBF/Poly),True,,9.0,0.7725038668551051,0.0141566843255837,15.37,ok,,0,missing_10
letter,classification,5000,16,True,A11 A21 A31 A41 A53 A62,,PR1,Naive Bayes,True,,14.0,0.5818864560060956,0.0111623279451656,0.53,ok,,0,missing_10
letter,classification,5000,16,True,A11 A21 A31 A41 A53 A62,,IB1,k-Nearest Neighbors,True,,16.0,0.7450818541895247,0.0073791965511987,1.01,ok,,0,missing_10
letter,classification,5000,16,True,A11 A21 A31 A41 A53 A62,,DR4,LDA (Linear Discriminant Analysis),True,,12.0,0.6023304057704167,0.0117624956695274,0.58,ok,,0,missing_10
letter,classification,5000,16,True,A11 A21 A31 A41 A53 A62,,NN1,Perceptron,True,,17.0,0.3817610527280265,0.0260132582988759,2.0,ok,,0,missing_10
letter,classification,5000,16,True,A11 A21 A31 A41 A53 A62,,EN3,XGBoost,True,,4.0,0.8194575472346607,0.0101097347184111,46.09,ok,,0,missing_10
letter,classification,5000,16,True,A11 A21 A31 A41 A53 A62,,BASE-HGB,Histogram Gradient Boosting (baseline),False,,,0.835957356392013,0.0038959042379343,114.03,ok,,0,missing_10
229_pwLinear,regression,200,10,False,A11 A21 A32 A41 A53 A62,,LM1,Linear Regression,False,needs A31 data (yours is A32),,0.5257167877709018,0.0770569391193272,0.31,ok,,0,missing_10
229_pwLinear,regression,200,10,False,A11 A21 A32 A41 A53 A62,,LM3,Ridge Regression,False,needs A31 data (yours is A32),,0.5282974422807267,0.077233234093219,0.29,ok,,0,missing_10
229_pwLinear,regression,200,10,False,A11 A21 A32 A41 A53 A62,,LM4,Lasso Regression,True,,13.0,0.0739108330535152,0.0309803984334556,0.3,ok,,0,missing_10
229_pwLinear,regression,200,10,False,A11 A21 A32 A41 A53 A62,,LM5,Elastic Net,True,,14.0,0.1535203402769775,0.0282795920832663,0.5,ok,,0,missing_10
229_pwLinear,regression,200,10,False,A11 A21 A32 A41 A53 A62,,LM6,Polynomial Regression,False,needs A31 data (yours is A32),,-0.2335037925146255,0.1532374190805273,0.36,ok,,0,missing_10
229_pwLinear,regression,200,10,False,A11 A21 A32 A41 A53 A62,,LM7,Bayesian Linear Regression,False,needs A31 data (yours is A32),,0.5329161168475659,0.0771212956510015,0.31,ok,,0,missing_10
229_pwLinear,regression,200,10,False,A11 A21 A32 A41 A53 A62,,TR1,Decision Tree,True,,10.0,0.1705388749738828,0.2184967541475557,0.3,ok,,0,missing_10
229_pwLinear,regression,200,10,False,A11 A21 A32 A41 A53 A62,,TR2,Random Forest,True,,4.0,0.5489568475745089,0.1136761218465572,4.89,ok,,0,missing_10
229_pwLinear,regression,200,10,False,A11 A21 A32 A41 A53 A62,,TR3,Extra Trees,True,,2.0,0.2590928740949108,0.2599098783363242,3.21,ok,,0,missing_10
229_pwLinear,regression,200,10,False,A11 A21 A32 A41 A53 A62,,EN1,AdaBoost,True,,7.0,0.4404608747962497,0.0631443158637679,0.84,ok,,0,missing_10
229_pwLinear,regression,200,10,False,A11 A21 A32 A41 A53 A62,,EN2,Gradient Boosting (GBM),True,,1.0,0.5489224166821625,0.0808326698711141,1.28,ok,,0,missing_10
229_pwLinear,regression,200,10,False,A11 A21 A32 A41 A53 A62,,EN6,Stacking,True,,6.0,0.5477799916677275,0.0838282585562647,7.01,ok,,0,missing_10
229_pwLinear,regression,200,10,False,A11 A21 A32 A41 A53 A62,,EN7,Voting Ensemble,True,,8.0,0.5136642175309227,0.1009116866433618,0.44,ok,,0,missing_10
229_pwLinear,regression,200,10,False,A11 A21 A32 A41 A53 A62,,SV1,SVM (linear),True,,12.0,0.5270375439215607,0.0905283771189566,0.32,ok,,0,missing_10
229_pwLinear,regression,200,10,False,A11 A21 A32 A41 A53 A62,,SV2,Kernel SVM (RBF/Poly),True,,11.0,0.3623713426314597,0.0495489553646443,0.33,ok,,0,missing_10
229_pwLinear,regression,200,10,False,A11 A21 A32 A41 A53 A62,,IB1,k-Nearest Neighbors,False,needs A31 data (yours is A32),,0.3217504138658562,0.1173808861868063,0.34,ok,,0,missing_10
229_pwLinear,regression,200,10,False,A11 A21 A32 A41 A53 A62,,NN2,MLP (Feedforward),True,,9.0,0.3921661717842064,0.1604990017507281,7.95,ok,,0,missing_10
229_pwLinear,regression,200,10,False,A11 A21 A32 A41 A53 A62,,EN3,XGBoost,True,,5.0,0.3731474057086328,0.2159808812107146,0.76,ok,,0,missing_10
229_pwLinear,regression,200,10,False,A11 A21 A32 A41 A53 A62,,EN4,LightGBM,True,,3.0,0.5506088021220268,0.1121169814962751,2.15,ok,,0,missing_10
229_pwLinear,regression,200,10,False,A11 A21 A32 A41 A53 A62,,BASE-HGB,Histogram Gradient Boosting (baseline),False,,,0.5506088021220268,0.1121169814962751,1.32,ok,,0,missing_10
695_chatfield_4,regression,235,12,False,A11 A21 A31 A41 A54 A62,,LM1,Linear Regression,True,,16.0,0.7954977710150123,0.0293958014498516,0.22,ok,,0,missing_10
695_chatfield_4,regression,235,12,False,A11 A21 A31 A41 A54 A62,,LM3,Ridge Regression,True,,14.0,0.797290468181315,0.0302109062053422,0.24,ok,,0,missing_10
695_chatfield_4,regression,235,12,False,A11 A21 A31 A41 A54 A62,,LM4,Lasso Regression,True,,18.0,0.8110854894351393,0.0425924206177874,0.25,ok,,0,missing_10
695_chatfield_4,regression,235,12,False,A11 A21 A31 A41 A54 A62,,LM5,Elastic Net,True,,19.0,0.807924953569809,0.0630095438168825,0.24,ok,,0,missing_10
695_chatfield_4,regression,235,12,False,A11 A21 A31 A41 A54 A62,,LM6,Polynomial Regression,True,,15.0,0.5683877363915938,0.0910211613092631,0.24,ok,,0,missing_10
695_chatfield_4,regression,235,12,False,A11 A21 A31 A41 A54 A62,,LM7,Bayesian Linear Regression,True,,12.0,0.8028667332023854,0.0347408554721858,0.23,ok,,0,missing_10
695_chatfield_4,regression,235,12,False,A11 A21 A31 A41 A54 A62,,TR1,Decision Tree,True,,10.0,0.526720230715941,0.0979752339734602,0.23,ok,,0,missing_10
695_chatfield_4,regression,235,12,False,A11 A21 A31 A41 A54 A62,,TR2,Random Forest,True,,4.0,0.7519580015145847,0.0538941569322282,3.63,ok,,0,missing_10
695_chatfield_4,regression,235,12,False,A11 A21 A31 A41 A54 A62,,TR3,Extra Trees,True,,2.0,0.7805916781651676,0.0413076075727478,2.35,ok,,0,missing_10
695_chatfield_4,regression,235,12,False,A11 A21 A31 A41 A54 A62,,EN1,AdaBoost,True,,7.0,0.7347566261090146,0.0450320993444155,0.93,ok,,0,missing_10
695_chatfield_4,regression,235,12,False,A11 A21 A31 A41 A54 A62,,EN2,Gradient Boosting (GBM),True,,1.0,0.7316119360998707,0.0422415020778901,1.49,ok,,0,missing_10
695_chatfield_4,regression,235,12,False,A11 A21 A31 A41 A54 A62,,EN6,Stacking,True,,6.0,0.7838558738911865,0.044196053172344,0.7,ok,,0,missing_10
695_chatfield_4,regression,235,12,False,A11 A21 A31 A41 A54 A62,,EN7,Voting Ensemble,True,,8.0,0.7656315617159168,0.0538188923670433,0.35,ok,,0,missing_10
695_chatfield_4,regression,235,12,False,A11 A21 A31 A41 A54 A62,,SV1,SVM (linear),True,,17.0,0.783080737313606,0.0699872567111877,0.24,ok,,0,missing_10
695_chatfield_4,regression,235,12,False,A11 A21 A31 A41 A54 A62,,SV2,Kernel SVM (RBF/Poly),True,,11.0,0.3349640937020258,0.1082609615824769,0.27,ok,,0,missing_10
695_chatfield_4,regression,235,12,False,A11 A21 A31 A41 A54 A62,,IB1,k-Nearest Neighbors,True,,13.0,0.7237378749099113,0.0664446849331825,0.29,ok,,0,missing_10
695_chatfield_4,regression,235,12,False,A11 A21 A31 A41 A54 A62,,NN2,MLP (Feedforward),True,,9.0,0.6060000855337991,0.2004088827199274,7.46,ok,,0,missing_10
695_chatfield_4,regression,235,12,False,A11 A21 A31 A41 A54 A62,,EN3,XGBoost,True,,5.0,0.6835548370188347,0.065217583954117,2.02,ok,,0,missing_10
695_chatfield_4,regression,235,12,False,A11 A21 A31 A41 A54 A62,,EN4,LightGBM,True,,3.0,0.7216507723011159,0.0595045618547782,2.24,ok,,0,missing_10
695_chatfield_4,regression,235,12,False,A11 A21 A31 A41 A54 A62,,BASE-HGB,Histogram Gradient Boosting (baseline),False,,,0.7365901192017489,0.0575198028947464,1.17,ok,,0,missing_10
635_fri_c0_250_10,regression,250,10,False,A11 A21 A31 A41 A53 A62,,LM1,Linear Regression,True,,16.0,0.6235075099281816,0.0967817516355569,0.19,ok,,0,missing_10
635_fri_c0_250_10,regression,250,10,False,A11 A21 A31 A41 A53 A62,,LM3,Ridge Regression,True,,14.0,0.6237060096245001,0.0958127747599552,0.26,ok,,0,missing_10
635_fri_c0_250_10,regression,250,10,False,A11 A21 A31 A41 A53 A62,,LM4,Lasso Regression,True,,18.0,-0.0067970617967604,0.0089502608563026,0.27,ok,,0,missing_10
635_fri_c0_250_10,regression,250,10,False,A11 A21 A31 A41 A53 A62,,LM5,Elastic Net,True,,19.0,0.0189636052666216,0.0101322077293656,0.25,ok,,0,missing_10
635_fri_c0_250_10,regression,250,10,False,A11 A21 A31 A41 A53 A62,,LM6,Polynomial Regression,True,,15.0,0.7076766992177168,0.0654165038136734,0.34,ok,,0,missing_10
635_fri_c0_250_10,regression,250,10,False,A11 A21 A31 A41 A53 A62,,LM7,Bayesian Linear Regression,True,,12.0,0.6236419915859388,0.0924418099129153,0.32,ok,,0,missing_10
635_fri_c0_250_10,regression,250,10,False,A11 A21 A31 A41 A53 A62,,TR1,Decision Tree,True,,10.0,0.258336867678122,0.0935902966212094,0.33,ok,,0,missing_10
635_fri_c0_250_10,regression,250,10,False,A11 A21 A31 A41 A53 A62,,TR2,Random Forest,True,,4.0,0.66092589086117,0.0268644733549201,3.5,ok,,0,missing_10
635_fri_c0_250_10,regression,250,10,False,A11 A21 A31 A41 A53 A62,,TR3,Extra Trees,True,,2.0,0.6797250188233532,0.0248942528605185,2.09,ok,,0,missing_10
635_fri_c0_250_10,regression,250,10,False,A11 A21 A31 A41 A53 A62,,EN1,AdaBoost,True,,7.0,0.6277705894348429,0.0466071898522496,1.26,ok,,0,missing_10
635_fri_c0_250_10,regression,250,10,False,A11 A21 A31 A41 A53 A62,,EN2,Gradient Boosting (GBM),True,,1.0,0.7079179095336746,0.0441093980809931,1.74,ok,,0,missing_10
635_fri_c0_250_10,regression,250,10,False,A11 A21 A31 A41 A53 A62,,EN6,Stacking,True,,6.0,0.6548816247086543,0.0811673545640932,0.64,ok,,0,missing_10
635_fri_c0_250_10,regression,250,10,False,A11 A21 A31 A41 A53 A62,,EN7,Voting Ensemble,True,,8.0,0.621566581648411,0.062116190674169,0.21,ok,,0,missing_10
635_fri_c0_250_10,regression,250,10,False,A11 A21 A31 A41 A53 A62,,SV1,SVM (linear),True,,17.0,0.6095120373783118,0.1263127676129251,0.23,ok,,0,missing_10
635_fri_c0_250_10,regression,250,10,False,A11 A21 A31 A41 A53 A62,,SV2,Kernel SVM (RBF/Poly),True,,11.0,0.6806973245085036,0.0683903224666957,0.25,ok,,0,missing_10
635_fri_c0_250_10,regression,250,10,False,A11 A21 A31 A41 A53 A62,,IB1,k-Nearest Neighbors,True,,13.0,0.4773023274707876,0.0396510555526016,0.22,ok,,0,missing_10
635_fri_c0_250_10,regression,250,10,False,A11 A21 A31 A41 A53 A62,,NN2,MLP (Feedforward),True,,9.0,0.6982913359218168,0.0751600106824389,3.57,ok,,0,missing_10
635_fri_c0_250_10,regression,250,10,False,A11 A21 A31 A41 A53 A62,,EN3,XGBoost,True,,5.0,0.6109805231629796,0.0886663929226665,1.05,ok,,0,missing_10
635_fri_c0_250_10,regression,250,10,False,A11 A21 A31 A41 A53 A62,,EN4,LightGBM,True,,3.0,0.6963798154441712,0.066729946257415,4.57,ok,,0,missing_10
635_fri_c0_250_10,regression,250,10,False,A11 A21 A31 A41 A53 A62,,BASE-HGB,Histogram Gradient Boosting (baseline),False,,,0.7120546525860967,0.0714681155644736,1.83,ok,,0,missing_10
596_fri_c2_250_5,regression,250,5,False,A11 A21 A31 A41 A54 A62,,LM1,Linear Regression,True,,16.0,0.2005600998679275,0.0650699178500101,0.22,ok,,0,missing_10
596_fri_c2_250_5,regression,250,5,False,A11 A21 A31 A41 A54 A62,,LM3,Ridge Regression,True,,14.0,0.2009624788237961,0.0645401637386462,0.22,ok,,0,missing_10
596_fri_c2_250_5,regression,250,5,False,A11 A21 A31 A41 A54 A62,,LM4,Lasso Regression,True,,18.0,-0.0230975838933229,0.015898351681584,0.21,ok,,0,missing_10
596_fri_c2_250_5,regression,250,5,False,A11 A21 A31 A41 A54 A62,,LM5,Elastic Net,True,,19.0,-0.0230975838933229,0.015898351681584,0.19,ok,,0,missing_10
596_fri_c2_250_5,regression,250,5,False,A11 A21 A31 A41 A54 A62,,LM6,Polynomial Regression,True,,15.0,0.1884532987595743,0.068457185142703,0.26,ok,,0,missing_10
596_fri_c2_250_5,regression,250,5,False,A11 A21 A31 A41 A54 A62,,LM7,Bayesian Linear Regression,True,,12.0,0.2021481308962918,0.0595840379386155,0.2,ok,,0,missing_10
596_fri_c2_250_5,regression,250,5,False,A11 A21 A31 A41 A54 A62,,TR1,Decision Tree,True,,10.0,0.4846073103592302,0.1179132276151658,0.17,ok,,0,missing_10
596_fri_c2_250_5,regression,250,5,False,A11 A21 A31 A41 A54 A62,,TR2,Random Forest,True,,4.0,0.7661734697450384,0.0715210994439049,3.13,ok,,0,missing_10
596_fri_c2_250_5,regression,250,5,False,A11 A21 A31 A41 A54 A62,,TR3,Extra Trees,True,,2.0,0.7896828978622862,0.0719400665414616,3.07,ok,,0,missing_10
596_fri_c2_250_5,regression,250,5,False,A11 A21 A31 A41 A54 A62,,EN1,AdaBoost,True,,7.0,0.6982222884981348,0.0544925654549399,1.15,ok,,0,missing_10
596_fri_c2_250_5,regression,250,5,False,A11 A21 A31 A41 A54 A62,,EN2,Gradient Boosting (GBM),True,,1.0,0.7625703412574264,0.0417397254849524,1.28,ok,,0,missing_10
596_fri_c2_250_5,regression,250,5,False,A11 A21 A31 A41 A54 A62,,EN6,Stacking,True,,6.0,0.6005727764205486,0.1092623011837369,0.84,ok,,0,missing_10
596_fri_c2_250_5,regression,250,5,False,A11 A21 A31 A41 A54 A62,,EN7,Voting Ensemble,True,,8.0,0.581697976860698,0.058854861148641,0.36,ok,,0,missing_10
596_fri_c2_250_5,regression,250,5,False,A11 A21 A31 A41 A54 A62,,SV1,SVM (linear),True,,17.0,0.1488370052022007,0.0471470380219115,0.18,ok,,0,missing_10
596_fri_c2_250_5,regression,250,5,False,A11 A21 A31 A41 A54 A62,,SV2,Kernel SVM (RBF/Poly),True,,11.0,0.6477280668111238,0.0538467853325899,0.17,ok,,0,missing_10
596_fri_c2_250_5,regression,250,5,False,A11 A21 A31 A41 A54 A62,,IB1,k-Nearest Neighbors,True,,13.0,0.5282000187056143,0.1171458396876109,0.17,ok,,0,missing_10
596_fri_c2_250_5,regression,250,5,False,A11 A21 A31 A41 A54 A62,,NN2,MLP (Feedforward),True,,9.0,0.7385907335589931,0.0877525794228354,4.49,ok,,0,missing_10
596_fri_c2_250_5,regression,250,5,False,A11 A21 A31 A41 A54 A62,,EN3,XGBoost,True,,5.0,0.7358370462686563,0.116404889103316,0.74,ok,,0,missing_10
596_fri_c2_250_5,regression,250,5,False,A11 A21 A31 A41 A54 A62,,EN4,LightGBM,True,,3.0,0.7885258922443465,0.080664394887456,15.65,ok,,0,missing_10
596_fri_c2_250_5,regression,250,5,False,A11 A21 A31 A41 A54 A62,,BASE-HGB,Histogram Gradient Boosting (baseline),False,,,0.7950245674951418,0.0762302129856864,0.95,ok,,0,missing_10
653_fri_c0_250_25,regression,250,25,False,A11 A21 A31 A41 A54 A62,,LM1,Linear Regression,True,,16.0,0.6145636676540487,0.0553546602957552,0.27,ok,,0,missing_10
653_fri_c0_250_25,regression,250,25,False,A11 A21 A31 A41 A54 A62,,LM3,Ridge Regression,True,,14.0,0.6155110875687979,0.0552031767705325,0.29,ok,,0,missing_10
653_fri_c0_250_25,regression,250,25,False,A11 A21 A31 A41 A54 A62,,LM4,Lasso Regression,True,,18.0,-0.0182639695667757,0.0247105058995,0.29,ok,,0,missing_10
653_fri_c0_250_25,regression,250,25,False,A11 A21 A31 A41 A54 A62,,LM5,Elastic Net,True,,19.0,0.0326177037012717,0.0232490928633817,0.25,ok,,0,missing_10
653_fri_c0_250_25,regression,250,25,False,A11 A21 A31 A41 A54 A62,,LM6,Polynomial Regression,True,,15.0,0.1415826702945564,0.1794186566134628,0.31,ok,,0,missing_10
653_fri_c0_250_25,regression,250,25,False,A11 A21 A31 A41 A54 A62,,LM7,Bayesian Linear Regression,True,,12.0,0.6220566095617487,0.0548013176014003,0.26,ok,,0,missing_10
653_fri_c0_250_25,regression,250,25,False,A11 A21 A31 A41 A54 A62,,TR1,Decision Tree,True,,10.0,0.2075758237636039,0.2486165377094584,0.28,ok,,0,missing_10
653_fri_c0_250_25,regression,250,25,False,A11 A21 A31 A41 A54 A62,,TR2,Random Forest,True,,4.0,0.6295109685894247,0.0251720462951895,6.17,ok,,0,missing_10
653_fri_c0_250_25,regression,250,25,False,A11 A21 A31 A41 A54 A62,,TR3,Extra Trees,True,,2.0,0.639458452919809,0.0446367697942268,3.51,ok,,0,missing_10
653_fri_c0_250_25,regression,250,25,False,A11 A21 A31 A41 A54 A62,,EN1,AdaBoost,True,,7.0,0.6133723222535041,0.0272886815656674,1.89,ok,,0,missing_10
653_fri_c0_250_25,regression,250,25,False,A11 A21 A31 A41 A54 A62,,EN2,Gradient Boosting (GBM),True,,1.0,0.6728579048608567,0.0371634628973604,2.85,ok,,0,missing_10
653_fri_c0_250_25,regression,250,25,False,A11 A21 A31 A41 A54 A62,,EN6,Stacking,True,,6.0,0.6370730909322984,0.0536252817039958,0.81,ok,,0,missing_10
653_fri_c0_250_25,regression,250,25,False,A11 A21 A31 A41 A54 A62,,EN7,Voting Ensemble,True,,8.0,0.6039036660385053,0.0677443298018834,0.26,ok,,0,missing_10
653_fri_c0_250_25,regression,250,25,False,A11 A21 A31 A41 A54 A62,,SV1,SVM (linear),True,,17.0,0.612083574473991,0.0509981929405896,0.31,ok,,0,missing_10
653_fri_c0_250_25,regression,250,25,False,A11 A21 A31 A41 A54 A62,,SV2,Kernel SVM (RBF/Poly),True,,11.0,0.5700550885656127,0.0495275686281591,0.3,ok,,0,missing_10
653_fri_c0_250_25,regression,250,25,False,A11 A21 A31 A41 A54 A62,,IB1,k-Nearest Neighbors,True,,13.0,0.3022962715348735,0.0941021820034421,0.24,ok,,0,missing_10
653_fri_c0_250_25,regression,250,25,False,A11 A21 A31 A41 A54 A62,,NN2,MLP (Feedforward),True,,9.0,0.5065483384515438,0.0971497416042711,3.54,ok,,0,missing_10
653_fri_c0_250_25,regression,250,25,False,A11 A21 A31 A41 A54 A62,,EN3,XGBoost,True,,5.0,0.6313323893993849,0.048115135560373,4.03,ok,,0,missing_10
653_fri_c0_250_25,regression,250,25,False,A11 A21 A31 A41 A54 A62,,EN4,LightGBM,True,,3.0,0.7000441898817042,0.0375530816927442,1.52,ok,,0,missing_10
653_fri_c0_250_25,regression,250,25,False,A11 A21 A31 A41 A54 A62,,BASE-HGB,Histogram Gradient Boosting (baseline),False,,,0.7018760161892061,0.0428867745470821,1.1,ok,,0,missing_10
nikuradse_1,regression,362,2,False,A11 A21 A31 A41 A54 A62,,LM1,Linear Regression,True,,16.0,0.5894969434576303,0.0420932546295183,0.25,ok,,0,missing_10
nikuradse_1,regression,362,2,False,A11 A21 A31 A41 A54 A62,,LM3,Ridge Regression,True,,14.0,0.5894993251723973,0.0418709303060079,0.13,ok,,0,missing_10
nikuradse_1,regression,362,2,False,A11 A21 A31 A41 A54 A62,,LM4,Lasso Regression,True,,18.0,-0.0082565382156139,0.0059837713299785,0.19,ok,,0,missing_10
nikuradse_1,regression,362,2,False,A11 A21 A31 A41 A54 A62,,LM5,Elastic Net,True,,19.0,-0.0082565382156139,0.0059837713299785,0.07,ok,,0,missing_10
nikuradse_1,regression,362,2,False,A11 A21 A31 A41 A54 A62,,LM6,Polynomial Regression,True,,15.0,0.7976279688049824,0.0430780057524695,0.07,ok,,0,missing_10
nikuradse_1,regression,362,2,False,A11 A21 A31 A41 A54 A62,,LM7,Bayesian Linear Regression,True,,12.0,0.5894820249173593,0.0417876729503469,0.13,ok,,0,missing_10
nikuradse_1,regression,362,2,False,A11 A21 A31 A41 A54 A62,,TR1,Decision Tree,True,,10.0,0.7978813339146622,0.0499749637648391,0.21,ok,,0,missing_10
nikuradse_1,regression,362,2,False,A11 A21 A31 A41 A54 A62,,TR2,Random Forest,True,,4.0,0.8566956821217377,0.0576606715461567,2.5,ok,,0,missing_10
nikuradse_1,regression,362,2,False,A11 A21 A31 A41 A54 A62,,TR3,Extra Trees,True,,2.0,0.8499332859735926,0.057568962611761,2.06,ok,,0,missing_10
nikuradse_1,regression,362,2,False,A11 A21 A31 A41 A54 A62,,EN1,AdaBoost,True,,7.0,0.8412920611909822,0.0914009069874443,0.34,ok,,0,missing_10
nikuradse_1,regression,362,2,False,A11 A21 A31 A41 A54 A62,,EN2,Gradient Boosting (GBM),True,,1.0,0.8767650042954905,0.0535117692697337,1.25,ok,,0,missing_10
nikuradse_1,regression,362,2,False,A11 A21 A31 A41 A54 A62,,EN6,Stacking,True,,6.0,0.8518001296086058,0.039191360727672,0.83,ok,,0,missing_10
nikuradse_1,regression,362,2,False,A11 A21 A31 A41 A54 A62,,EN7,Voting Ensemble,True,,8.0,0.848701250664256,0.0428338268977192,0.16,ok,,0,missing_10
nikuradse_1,regression,362,2,False,A11 A21 A31 A41 A54 A62,,SV1,SVM (linear),True,,17.0,0.5658026825009154,0.0238669288433933,0.21,ok,,0,missing_10
nikuradse_1,regression,362,2,False,A11 A21 A31 A41 A54 A62,,SV2,Kernel SVM (RBF/Poly),True,,11.0,0.777688793495438,0.0476546857799906,0.23,ok,,0,missing_10
nikuradse_1,regression,362,2,False,A11 A21 A31 A41 A54 A62,,IB1,k-Nearest Neighbors,True,,13.0,0.834684603079908,0.055078580845893,0.19,ok,,0,missing_10
nikuradse_1,regression,362,2,False,A11 A21 A31 A41 A54 A62,,NN2,MLP (Feedforward),True,,9.0,0.7478865015512586,0.048929347379327,0.86,ok,,0,missing_10
nikuradse_1,regression,362,2,False,A11 A21 A31 A41 A54 A62,,EN3,XGBoost,True,,5.0,0.8441340333624003,0.0577069443446561,0.38,ok,,0,missing_10
nikuradse_1,regression,362,2,False,A11 A21 A31 A41 A54 A62,,EN4,LightGBM,True,,3.0,0.8915161874871709,0.0528367148478404,19.11,ok,,0,missing_10
nikuradse_1,regression,362,2,False,A11 A21 A31 A41 A54 A62,,BASE-HGB,Histogram Gradient Boosting (baseline),False,,,0.8918076898863468,0.0538646428423819,1.18,ok,,0,missing_10
strogatz_glider2,regression,400,2,False,A11 A21 A31 A41 A54 A62,,LM1,Linear Regression,True,,16.0,0.5383082728849102,0.1622176298661336,0.18,ok,,0,missing_10
strogatz_glider2,regression,400,2,False,A11 A21 A31 A41 A54 A62,,LM3,Ridge Regression,True,,14.0,0.5383395710597778,0.1617085400042325,0.06,ok,,0,missing_10
strogatz_glider2,regression,400,2,False,A11 A21 A31 A41 A54 A62,,LM4,Lasso Regression,True,,18.0,-0.0470499017873848,0.056728664500038,0.19,ok,,0,missing_10
strogatz_glider2,regression,400,2,False,A11 A21 A31 A41 A54 A62,,LM5,Elastic Net,True,,19.0,0.1659834113511224,0.020765044557434,0.19,ok,,0,missing_10
strogatz_glider2,regression,400,2,False,A11 A21 A31 A41 A54 A62,,LM6,Polynomial Regression,True,,15.0,0.6167847618826796,0.1259519301159103,0.25,ok,,0,missing_10
strogatz_glider2,regression,400,2,False,A11 A21 A31 A41 A54 A62,,LM7,Bayesian Linear Regression,True,,12.0,0.5381841379783265,0.1612032027522009,0.2,ok,,0,missing_10
strogatz_glider2,regression,400,2,False,A11 A21 A31 A41 A54 A62,,TR1,Decision Tree,True,,10.0,0.6924746761334428,0.2114402923114602,0.18,ok,,0,missing_10
strogatz_glider2,regression,400,2,False,A11 A21 A31 A41 A54 A62,,TR2,Random Forest,True,,4.0,0.7596224893446836,0.1576673682546254,2.04,ok,,0,missing_10
strogatz_glider2,regression,400,2,False,A11 A21 A31 A41 A54 A62,,TR3,Extra Trees,True,,2.0,0.7814538836128394,0.1561936746758277,1.39,ok,,0,missing_10
strogatz_glider2,regression,400,2,False,A11 A21 A31 A41 A54 A62,,EN1,AdaBoost,True,,7.0,0.7164554437415765,0.0888573136881759,0.22,ok,,0,missing_10
strogatz_glider2,regression,400,2,False,A11 A21 A31 A41 A54 A62,,EN2,Gradient Boosting (GBM),True,,1.0,0.7956781683545952,0.0689678222413351,0.44,ok,,0,missing_10
strogatz_glider2,regression,400,2,False,A11 A21 A31 A41 A54 A62,,EN6,Stacking,True,,6.0,0.541340844192464,0.1618825914223748,0.48,ok,,0,missing_10
strogatz_glider2,regression,400,2,False,A11 A21 A31 A41 A54 A62,,EN7,Voting Ensemble,True,,8.0,0.7503325608499379,0.0686120290549053,0.13,ok,,0,missing_10
strogatz_glider2,regression,400,2,False,A11 A21 A31 A41 A54 A62,,SV1,SVM (linear),True,,17.0,0.5115852303500938,0.2143886306679559,0.06,ok,,0,missing_10
strogatz_glider2,regression,400,2,False,A11 A21 A31 A41 A54 A62,,SV2,Kernel SVM (RBF/Poly),True,,11.0,0.6666694600441385,0.1322611305129493,0.09,ok,,0,missing_10
strogatz_glider2,regression,400,2,False,A11 A21 A31 A41 A54 A62,,IB1,k-Nearest Neighbors,True,,13.0,0.7278929821877795,0.0599478427165229,0.07,ok,,0,missing_10
strogatz_glider2,regression,400,2,False,A11 A21 A31 A41 A54 A62,,NN2,MLP (Feedforward),True,,9.0,0.6478589827787998,0.1170598066770776,1.98,ok,,0,missing_10
strogatz_glider2,regression,400,2,False,A11 A21 A31 A41 A54 A62,,EN3,XGBoost,True,,5.0,0.7366015171309577,0.1066077783838296,0.65,ok,,0,missing_10
strogatz_glider2,regression,400,2,False,A11 A21 A31 A41 A54 A62,,EN4,LightGBM,True,,3.0,0.7160887072555535,0.0688840969163817,4.2,ok,,0,missing_10
strogatz_glider2,regression,400,2,False,A11 A21 A31 A41 A54 A62,,BASE-HGB,Histogram Gradient Boosting (baseline),False,,,0.7114418818988915,0.0752707739025205,0.39,ok,,0,missing_10
strogatz_vdp2,regression,400,2,False,A11 A21 A31 A41 A53 A62,,LM1,Linear Regression,True,,16.0,0.8899997193850802,0.0536958391796133,0.05,ok,,0,missing_10
strogatz_vdp2,regression,400,2,False,A11 A21 A31 A41 A53 A62,,LM3,Ridge Regression,True,,14.0,0.8899769513310487,0.0534241375444134,0.05,ok,,0,missing_10
strogatz_vdp2,regression,400,2,False,A11 A21 A31 A41 A53 A62,,LM4,Lasso Regression,True,,18.0,-0.0046651785696108,0.0056932659216202,0.05,ok,,0,missing_10
strogatz_vdp2,regression,400,2,False,A11 A21 A31 A41 A53 A62,,LM5,Elastic Net,True,,19.0,-0.0046651785696108,0.0056932659216202,0.06,ok,,0,missing_10
strogatz_vdp2,regression,400,2,False,A11 A21 A31 A41 A53 A62,,LM6,Polynomial Regression,True,,15.0,0.8919098929739251,0.0493445087059188,0.06,ok,,0,missing_10
strogatz_vdp2,regression,400,2,False,A11 A21 A31 A41 A53 A62,,LM7,Bayesian Linear Regression,True,,12.0,0.8899848540525369,0.0536169390778698,0.06,ok,,0,missing_10
strogatz_vdp2,regression,400,2,False,A11 A21 A31 A41 A53 A62,,TR1,Decision Tree,True,,10.0,0.8077178666139421,0.1260004657104124,0.05,ok,,0,missing_10
strogatz_vdp2,regression,400,2,False,A11 A21 A31 A41 A53 A62,,TR2,Random Forest,True,,4.0,0.8730647754381137,0.0572383588561215,1.93,ok,,0,missing_10
strogatz_vdp2,regression,400,2,False,A11 A21 A31 A41 A53 A62,,TR3,Extra Trees,True,,2.0,0.8536924276262445,0.0616098415196891,1.49,ok,,0,missing_10
strogatz_vdp2,regression,400,2,False,A11 A21 A31 A41 A53 A62,,EN1,AdaBoost,True,,7.0,0.881815504612215,0.0345491913414773,0.13,ok,,0,missing_10
strogatz_vdp2,regression,400,2,False,A11 A21 A31 A41 A53 A62,,EN2,Gradient Boosting (GBM),True,,1.0,0.8924742345565677,0.0412937724891596,0.46,ok,,0,missing_10
strogatz_vdp2,regression,400,2,False,A11 A21 A31 A41 A53 A62,,EN6,Stacking,True,,6.0,0.8898603260361027,0.0419340003155246,0.52,ok,,0,missing_10
strogatz_vdp2,regression,400,2,False,A11 A21 A31 A41 A53 A62,,EN7,Voting Ensemble,True,,8.0,0.9034445577094768,0.0448696909927362,0.18,ok,,0,missing_10
strogatz_vdp2,regression,400,2,False,A11 A21 A31 A41 A53 A62,,SV1,SVM (linear),True,,17.0,0.8867433240479858,0.0640310875913159,0.11,ok,,0,missing_10
strogatz_vdp2,regression,400,2,False,A11 A21 A31 A41 A53 A62,,SV2,Kernel SVM (RBF/Poly),True,,11.0,0.1640719106676519,0.1028160150566688,0.06,ok,,0,missing_10
strogatz_vdp2,regression,400,2,False,A11 A21 A31 A41 A53 A62,,IB1,k-Nearest Neighbors,True,,13.0,0.8978438360429566,0.0457578908406278,0.06,ok,,0,missing_10
strogatz_vdp2,regression,400,2,False,A11 A21 A31 A41 A53 A62,,NN2,MLP (Feedforward),True,,9.0,0.8523233692377878,0.0345005093916523,0.23,ok,,0,missing_10
strogatz_vdp2,regression,400,2,False,A11 A21 A31 A41 A53 A62,,EN3,XGBoost,True,,5.0,0.8372597213837591,0.0634617802285078,0.22,ok,,0,missing_10
strogatz_vdp2,regression,400,2,False,A11 A21 A31 A41 A53 A62,,EN4,LightGBM,True,,3.0,0.9109940548138176,0.0318290949523625,0.84,ok,,0,missing_10
strogatz_vdp2,regression,400,2,False,A11 A21 A31 A41 A53 A62,,BASE-HGB,Histogram Gradient Boosting (baseline),False,,,0.9093902510334144,0.0297233311102467,0.74,ok,,0,missing_10
556_analcatdata_apnea2,regression,475,3,False,A11 A21 A38 A41 A54 A62,,LM1,Linear Regression,True,,16.0,0.1499746700701525,0.170350241222512,0.19,ok,,0,missing_10
556_analcatdata_apnea2,regression,475,3,False,A11 A21 A38 A41 A54 A62,,LM3,Ridge Regression,True,,14.0,0.151130179933645,0.1673069014947527,0.13,ok,,0,missing_10
556_analcatdata_apnea2,regression,475,3,False,A11 A21 A38 A41 A54 A62,,LM4,Lasso Regression,True,,18.0,0.1502926028145099,0.1697101468698258,0.23,ok,,0,missing_10
556_analcatdata_apnea2,regression,475,3,False,A11 A21 A38 A41 A54 A62,,LM5,Elastic Net,True,,19.0,0.0862269573309654,0.0294892856758488,0.23,ok,,0,missing_10
556_analcatdata_apnea2,regression,475,3,False,A11 A21 A38 A41 A54 A62,,LM6,Polynomial Regression,True,,15.0,0.4538066347301545,0.2628901422780578,0.23,ok,,0,missing_10
556_analcatdata_apnea2,regression,475,3,False,A11 A21 A38 A41 A54 A62,,LM7,Bayesian Linear Regression,True,,12.0,0.1597577705717948,0.1497442852299437,0.23,ok,,0,missing_10
556_analcatdata_apnea2,regression,475,3,False,A11 A21 A38 A41 A54 A62,,TR1,Decision Tree,True,,10.0,-0.3506847313599169,0.95981764780732,0.24,ok,,0,missing_10
556_analcatdata_apnea2,regression,475,3,False,A11 A21 A38 A41 A54 A62,,TR2,Random Forest,True,,4.0,0.029045277377965,0.604356583135614,3.14,ok,,0,missing_10
556_analcatdata_apnea2,regression,475,3,False,A11 A21 A38 A41 A54 A62,,TR3,Extra Trees,True,,2.0,-0.324220384908258,1.0087799689494477,2.48,ok,,0,missing_10
556_analcatdata_apnea2,regression,475,3,False,A11 A21 A38 A41 A54 A62,,EN1,AdaBoost,True,,7.0,0.2477989067355914,0.3606813249363477,0.43,ok,,0,missing_10
556_analcatdata_apnea2,regression,475,3,False,A11 A21 A38 A41 A54 A62,,EN2,Gradient Boosting (GBM),True,,1.0,0.2517958178142934,0.4144401573999361,1.38,ok,,0,missing_10
556_analcatdata_apnea2,regression,475,3,False,A11 A21 A38 A41 A54 A62,,EN6,Stacking,True,,6.0,0.361769620624679,0.2436529758587398,1.18,ok,,0,missing_10
556_analcatdata_apnea2,regression,475,3,False,A11 A21 A38 A41 A54 A62,,EN7,Voting Ensemble,True,,8.0,0.3266492812524652,0.3173855423318584,0.5,ok,,0,missing_10
556_analcatdata_apnea2,regression,475,3,False,A11 A21 A38 A41 A54 A62,,SV1,SVM (linear),True,,17.0,-0.0694630956944448,0.0274939131564917,0.35,ok,,0,missing_10
556_analcatdata_apnea2,regression,475,3,False,A11 A21 A38 A41 A54 A62,,SV2,Kernel SVM (RBF/Poly),True,,11.0,-0.0724100034904482,0.0272206766253559,0.45,ok,,0,missing_10
556_analcatdata_apnea2,regression,475,3,False,A11 A21 A38 A41 A54 A62,,IB1,k-Nearest Neighbors,True,,13.0,0.3241900760213779,0.3104594372541056,0.36,ok,,0,missing_10
556_analcatdata_apnea2,regression,475,3,False,A11 A21 A38 A41 A54 A62,,NN2,MLP (Feedforward),True,,9.0,0.0155433284246988,0.0295781060413518,4.81,ok,,0,missing_10
556_analcatdata_apnea2,regression,475,3,False,A11 A21 A38 A41 A54 A62,,EN3,XGBoost,True,,5.0,-0.3799566139130527,1.0478931114157386,0.32,ok,,0,missing_10
556_analcatdata_apnea2,regression,475,3,False,A11 A21 A38 A41 A54 A62,,EN4,LightGBM,True,,3.0,0.3296767360540817,0.2829037308188097,0.5,ok,,0,missing_10
556_analcatdata_apnea2,regression,475,3,False,A11 A21 A38 A41 A54 A62,,BASE-HGB,Histogram Gradient Boosting (baseline),False,,,0.3295722117118181,0.2830480820187532,0.82,ok,,0,missing_10
645_fri_c3_500_50,regression,500,50,False,A11 A21 A31 A41 A53 A62,,LM1,Linear Regression,True,,16.0,0.1398420934518513,0.1165988842780593,0.1,ok,,0,missing_10
645_fri_c3_500_50,regression,500,50,False,A11 A21 A31 A41 A53 A62,,LM3,Ridge Regression,True,,14.0,0.1408775307187612,0.1159196338116531,0.11,ok,,0,missing_10
645_fri_c3_500_50,regression,500,50,False,A11 A21 A31 A41 A53 A62,,LM4,Lasso Regression,True,,18.0,-0.0209016875181154,0.0287063004057392,0.12,ok,,0,missing_10
645_fri_c3_500_50,regression,500,50,False,A11 A21 A31 A41 A53 A62,,LM5,Elastic Net,True,,19.0,-0.0209016875181154,0.0287063004057392,0.14,ok,,0,missing_10
645_fri_c3_500_50,regression,500,50,False,A11 A21 A31 A41 A53 A62,,LM6,Polynomial Regression,True,,15.0,-0.0847040768741792,0.12190647947948,0.23,ok,,0,missing_10
645_fri_c3_500_50,regression,500,50,False,A11 A21 A31 A41 A53 A62,,LM7,Bayesian Linear Regression,True,,12.0,0.181794006662261,0.0779586123721261,0.11,ok,,0,missing_10
645_fri_c3_500_50,regression,500,50,False,A11 A21 A31 A41 A53 A62,,TR1,Decision Tree,True,,10.0,0.4287489786691273,0.0648551961425743,0.22,ok,,0,missing_10
645_fri_c3_500_50,regression,500,50,False,A11 A21 A31 A41 A53 A62,,TR2,Random Forest,True,,4.0,0.7392187048954949,0.0468110872591431,10.29,ok,,0,missing_10
645_fri_c3_500_50,regression,500,50,False,A11 A21 A31 A41 A53 A62,,TR3,Extra Trees,True,,2.0,0.7441413473586037,0.0380743474650304,5.08,ok,,0,missing_10
645_fri_c3_500_50,regression,500,50,False,A11 A21 A31 A41 A53 A62,,EN1,AdaBoost,True,,7.0,0.6195819627542154,0.0484020443746519,1.43,ok,,0,missing_10
645_fri_c3_500_50,regression,500,50,False,A11 A21 A31 A41 A53 A62,,EN2,Gradient Boosting (GBM),True,,1.0,0.7680192310729985,0.0402027724603026,2.68,ok,,0,missing_10
645_fri_c3_500_50,regression,500,50,False,A11 A21 A31 A41 A53 A62,,EN6,Stacking,True,,6.0,0.5469942410539902,0.0806659255734585,0.69,ok,,0,missing_10
645_fri_c3_500_50,regression,500,50,False,A11 A21 A31 A41 A53 A62,,EN7,Voting Ensemble,True,,8.0,0.4492581146637247,0.0471393568241398,0.27,ok,,0,missing_10
645_fri_c3_500_50,regression,500,50,False,A11 A21 A31 A41 A53 A62,,SV1,SVM (linear),True,,17.0,0.0544539315232862,0.1701867813540742,0.36,ok,,0,missing_10
645_fri_c3_500_50,regression,500,50,False,A11 A21 A31 A41 A53 A62,,SV2,Kernel SVM (RBF/Poly),True,,11.0,0.1579513757988862,0.0857784285510828,0.28,ok,,0,missing_10
645_fri_c3_500_50,regression,500,50,False,A11 A21 A31 A41 A53 A62,,IB1,k-Nearest Neighbors,True,,13.0,0.0831753871607452,0.0606471012452974,0.1,ok,,0,missing_10
645_fri_c3_500_50,regression,500,50,False,A11 A21 A31 A41 A53 A62,,NN2,MLP (Feedforward),True,,9.0,-0.1906579005626221,0.2079036128601886,1.66,ok,,0,missing_10
645_fri_c3_500_50,regression,500,50,False,A11 A21 A31 A41 A53 A62,,EN3,XGBoost,True,,5.0,0.7334341493036977,0.0743709756226874,4.19,ok,,0,missing_10
645_fri_c3_500_50,regression,500,50,False,A11 A21 A31 A41 A53 A62,,EN4,LightGBM,True,,3.0,0.7592376283082066,0.0256196987004519,2.8,ok,,0,missing_10
645_fri_c3_500_50,regression,500,50,False,A11 A21 A31 A41 A53 A62,,BASE-HGB,Histogram Gradient Boosting (baseline),False,,,0.7579895724541216,0.0360447811411213,1.53,ok,,0,missing_10
627_fri_c2_500_10,regression,500,10,False,A11 A21 A31 A41 A53 A62,,LM1,Linear Regression,True,,16.0,0.2036458541474094,0.1000309272130489,0.08,ok,,0,missing_10
627_fri_c2_500_10,regression,500,10,False,A11 A21 A31 A41 A53 A62,,LM3,Ridge Regression,True,,14.0,0.2038997407360309,0.0994948320346866,0.08,ok,,0,missing_10
627_fri_c2_500_10,regression,500,10,False,A11 A21 A31 A41 A53 A62,,LM4,Lasso Regression,True,,18.0,-0.0075166228274473,0.0086286604140968,0.07,ok,,0,missing_10
627_fri_c2_500_10,regression,500,10,False,A11 A21 A31 A41 A53 A62,,LM5,Elastic Net,True,,19.0,-0.0075166228274473,0.0086286604140968,0.08,ok,,0,missing_10
627_fri_c2_500_10,regression,500,10,False,A11 A21 A31 A41 A53 A62,,LM6,Polynomial Regression,True,,15.0,0.1070179433455824,0.1597422183982078,0.09,ok,,0,missing_10
627_fri_c2_500_10,regression,500,10,False,A11 A21 A31 A41 A53 A62,,LM7,Bayesian Linear Regression,True,,12.0,0.2069557794671137,0.0857910639423179,0.07,ok,,0,missing_10
627_fri_c2_500_10,regression,500,10,False,A11 A21 A31 A41 A53 A62,,TR1,Decision Tree,True,,10.0,0.5271912847692926,0.0532165682550151,0.09,ok,,0,missing_10
627_fri_c2_500_10,regression,500,10,False,A11 A21 A31 A41 A53 A62,,TR2,Random Forest,True,,4.0,0.7801183226541135,0.0216343685738371,3.42,ok,,0,missing_10
627_fri_c2_500_10,regression,500,10,False,A11 A21 A31 A41 A53 A62,,TR3,Extra Trees,True,,2.0,0.8044912258128175,0.0256260256238857,2.27,ok,,0,missing_10
627_fri_c2_500_10,regression,500,10,False,A11 A21 A31 A41 A53 A62,,EN1,AdaBoost,True,,7.0,0.7109410434588177,0.0243839617544037,0.59,ok,,0,missing_10
627_fri_c2_500_10,regression,500,10,False,A11 A21 A31 A41 A53 A62,,EN2,Gradient Boosting (GBM),True,,1.0,0.8000988670885182,0.0267490028762763,0.81,ok,,0,missing_10
627_fri_c2_500_10,regression,500,10,False,A11 A21 A31 A41 A53 A62,,EN6,Stacking,True,,6.0,0.6664941409497636,0.0454587636557027,0.43,ok,,0,missing_10
627_fri_c2_500_10,regression,500,10,False,A11 A21 A31 A41 A53 A62,,EN7,Voting Ensemble,True,,8.0,0.565758110921436,0.0492407474210847,0.15,ok,,0,missing_10
627_fri_c2_500_10,regression,500,10,False,A11 A21 A31 A41 A53 A62,,SV1,SVM (linear),True,,17.0,0.1659992707927253,0.074968231837834,0.07,ok,,0,missing_10
627_fri_c2_500_10,regression,500,10,False,A11 A21 A31 A41 A53 A62,,SV2,Kernel SVM (RBF/Poly),True,,11.0,0.405153559131862,0.0845773755450046,0.12,ok,,0,missing_10
627_fri_c2_500_10,regression,500,10,False,A11 A21 A31 A41 A53 A62,,IB1,k-Nearest Neighbors,True,,13.0,0.3743024066681387,0.0681304114739564,0.06,ok,,0,missing_10
627_fri_c2_500_10,regression,500,10,False,A11 A21 A31 A41 A53 A62,,NN2,MLP (Feedforward),True,,9.0,0.6161538637776159,0.0630044784412449,5.02,ok,,0,missing_10
627_fri_c2_500_10,regression,500,10,False,A11 A21 A31 A41 A53 A62,,EN3,XGBoost,True,,5.0,0.788898251793942,0.0180215953258013,1.12,ok,,0,missing_10
627_fri_c2_500_10,regression,500,10,False,A11 A21 A31 A41 A53 A62,,EN4,LightGBM,True,,3.0,0.779425168499772,0.0338531431132292,1.19,ok,,0,missing_10
627_fri_c2_500_10,regression,500,10,False,A11 A21 A31 A41 A53 A62,,BASE-HGB,Histogram Gradient Boosting (baseline),False,,,0.7844305916949933,0.0355564597485397,0.71,ok,,0,missing_10
581_fri_c3_500_25,regression,500,25,False,A11 A21 A31 A41 A53 A62,,LM1,Linear Regression,True,,16.0,0.141204001093575,0.1053141650195545,0.09,ok,,0,missing_10
581_fri_c3_500_25,regression,500,25,False,A11 A21 A31 A41 A53 A62,,LM3,Ridge Regression,True,,14.0,0.1422839219927153,0.1045545665664461,0.09,ok,,0,missing_10
581_fri_c3_500_25,regression,500,25,False,A11 A21 A31 A41 A53 A62,,LM4,Lasso Regression,True,,18.0,-0.026462538318629,0.027865171033198,0.09,ok,,0,missing_10
581_fri_c3_500_25,regression,500,25,False,A11 A21 A31 A41 A53 A62,,LM5,Elastic Net,True,,19.0,-0.026462538318629,0.027865171033198,0.1,ok,,0,missing_10
581_fri_c3_500_25,regression,500,25,False,A11 A21 A31 A41 A53 A62,,LM6,Polynomial Regression,True,,15.0,-4.067930843165093,0.9011637744786732,0.15,ok,,0,missing_10
581_fri_c3_500_25,regression,500,25,False,A11 A21 A31 A41 A53 A62,,LM7,Bayesian Linear Regression,True,,12.0,0.1651857161722321,0.0778427468361204,0.1,ok,,0,missing_10
581_fri_c3_500_25,regression,500,25,False,A11 A21 A31 A41 A53 A62,,TR1,Decision Tree,True,,10.0,0.4605323204704189,0.1483200619387194,0.21,ok,,0,missing_10
581_fri_c3_500_25,regression,500,25,False,A11 A21 A31 A41 A53 A62,,TR2,Random Forest,True,,4.0,0.72992032637797,0.0385992370434756,6.2,ok,,0,missing_10
581_fri_c3_500_25,regression,500,25,False,A11 A21 A31 A41 A53 A62,,TR3,Extra Trees,True,,2.0,0.7584737674195361,0.0335977771194225,3.33,ok,,0,missing_10
581_fri_c3_500_25,regression,500,25,False,A11 A21 A31 A41 A53 A62,,EN1,AdaBoost,True,,7.0,0.6335381552991967,0.0477421603398736,0.82,ok,,0,missing_10
581_fri_c3_500_25,regression,500,25,False,A11 A21 A31 A41 A53 A62,,EN2,Gradient Boosting (GBM),True,,1.0,0.7615146692701458,0.0402808857385827,1.55,ok,,0,missing_10
581_fri_c3_500_25,regression,500,25,False,A11 A21 A31 A41 A53 A62,,EN6,Stacking,True,,6.0,0.5930778836370479,0.0599694188266341,0.51,ok,,0,missing_10
581_fri_c3_500_25,regression,500,25,False,A11 A21 A31 A41 A53 A62,,EN7,Voting Ensemble,True,,8.0,0.4685545567172179,0.0468125630993518,0.19,ok,,0,missing_10
581_fri_c3_500_25,regression,500,25,False,A11 A21 A31 A41 A53 A62,,SV1,SVM (linear),True,,17.0,0.0913764871808911,0.1165371819658108,0.12,ok,,0,missing_10
581_fri_c3_500_25,regression,500,25,False,A11 A21 A31 A41 A53 A62,,SV2,Kernel SVM (RBF/Poly),True,,11.0,0.2068413630543375,0.0496422270498362,0.15,ok,,0,missing_10
581_fri_c3_500_25,regression,500,25,False,A11 A21 A31 A41 A53 A62,,IB1,k-Nearest Neighbors,True,,13.0,0.1526123805498551,0.0781214309759103,0.07,ok,,0,missing_10
581_fri_c3_500_25,regression,500,25,False,A11 A21 A31 A41 A53 A62,,NN2,MLP (Feedforward),True,,9.0,-0.2983412752523119,0.1277991375718319,3.16,ok,,0,missing_10
581_fri_c3_500_25,regression,500,25,False,A11 A21 A31 A41 A53 A62,,EN3,XGBoost,True,,5.0,0.7478630753424321,0.0484958126314246,2.19,ok,,0,missing_10
581_fri_c3_500_25,regression,500,25,False,A11 A21 A31 A41 A53 A62,,EN4,LightGBM,True,,3.0,0.7833458247348163,0.0299039769890392,1.89,ok,,0,missing_10
581_fri_c3_500_25,regression,500,25,False,A11 A21 A31 A41 A53 A62,,BASE-HGB,Histogram Gradient Boosting (baseline),False,,,0.7744681691205609,0.0274863856742046,0.96,ok,,0,missing_10
641_fri_c1_500_10,regression,500,10,False,A11 A21 A31 A41 A53 A62,,LM1,Linear Regression,True,,16.0,0.1990713332312355,0.089559067781666,0.06,ok,,0,missing_10
641_fri_c1_500_10,regression,500,10,False,A11 A21 A31 A41 A53 A62,,LM3,Ridge Regression,True,,14.0,0.1992545845175659,0.0890944217712741,0.06,ok,,0,missing_10
641_fri_c1_500_10,regression,500,10,False,A11 A21 A31 A41 A53 A62,,LM4,Lasso Regression,True,,18.0,-0.0168173376342489,0.0159847691922924,0.06,ok,,0,missing_10
641_fri_c1_500_10,regression,500,10,False,A11 A21 A31 A41 A53 A62,,LM5,Elastic Net,True,,19.0,-0.0168173376342489,0.0159847691922924,0.06,ok,,0,missing_10
641_fri_c1_500_10,regression,500,10,False,A11 A21 A31 A41 A53 A62,,LM6,Polynomial Regression,True,,15.0,0.1103827663287941,0.0719614927900853,0.06,ok,,0,missing_10
641_fri_c1_500_10,regression,500,10,False,A11 A21 A31 A41 A53 A62,,LM7,Bayesian Linear Regression,True,,12.0,0.2011859788914801,0.0789862478481593,0.07,ok,,0,missing_10
641_fri_c1_500_10,regression,500,10,False,A11 A21 A31 A41 A53 A62,,TR1,Decision Tree,True,,10.0,0.5894953688811949,0.0994137792816531,0.07,ok,,0,missing_10
641_fri_c1_500_10,regression,500,10,False,A11 A21 A31 A41 A53 A62,,TR2,Random Forest,True,,4.0,0.8029188424577214,0.0530217894530401,3.49,ok,,0,missing_10
641_fri_c1_500_10,regression,500,10,False,A11 A21 A31 A41 A53 A62,,TR3,Extra Trees,True,,2.0,0.8212350340369958,0.0410548241398312,2.42,ok,,0,missing_10
641_fri_c1_500_10,regression,500,10,False,A11 A21 A31 A41 A53 A62,,EN1,AdaBoost,True,,7.0,0.7029705233099918,0.0681223183091697,0.97,ok,,0,missing_10
641_fri_c1_500_10,regression,500,10,False,A11 A21 A31 A41 A53 A62,,EN2,Gradient Boosting (GBM),True,,1.0,0.8216451814804338,0.051433915931958,1.45,ok,,0,missing_10
641_fri_c1_500_10,regression,500,10,False,A11 A21 A31 A41 A53 A62,,EN6,Stacking,True,,6.0,0.6709294298835131,0.0730991361274986,0.9,ok,,0,missing_10
641_fri_c1_500_10,regression,500,10,False,A11 A21 A31 A41 A53 A62,,EN7,Voting Ensemble,True,,8.0,0.5698974692098868,0.0432462491000074,0.63,ok,,0,missing_10
641_fri_c1_500_10,regression,500,10,False,A11 A21 A31 A41 A53 A62,,SV1,SVM (linear),True,,17.0,0.1489528428790087,0.0858897354602199,0.16,ok,,0,missing_10
641_fri_c1_500_10,regression,500,10,False,A11 A21 A31 A41 A53 A62,,SV2,Kernel SVM (RBF/Poly),True,,11.0,0.3982954814946362,0.0602559493096498,0.15,ok,,0,missing_10
641_fri_c1_500_10,regression,500,10,False,A11 A21 A31 A41 A53 A62,,IB1,k-Nearest Neighbors,True,,13.0,0.3497732510105404,0.0615401146958839,0.13,ok,,0,missing_10
641_fri_c1_500_10,regression,500,10,False,A11 A21 A31 A41 A53 A62,,NN2,MLP (Feedforward),True,,9.0,0.6551343163130885,0.0509800556751425,4.88,ok,,0,missing_10
641_fri_c1_500_10,regression,500,10,False,A11 A21 A31 A41 A53 A62,,EN3,XGBoost,True,,5.0,0.8057146122717637,0.0670177026067895,1.35,ok,,0,missing_10
641_fri_c1_500_10,regression,500,10,False,A11 A21 A31 A41 A53 A62,,EN4,LightGBM,True,,3.0,0.8258258242144215,0.0639714441505701,12.09,ok,,0,missing_10
641_fri_c1_500_10,regression,500,10,False,A11 A21 A31 A41 A53 A62,,BASE-HGB,Histogram Gradient Boosting (baseline),False,,,0.8278658673171574,0.0565882431541994,2.65,ok,,0,missing_10
589_fri_c2_1000_25,regression,1000,25,False,A11 A21 A31 A41 A53 A62,,LM1,Linear Regression,True,,16.0,0.234942238467545,0.0680581664367133,0.32,ok,,0,missing_10
589_fri_c2_1000_25,regression,1000,25,False,A11 A21 A31 A41 A53 A62,,LM3,Ridge Regression,True,,14.0,0.2350306474679317,0.0679538404470757,0.32,ok,,0,missing_10
589_fri_c2_1000_25,regression,1000,25,False,A11 A21 A31 A41 A53 A62,,LM4,Lasso Regression,True,,18.0,-0.0167119553598716,0.0194952607578626,0.37,ok,,0,missing_10
589_fri_c2_1000_25,regression,1000,25,False,A11 A21 A31 A41 A53 A62,,LM5,Elastic Net,True,,19.0,-0.0167119553598716,0.0194952607578626,0.28,ok,,0,missing_10
589_fri_c2_1000_25,regression,1000,25,False,A11 A21 A31 A41 A53 A62,,LM6,Polynomial Regression,True,,15.0,-0.2243509977210393,0.1654010952953012,0.44,ok,,0,missing_10
589_fri_c2_1000_25,regression,1000,25,False,A11 A21 A31 A41 A53 A62,,LM7,Bayesian Linear Regression,True,,12.0,0.2373690982591673,0.0618033255706505,0.3,ok,,0,missing_10
589_fri_c2_1000_25,regression,1000,25,False,A11 A21 A31 A41 A53 A62,,TR1,Decision Tree,True,,10.0,0.5280123452577847,0.060188861273614,0.48,ok,,0,missing_10
589_fri_c2_1000_25,regression,1000,25,False,A11 A21 A31 A41 A53 A62,,TR2,Random Forest,True,,4.0,0.7881650273398708,0.0305841755659908,17.96,ok,,0,missing_10
589_fri_c2_1000_25,regression,1000,25,False,A11 A21 A31 A41 A53 A62,,TR3,Extra Trees,True,,2.0,0.811313272001375,0.0252452084679252,9.65,ok,,0,missing_10
589_fri_c2_1000_25,regression,1000,25,False,A11 A21 A31 A41 A53 A62,,EN1,AdaBoost,True,,7.0,0.6878623352705007,0.0159995958401,2.54,ok,,0,missing_10
589_fri_c2_1000_25,regression,1000,25,False,A11 A21 A31 A41 A53 A62,,EN2,Gradient Boosting (GBM),True,,1.0,0.8129912466242619,0.0193018187500547,6.43,ok,,0,missing_10
589_fri_c2_1000_25,regression,1000,25,False,A11 A21 A31 A41 A53 A62,,EN6,Stacking,True,,6.0,0.6609624424290781,0.0519489021481023,1.05,ok,,0,missing_10
589_fri_c2_1000_25,regression,1000,25,False,A11 A21 A31 A41 A53 A62,,EN7,Voting Ensemble,True,,8.0,0.5446210922253747,0.0476650911159357,0.38,ok,,0,missing_10
589_fri_c2_1000_25,regression,1000,25,False,A11 A21 A31 A41 A53 A62,,SV1,SVM (linear),True,,17.0,0.201998189380511,0.0830996527118031,0.36,ok,,0,missing_10
589_fri_c2_1000_25,regression,1000,25,False,A11 A21 A31 A41 A53 A62,,SV2,Kernel SVM (RBF/Poly),True,,11.0,0.2866430133226267,0.0822773791260276,0.61,ok,,0,missing_10
589_fri_c2_1000_25,regression,1000,25,False,A11 A21 A31 A41 A53 A62,,IB1,k-Nearest Neighbors,True,,13.0,0.227098395017161,0.0618121557080639,0.18,ok,,0,missing_10
589_fri_c2_1000_25,regression,1000,25,False,A11 A21 A31 A41 A53 A62,,NN2,MLP (Feedforward),True,,9.0,-0.2802940019857803,0.1745745585000091,18.19,ok,,0,missing_10
589_fri_c2_1000_25,regression,1000,25,False,A11 A21 A31 A41 A53 A62,,EN3,XGBoost,True,,5.0,0.7836938237536742,0.031923206910593,9.16,ok,,0,missing_10
589_fri_c2_1000_25,regression,1000,25,False,A11 A21 A31 A41 A53 A62,,EN4,LightGBM,True,,3.0,0.8033209894981026,0.0292621958147065,26.87,ok,,0,missing_10
589_fri_c2_1000_25,regression,1000,25,False,A11 A21 A31 A41 A53 A62,,BASE-HGB,Histogram Gradient Boosting (baseline),False,,,0.8005337627355745,0.0231134791802611,4.88,ok,,0,missing_10
598_fri_c0_1000_25,regression,1000,25,False,A11 A21 A31 A41 A53 A62,,LM1,Linear Regression,True,,16.0,0.6115362329669534,0.0405314055273861,0.27,ok,,0,missing_10
598_fri_c0_1000_25,regression,1000,25,False,A11 A21 A31 A41 A53 A62,,LM3,Ridge Regression,True,,14.0,0.6115924560669086,0.0404808191516256,0.27,ok,,0,missing_10
598_fri_c0_1000_25,regression,1000,25,False,A11 A21 A31 A41 A53 A62,,LM4,Lasso Regression,True,,18.0,-0.0018549048064634,0.0015655964268132,0.36,ok,,0,missing_10
598_fri_c0_1000_25,regression,1000,25,False,A11 A21 A31 A41 A53 A62,,LM5,Elastic Net,True,,19.0,0.0272280585138403,0.0081966373441587,0.49,ok,,0,missing_10
598_fri_c0_1000_25,regression,1000,25,False,A11 A21 A31 A41 A53 A62,,LM6,Polynomial Regression,True,,15.0,0.6024847297637448,0.0300652505384618,0.47,ok,,0,missing_10
598_fri_c0_1000_25,regression,1000,25,False,A11 A21 A31 A41 A53 A62,,LM7,Bayesian Linear Regression,True,,12.0,0.6120466526127412,0.0398648570844795,0.21,ok,,0,missing_10
598_fri_c0_1000_25,regression,1000,25,False,A11 A21 A31 A41 A53 A62,,TR1,Decision Tree,True,,10.0,0.3354950747230967,0.018875835252844,0.51,ok,,0,missing_10
598_fri_c0_1000_25,regression,1000,25,False,A11 A21 A31 A41 A53 A62,,TR2,Random Forest,True,,4.0,0.6994234606791865,0.0180968166063455,16.41,ok,,0,missing_10
598_fri_c0_1000_25,regression,1000,25,False,A11 A21 A31 A41 A53 A62,,TR3,Extra Trees,True,,2.0,0.7130494964178415,0.02262639090298,10.61,ok,,0,missing_10
598_fri_c0_1000_25,regression,1000,25,False,A11 A21 A31 A41 A53 A62,,EN1,AdaBoost,True,,7.0,0.6355722285226051,0.0199336617189168,4.15,ok,,0,missing_10
598_fri_c0_1000_25,regression,1000,25,False,A11 A21 A31 A41 A53 A62,,EN2,Gradient Boosting (GBM),True,,1.0,0.7723353371200522,0.0158189453093947,6.93,ok,,0,missing_10
598_fri_c0_1000_25,regression,1000,25,False,A11 A21 A31 A41 A53 A62,,EN6,Stacking,True,,6.0,0.6524623696020624,0.0326704004034257,1.16,ok,,0,missing_10
598_fri_c0_1000_25,regression,1000,25,False,A11 A21 A31 A41 A53 A62,,EN7,Voting Ensemble,True,,8.0,0.6120784473858368,0.0383738396001291,0.52,ok,,0,missing_10
598_fri_c0_1000_25,regression,1000,25,False,A11 A21 A31 A41 A53 A62,,SV1,SVM (linear),True,,17.0,0.6052435512749544,0.043822817186686,0.39,ok,,0,missing_10
598_fri_c0_1000_25,regression,1000,25,False,A11 A21 A31 A41 A53 A62,,SV2,Kernel SVM (RBF/Poly),True,,11.0,0.6503737768147726,0.0358704114912781,0.86,ok,,0,missing_10
598_fri_c0_1000_25,regression,1000,25,False,A11 A21 A31 A41 A53 A62,,IB1,k-Nearest Neighbors,True,,13.0,0.3195065948425839,0.0574399336121705,0.2,ok,,0,missing_10
598_fri_c0_1000_25,regression,1000,25,False,A11 A21 A31 A41 A53 A62,,NN2,MLP (Feedforward),True,,9.0,0.5507065481081602,0.0138887966030004,6.66,ok,,0,missing_10
598_fri_c0_1000_25,regression,1000,25,False,A11 A21 A31 A41 A53 A62,,EN3,XGBoost,True,,5.0,0.7304171255149277,0.0228756315793277,3.2,ok,,0,missing_10
598_fri_c0_1000_25,regression,1000,25,False,A11 A21 A31 A41 A53 A62,,EN4,LightGBM,True,,3.0,0.7696489085856337,0.0138750247911914,107.98,ok,,0,missing_10
598_fri_c0_1000_25,regression,1000,25,False,A11 A21 A31 A41 A53 A62,,BASE-HGB,Histogram Gradient Boosting (baseline),False,,,0.7696421350695063,0.0115182548537521,5.72,ok,,0,missing_10
620_fri_c1_1000_25,regression,1000,25,False,A11 A21 A31 A41 A53 A62,,LM1,Linear Regression,True,,16.0,0.1909751373026124,0.063660009183393,0.32,ok,,0,missing_10
620_fri_c1_1000_25,regression,1000,25,False,A11 A21 A31 A41 A53 A62,,LM3,Ridge Regression,True,,14.0,0.1910871949217742,0.0635138727776675,0.38,ok,,0,missing_10
620_fri_c1_1000_25,regression,1000,25,False,A11 A21 A31 A41 A53 A62,,LM4,Lasso Regression,True,,18.0,-0.010764144445443,0.0105702347921357,0.48,ok,,0,missing_10
620_fri_c1_1000_25,regression,1000,25,False,A11 A21 A31 A41 A53 A62,,LM5,Elastic Net,True,,19.0,-0.010764144445443,0.0105702347921357,0.38,ok,,0,missing_10
620_fri_c1_1000_25,regression,1000,25,False,A11 A21 A31 A41 A53 A62,,LM6,Polynomial Regression,True,,15.0,-0.3231958261371682,0.0746995630430496,0.98,ok,,0,missing_10
620_fri_c1_1000_25,regression,1000,25,False,A11 A21 A31 A41 A53 A62,,LM7,Bayesian Linear Regression,True,,12.0,0.1954763823824777,0.0546073190506686,0.73,ok,,0,missing_10
620_fri_c1_1000_25,regression,1000,25,False,A11 A21 A31 A41 A53 A62,,TR1,Decision Tree,True,,10.0,0.4663490942025616,0.0899317275027999,0.93,ok,,0,missing_10
620_fri_c1_1000_25,regression,1000,25,False,A11 A21 A31 A41 A53 A62,,TR2,Random Forest,True,,4.0,0.7587566653639239,0.0262148430858894,18.91,ok,,0,missing_10
620_fri_c1_1000_25,regression,1000,25,False,A11 A21 A31 A41 A53 A62,,TR3,Extra Trees,True,,2.0,0.7927100951570192,0.016932853156983,18.6,ok,,0,missing_10
620_fri_c1_1000_25,regression,1000,25,False,A11 A21 A31 A41 A53 A62,,EN1,AdaBoost,True,,7.0,0.6607774772484725,0.0394095375115567,6.21,ok,,0,missing_10
620_fri_c1_1000_25,regression,1000,25,False,A11 A21 A31 A41 A53 A62,,EN2,Gradient Boosting (GBM),True,,1.0,0.8084242885633021,0.0179118199644049,12.49,ok,,0,missing_10
620_fri_c1_1000_25,regression,1000,25,False,A11 A21 A31 A41 A53 A62,,EN6,Stacking,True,,6.0,0.6404329863703426,0.0231341316890799,2.05,ok,,0,missing_10
620_fri_c1_1000_25,regression,1000,25,False,A11 A21 A31 A41 A53 A62,,EN7,Voting Ensemble,True,,8.0,0.4830583434683458,0.0310700721404895,0.73,ok,,0,missing_10
620_fri_c1_1000_25,regression,1000,25,False,A11 A21 A31 A41 A53 A62,,SV1,SVM (linear),True,,17.0,0.143951230030431,0.0755640520657183,0.62,ok,,0,missing_10
620_fri_c1_1000_25,regression,1000,25,False,A11 A21 A31 A41 A53 A62,,SV2,Kernel SVM (RBF/Poly),True,,11.0,0.1663710589817124,0.060527336212342,1.38,ok,,0,missing_10
620_fri_c1_1000_25,regression,1000,25,False,A11 A21 A31 A41 A53 A62,,IB1,k-Nearest Neighbors,True,,13.0,0.0577454175831451,0.0772717832887782,0.44,ok,,0,missing_10
620_fri_c1_1000_25,regression,1000,25,False,A11 A21 A31 A41 A53 A62,,NN2,MLP (Feedforward),True,,9.0,-0.3487419836593875,0.1240397767501278,31.05,ok,,0,missing_10
620_fri_c1_1000_25,regression,1000,25,False,A11 A21 A31 A41 A53 A62,,EN3,XGBoost,True,,5.0,0.7839725216607347,0.0441134712972487,14.69,ok,,0,missing_10
620_fri_c1_1000_25,regression,1000,25,False,A11 A21 A31 A41 A53 A62,,BASE-HGB,Histogram Gradient Boosting (baseline),False,,,0.8107900000657328,0.0269822599093446,7.9,ok,,0,missing_10
606_fri_c2_1000_10,regression,1000,10,False,A11 A21 A31 A41 A53 A62,,LM1,Linear Regression,True,,16.0,0.2743169648284017,0.0240971946591511,0.52,ok,,0,missing_10
606_fri_c2_1000_10,regression,1000,10,False,A11 A21 A31 A41 A53 A62,,LM3,Ridge Regression,True,,14.0,0.2743628673524945,0.0239850419350228,0.55,ok,,0,missing_10
606_fri_c2_1000_10,regression,1000,10,False,A11 A21 A31 A41 A53 A62,,LM4,Lasso Regression,True,,18.0,-0.0092703972153709,0.0105159394945578,0.36,ok,,0,missing_10
606_fri_c2_1000_10,regression,1000,10,False,A11 A21 A31 A41 A53 A62,,LM5,Elastic Net,True,,19.0,-0.0092703972153709,0.0105159394945578,0.45,ok,,0,missing_10
606_fri_c2_1000_10,regression,1000,10,False,A11 A21 A31 A41 A53 A62,,LM6,Polynomial Regression,True,,15.0,0.2528587824013145,0.0521753937139708,0.64,ok,,0,missing_10
606_fri_c2_1000_10,regression,1000,10,False,A11 A21 A31 A41 A53 A62,,LM7,Bayesian Linear Regression,True,,12.0,0.2747357914768644,0.0217031901039289,0.59,ok,,0,missing_10
606_fri_c2_1000_10,regression,1000,10,False,A11 A21 A31 A41 A53 A62,,TR1,Decision Tree,True,,10.0,0.661352585715965,0.0533709558821648,0.74,ok,,0,missing_10
606_fri_c2_1000_10,regression,1000,10,False,A11 A21 A31 A41 A53 A62,,TR2,Random Forest,True,,4.0,0.830603830913877,0.0100933679868306,12.08,ok,,0,missing_10
606_fri_c2_1000_10,regression,1000,10,False,A11 A21 A31 A41 A53 A62,,TR3,Extra Trees,True,,2.0,0.8533141636255752,0.0116570361659147,5.29,ok,,0,missing_10
606_fri_c2_1000_10,regression,1000,10,False,A11 A21 A31 A41 A53 A62,,EN1,AdaBoost,True,,7.0,0.7310845818545899,0.0220147229590786,2.88,ok,,0,missing_10
606_fri_c2_1000_10,regression,1000,10,False,A11 A21 A31 A41 A53 A62,,EN2,Gradient Boosting (GBM),True,,1.0,0.8455180374441282,0.0118965335963476,6.54,ok,,0,missing_10
606_fri_c2_1000_10,regression,1000,10,False,A11 A21 A31 A41 A53 A62,,EN6,Stacking,True,,6.0,0.7376297078591231,0.0287978859820733,2.26,ok,,0,missing_10
606_fri_c2_1000_10,regression,1000,10,False,A11 A21 A31 A41 A53 A62,,EN7,Voting Ensemble,True,,8.0,0.6431647900607884,0.0144977504253227,0.36,ok,,0,missing_10
606_fri_c2_1000_10,regression,1000,10,False,A11 A21 A31 A41 A53 A62,,SV1,SVM (linear),True,,17.0,0.2556526671787352,0.0533992876607761,0.61,ok,,0,missing_10
606_fri_c2_1000_10,regression,1000,10,False,A11 A21 A31 A41 A53 A62,,SV2,Kernel SVM (RBF/Poly),True,,11.0,0.5746085161990825,0.0278821423006265,1.22,ok,,0,missing_10
606_fri_c2_1000_10,regression,1000,10,False,A11 A21 A31 A41 A53 A62,,IB1,k-Nearest Neighbors,True,,13.0,0.5062132552721261,0.0386126926506067,0.37,ok,,0,missing_10
606_fri_c2_1000_10,regression,1000,10,False,A11 A21 A31 A41 A53 A62,,NN2,MLP (Feedforward),True,,9.0,0.7585070816057621,0.0247438878268607,30.13,ok,,0,missing_10
606_fri_c2_1000_10,regression,1000,10,False,A11 A21 A31 A41 A53 A62,,EN3,XGBoost,True,,5.0,0.8353939053193853,0.0137958249037076,6.31,ok,,0,missing_10
606_fri_c2_1000_10,regression,1000,10,False,A11 A21 A31 A41 A53 A62,,EN4,LightGBM,True,,3.0,0.8480361235101697,0.0088878579706609,31.03,ok,,0,missing_10
606_fri_c2_1000_10,regression,1000,10,False,A11 A21 A31 A41 A53 A62,,BASE-HGB,Histogram Gradient Boosting (baseline),False,,,0.8490694228453833,0.0127842234091877,3.87,ok,,0,missing_10
595_fri_c0_1000_10,regression,1000,10,False,A11 A21 A31 A41 A53 A62,,LM1,Linear Regression,True,,16.0,0.6142244090031234,0.0335010497426214,0.09,ok,,0,missing_10
595_fri_c0_1000_10,regression,1000,10,False,A11 A21 A31 A41 A53 A62,,LM3,Ridge Regression,True,,14.0,0.6142633238302313,0.0333882891099287,0.11,ok,,0,missing_10
595_fri_c0_1000_10,regression,1000,10,False,A11 A21 A31 A41 A53 A62,,LM4,Lasso Regression,True,,18.0,-0.0045234977311575,0.0034461332355352,0.16,ok,,0,missing_10
595_fri_c0_1000_10,regression,1000,10,False,A11 A21 A31 A41 A53 A62,,LM5,Elastic Net,True,,19.0,0.0231481723215488,0.0068055798917373,0.27,ok,,0,missing_10
595_fri_c0_1000_10,regression,1000,10,False,A11 A21 A31 A41 A53 A62,,LM6,Polynomial Regression,True,,15.0,0.7456448297466294,0.0402907132532771,0.12,ok,,0,missing_10
595_fri_c0_1000_10,regression,1000,10,False,A11 A21 A31 A41 A53 A62,,LM7,Bayesian Linear Regression,True,,12.0,0.6143901067070425,0.0328776589972485,0.14,ok,,0,missing_10
595_fri_c0_1000_10,regression,1000,10,False,A11 A21 A31 A41 A53 A62,,TR1,Decision Tree,True,,10.0,0.34966209190483,0.0342457128408401,0.14,ok,,0,missing_10
595_fri_c0_1000_10,regression,1000,10,False,A11 A21 A31 A41 A53 A62,,TR2,Random Forest,True,,4.0,0.7156420153743709,0.026638229835518,7.47,ok,,0,missing_10
595_fri_c0_1000_10,regression,1000,10,False,A11 A21 A31 A41 A53 A62,,TR3,Extra Trees,True,,2.0,0.7218205376958964,0.0183853259764627,5.82,ok,,0,missing_10
595_fri_c0_1000_10,regression,1000,10,False,A11 A21 A31 A41 A53 A62,,EN1,AdaBoost,True,,7.0,0.6255726674443858,0.029553983693165,2.76,ok,,0,missing_10
595_fri_c0_1000_10,regression,1000,10,False,A11 A21 A31 A41 A53 A62,,EN2,Gradient Boosting (GBM),True,,1.0,0.7607783561856747,0.031669183173557,4.61,ok,,0,missing_10
595_fri_c0_1000_10,regression,1000,10,False,A11 A21 A31 A41 A53 A62,,EN6,Stacking,True,,6.0,0.6687697920309695,0.0383892727314912,1.26,ok,,0,missing_10
595_fri_c0_1000_10,regression,1000,10,False,A11 A21 A31 A41 A53 A62,,EN7,Voting Ensemble,True,,8.0,0.6544695007378666,0.0248807146066125,0.29,ok,,0,missing_10
595_fri_c0_1000_10,regression,1000,10,False,A11 A21 A31 A41 A53 A62,,SV1,SVM (linear),True,,17.0,0.6050386600756674,0.0361893646681597,0.3,ok,,0,missing_10
595_fri_c0_1000_10,regression,1000,10,False,A11 A21 A31 A41 A53 A62,,SV2,Kernel SVM (RBF/Poly),True,,11.0,0.7469593310258388,0.0354812008073504,0.78,ok,,0,missing_10
595_fri_c0_1000_10,regression,1000,10,False,A11 A21 A31 A41 A53 A62,,IB1,k-Nearest Neighbors,True,,13.0,0.549949635947083,0.0227707888425465,0.29,ok,,0,missing_10
595_fri_c0_1000_10,regression,1000,10,False,A11 A21 A31 A41 A53 A62,,NN2,MLP (Feedforward),True,,9.0,0.6999358934764484,0.0551637414181078,32.38,ok,,0,missing_10
595_fri_c0_1000_10,regression,1000,10,False,A11 A21 A31 A41 A53 A62,,EN3,XGBoost,True,,5.0,0.7112178335876859,0.0412344668705788,7.78,ok,,0,missing_10
595_fri_c0_1000_10,regression,1000,10,False,A11 A21 A31 A41 A53 A62,,EN4,LightGBM,True,,3.0,0.7473564999312216,0.0320234870040039,62.98,ok,,0,missing_10
595_fri_c0_1000_10,regression,1000,10,False,A11 A21 A31 A41 A53 A62,,BASE-HGB,Histogram Gradient Boosting (baseline),False,,,0.7466359492434825,0.0333507821517195,3.59,ok,,0,missing_10
225_puma8NH,regression,5000,8,True,A11 A21 A31 A41 A53 A62,,LM1,Linear Regression,True,,16.0,0.3342253888918783,0.0197164978336506,0.19,ok,,0,missing_10
225_puma8NH,regression,5000,8,True,A11 A21 A31 A41 A53 A62,,LM3,Ridge Regression,True,,14.0,0.3342263234057702,0.0197081045286715,0.11,ok,,0,missing_10
225_puma8NH,regression,5000,8,True,A11 A21 A31 A41 A53 A62,,LM4,Lasso Regression,True,,18.0,0.2724123793334438,0.0102733703933719,0.13,ok,,0,missing_10
225_puma8NH,regression,5000,8,True,A11 A21 A31 A41 A53 A62,,LM5,Elastic Net,True,,19.0,0.2601855719141309,0.0084331295335596,0.08,ok,,0,missing_10
225_puma8NH,regression,5000,8,True,A11 A21 A31 A41 A53 A62,,LM6,Polynomial Regression,True,,15.0,0.3725029373306382,0.0227112492557472,0.11,ok,,0,missing_10
225_puma8NH,regression,5000,8,True,A11 A21 A31 A41 A53 A62,,LM7,Bayesian Linear Regression,True,,12.0,0.334231647782429,0.0195867105927798,0.13,ok,,0,missing_10
225_puma8NH,regression,5000,8,True,A11 A21 A31 A41 A53 A62,,TR1,Decision Tree,True,,10.0,0.1316588883912682,0.041564389423035,0.37,ok,,0,missing_10
225_puma8NH,regression,5000,8,True,A11 A21 A31 A41 A53 A62,,TR2,Random Forest,True,,4.0,0.5454762477666152,0.0260650117831156,24.06,ok,,0,missing_10
225_puma8NH,regression,5000,8,True,A11 A21 A31 A41 A53 A62,,TR3,Extra Trees,True,,2.0,0.5464077756637249,0.0240274556286528,11.31,ok,,0,missing_10
225_puma8NH,regression,5000,8,True,A11 A21 A31 A41 A53 A62,,EN1,AdaBoost,True,,7.0,0.4359020447015012,0.0276895776848606,1.5,ok,,0,missing_10
225_puma8NH,regression,5000,8,True,A11 A21 A31 A41 A53 A62,,EN2,Gradient Boosting (GBM),True,,1.0,0.5495770590264681,0.022516715585989,4.92,ok,,0,missing_10
225_puma8NH,regression,5000,8,True,A11 A21 A31 A41 A53 A62,,EN6,Stacking,True,,6.0,0.5207099164908141,0.0196359956071574,1.4,ok,,0,missing_10
225_puma8NH,regression,5000,8,True,A11 A21 A31 A41 A53 A62,,EN7,Voting Ensemble,True,,8.0,0.4859747589539475,0.0168885479736086,0.54,ok,,0,missing_10
225_puma8NH,regression,5000,8,True,A11 A21 A31 A41 A53 A62,,SV1,SVM (linear),True,,17.0,0.3126460949303242,0.0281534123323794,0.12,ok,,0,missing_10
225_puma8NH,regression,5000,8,True,A11 A21 A31 A41 A53 A62,,SV2,Kernel SVM (RBF/Poly),True,,11.0,0.4964210990241897,0.0244995721365939,5.09,ok,,0,missing_10
225_puma8NH,regression,5000,8,True,A11 A21 A31 A41 A53 A62,,IB1,k-Nearest Neighbors,True,,13.0,0.3825295001594237,0.0141117134741819,0.27,ok,,0,missing_10
225_puma8NH,regression,5000,8,True,A11 A21 A31 A41 A53 A62,,NN2,MLP (Feedforward),True,,9.0,0.5299528439590129,0.0245747437720633,62.98,ok,,0,missing_10
225_puma8NH,regression,5000,8,True,A11 A21 A31 A41 A53 A62,,EN3,XGBoost,True,,5.0,0.498861046744136,0.0344427024454234,4.18,ok,,0,missing_10
225_puma8NH,regression,5000,8,True,A11 A21 A31 A41 A53 A62,,EN4,LightGBM,True,,3.0,0.5561851461921401,0.0256696059271958,13.31,ok,,0,missing_10
225_puma8NH,regression,5000,8,True,A11 A21 A31 A41 A53 A62,,BASE-HGB,Histogram Gradient Boosting (baseline),False,,,0.5514508495052104,0.0234499451589999,1.25,ok,,0,missing_10
1199_BNG_echoMonths,regression,5000,9,True,A11 A21 A38 A41 A53 A62,,LM1,Linear Regression,True,,16.0,0.3881439593950991,0.0333020405761429,0.2,ok,,0,missing_10
1199_BNG_echoMonths,regression,5000,9,True,A11 A21 A38 A41 A53 A62,,LM3,Ridge Regression,True,,14.0,0.388145330986929,0.0332826013977257,0.29,ok,,0,missing_10
1199_BNG_echoMonths,regression,5000,9,True,A11 A21 A38 A41 A53 A62,,LM4,Lasso Regression,True,,18.0,0.3474372346662299,0.0224955886206401,0.25,ok,,0,missing_10
1199_BNG_echoMonths,regression,5000,9,True,A11 A21 A38 A41 A53 A62,,LM5,Elastic Net,True,,19.0,0.2797543158080704,0.0127453314549396,0.27,ok,,0,missing_10
1199_BNG_echoMonths,regression,5000,9,True,A11 A21 A38 A41 A53 A62,,LM6,Polynomial Regression,True,,15.0,0.3932474730874202,0.0353550145855319,0.4,ok,,0,missing_10
1199_BNG_echoMonths,regression,5000,9,True,A11 A21 A38 A41 A53 A62,,LM7,Bayesian Linear Regression,True,,12.0,0.3881439226799063,0.0331396968938619,0.25,ok,,0,missing_10
1199_BNG_echoMonths,regression,5000,9,True,A11 A21 A38 A41 A53 A62,,TR1,Decision Tree,True,,10.0,-0.1770500052857696,0.0525022575189626,0.48,ok,,0,missing_10
1199_BNG_echoMonths,regression,5000,9,True,A11 A21 A38 A41 A53 A62,,TR2,Random Forest,True,,4.0,0.3948435445767955,0.029787553811638,23.85,ok,,0,missing_10
1199_BNG_echoMonths,regression,5000,9,True,A11 A21 A38 A41 A53 A62,,TR3,Extra Trees,True,,2.0,0.3883525581450053,0.0266772739484282,11.78,ok,,0,missing_10
1199_BNG_echoMonths,regression,5000,9,True,A11 A21 A38 A41 A53 A62,,EN1,AdaBoost,True,,7.0,0.352987843303796,0.0269910877643836,0.9,ok,,0,missing_10
1199_BNG_echoMonths,regression,5000,9,True,A11 A21 A38 A41 A53 A62,,EN2,Gradient Boosting (GBM),True,,1.0,0.3980663931968285,0.0286635359549649,4.51,ok,,0,missing_10
1199_BNG_echoMonths,regression,5000,9,True,A11 A21 A38 A41 A53 A62,,EN6,Stacking,True,,6.0,0.3955807551615491,0.033028749215673,1.89,ok,,0,missing_10
1199_BNG_echoMonths,regression,5000,9,True,A11 A21 A38 A41 A53 A62,,EN7,Voting Ensemble,True,,8.0,0.3901147355009697,0.029725574614545,0.64,ok,,0,missing_10
1199_BNG_echoMonths,regression,5000,9,True,A11 A21 A38 A41 A53 A62,,SV1,SVM (linear),True,,17.0,0.3665071436902504,0.0387940495712562,0.19,ok,,0,missing_10
1199_BNG_echoMonths,regression,5000,9,True,A11 A21 A38 A41 A53 A62,,SV2,Kernel SVM (RBF/Poly),True,,11.0,0.3710438108740552,0.0264046367705117,4.57,ok,,0,missing_10
1199_BNG_echoMonths,regression,5000,9,True,A11 A21 A38 A41 A53 A62,,IB1,k-Nearest Neighbors,True,,13.0,0.2976820256269923,0.0231555566003679,0.46,ok,,0,missing_10
1199_BNG_echoMonths,regression,5000,9,True,A11 A21 A38 A41 A53 A62,,NN2,MLP (Feedforward),True,,9.0,0.3935389925306117,0.0280657520632745,73.1,ok,,0,missing_10
1199_BNG_echoMonths,regression,5000,9,True,A11 A21 A38 A41 A53 A62,,EN3,XGBoost,True,,5.0,0.3138205388549174,0.037867108456894,3.62,ok,,0,missing_10
1199_BNG_echoMonths,regression,5000,9,True,A11 A21 A38 A41 A53 A62,,EN4,LightGBM,True,,3.0,0.3899493665592001,0.0356079726256926,26.28,ok,,0,missing_10
1199_BNG_echoMonths,regression,5000,9,True,A11 A21 A38 A41 A53 A62,,BASE-HGB,Histogram Gradient Boosting (baseline),False,,,0.3865533592048466,0.0306315963793954,1.36,ok,,0,missing_10
mfeat_zernike,classification,2000,47,False,A11 A21 A31 A41 A51 A62,A54,EN4,LightGBM,True,,1.0,0.765,0.0115108644332213,12.22,ok,,0,missing_10
spambase,classification,4601,57,False,A11 A21 A31 A43 A51 A62,A54,EN4,LightGBM,True,,1.0,0.9448981205640616,0.0073308060672073,1.34,ok,,0,missing_10
satimage,classification,5000,36,True,A11 A21 A31 A41 A51 A62,A53,EN4,LightGBM,True,,1.0,0.8792533166876229,0.0119102681714861,4.78,ok,,0,missing_10
letter,classification,5000,16,True,A11 A21 A31 A41 A53 A62,,EN2,Gradient Boosting (GBM),True,,7.0,0.7841196443043151,0.0193563341154176,75.53,ok,,0,missing_10
letter,classification,5000,16,True,A11 A21 A31 A41 A53 A62,,NN2,MLP (Feedforward),True,,2.0,0.7513657616447661,0.0033473782565986,58.02,ok,,0,missing_10
letter,classification,5000,16,True,A11 A21 A31 A41 A53 A62,,EN4,LightGBM,True,,1.0,0.8340678937017086,0.0079797908255327,13.65,ok,,0,missing_10
620_fri_c1_1000_25,regression,1000,25,False,A11 A21 A31 A41 A53 A62,,EN4,LightGBM,True,,3.0,0.8090982572401634,0.0260712479877834,0.96,ok,,0,missing_10
heart_disease_va_long_beach,classification,200,13,False,A11 A21 A38 A43 A51 A62,A54,LM2,Logistic Regression,True,,10.0,0.570146290491118,0.037106442991321,0.14,ok,,0,missing_30
heart_disease_va_long_beach,classification,200,13,False,A11 A21 A38 A43 A51 A62,A54,TR1,Decision Tree,True,,13.0,0.5809717868338559,0.036376476552138,0.1,ok,,0,missing_30
heart_disease_va_long_beach,classification,200,13,False,A11 A21 A38 A43 A51 A62,A54,TR2,Random Forest,True,,5.0,0.586698014629049,0.0339596913378173,2.1,ok,,0,missing_30
heart_disease_va_long_beach,classification,200,13,False,A11 A21 A38 A43 A51 A62,A54,TR3,Extra Trees,True,,3.0,0.5654440961337512,0.0400285725636643,1.84,ok,,0,missing_30
heart_disease_va_long_beach,classification,200,13,False,A11 A21 A38 A43 A51 A62,A54,EN1,AdaBoost,True,,15.0,0.5225705329153605,0.0561144093388195,0.65,ok,,0,missing_30
heart_disease_va_long_beach,classification,200,13,False,A11 A21 A38 A43 A51 A62,A54,EN2,Gradient Boosting (GBM),True,,7.0,0.5143887147335423,0.0428218801294763,0.82,ok,,0,missing_30
heart_disease_va_long_beach,classification,200,13,False,A11 A21 A38 A43 A51 A62,A54,EN6,Stacking,True,,6.0,0.509090909090909,0.0181818181818181,3.98,ok,,0,missing_30
heart_disease_va_long_beach,classification,200,13,False,A11 A21 A38 A43 A51 A62,A54,EN7,Voting Ensemble,True,,8.0,0.5966980146290493,0.0717818478204077,0.28,ok,,0,missing_30
heart_disease_va_long_beach,classification,200,13,False,A11 A21 A38 A43 A51 A62,A54,SV1,SVM (linear),True,,11.0,0.6157889237199582,0.0398484050433785,0.11,ok,,0,missing_30
heart_disease_va_long_beach,classification,200,13,False,A11 A21 A38 A43 A51 A62,A54,SV2,Kernel SVM (RBF/Poly),True,,9.0,0.5057575757575757,0.0208717277063303,0.11,ok,,0,missing_30
heart_disease_va_long_beach,classification,200,13,False,A11 A21 A38 A43 A51 A62,A54,PR1,Naive Bayes,True,,14.0,0.5939916405433646,0.0692035015475338,0.1,ok,,0,missing_30
heart_disease_va_long_beach,classification,200,13,False,A11 A21 A38 A43 A51 A62,A54,IB1,k-Nearest Neighbors,True,,16.0,0.5619644723092998,0.0686687831168334,0.1,ok,,0,missing_30
heart_disease_va_long_beach,classification,200,13,False,A11 A21 A38 A43 A51 A62,A54,DR4,LDA (Linear Discriminant Analysis),True,,12.0,0.6423406478578892,0.0443566049118997,0.12,ok,,0,missing_30
heart_disease_va_long_beach,classification,200,13,False,A11 A21 A38 A43 A51 A62,A54,NN1,Perceptron,True,,17.0,0.553730407523511,0.0765841877414602,0.11,ok,,0,missing_30
heart_disease_va_long_beach,classification,200,13,False,A11 A21 A38 A43 A51 A62,A54,NN2,MLP (Feedforward),True,,2.0,0.598662486938349,0.049068452817155,2.47,ok,,0,missing_30
heart_disease_va_long_beach,classification,200,13,False,A11 A21 A38 A43 A51 A62,A54,EN3,XGBoost,True,,4.0,0.5766980146290491,0.0342944575293106,0.28,ok,,0,missing_30
heart_disease_va_long_beach,classification,200,13,False,A11 A21 A38 A43 A51 A62,A54,EN4,LightGBM,True,,1.0,0.5373772204806688,0.0734263638063261,7.36,ok,,0,missing_30
heart_disease_va_long_beach,classification,200,13,False,A11 A21 A38 A43 A51 A62,A54,BASE-HGB,Histogram Gradient Boosting (baseline),False,,,0.5633646812957158,0.0644571449931736,0.42,ok,,0,missing_30
biomed,classification,209,8,False,A11 A21 A38 A41 A51 A62,A54,LM2,Logistic Regression,True,,10.0,0.8274074074074074,0.0695507827810696,0.1,ok,,0,missing_30
biomed,classification,209,8,False,A11 A21 A38 A41 A51 A62,A54,TR1,Decision Tree,True,,13.0,0.8256410256410256,0.0304707480991204,0.09,ok,,0,missing_30
biomed,classification,209,8,False,A11 A21 A38 A41 A51 A62,A54,TR2,Random Forest,True,,5.0,0.8525925925925926,0.0613251023283531,2.12,ok,,0,missing_30
biomed,classification,209,8,False,A11 A21 A38 A41 A51 A62,A54,TR3,Extra Trees,True,,3.0,0.8377777777777778,0.0562377863588216,1.59,ok,,0,missing_30
biomed,classification,209,8,False,A11 A21 A38 A41 A51 A62,A54,EN1,AdaBoost,True,,15.0,0.8333333333333334,0.0757224011120773,0.54,ok,,0,missing_30
biomed,classification,209,8,False,A11 A21 A38 A41 A51 A62,A54,EN2,Gradient Boosting (GBM),True,,7.0,0.8533333333333333,0.036559889420009,0.67,ok,,0,missing_30
biomed,classification,209,8,False,A11 A21 A38 A41 A51 A62,A54,EN6,Stacking,True,,6.0,0.837037037037037,0.0765153274584695,0.63,ok,,0,missing_30
biomed,classification,209,8,False,A11 A21 A38 A41 A51 A62,A54,EN7,Voting Ensemble,True,,8.0,0.8198575498575498,0.0553900376040409,0.2,ok,,0,missing_30
biomed,classification,209,8,False,A11 A21 A38 A41 A51 A62,A54,SV1,SVM (linear),True,,11.0,0.82,0.056101025862997,0.09,ok,,0,missing_30
biomed,classification,209,8,False,A11 A21 A38 A41 A51 A62,A54,SV2,Kernel SVM (RBF/Poly),True,,9.0,0.7918518518518519,0.0464604497201977,0.1,ok,,0,missing_30
biomed,classification,209,8,False,A11 A21 A38 A41 A51 A62,A54,PR1,Naive Bayes,True,,14.0,0.8125925925925925,0.0422027245429455,0.09,ok,,0,missing_30
biomed,classification,209,8,False,A11 A21 A38 A41 A51 A62,A54,IB1,k-Nearest Neighbors,True,,16.0,0.7567521367521367,0.0567286190244995,0.11,ok,,0,missing_30
biomed,classification,209,8,False,A11 A21 A38 A41 A51 A62,A54,DR4,LDA (Linear Discriminant Analysis),True,,12.0,0.7992592592592592,0.0498227310245932,0.1,ok,,0,missing_30
biomed,classification,209,8,False,A11 A21 A38 A41 A51 A62,A54,NN1,Perceptron,True,,17.0,0.7951282051282051,0.0722859117793866,0.09,ok,,0,missing_30
biomed,classification,209,8,False,A11 A21 A38 A41 A51 A62,A54,NN2,MLP (Feedforward),True,,2.0,0.8117094017094016,0.0490938993774165,2.3,ok,,0,missing_30
biomed,classification,209,8,False,A11 A21 A38 A41 A51 A62,A54,EN3,XGBoost,True,,4.0,0.8517094017094017,0.0362491251574825,0.19,ok,,0,missing_30
biomed,classification,209,8,False,A11 A21 A38 A41 A51 A62,A54,EN4,LightGBM,True,,1.0,0.842079772079772,0.0730787612993061,30.53,ok,,0,missing_30
biomed,classification,209,8,False,A11 A21 A38 A41 A51 A62,A54,BASE-HGB,Histogram Gradient Boosting (baseline),False,,,0.7985185185185185,0.0753446584589713,0.67,ok,,0,missing_30
breast_cancer,classification,286,9,False,A11 A21 A38 A41 A51 A62,A53,LM2,Logistic Regression,True,,10.0,0.5745946915351506,0.0392518527967732,0.33,ok,,0,missing_30
breast_cancer,classification,286,9,False,A11 A21 A38 A41 A51 A62,A53,TR1,Decision Tree,True,,13.0,0.5467503586800573,0.0490980744825252,0.25,ok,,0,missing_30
breast_cancer,classification,286,9,False,A11 A21 A38 A41 A51 A62,A53,TR2,Random Forest,True,,5.0,0.5802546628407461,0.0550451607841817,3.78,ok,,0,missing_30
breast_cancer,classification,286,9,False,A11 A21 A38 A41 A51 A62,A53,TR3,Extra Trees,True,,3.0,0.5761370157819226,0.0525084629860966,3.34,ok,,0,missing_30
breast_cancer,classification,286,9,False,A11 A21 A38 A41 A51 A62,A53,EN1,AdaBoost,True,,15.0,0.5988845050215208,0.0527341130164115,1.23,ok,,0,missing_30
breast_cancer,classification,286,9,False,A11 A21 A38 A41 A51 A62,A53,EN2,Gradient Boosting (GBM),True,,7.0,0.5495695839311334,0.0189660538391124,0.72,ok,,0,missing_30
breast_cancer,classification,286,9,False,A11 A21 A38 A41 A51 A62,A53,EN6,Stacking,True,,6.0,0.5717395982783358,0.0342074214388665,0.79,ok,,0,missing_30
breast_cancer,classification,286,9,False,A11 A21 A38 A41 A51 A62,A53,EN7,Voting Ensemble,True,,8.0,0.5653299856527978,0.0587795915356365,0.24,ok,,0,missing_30
breast_cancer,classification,286,9,False,A11 A21 A38 A41 A51 A62,A53,SV1,SVM (linear),True,,11.0,0.5612733142037303,0.0389350838643409,0.12,ok,,0,missing_30
breast_cancer,classification,286,9,False,A11 A21 A38 A41 A51 A62,A53,SV2,Kernel SVM (RBF/Poly),True,,9.0,0.5682962697274031,0.0353910984891263,0.13,ok,,0,missing_30
breast_cancer,classification,286,9,False,A11 A21 A38 A41 A51 A62,A53,PR1,Naive Bayes,True,,14.0,0.5728299856527977,0.0540277842860454,0.11,ok,,0,missing_30
breast_cancer,classification,286,9,False,A11 A21 A38 A41 A51 A62,A53,IB1,k-Nearest Neighbors,True,,16.0,0.571212338593974,0.062407597979419,0.11,ok,,0,missing_30
breast_cancer,classification,286,9,False,A11 A21 A38 A41 A51 A62,A53,DR4,LDA (Linear Discriminant Analysis),True,,12.0,0.5572166427546629,0.0325634769495059,0.12,ok,,0,missing_30
breast_cancer,classification,286,9,False,A11 A21 A38 A41 A51 A62,A53,NN1,Perceptron,True,,17.0,0.5501219512195121,0.0699092417546601,0.11,ok,,0,missing_30
breast_cancer,classification,286,9,False,A11 A21 A38 A41 A51 A62,A53,NN2,MLP (Feedforward),True,,2.0,0.5858321377331419,0.0538040685880145,3.87,ok,,0,missing_30
breast_cancer,classification,286,9,False,A11 A21 A38 A41 A51 A62,A53,EN3,XGBoost,True,,4.0,0.5802187948350073,0.0372982025317191,0.24,ok,,0,missing_30
breast_cancer,classification,286,9,False,A11 A21 A38 A41 A51 A62,A53,EN4,LightGBM,True,,1.0,0.6017144906743186,0.0597702295204103,3.06,ok,,0,missing_30
breast_cancer,classification,286,9,False,A11 A21 A38 A41 A51 A62,A53,BASE-HGB,Histogram Gradient Boosting (baseline),False,,,0.590832137733142,0.0877233147384668,0.63,ok,,0,missing_30
schizo,classification,340,14,False,A11 A21 A38 A41 A51 A62,A54,LM2,Logistic Regression,True,,10.0,0.3946153846153846,0.0378897189017194,0.13,ok,,0,missing_30
schizo,classification,340,14,False,A11 A21 A38 A41 A51 A62,A54,TR1,Decision Tree,True,,13.0,0.4176495726495727,0.0530006453979011,0.12,ok,,0,missing_30
schizo,classification,340,14,False,A11 A21 A38 A41 A51 A62,A54,TR2,Random Forest,True,,5.0,0.3600641025641026,0.0494573149926521,2.57,ok,,0,missing_30
schizo,classification,340,14,False,A11 A21 A38 A41 A51 A62,A54,TR3,Extra Trees,True,,3.0,0.3370299145299146,0.0250690841808014,2.11,ok,,0,missing_30
schizo,classification,340,14,False,A11 A21 A38 A41 A51 A62,A54,EN1,AdaBoost,True,,15.0,0.3864529914529914,0.0199679915901365,0.65,ok,,0,missing_30
schizo,classification,340,14,False,A11 A21 A38 A41 A51 A62,A54,EN2,Gradient Boosting (GBM),True,,7.0,0.4019871794871795,0.059936624917504,2.38,ok,,0,missing_30
schizo,classification,340,14,False,A11 A21 A38 A41 A51 A62,A54,EN6,Stacking,True,,6.0,0.3688461538461539,0.0136078737311131,0.65,ok,,0,missing_30
schizo,classification,340,14,False,A11 A21 A38 A41 A51 A62,A54,EN7,Voting Ensemble,True,,8.0,0.3778205128205128,0.0376683767083544,0.3,ok,,0,missing_30
schizo,classification,340,14,False,A11 A21 A38 A41 A51 A62,A54,SV1,SVM (linear),True,,11.0,0.3730982905982906,0.0472148928836584,0.16,ok,,0,missing_30
schizo,classification,340,14,False,A11 A21 A38 A41 A51 A62,A54,SV2,Kernel SVM (RBF/Poly),True,,9.0,0.3786752136752137,0.0296676011347334,0.23,ok,,0,missing_30
schizo,classification,340,14,False,A11 A21 A38 A41 A51 A62,A54,PR1,Naive Bayes,True,,14.0,0.4292735042735042,0.0536601386092537,0.11,ok,,0,missing_30
schizo,classification,340,14,False,A11 A21 A38 A41 A51 A62,A54,IB1,k-Nearest Neighbors,True,,16.0,0.350491452991453,0.0651771609753439,0.22,ok,,0,missing_30
schizo,classification,340,14,False,A11 A21 A38 A41 A51 A62,A54,DR4,LDA (Linear Discriminant Analysis),True,,12.0,0.4007051282051281,0.0468680690446584,0.18,ok,,0,missing_30
schizo,classification,340,14,False,A11 A21 A38 A41 A51 A62,A54,NN1,Perceptron,True,,17.0,0.3750641025641026,0.0358563052929937,0.21,ok,,0,missing_30
schizo,classification,340,14,False,A11 A21 A38 A41 A51 A62,A54,NN2,MLP (Feedforward),True,,2.0,0.3936111111111111,0.0546184274796712,7.51,ok,,0,missing_30
schizo,classification,340,14,False,A11 A21 A38 A41 A51 A62,A54,EN3,XGBoost,True,,4.0,0.3982264957264957,0.0495327812714327,1.51,ok,,0,missing_30
schizo,classification,340,14,False,A11 A21 A38 A41 A51 A62,A54,EN4,LightGBM,True,,1.0,0.4087606837606837,0.0670308715319295,43.07,ok,,0,missing_30
schizo,classification,340,14,False,A11 A21 A38 A41 A51 A62,A54,BASE-HGB,Histogram Gradient Boosting (baseline),False,,,0.4222435897435897,0.043230588421788,3.74,ok,,0,missing_30
movement_libras,classification,360,90,False,A11 A21 A31 A42 A51 A62,A54,LM2,Logistic Regression,True,,10.0,0.5426666666666666,0.059866518188383,1.01,ok,,0,missing_30
movement_libras,classification,360,90,False,A11 A21 A31 A42 A51 A62,A54,TR1,Decision Tree,True,,13.0,0.3873333333333333,0.0704083328401782,0.39,ok,,0,missing_30
movement_libras,classification,360,90,False,A11 A21 A31 A42 A51 A62,A54,TR2,Random Forest,True,,5.0,0.706,0.0379121792216345,7.69,ok,,0,missing_30
movement_libras,classification,360,90,False,A11 A21 A31 A42 A51 A62,A54,TR3,Extra Trees,True,,3.0,0.7406666666666667,0.0600518294660722,4.4,ok,,0,missing_30
movement_libras,classification,360,90,False,A11 A21 A31 A42 A51 A62,A54,EN1,AdaBoost,True,,15.0,0.2106666666666667,0.0344738225969277,3.12,ok,,0,missing_30
movement_libras,classification,360,90,False,A11 A21 A31 A42 A51 A62,A54,EN2,Gradient Boosting (GBM),True,,7.0,0.5573333333333333,0.0579041353349558,77.23,ok,,0,missing_30
movement_libras,classification,360,90,False,A11 A21 A31 A42 A51 A62,A54,EN6,Stacking,True,,6.0,0.614,0.073254503084945,1.79,ok,,0,missing_30
movement_libras,classification,360,90,False,A11 A21 A31 A42 A51 A62,A54,EN7,Voting Ensemble,True,,8.0,0.6033333333333333,0.0262466929133727,0.46,ok,,0,missing_30
movement_libras,classification,360,90,False,A11 A21 A31 A42 A51 A62,A54,SV1,SVM (linear),True,,11.0,0.3206666666666667,0.0233238075793812,0.83,ok,,0,missing_30
movement_libras,classification,360,90,False,A11 A21 A31 A42 A51 A62,A54,SV2,Kernel SVM (RBF/Poly),True,,9.0,0.6766666666666666,0.0248551358430763,0.2,ok,,0,missing_30
movement_libras,classification,360,90,False,A11 A21 A31 A42 A51 A62,A54,PR1,Naive Bayes,True,,14.0,0.616,0.0373214266727424,0.11,ok,,0,missing_30
movement_libras,classification,360,90,False,A11 A21 A31 A42 A51 A62,A54,IB1,k-Nearest Neighbors,True,,16.0,0.5693333333333334,0.0259401019444582,0.12,ok,,0,missing_30
movement_libras,classification,360,90,False,A11 A21 A31 A42 A51 A62,A54,DR4,LDA (Linear Discriminant Analysis),True,,12.0,0.4939999999999999,0.0483229873984536,0.13,ok,,0,missing_30
movement_libras,classification,360,90,False,A11 A21 A31 A42 A51 A62,A54,NN1,Perceptron,True,,17.0,0.4086666666666666,0.0554015643581779,0.21,ok,,0,missing_30
movement_libras,classification,360,90,False,A11 A21 A31 A42 A51 A62,A54,NN2,MLP (Feedforward),True,,2.0,0.6713333333333333,0.0333066559914581,3.43,ok,,0,missing_30
movement_libras,classification,360,90,False,A11 A21 A31 A42 A51 A62,A54,EN3,XGBoost,True,,4.0,0.5473333333333333,0.0550313042226371,4.17,ok,,0,missing_30
movement_libras,classification,360,90,False,A11 A21 A31 A42 A51 A62,A54,EN4,LightGBM,True,,1.0,0.6486666666666666,0.0434920171474669,27.05,ok,,0,missing_30
movement_libras,classification,360,90,False,A11 A21 A31 A42 A51 A62,A54,BASE-HGB,Histogram Gradient Boosting (baseline),False,,,0.6366666666666666,0.0504204544031707,17.13,ok,,0,missing_30
cars,classification,392,8,False,A11 A21 A38 A41 A51 A62,A53,LM2,Logistic Regression,True,,10.0,0.5910792778649923,0.0387658477574118,0.13,ok,,0,missing_30
cars,classification,392,8,False,A11 A21 A38 A41 A51 A62,A53,TR1,Decision Tree,True,,13.0,0.6363012384440956,0.0734851251165835,0.1,ok,,0,missing_30
cars,classification,392,8,False,A11 A21 A38 A41 A51 A62,A53,TR2,Random Forest,True,,5.0,0.710498866213152,0.0385032651940288,2.41,ok,,0,missing_30
cars,classification,392,8,False,A11 A21 A38 A41 A51 A62,A53,TR3,Extra Trees,True,,3.0,0.716218820861678,0.0312746327249029,1.98,ok,,0,missing_30
cars,classification,392,8,False,A11 A21 A38 A41 A51 A62,A53,EN1,AdaBoost,True,,15.0,0.6842072213500784,0.0289483165093108,0.56,ok,,0,missing_30
cars,classification,392,8,False,A11 A21 A38 A41 A51 A62,A53,EN2,Gradient Boosting (GBM),True,,7.0,0.8141976277690564,0.0270375241246065,1.99,ok,,0,missing_30
cars,classification,392,8,False,A11 A21 A38 A41 A51 A62,A53,EN6,Stacking,True,,6.0,0.6523818245246817,0.0441903030573307,0.78,ok,,0,missing_30
cars,classification,392,8,False,A11 A21 A38 A41 A51 A62,A53,EN7,Voting Ensemble,True,,8.0,0.6626744287458572,0.0347619969202288,0.26,ok,,0,missing_30
cars,classification,392,8,False,A11 A21 A38 A41 A51 A62,A53,SV1,SVM (linear),True,,11.0,0.5865497994069422,0.0294278026266284,0.11,ok,,0,missing_30
cars,classification,392,8,False,A11 A21 A38 A41 A51 A62,A53,SV2,Kernel SVM (RBF/Poly),True,,9.0,0.5568567939996512,0.0344902226863571,0.13,ok,,0,missing_30
cars,classification,392,8,False,A11 A21 A38 A41 A51 A62,A53,PR1,Naive Bayes,True,,14.0,0.6020857317285889,0.0521218674292814,0.11,ok,,0,missing_30
cars,classification,392,8,False,A11 A21 A38 A41 A51 A62,A53,IB1,k-Nearest Neighbors,True,,16.0,0.5297182975754404,0.0577886529354415,0.12,ok,,0,missing_30
cars,classification,392,8,False,A11 A21 A38 A41 A51 A62,A53,DR4,LDA (Linear Discriminant Analysis),True,,12.0,0.5767155067155068,0.0428958813117508,0.11,ok,,0,missing_30
cars,classification,392,8,False,A11 A21 A38 A41 A51 A62,A53,NN1,Perceptron,True,,17.0,0.5802516134658992,0.0282931672782136,0.11,ok,,0,missing_30
cars,classification,392,8,False,A11 A21 A38 A41 A51 A62,A53,NN2,MLP (Feedforward),True,,2.0,0.5651539333682191,0.0457513781013012,4.41,ok,,0,missing_30
cars,classification,392,8,False,A11 A21 A38 A41 A51 A62,A53,EN3,XGBoost,True,,4.0,0.810828972614687,0.0446873066156265,0.42,ok,,0,missing_30
cars,classification,392,8,False,A11 A21 A38 A41 A51 A62,A53,EN4,LightGBM,True,,1.0,0.8027180359323216,0.0231235505587599,1.56,ok,,0,missing_30
cars,classification,392,8,False,A11 A21 A38 A41 A51 A62,A53,BASE-HGB,Histogram Gradient Boosting (baseline),False,,,0.7278819989534275,0.0407085393662734,1.35,ok,,0,missing_30
collins,classification,485,23,False,A11 A21 A38 A41 A51 A62,A54,LM2,Logistic Regression,True,,10.0,0.4830128205128204,0.0493929375805887,0.26,ok,,0,missing_30
collins,classification,485,23,False,A11 A21 A38 A41 A51 A62,A54,TR1,Decision Tree,True,,13.0,0.8738583638583639,0.0340423119201116,0.15,ok,,0,missing_30
collins,classification,485,23,False,A11 A21 A38 A41 A51 A62,A54,TR2,Random Forest,True,,5.0,0.8616514041514041,0.0312816852059191,2.73,ok,,0,missing_30
collins,classification,485,23,False,A11 A21 A38 A41 A51 A62,A54,TR3,Extra Trees,True,,3.0,0.8570848595848595,0.0493424946985782,2.32,ok,,0,missing_30
collins,classification,485,23,False,A11 A21 A38 A41 A51 A62,A54,EN1,AdaBoost,True,,15.0,0.3883211233211233,0.0867217172322127,0.78,ok,,0,missing_30
collins,classification,485,23,False,A11 A21 A38 A41 A51 A62,A54,EN2,Gradient Boosting (GBM),True,,7.0,0.8918009768009769,0.0320631386872386,16.47,ok,,0,missing_30
collins,classification,485,23,False,A11 A21 A38 A41 A51 A62,A54,EN6,Stacking,True,,6.0,0.7510897435897437,0.0223933017859295,1.24,ok,,0,missing_30
collins,classification,485,23,False,A11 A21 A38 A41 A51 A62,A54,EN7,Voting Ensemble,True,,8.0,0.7323809523809525,0.0300927040444418,0.31,ok,,0,missing_30
collins,classification,485,23,False,A11 A21 A38 A41 A51 A62,A54,SV1,SVM (linear),True,,11.0,0.4416941391941391,0.048775479486604,0.17,ok,,0,missing_30
collins,classification,485,23,False,A11 A21 A38 A41 A51 A62,A54,SV2,Kernel SVM (RBF/Poly),True,,9.0,0.4677838827838827,0.0431914128404456,0.21,ok,,0,missing_30
collins,classification,485,23,False,A11 A21 A38 A41 A51 A62,A54,PR1,Naive Bayes,True,,14.0,0.6048901098901099,0.0375528319627204,0.11,ok,,0,missing_30
collins,classification,485,23,False,A11 A21 A38 A41 A51 A62,A54,IB1,k-Nearest Neighbors,True,,16.0,0.4335775335775335,0.025532627068148,0.13,ok,,0,missing_30
collins,classification,485,23,False,A11 A21 A38 A41 A51 A62,A54,DR4,LDA (Linear Discriminant Analysis),True,,12.0,0.5267399267399268,0.0274605777158473,0.15,ok,,0,missing_30
collins,classification,485,23,False,A11 A21 A38 A41 A51 A62,A54,NN1,Perceptron,True,,17.0,0.3697466422466422,0.0353264127520466,0.15,ok,,0,missing_30
collins,classification,485,23,False,A11 A21 A38 A41 A51 A62,A54,NN2,MLP (Feedforward),True,,2.0,0.4928724053724053,0.0299136234942788,5.48,ok,,0,missing_30
collins,classification,485,23,False,A11 A21 A38 A41 A51 A62,A54,EN3,XGBoost,True,,4.0,0.9310347985347984,0.03545901460975,1.35,ok,,0,missing_30
collins,classification,485,23,False,A11 A21 A38 A41 A51 A62,A54,EN4,LightGBM,True,,1.0,0.914169719169719,0.0259145421107322,8.41,ok,,0,missing_30
collins,classification,485,23,False,A11 A21 A38 A41 A51 A62,A54,BASE-HGB,Histogram Gradient Boosting (baseline),False,,,0.8927808302808303,0.0256036033533278,6.59,ok,,0,missing_30
breast_cancer_wisconsin_diagnostic,classification,569,30,False,A11 A21 A31 A41 A51 A62,A54,LM2,Logistic Regression,True,,10.0,0.9498896479653112,0.024110600747167,0.1,ok,,0,missing_30
breast_cancer_wisconsin_diagnostic,classification,569,30,False,A11 A21 A31 A41 A51 A62,A54,TR1,Decision Tree,True,,13.0,0.8945421235422873,0.0196529842962733,0.12,ok,,0,missing_30
breast_cancer_wisconsin_diagnostic,classification,569,30,False,A11 A21 A31 A41 A51 A62,A54,TR2,Random Forest,True,,5.0,0.9408274582897904,0.0210665989544909,2.78,ok,,0,missing_30
breast_cancer_wisconsin_diagnostic,classification,569,30,False,A11 A21 A31 A41 A51 A62,A54,TR3,Extra Trees,True,,3.0,0.9468027155179136,0.0165401710794088,1.96,ok,,0,missing_30
breast_cancer_wisconsin_diagnostic,classification,569,30,False,A11 A21 A31 A41 A51 A62,A54,EN1,AdaBoost,True,,15.0,0.9321917941759084,0.0078407489067816,1.13,ok,,0,missing_30
breast_cancer_wisconsin_diagnostic,classification,569,30,False,A11 A21 A31 A41 A51 A62,A54,EN2,Gradient Boosting (GBM),True,,7.0,0.9407626638383272,0.0144496312617239,2.46,ok,,0,missing_30
breast_cancer_wisconsin_diagnostic,classification,569,30,False,A11 A21 A31 A41 A51 A62,A54,EN6,Stacking,True,,6.0,0.9615081314761956,0.0191367698637186,0.89,ok,,0,missing_30
breast_cancer_wisconsin_diagnostic,classification,569,30,False,A11 A21 A31 A41 A51 A62,A54,EN7,Voting Ensemble,True,,8.0,0.9501663079250696,0.0185844591885207,0.33,ok,,0,missing_30
breast_cancer_wisconsin_diagnostic,classification,569,30,False,A11 A21 A31 A41 A51 A62,A54,SV1,SVM (linear),True,,11.0,0.938521438709778,0.0268272737527058,0.12,ok,,0,missing_30
breast_cancer_wisconsin_diagnostic,classification,569,30,False,A11 A21 A31 A41 A51 A62,A54,SV2,Kernel SVM (RBF/Poly),True,,9.0,0.9521207347443836,0.0220318801948674,0.11,ok,,0,missing_30
breast_cancer_wisconsin_diagnostic,classification,569,30,False,A11 A21 A31 A41 A51 A62,A54,PR1,Naive Bayes,True,,14.0,0.916627932972512,0.0361490357816765,0.13,ok,,0,missing_30
breast_cancer_wisconsin_diagnostic,classification,569,30,False,A11 A21 A31 A41 A51 A62,A54,IB1,k-Nearest Neighbors,True,,16.0,0.9138117464476784,0.0173538438219482,0.14,ok,,0,missing_30
breast_cancer_wisconsin_diagnostic,classification,569,30,False,A11 A21 A31 A41 A51 A62,A54,DR4,LDA (Linear Discriminant Analysis),True,,12.0,0.9175457785472524,0.0243735585576417,0.1,ok,,0,missing_30
breast_cancer_wisconsin_diagnostic,classification,569,30,False,A11 A21 A31 A41 A51 A62,A54,NN1,Perceptron,True,,17.0,0.9321526705452352,0.0231253655724079,0.12,ok,,0,missing_30
breast_cancer_wisconsin_diagnostic,classification,569,30,False,A11 A21 A31 A41 A51 A62,A54,NN2,MLP (Feedforward),True,,2.0,0.958876904839892,0.02227255172663,3.96,ok,,0,missing_30
breast_cancer_wisconsin_diagnostic,classification,569,30,False,A11 A21 A31 A41 A51 A62,A54,EN3,XGBoost,True,,4.0,0.9402159728396215,0.0128749749216359,0.38,ok,,0,missing_30
breast_cancer_wisconsin_diagnostic,classification,569,30,False,A11 A21 A31 A41 A51 A62,A54,EN4,LightGBM,True,,1.0,0.9425483781240412,0.0157370791928897,5.4,ok,,0,missing_30
breast_cancer_wisconsin_diagnostic,classification,569,30,False,A11 A21 A31 A41 A51 A62,A54,BASE-HGB,Histogram Gradient Boosting (baseline),False,,,0.9382872168410982,0.0085864575054054,2.9,ok,,0,missing_30
credit_approval_australia,classification,690,15,False,A11 A21 A38 A41 A51 A62,A54,LM2,Logistic Regression,True,,10.0,0.8068469091097052,0.0392873280058432,0.2,ok,,0,missing_30
credit_approval_australia,classification,690,15,False,A11 A21 A38 A41 A51 A62,A54,TR1,Decision Tree,True,,13.0,0.7348349269645438,0.0548103862139009,0.16,ok,,0,missing_30
credit_approval_australia,classification,690,15,False,A11 A21 A38 A41 A51 A62,A54,TR2,Random Forest,True,,5.0,0.8051314949071637,0.03031343726579,5.22,ok,,0,missing_30
credit_approval_australia,classification,690,15,False,A11 A21 A38 A41 A51 A62,A54,TR3,Extra Trees,True,,3.0,0.7948289429404963,0.0129741986199471,4.78,ok,,0,missing_30
credit_approval_australia,classification,690,15,False,A11 A21 A38 A41 A51 A62,A54,EN1,AdaBoost,True,,15.0,0.7985720936638023,0.0352109586649425,1.67,ok,,0,missing_30
credit_approval_australia,classification,690,15,False,A11 A21 A38 A41 A51 A62,A54,EN2,Gradient Boosting (GBM),True,,7.0,0.8156732632504294,0.0370165795651575,2.92,ok,,0,missing_30
credit_approval_australia,classification,690,15,False,A11 A21 A38 A41 A51 A62,A54,EN6,Stacking,True,,6.0,0.7985163469945957,0.0297955480274624,1.96,ok,,0,missing_30
credit_approval_australia,classification,690,15,False,A11 A21 A38 A41 A51 A62,A54,EN7,Voting Ensemble,True,,8.0,0.8037672874315976,0.0414714038729249,0.68,ok,,0,missing_30
credit_approval_australia,classification,690,15,False,A11 A21 A38 A41 A51 A62,A54,SV1,SVM (linear),True,,11.0,0.7992741095081823,0.0373373793404208,0.36,ok,,0,missing_30
credit_approval_australia,classification,690,15,False,A11 A21 A38 A41 A51 A62,A54,SV2,Kernel SVM (RBF/Poly),True,,9.0,0.7958069359736537,0.0225513288766782,0.66,ok,,0,missing_30
credit_approval_australia,classification,690,15,False,A11 A21 A38 A41 A51 A62,A54,PR1,Naive Bayes,True,,14.0,0.7781705025748835,0.0344255074510159,0.3,ok,,0,missing_30
credit_approval_australia,classification,690,15,False,A11 A21 A38 A41 A51 A62,A54,IB1,k-Nearest Neighbors,True,,16.0,0.7475291818315559,0.0168965221066558,0.34,ok,,0,missing_30
credit_approval_australia,classification,690,15,False,A11 A21 A38 A41 A51 A62,A54,DR4,LDA (Linear Discriminant Analysis),True,,12.0,0.796630331176241,0.0297551866072899,0.35,ok,,0,missing_30
credit_approval_australia,classification,690,15,False,A11 A21 A38 A41 A51 A62,A54,NN1,Perceptron,True,,17.0,0.7475324440373565,0.0546808316435469,0.33,ok,,0,missing_30
credit_approval_australia,classification,690,15,False,A11 A21 A38 A41 A51 A62,A54,NN2,MLP (Feedforward),True,,2.0,0.774209723867382,0.0221328783357157,16.15,ok,,0,missing_30
credit_approval_australia,classification,690,15,False,A11 A21 A38 A41 A51 A62,A54,EN3,XGBoost,True,,4.0,0.8152598035158084,0.0108215703556053,1.11,ok,,0,missing_30
credit_approval_australia,classification,690,15,False,A11 A21 A38 A41 A51 A62,A54,EN4,LightGBM,True,,1.0,0.8165723398202733,0.0181991824730647,18.84,ok,,0,missing_30
credit_approval_australia,classification,690,15,False,A11 A21 A38 A41 A51 A62,A54,BASE-HGB,Histogram Gradient Boosting (baseline),False,,,0.8049556159279503,0.0274429017613196,2.79,ok,,0,missing_30
tic_tac_toe,classification,958,9,False,A11 A21 A32 A41 A51 A62,A53,LM2,Logistic Regression,False,needs A31 data (yours is A32),,0.5994446382804591,0.015767330983193,0.28,ok,,0,missing_30
tic_tac_toe,classification,958,9,False,A11 A21 A32 A41 A51 A62,A53,TR1,Decision Tree,True,,12.0,0.6143741896577718,0.0313739774396605,0.29,ok,,0,missing_30
tic_tac_toe,classification,958,9,False,A11 A21 A32 A41 A51 A62,A53,TR2,Random Forest,True,,5.0,0.6379664017574467,0.0323461985077852,3.9,ok,,0,missing_30
tic_tac_toe,classification,958,9,False,A11 A21 A32 A41 A51 A62,A53,TR3,Extra Trees,True,,3.0,0.6425354784518964,0.0264087033519222,4.28,ok,,0,missing_30
tic_tac_toe,classification,958,9,False,A11 A21 A32 A41 A51 A62,A53,EN1,AdaBoost,True,,13.0,0.5994220240787405,0.0140471673277218,1.65,ok,,0,missing_30
tic_tac_toe,classification,958,9,False,A11 A21 A32 A41 A51 A62,A53,EN2,Gradient Boosting (GBM),True,,7.0,0.6494008916456677,0.0248886872865968,2.02,ok,,0,missing_30
tic_tac_toe,classification,958,9,False,A11 A21 A32 A41 A51 A62,A53,EN6,Stacking,True,,6.0,0.651596355882923,0.0289057486351407,0.93,ok,,0,missing_30
tic_tac_toe,classification,958,9,False,A11 A21 A32 A41 A51 A62,A53,EN7,Voting Ensemble,True,,8.0,0.6647017552928001,0.0203634567856396,0.44,ok,,0,missing_30
tic_tac_toe,classification,958,9,False,A11 A21 A32 A41 A51 A62,A53,SV1,SVM (linear),True,,10.0,0.5972306002455257,0.0164425757660248,0.24,ok,,0,missing_30
tic_tac_toe,classification,958,9,False,A11 A21 A32 A41 A51 A62,A53,SV2,Kernel SVM (RBF/Poly),True,,9.0,0.6542049320497082,0.0211208966158584,0.55,ok,,0,missing_30
tic_tac_toe,classification,958,9,False,A11 A21 A32 A41 A51 A62,A53,PR1,Naive Bayes,False,needs A31 data (yours is A32),,0.60211552626478,0.0162332629808165,0.36,ok,,0,missing_30
tic_tac_toe,classification,958,9,False,A11 A21 A32 A41 A51 A62,A53,IB1,k-Nearest Neighbors,False,needs A31 data (yours is A32),,0.61980798173634,0.0279429256995148,0.34,ok,,0,missing_30
tic_tac_toe,classification,958,9,False,A11 A21 A32 A41 A51 A62,A53,DR4,LDA (Linear Discriminant Analysis),True,,11.0,0.5960650255217419,0.0148691100809445,0.29,ok,,0,missing_30
tic_tac_toe,classification,958,9,False,A11 A21 A32 A41 A51 A62,A53,NN1,Perceptron,False,needs A31 data (yours is A32),,0.5650923305550171,0.0429892766605666,0.28,ok,,0,missing_30
tic_tac_toe,classification,958,9,False,A11 A21 A32 A41 A51 A62,A53,NN2,MLP (Feedforward),True,,2.0,0.6478240572031617,0.0156444756320248,20.55,ok,,0,missing_30
tic_tac_toe,classification,958,9,False,A11 A21 A32 A41 A51 A62,A53,EN3,XGBoost,True,,4.0,0.6556388361224182,0.0328414911691294,1.13,ok,,0,missing_30
tic_tac_toe,classification,958,9,False,A11 A21 A32 A41 A51 A62,A53,EN4,LightGBM,True,,1.0,0.6597955676164632,0.022543408286523,37.6,ok,,0,missing_30
tic_tac_toe,classification,958,9,False,A11 A21 A32 A41 A51 A62,A53,BASE-HGB,Histogram Gradient Boosting (baseline),False,,,0.6668088647670738,0.0331753556223779,1.14,ok,,0,missing_30
parity5+5,classification,1124,10,False,A11 A21 A32 A41 A51 A62,A53,LM2,Logistic Regression,False,needs A31 data (yours is A32),,0.4825667223547987,0.0396432413071756,0.14,ok,,0,missing_30
parity5+5,classification,1124,10,False,A11 A21 A32 A41 A51 A62,A53,TR1,Decision Tree,True,,12.0,0.4891655299753809,0.019631485665037,0.14,ok,,0,missing_30
parity5+5,classification,1124,10,False,A11 A21 A32 A41 A51 A62,A53,TR2,Random Forest,True,,5.0,0.4983302252282224,0.0408926697315818,2.72,ok,,0,missing_30
parity5+5,classification,1124,10,False,A11 A21 A32 A41 A51 A62,A53,TR3,Extra Trees,True,,3.0,0.4962225882812748,0.0231257941001956,2.44,ok,,0,missing_30
parity5+5,classification,1124,10,False,A11 A21 A32 A41 A51 A62,A53,EN1,AdaBoost,True,,13.0,0.4825665799873997,0.0371050002964995,0.61,ok,,0,missing_30
parity5+5,classification,1124,10,False,A11 A21 A32 A41 A51 A62,A53,EN2,Gradient Boosting (GBM),True,,7.0,0.485616700355289,0.0243213625697839,1.11,ok,,0,missing_30
parity5+5,classification,1124,10,False,A11 A21 A32 A41 A51 A62,A53,EN6,Stacking,True,,6.0,0.5197059184075952,0.0258303954136077,0.77,ok,,0,missing_30
parity5+5,classification,1124,10,False,A11 A21 A32 A41 A51 A62,A53,EN7,Voting Ensemble,True,,8.0,0.4901689091779916,0.0288149224215702,0.22,ok,,0,missing_30
parity5+5,classification,1124,10,False,A11 A21 A32 A41 A51 A62,A53,SV1,SVM (linear),True,,10.0,0.4816658214538979,0.0383745008544006,0.18,ok,,0,missing_30
parity5+5,classification,1124,10,False,A11 A21 A32 A41 A51 A62,A53,SV2,Kernel SVM (RBF/Poly),True,,9.0,0.4921532971690167,0.0339989653964685,0.33,ok,,0,missing_30
parity5+5,classification,1124,10,False,A11 A21 A32 A41 A51 A62,A53,PR1,Naive Bayes,False,needs A31 data (yours is A32),,0.4819748561190107,0.0342208809343355,0.12,ok,,0,missing_30
parity5+5,classification,1124,10,False,A11 A21 A32 A41 A51 A62,A53,IB1,k-Nearest Neighbors,False,needs A31 data (yours is A32),,0.4840292514052411,0.0307321360738262,0.14,ok,,0,missing_30
parity5+5,classification,1124,10,False,A11 A21 A32 A41 A51 A62,A53,DR4,LDA (Linear Discriminant Analysis),True,,11.0,0.4816658214538979,0.0383745008544006,0.13,ok,,0,missing_30
parity5+5,classification,1124,10,False,A11 A21 A32 A41 A51 A62,A53,NN1,Perceptron,False,needs A31 data (yours is A32),,0.4992470375592173,0.0137434146346265,0.13,ok,,0,missing_30
parity5+5,classification,1124,10,False,A11 A21 A32 A41 A51 A62,A53,NN2,MLP (Feedforward),True,,2.0,0.4931634538091222,0.0234452251961768,16.45,ok,,0,missing_30
parity5+5,classification,1124,10,False,A11 A21 A32 A41 A51 A62,A53,EN3,XGBoost,True,,4.0,0.4957387227036737,0.0405762181658988,0.46,ok,,0,missing_30
parity5+5,classification,1124,10,False,A11 A21 A32 A41 A51 A62,A53,EN4,LightGBM,True,,1.0,0.4794777506730232,0.0245312330976367,1.88,ok,,0,missing_30
parity5+5,classification,1124,10,False,A11 A21 A32 A41 A51 A62,A53,BASE-HGB,Histogram Gradient Boosting (baseline),False,,,0.4697577850989589,0.0259198835219438,1.24,ok,,0,missing_30
yeast,classification,1479,8,False,A11 A21 A31 A41 A51 A62,A53,LM2,Logistic Regression,True,,10.0,0.378637416324568,0.0414479330567831,0.16,ok,,0,missing_30
yeast,classification,1479,8,False,A11 A21 A31 A41 A51 A62,A53,TR1,Decision Tree,True,,13.0,0.3161123619976789,0.0325877775223903,0.09,ok,,0,missing_30
yeast,classification,1479,8,False,A11 A21 A31 A41 A51 A62,A53,TR2,Random Forest,True,,5.0,0.3888353340944426,0.0303986589689601,3.98,ok,,0,missing_30
yeast,classification,1479,8,False,A11 A21 A31 A41 A51 A62,A53,TR3,Extra Trees,True,,3.0,0.3724102747440999,0.0146421206145718,3.34,ok,,0,missing_30
yeast,classification,1479,8,False,A11 A21 A31 A41 A51 A62,A53,EN1,AdaBoost,True,,15.0,0.2914276270453834,0.0193797038485316,0.81,ok,,0,missing_30
yeast,classification,1479,8,False,A11 A21 A31 A41 A51 A62,A53,EN2,Gradient Boosting (GBM),True,,7.0,0.3776694128526206,0.0339681456270995,8.72,ok,,0,missing_30
yeast,classification,1479,8,False,A11 A21 A31 A41 A51 A62,A53,EN6,Stacking,True,,6.0,0.343981491530887,0.0213207514420262,1.28,ok,,0,missing_30
yeast,classification,1479,8,False,A11 A21 A31 A41 A51 A62,A53,EN7,Voting Ensemble,True,,8.0,0.3711664748588091,0.0267629403481298,0.29,ok,,0,missing_30
yeast,classification,1479,8,False,A11 A21 A31 A41 A51 A62,A53,SV1,SVM (linear),True,,11.0,0.3459701247046757,0.0372161945408989,0.1,ok,,0,missing_30
yeast,classification,1479,8,False,A11 A21 A31 A41 A51 A62,A53,SV2,Kernel SVM (RBF/Poly),True,,9.0,0.3862949927153485,0.0127972852975857,0.43,ok,,0,missing_30
yeast,classification,1479,8,False,A11 A21 A31 A41 A51 A62,A53,PR1,Naive Bayes,True,,14.0,0.2608708504696728,0.0303646470934229,0.07,ok,,0,missing_30
yeast,classification,1479,8,False,A11 A21 A31 A41 A51 A62,A53,IB1,k-Nearest Neighbors,True,,16.0,0.3591170895959575,0.0490113409271998,0.1,ok,,0,missing_30
yeast,classification,1479,8,False,A11 A21 A31 A41 A51 A62,A53,DR4,LDA (Linear Discriminant Analysis),True,,12.0,0.4052745534160156,0.0396752287749906,0.07,ok,,0,missing_30
yeast,classification,1479,8,False,A11 A21 A31 A41 A51 A62,A53,NN1,Perceptron,True,,17.0,0.2984866799267495,0.0274916645195142,0.11,ok,,0,missing_30
yeast,classification,1479,8,False,A11 A21 A31 A41 A51 A62,A53,NN2,MLP (Feedforward),True,,2.0,0.3732624003244956,0.033800215283372,20.32,ok,,0,missing_30
yeast,classification,1479,8,False,A11 A21 A31 A41 A51 A62,A53,EN3,XGBoost,True,,4.0,0.3754320958391232,0.0394882180384041,1.31,ok,,0,missing_30
yeast,classification,1479,8,False,A11 A21 A31 A41 A51 A62,A53,EN4,LightGBM,True,,1.0,0.3411897230837726,0.0330931756340886,16.25,ok,,0,missing_30
yeast,classification,1479,8,False,A11 A21 A31 A41 A51 A62,A53,BASE-HGB,Histogram Gradient Boosting (baseline),False,,,0.3634903479423451,0.0236168848600199,8.22,ok,,0,missing_30
mfeat_zernike,classification,2000,47,False,A11 A21 A31 A41 A51 A62,A54,LM2,Logistic Regression,True,,10.0,0.7195,0.0197737199332851,0.46,ok,,0,missing_30
mfeat_zernike,classification,2000,47,False,A11 A21 A31 A41 A51 A62,A54,TR1,Decision Tree,True,,13.0,0.5465,0.0318825971338596,0.68,ok,,0,missing_30
mfeat_zernike,classification,2000,47,False,A11 A21 A31 A41 A51 A62,A54,TR2,Random Forest,True,,5.0,0.7155,0.0190656759649375,10.62,ok,,0,missing_30
mfeat_zernike,classification,2000,47,False,A11 A21 A31 A41 A51 A62,A54,TR3,Extra Trees,True,,3.0,0.735,0.0147478812037526,5.06,ok,,0,missing_30
mfeat_zernike,classification,2000,47,False,A11 A21 A31 A41 A51 A62,A54,EN1,AdaBoost,True,,15.0,0.447,0.0188679622641132,2.87,ok,,0,missing_30
mfeat_zernike,classification,2000,47,False,A11 A21 A31 A41 A51 A62,A54,EN2,Gradient Boosting (GBM),True,,7.0,0.705,0.029580398915498,97.32,ok,,0,missing_30
mfeat_zernike,classification,2000,47,False,A11 A21 A31 A41 A51 A62,A54,EN6,Stacking,True,,6.0,0.774,0.0166282891483158,2.69,ok,,0,missing_30
mfeat_zernike,classification,2000,47,False,A11 A21 A31 A41 A51 A62,A54,EN7,Voting Ensemble,True,,8.0,0.7384999999999999,0.0187483332592526,0.71,ok,,0,missing_30
mfeat_zernike,classification,2000,47,False,A11 A21 A31 A41 A51 A62,A54,SV1,SVM (linear),True,,11.0,0.7079999999999999,0.0182619823677496,0.41,ok,,0,missing_30
mfeat_zernike,classification,2000,47,False,A11 A21 A31 A41 A51 A62,A54,SV2,Kernel SVM (RBF/Poly),True,,9.0,0.77,0.0130384048104052,1.16,ok,,0,missing_30
mfeat_zernike,classification,2000,47,False,A11 A21 A31 A41 A51 A62,A54,PR1,Naive Bayes,True,,14.0,0.694,0.0184797186125763,0.13,ok,,0,missing_30
mfeat_zernike,classification,2000,47,False,A11 A21 A31 A41 A51 A62,A54,IB1,k-Nearest Neighbors,True,,16.0,0.726,0.0096953597148326,0.19,ok,,0,missing_30
mfeat_zernike,classification,2000,47,False,A11 A21 A31 A41 A51 A62,A54,DR4,LDA (Linear Discriminant Analysis),True,,12.0,0.7069999999999999,0.0271293199325011,0.17,ok,,0,missing_30
mfeat_zernike,classification,2000,47,False,A11 A21 A31 A41 A51 A62,A54,NN1,Perceptron,True,,17.0,0.6525000000000001,0.0279284800875379,0.23,ok,,0,missing_30
mfeat_zernike,classification,2000,47,False,A11 A21 A31 A41 A51 A62,A54,NN2,MLP (Feedforward),True,,2.0,0.7485,0.0268607520371265,15.12,ok,,0,missing_30
mfeat_zernike,classification,2000,47,False,A11 A21 A31 A41 A51 A62,A54,EN3,XGBoost,True,,4.0,0.7314999999999999,0.0133790881602596,9.55,ok,,0,missing_30
mfeat_zernike,classification,2000,47,False,A11 A21 A31 A41 A51 A62,A54,EN4,LightGBM,True,,1.0,0.7365,0.0166282891483158,106.69,ok,,0,missing_30
mfeat_zernike,classification,2000,47,False,A11 A21 A31 A41 A51 A62,A54,BASE-HGB,Histogram Gradient Boosting (baseline),False,,,0.7390000000000001,0.0205304651676478,38.72,ok,,0,missing_30
splice,classification,3188,60,False,A11 A21 A32 A41 A51 A62,A53,LM2,Logistic Regression,False,needs A31 data (yours is A32),,0.8719761343490451,0.0141822578505638,11.68,ok,,0,missing_30
splice,classification,3188,60,False,A11 A21 A32 A41 A51 A62,A53,TR1,Decision Tree,True,,12.0,0.767241123984925,0.0188367273537101,4.81,ok,,0,missing_30
splice,classification,3188,60,False,A11 A21 A32 A41 A51 A62,A53,TR2,Random Forest,True,,5.0,0.8629303543984171,0.0178651927002921,17.59,ok,,0,missing_30
splice,classification,3188,60,False,A11 A21 A32 A41 A51 A62,A53,TR3,Extra Trees,True,,3.0,0.8734380551682938,0.0142129336772813,20.36,ok,,0,missing_30
splice,classification,3188,60,False,A11 A21 A32 A41 A51 A62,A53,EN1,AdaBoost,True,,13.0,0.8238990372823489,0.0188805506193717,13.16,ok,,0,missing_30
splice,classification,3188,60,False,A11 A21 A32 A41 A51 A62,A53,EN2,Gradient Boosting (GBM),True,,7.0,0.8828088033278234,0.011539506086583,54.87,ok,,0,missing_30
splice,classification,3188,60,False,A11 A21 A32 A41 A51 A62,A53,EN6,Stacking,True,,6.0,0.8799952167416836,0.008415049492949,32.25,ok,,0,missing_30
splice,classification,3188,60,False,A11 A21 A32 A41 A51 A62,A53,EN7,Voting Ensemble,True,,8.0,0.8904265434504974,0.0109508234400648,11.42,ok,,0,missing_30
splice,classification,3188,60,False,A11 A21 A32 A41 A51 A62,A53,SV1,SVM (linear),True,,10.0,0.8692393442790962,0.0099109634334563,4.23,ok,,0,missing_30
splice,classification,3188,60,False,A11 A21 A32 A41 A51 A62,A53,SV2,Kernel SVM (RBF/Poly),True,,9.0,0.873977683895561,0.0073923299978741,14.28,ok,,0,missing_30
splice,classification,3188,60,False,A11 A21 A32 A41 A51 A62,A53,PR1,Naive Bayes,False,needs A31 data (yours is A32),,0.6467393149569312,0.0856779556325962,2.56,ok,,0,missing_30
splice,classification,3188,60,False,A11 A21 A32 A41 A51 A62,A53,IB1,k-Nearest Neighbors,False,needs A31 data (yours is A32),,0.6592116033739129,0.0098684657692697,2.88,ok,,0,missing_30
splice,classification,3188,60,False,A11 A21 A32 A41 A51 A62,A53,DR4,LDA (Linear Discriminant Analysis),True,,11.0,0.8614609697553306,0.0098707636235669,3.67,ok,,0,missing_30
splice,classification,3188,60,False,A11 A21 A32 A41 A51 A62,A53,NN1,Perceptron,False,needs A31 data (yours is A32),,0.8260382001248407,0.0259554656248932,3.24,ok,,0,missing_30
splice,classification,3188,60,False,A11 A21 A32 A41 A51 A62,A53,NN2,MLP (Feedforward),True,,2.0,0.8673964258460531,0.0142817918883861,33.25,ok,,0,missing_30
splice,classification,3188,60,False,A11 A21 A32 A41 A51 A62,A53,EN3,XGBoost,True,,4.0,0.8864461653799713,0.0133009069257065,8.36,ok,,0,missing_30
splice,classification,3188,60,False,A11 A21 A32 A41 A51 A62,A53,BASE-HGB,Histogram Gradient Boosting (baseline),False,,,0.8899979360660006,0.0110254456352805,51.54,ok,,0,missing_30
allhypo,classification,3770,29,False,A11 A21 A38 A41 A52 A62,A53,LM2,Logistic Regression,True,,10.0,0.3676246829787281,0.0229331252711417,1.24,ok,,0,missing_30
allhypo,classification,3770,29,False,A11 A21 A38 A41 A52 A62,A53,TR1,Decision Tree,True,,13.0,0.6439161882318578,0.0134195454558527,0.68,ok,,0,missing_30
allhypo,classification,3770,29,False,A11 A21 A38 A41 A52 A62,A53,TR2,Random Forest,True,,5.0,0.4589889822513043,0.0323777071877731,5.21,ok,,0,missing_30
allhypo,classification,3770,29,False,A11 A21 A38 A41 A52 A62,A53,TR3,Extra Trees,True,,3.0,0.4130194762931771,0.0357028846479543,4.73,ok,,0,missing_30
allhypo,classification,3770,29,False,A11 A21 A38 A41 A52 A62,A53,EN1,AdaBoost,True,,15.0,0.4525345171761495,0.043318061965963,1.59,ok,,0,missing_30
allhypo,classification,3770,29,False,A11 A21 A38 A41 A52 A62,A53,EN2,Gradient Boosting (GBM),True,,7.0,0.6667844679756634,0.0262193510838765,8.7,ok,,0,missing_30
allhypo,classification,3770,29,False,A11 A21 A38 A41 A52 A62,A53,EN6,Stacking,True,,6.0,0.6034408192871871,0.0254598593277606,5.14,ok,,0,missing_30
allhypo,classification,3770,29,False,A11 A21 A38 A41 A52 A62,A53,EN7,Voting Ensemble,True,,8.0,0.425588810700008,0.02796454924284,1.92,ok,,0,missing_30
allhypo,classification,3770,29,False,A11 A21 A38 A41 A52 A62,A53,SV1,SVM (linear),True,,11.0,0.3366563513115237,0.0068879975211886,0.92,ok,,0,missing_30
allhypo,classification,3770,29,False,A11 A21 A38 A41 A52 A62,A53,SV2,Kernel SVM (RBF/Poly),True,,9.0,0.3333333333333333,0.0,2.05,ok,,0,missing_30
allhypo,classification,3770,29,False,A11 A21 A38 A41 A52 A62,A53,PR1,Naive Bayes,True,,14.0,0.3988331255930014,0.026081144611753,0.69,ok,,0,missing_30
allhypo,classification,3770,29,False,A11 A21 A38 A41 A52 A62,A53,IB1,k-Nearest Neighbors,True,,16.0,0.3779235248294373,0.0116505759868595,0.77,ok,,0,missing_30
allhypo,classification,3770,29,False,A11 A21 A38 A41 A52 A62,A53,DR4,LDA (Linear Discriminant Analysis),True,,12.0,0.3611284979164431,0.0090023446564645,0.76,ok,,0,missing_30
allhypo,classification,3770,29,False,A11 A21 A38 A41 A52 A62,A53,NN1,Perceptron,True,,17.0,0.3812824213845442,0.052530188744365,0.75,ok,,0,missing_30
allhypo,classification,3770,29,False,A11 A21 A38 A41 A52 A62,A53,NN2,MLP (Feedforward),True,,2.0,0.5020962689774059,0.0478710747472472,25.65,ok,,0,missing_30
allhypo,classification,3770,29,False,A11 A21 A38 A41 A52 A62,A53,EN3,XGBoost,True,,4.0,0.6839339642790784,0.0317007347482122,1.79,ok,,0,missing_30
allhypo,classification,3770,29,False,A11 A21 A38 A41 A52 A62,A53,EN4,LightGBM,True,,1.0,0.6838045535915197,0.0401378692511481,7.99,ok,,0,missing_30
allhypo,classification,3770,29,False,A11 A21 A38 A41 A52 A62,A53,BASE-HGB,Histogram Gradient Boosting (baseline),False,,,0.6612109608913386,0.0326620313269713,7.55,ok,,0,missing_30
spambase,classification,4601,57,False,A11 A21 A31 A43 A51 A62,A54,LM2,Logistic Regression,True,,10.0,0.8945654819608968,0.0117899706223284,0.31,ok,,0,missing_30
spambase,classification,4601,57,False,A11 A21 A31 A43 A51 A62,A54,TR1,Decision Tree,True,,13.0,0.851722506772502,0.0108815123624444,0.51,ok,,0,missing_30
spambase,classification,4601,57,False,A11 A21 A31 A43 A51 A62,A54,TR2,Random Forest,True,,5.0,0.9137095733714732,0.0088613314007046,7.27,ok,,0,missing_30
spambase,classification,4601,57,False,A11 A21 A31 A43 A51 A62,A54,TR3,Extra Trees,True,,3.0,0.923362657421518,0.0100494870392633,7.03,ok,,0,missing_30
spambase,classification,4601,57,False,A11 A21 A31 A43 A51 A62,A54,EN1,AdaBoost,True,,15.0,0.8890264533811928,0.0082119755797301,1.95,ok,,0,missing_30
spambase,classification,4601,57,False,A11 A21 A31 A43 A51 A62,A54,EN2,Gradient Boosting (GBM),True,,7.0,0.9111964042246072,0.0078310187827726,6.25,ok,,0,missing_30
spambase,classification,4601,57,False,A11 A21 A31 A43 A51 A62,A54,EN6,Stacking,True,,6.0,0.8960163084971887,0.0095471826565027,2.44,ok,,0,missing_30
spambase,classification,4601,57,False,A11 A21 A31 A43 A51 A62,A54,EN7,Voting Ensemble,True,,8.0,0.8939734456930228,0.0069139664834929,0.9,ok,,0,missing_30
spambase,classification,4601,57,False,A11 A21 A31 A43 A51 A62,A54,SV1,SVM (linear),True,,11.0,0.8934444575495561,0.0141229473598806,0.55,ok,,0,missing_30
spambase,classification,4601,57,False,A11 A21 A31 A43 A51 A62,A54,SV2,Kernel SVM (RBF/Poly),True,,9.0,0.8876590118385035,0.010806416471833,3.16,ok,,0,missing_30
spambase,classification,4601,57,False,A11 A21 A31 A43 A51 A62,A54,PR1,Naive Bayes,True,,14.0,0.8053134259314852,0.0107993926170894,0.27,ok,,0,missing_30
spambase,classification,4601,57,False,A11 A21 A31 A43 A51 A62,A54,IB1,k-Nearest Neighbors,True,,16.0,0.8436033928965229,0.0106167301664696,0.84,ok,,0,missing_30
spambase,classification,4601,57,False,A11 A21 A31 A43 A51 A62,A54,DR4,LDA (Linear Discriminant Analysis),True,,12.0,0.8433570102592693,0.0095919640491696,0.52,ok,,0,missing_30
spambase,classification,4601,57,False,A11 A21 A31 A43 A51 A62,A54,NN1,Perceptron,True,,17.0,0.8506415530992888,0.0072294980167178,0.39,ok,,0,missing_30
spambase,classification,4601,57,False,A11 A21 A31 A43 A51 A62,A54,NN2,MLP (Feedforward),True,,2.0,0.908840746779372,0.0146722433663517,44.96,ok,,0,missing_30
spambase,classification,4601,57,False,A11 A21 A31 A43 A51 A62,A54,EN3,XGBoost,True,,4.0,0.9207191474305066,0.0091657750112622,1.61,ok,,0,missing_30
spambase,classification,4601,57,False,A11 A21 A31 A43 A51 A62,A54,EN4,LightGBM,True,,1.0,0.922032069601886,0.0082481621410156,7.5,ok,,0,missing_30
spambase,classification,4601,57,False,A11 A21 A31 A43 A51 A62,A54,BASE-HGB,Histogram Gradient Boosting (baseline),False,,,0.922486323908936,0.0081757759055775,3.78,ok,,0,missing_30
banana,classification,5000,2,True,A11 A21 A31 A41 A51 A62,A53,LM2,Logistic Regression,True,,10.0,0.5196143199991426,0.0052115524422325,0.07,ok,,0,missing_30
banana,classification,5000,2,True,A11 A21 A31 A41 A51 A62,A53,TR1,Decision Tree,True,,13.0,0.715689065803037,0.0214874469444603,0.09,ok,,0,missing_30
banana,classification,5000,2,True,A11 A21 A31 A41 A51 A62,A53,TR2,Random Forest,True,,5.0,0.7236651042524059,0.0210997451095948,5.45,ok,,0,missing_30
banana,classification,5000,2,True,A11 A21 A31 A41 A51 A62,A53,TR3,Extra Trees,True,,3.0,0.7166929906840833,0.0173314246542481,4.07,ok,,0,missing_30
banana,classification,5000,2,True,A11 A21 A31 A41 A51 A62,A53,EN1,AdaBoost,True,,15.0,0.6189059021430598,0.0111754837580156,0.76,ok,,0,missing_30
banana,classification,5000,2,True,A11 A21 A31 A41 A51 A62,A53,EN2,Gradient Boosting (GBM),True,,7.0,0.7257684124722641,0.013566135675391,1.58,ok,,0,missing_30
banana,classification,5000,2,True,A11 A21 A31 A41 A51 A62,A53,EN6,Stacking,True,,6.0,0.7287168160795432,0.0225462983369155,0.75,ok,,0,missing_30
banana,classification,5000,2,True,A11 A21 A31 A41 A51 A62,A53,EN7,Voting Ensemble,True,,8.0,0.7235923746962571,0.0181474807428206,0.21,ok,,0,missing_30
banana,classification,5000,2,True,A11 A21 A31 A41 A51 A62,A53,SV1,SVM (linear),True,,11.0,0.5197128531740083,0.0047170600239516,0.08,ok,,0,missing_30
banana,classification,5000,2,True,A11 A21 A31 A41 A51 A62,A53,SV2,Kernel SVM (RBF/Poly),True,,9.0,0.7225461109259619,0.0119521733328079,3.42,ok,,0,missing_30
banana,classification,5000,2,True,A11 A21 A31 A41 A51 A62,A53,PR1,Naive Bayes,True,,14.0,0.5488893604077527,0.0095498440661446,0.07,ok,,0,missing_30
banana,classification,5000,2,True,A11 A21 A31 A41 A51 A62,A53,IB1,k-Nearest Neighbors,True,,16.0,0.7175053996249025,0.0231616043091757,0.17,ok,,0,missing_30
banana,classification,5000,2,True,A11 A21 A31 A41 A51 A62,A53,DR4,LDA (Linear Discriminant Analysis),True,,12.0,0.5198782660943169,0.0054490610734999,0.09,ok,,0,missing_30
banana,classification,5000,2,True,A11 A21 A31 A41 A51 A62,A53,NN1,Perceptron,True,,17.0,0.4919550850867121,0.0466704782764402,0.07,ok,,0,missing_30
banana,classification,5000,2,True,A11 A21 A31 A41 A51 A62,A53,NN2,MLP (Feedforward),True,,2.0,0.718160881669515,0.0088436496207546,26.42,ok,,0,missing_30
banana,classification,5000,2,True,A11 A21 A31 A41 A51 A62,A53,EN3,XGBoost,True,,4.0,0.733885308641374,0.0197536234882458,0.34,ok,,0,missing_30
banana,classification,5000,2,True,A11 A21 A31 A41 A51 A62,A53,EN4,LightGBM,True,,1.0,0.7354846546293727,0.0228016510144277,1.84,ok,,0,missing_30
banana,classification,5000,2,True,A11 A21 A31 A41 A51 A62,A53,BASE-HGB,Histogram Gradient Boosting (baseline),False,,,0.7372832930255655,0.0172844499371738,0.98,ok,,0,missing_30
satimage,classification,5000,36,True,A11 A21 A31 A41 A51 A62,A53,LM2,Logistic Regression,True,,10.0,0.7600981755785764,0.0074044606747915,0.47,ok,,0,missing_30
satimage,classification,5000,36,True,A11 A21 A31 A41 A51 A62,A53,TR1,Decision Tree,True,,13.0,0.7480200087556308,0.0099281605554016,0.54,ok,,0,missing_30
satimage,classification,5000,36,True,A11 A21 A31 A41 A51 A62,A53,TR2,Random Forest,True,,5.0,0.8384747481108871,0.0176005328402202,10.87,ok,,0,missing_30
satimage,classification,5000,36,True,A11 A21 A31 A41 A51 A62,A53,TR3,Extra Trees,True,,3.0,0.842482641234701,0.0127019804292654,6.63,ok,,0,missing_30
satimage,classification,5000,36,True,A11 A21 A31 A41 A51 A62,A53,EN1,AdaBoost,True,,15.0,0.6850274259710295,0.0168721186799165,2.02,ok,,0,missing_30
satimage,classification,5000,36,True,A11 A21 A31 A41 A51 A62,A53,EN2,Gradient Boosting (GBM),True,,7.0,0.838265773064321,0.0088288682858463,50.34,ok,,0,missing_30
satimage,classification,5000,36,True,A11 A21 A31 A41 A51 A62,A53,EN6,Stacking,True,,6.0,0.8229859869117002,0.0092678776932824,3.74,ok,,0,missing_30
satimage,classification,5000,36,True,A11 A21 A31 A41 A51 A62,A53,EN7,Voting Ensemble,True,,8.0,0.7993243355437338,0.0111583064407179,0.82,ok,,0,missing_30
satimage,classification,5000,36,True,A11 A21 A31 A41 A51 A62,A53,SV1,SVM (linear),True,,11.0,0.6936793585921823,0.003255266594342,0.54,ok,,0,missing_30
satimage,classification,5000,36,True,A11 A21 A31 A41 A51 A62,A53,SV2,Kernel SVM (RBF/Poly),True,,9.0,0.8297513521048993,0.0140249615512253,2.35,ok,,0,missing_30
satimage,classification,5000,36,True,A11 A21 A31 A41 A51 A62,A53,PR1,Naive Bayes,True,,14.0,0.784081557544838,0.0070045664502181,0.17,ok,,0,missing_30
satimage,classification,5000,36,True,A11 A21 A31 A41 A51 A62,A53,IB1,k-Nearest Neighbors,True,,16.0,0.7806788558494524,0.0057263110484685,0.34,ok,,0,missing_30
satimage,classification,5000,36,True,A11 A21 A31 A41 A51 A62,A53,DR4,LDA (Linear Discriminant Analysis),True,,12.0,0.7397314640908094,0.0079154341003106,0.23,ok,,0,missing_30
satimage,classification,5000,36,True,A11 A21 A31 A41 A51 A62,A53,NN1,Perceptron,True,,17.0,0.6759764582628357,0.0255165975687772,0.29,ok,,0,missing_30
satimage,classification,5000,36,True,A11 A21 A31 A41 A51 A62,A53,NN2,MLP (Feedforward),True,,2.0,0.8092347043123859,0.0108300458111286,51.42,ok,,0,missing_30
satimage,classification,5000,36,True,A11 A21 A31 A41 A51 A62,A53,EN3,XGBoost,True,,4.0,0.8456774148104517,0.0100123506564708,3.79,ok,,0,missing_30
satimage,classification,5000,36,True,A11 A21 A31 A41 A51 A62,A53,EN4,LightGBM,True,,1.0,0.8554072983683106,0.010286402389121,23.64,ok,,0,missing_30
satimage,classification,5000,36,True,A11 A21 A31 A41 A51 A62,A53,BASE-HGB,Histogram Gradient Boosting (baseline),False,,,0.8566807869023414,0.0136296499309785,13.84,ok,,0,missing_30
agaricus_lepiota,classification,5000,22,True,A11 A21 A38 A41 A51 A62,A53,LM2,Logistic Regression,True,,10.0,0.9668518251334582,0.0053514116151721,1.42,ok,,0,missing_30
agaricus_lepiota,classification,5000,22,True,A11 A21 A38 A41 A51 A62,A53,TR1,Decision Tree,True,,13.0,0.9773120761794832,0.0025376008534228,1.33,ok,,0,missing_30
agaricus_lepiota,classification,5000,22,True,A11 A21 A38 A41 A51 A62,A53,TR2,Random Forest,True,,5.0,0.9878861475817182,0.0031290395752874,6.41,ok,,0,missing_30
agaricus_lepiota,classification,5000,22,True,A11 A21 A38 A41 A51 A62,A53,TR3,Extra Trees,True,,3.0,0.9889321726863208,0.0025431845532671,5.8,ok,,0,missing_30
agaricus_lepiota,classification,5000,22,True,A11 A21 A38 A41 A51 A62,A53,EN1,AdaBoost,True,,15.0,0.9397633819073729,0.0070464824403488,2.5,ok,,0,missing_30
agaricus_lepiota,classification,5000,22,True,A11 A21 A38 A41 A51 A62,A53,EN2,Gradient Boosting (GBM),True,,7.0,0.9751270459609804,0.0023665813967576,5.59,ok,,0,missing_30
agaricus_lepiota,classification,5000,22,True,A11 A21 A38 A41 A51 A62,A53,EN6,Stacking,True,,6.0,0.9836868176790268,0.0065388789287963,3.44,ok,,0,missing_30
agaricus_lepiota,classification,5000,22,True,A11 A21 A38 A41 A51 A62,A53,EN7,Voting Ensemble,True,,8.0,0.9783332531781528,0.0039472576283754,1.73,ok,,0,missing_30
agaricus_lepiota,classification,5000,22,True,A11 A21 A38 A41 A51 A62,A53,SV1,SVM (linear),True,,11.0,0.9732313759438274,0.0054311291847702,1.03,ok,,0,missing_30
agaricus_lepiota,classification,5000,22,True,A11 A21 A38 A41 A51 A62,A53,SV2,Kernel SVM (RBF/Poly),True,,9.0,0.9820107728562496,0.0042340706847457,2.84,ok,,0,missing_30
agaricus_lepiota,classification,5000,22,True,A11 A21 A38 A41 A51 A62,A53,PR1,Naive Bayes,True,,14.0,0.8415283989804261,0.0123093121848529,0.97,ok,,0,missing_30
agaricus_lepiota,classification,5000,22,True,A11 A21 A38 A41 A51 A62,A53,IB1,k-Nearest Neighbors,True,,16.0,0.9793969124224498,0.0051615252382365,1.29,ok,,0,missing_30
agaricus_lepiota,classification,5000,22,True,A11 A21 A38 A41 A51 A62,A53,DR4,LDA (Linear Discriminant Analysis),True,,12.0,0.9662394395549784,0.0067537208224422,1.45,ok,,0,missing_30
agaricus_lepiota,classification,5000,22,True,A11 A21 A38 A41 A51 A62,A53,NN1,Perceptron,True,,17.0,0.9561062216451048,0.0123265776851828,1.11,ok,,0,missing_30
agaricus_lepiota,classification,5000,22,True,A11 A21 A38 A41 A51 A62,A53,NN2,MLP (Feedforward),True,,2.0,0.9872080347552864,0.0045946340789787,21.26,ok,,0,missing_30
agaricus_lepiota,classification,5000,22,True,A11 A21 A38 A41 A51 A62,A53,EN3,XGBoost,True,,4.0,0.9847328427836292,0.0044793498939325,1.43,ok,,0,missing_30
agaricus_lepiota,classification,5000,22,True,A11 A21 A38 A41 A51 A62,A53,EN4,LightGBM,True,,1.0,0.9876088106574328,0.0030213563613277,3.15,ok,,0,missing_30
agaricus_lepiota,classification,5000,22,True,A11 A21 A38 A41 A51 A62,A53,BASE-HGB,Histogram Gradient Boosting (baseline),False,,,0.9869988297343656,0.003876275851249,6.23,ok,,0,missing_30
letter,classification,5000,16,True,A11 A21 A31 A41 A53 A62,,LM2,Logistic Regression,True,,10.0,0.4873799265026278,0.0128244097258289,0.54,ok,,0,missing_30
letter,classification,5000,16,True,A11 A21 A31 A41 A53 A62,,TR1,Decision Tree,True,,13.0,0.4908721680633549,0.0042228994397689,0.24,ok,,0,missing_30
letter,classification,5000,16,True,A11 A21 A31 A41 A53 A62,,TR2,Random Forest,True,,5.0,0.6681536199139048,0.0063197806596735,9.0,ok,,0,missing_30
letter,classification,5000,16,True,A11 A21 A31 A41 A53 A62,,TR3,Extra Trees,True,,3.0,0.6944822048180803,0.0176180046636305,9.13,ok,,0,missing_30
letter,classification,5000,16,True,A11 A21 A31 A41 A53 A62,,EN1,AdaBoost,True,,15.0,0.2152589487256869,0.0147821215998171,1.27,ok,,0,missing_30
letter,classification,5000,16,True,A11 A21 A31 A41 A53 A62,,EN2,Gradient Boosting (GBM),True,,7.0,0.64177434288556,0.0236997406475161,73.75,ok,,0,missing_30
letter,classification,5000,16,True,A11 A21 A31 A41 A53 A62,,EN6,Stacking,True,,6.0,0.5778914783674111,0.0046922590175685,4.04,ok,,0,missing_30
letter,classification,5000,16,True,A11 A21 A31 A41 A53 A62,,EN7,Voting Ensemble,True,,8.0,0.5649492654731991,0.0107737783829835,0.79,ok,,0,missing_30
letter,classification,5000,16,True,A11 A21 A31 A41 A53 A62,,SV1,SVM (linear),True,,11.0,0.4328394120153905,0.0095195506450991,0.83,ok,,0,missing_30
letter,classification,5000,16,True,A11 A21 A31 A41 A53 A62,,SV2,Kernel SVM (RBF/Poly),True,,9.0,0.5937384198339448,0.0119207302738517,4.33,ok,,0,missing_30
letter,classification,5000,16,True,A11 A21 A31 A41 A53 A62,,PR1,Naive Bayes,True,,14.0,0.4635674368082842,0.0087992176239215,0.12,ok,,0,missing_30
letter,classification,5000,16,True,A11 A21 A31 A41 A53 A62,,IB1,k-Nearest Neighbors,True,,16.0,0.5192086919698923,0.0121518780970254,0.23,ok,,0,missing_30
letter,classification,5000,16,True,A11 A21 A31 A41 A53 A62,,DR4,LDA (Linear Discriminant Analysis),True,,12.0,0.4643585224654576,0.0082726931049492,0.12,ok,,0,missing_30
letter,classification,5000,16,True,A11 A21 A31 A41 A53 A62,,NN1,Perceptron,True,,17.0,0.2529315514882496,0.0055287431822845,0.39,ok,,0,missing_30
letter,classification,5000,16,True,A11 A21 A31 A41 A53 A62,,NN2,MLP (Feedforward),True,,2.0,0.5567272224852072,0.003548125682276,57.05,ok,,0,missing_30
letter,classification,5000,16,True,A11 A21 A31 A41 A53 A62,,EN3,XGBoost,True,,4.0,0.6606499581267987,0.0110912222484106,7.83,ok,,0,missing_30
letter,classification,5000,16,True,A11 A21 A31 A41 A53 A62,,EN4,LightGBM,True,,1.0,0.6821861026518058,0.0112002082654154,58.85,ok,,0,missing_30
letter,classification,5000,16,True,A11 A21 A31 A41 A53 A62,,BASE-HGB,Histogram Gradient Boosting (baseline),False,,,0.6759619932195268,0.0081816666750247,37.55,ok,,0,missing_30
229_pwLinear,regression,200,10,False,A11 A21 A32 A41 A53 A62,,LM1,Linear Regression,False,needs A31 data (yours is A32),,0.3234237720374823,0.1409078804548583,0.1,ok,,0,missing_30
229_pwLinear,regression,200,10,False,A11 A21 A32 A41 A53 A62,,LM3,Ridge Regression,False,needs A31 data (yours is A32),,0.3260524895873256,0.1400346398668691,0.1,ok,,0,missing_30
229_pwLinear,regression,200,10,False,A11 A21 A32 A41 A53 A62,,LM4,Lasso Regression,True,,13.0,-0.0435706089430991,0.0351706196590941,0.09,ok,,0,missing_30
229_pwLinear,regression,200,10,False,A11 A21 A32 A41 A53 A62,,LM5,Elastic Net,True,,14.0,0.0628415033566403,0.0456347920546937,0.15,ok,,0,missing_30
229_pwLinear,regression,200,10,False,A11 A21 A32 A41 A53 A62,,LM6,Polynomial Regression,False,needs A31 data (yours is A32),,-0.3602761625799967,0.2676965242831616,0.14,ok,,0,missing_30
229_pwLinear,regression,200,10,False,A11 A21 A32 A41 A53 A62,,LM7,Bayesian Linear Regression,False,needs A31 data (yours is A32),,0.330837782524322,0.133627309958962,0.12,ok,,0,missing_30
229_pwLinear,regression,200,10,False,A11 A21 A32 A41 A53 A62,,TR1,Decision Tree,True,,10.0,-0.319978985936757,0.3014367219290691,0.11,ok,,0,missing_30
229_pwLinear,regression,200,10,False,A11 A21 A32 A41 A53 A62,,TR2,Random Forest,True,,4.0,0.1599007644334909,0.2505692985731159,2.47,ok,,0,missing_30
229_pwLinear,regression,200,10,False,A11 A21 A32 A41 A53 A62,,TR3,Extra Trees,True,,2.0,-0.3933373943292619,0.2946704547539395,2.22,ok,,0,missing_30
229_pwLinear,regression,200,10,False,A11 A21 A32 A41 A53 A62,,EN1,AdaBoost,True,,7.0,0.253683152486681,0.0934303913723528,0.52,ok,,0,missing_30
229_pwLinear,regression,200,10,False,A11 A21 A32 A41 A53 A62,,EN2,Gradient Boosting (GBM),True,,1.0,0.1554308010434824,0.1596604236819175,0.55,ok,,0,missing_30
229_pwLinear,regression,200,10,False,A11 A21 A32 A41 A53 A62,,EN6,Stacking,True,,6.0,0.3165600739146987,0.1417159352783757,0.64,ok,,0,missing_30
229_pwLinear,regression,200,10,False,A11 A21 A32 A41 A53 A62,,EN7,Voting Ensemble,True,,8.0,0.2083850534786627,0.1807329296041208,0.29,ok,,0,missing_30
229_pwLinear,regression,200,10,False,A11 A21 A32 A41 A53 A62,,SV1,SVM (linear),True,,12.0,0.2599704905083125,0.2119516975698233,0.16,ok,,0,missing_30
229_pwLinear,regression,200,10,False,A11 A21 A32 A41 A53 A62,,SV2,Kernel SVM (RBF/Poly),True,,11.0,0.2002269349777124,0.0934979639769254,0.12,ok,,0,missing_30
229_pwLinear,regression,200,10,False,A11 A21 A32 A41 A53 A62,,IB1,k-Nearest Neighbors,False,needs A31 data (yours is A32),,0.0917446078661144,0.2018425577221839,0.11,ok,,0,missing_30
229_pwLinear,regression,200,10,False,A11 A21 A32 A41 A53 A62,,NN2,MLP (Feedforward),True,,9.0,0.0276134970055131,0.2283131231626976,2.88,ok,,0,missing_30
229_pwLinear,regression,200,10,False,A11 A21 A32 A41 A53 A62,,EN3,XGBoost,True,,5.0,-0.0838070523692542,0.2421979456242937,0.37,ok,,0,missing_30
229_pwLinear,regression,200,10,False,A11 A21 A32 A41 A53 A62,,EN4,LightGBM,True,,3.0,0.2445673925706046,0.1443067354063345,0.48,ok,,0,missing_30
229_pwLinear,regression,200,10,False,A11 A21 A32 A41 A53 A62,,BASE-HGB,Histogram Gradient Boosting (baseline),False,,,0.2445673925706046,0.1443067354063345,0.44,ok,,0,missing_30
695_chatfield_4,regression,235,12,False,A11 A21 A31 A41 A54 A62,,LM1,Linear Regression,True,,16.0,0.7669370237892662,0.0825634980560636,0.07,ok,,0,missing_30
695_chatfield_4,regression,235,12,False,A11 A21 A31 A41 A54 A62,,LM3,Ridge Regression,True,,14.0,0.7677880288550035,0.0826582807809233,0.06,ok,,0,missing_30
695_chatfield_4,regression,235,12,False,A11 A21 A31 A41 A54 A62,,LM4,Lasso Regression,True,,18.0,0.7823848747386476,0.0926804031271027,0.08,ok,,0,missing_30
695_chatfield_4,regression,235,12,False,A11 A21 A31 A41 A54 A62,,LM5,Elastic Net,True,,19.0,0.7739932597672284,0.0928072311069453,0.11,ok,,0,missing_30
695_chatfield_4,regression,235,12,False,A11 A21 A31 A41 A54 A62,,LM6,Polynomial Regression,True,,15.0,-0.0438552449394272,0.5406518850196342,0.1,ok,,0,missing_30
695_chatfield_4,regression,235,12,False,A11 A21 A31 A41 A54 A62,,LM7,Bayesian Linear Regression,True,,12.0,0.7723140337860002,0.0841326136003851,0.06,ok,,0,missing_30
695_chatfield_4,regression,235,12,False,A11 A21 A31 A41 A54 A62,,TR1,Decision Tree,True,,10.0,0.5652364770839556,0.0447698577452022,0.09,ok,,0,missing_30
695_chatfield_4,regression,235,12,False,A11 A21 A31 A41 A54 A62,,TR2,Random Forest,True,,4.0,0.7302832483961136,0.0847008608170874,2.84,ok,,0,missing_30
695_chatfield_4,regression,235,12,False,A11 A21 A31 A41 A54 A62,,TR3,Extra Trees,True,,2.0,0.7628109278842582,0.0745844558097357,1.91,ok,,0,missing_30
695_chatfield_4,regression,235,12,False,A11 A21 A31 A41 A54 A62,,EN1,AdaBoost,True,,7.0,0.6674922097820328,0.0969661739970767,0.58,ok,,0,missing_30
695_chatfield_4,regression,235,12,False,A11 A21 A31 A41 A54 A62,,EN2,Gradient Boosting (GBM),True,,1.0,0.6784877802853313,0.1043363256273366,0.71,ok,,0,missing_30
695_chatfield_4,regression,235,12,False,A11 A21 A31 A41 A54 A62,,EN6,Stacking,True,,6.0,0.7707123046385138,0.0850151257383601,0.58,ok,,0,missing_30
695_chatfield_4,regression,235,12,False,A11 A21 A31 A41 A54 A62,,EN7,Voting Ensemble,True,,8.0,0.7467766553399156,0.0844086901815056,0.26,ok,,0,missing_30
695_chatfield_4,regression,235,12,False,A11 A21 A31 A41 A54 A62,,SV1,SVM (linear),True,,17.0,0.7589032642522879,0.1098236691744257,0.1,ok,,0,missing_30
695_chatfield_4,regression,235,12,False,A11 A21 A31 A41 A54 A62,,SV2,Kernel SVM (RBF/Poly),True,,11.0,0.2851179376447977,0.1056561113045564,0.06,ok,,0,missing_30
695_chatfield_4,regression,235,12,False,A11 A21 A31 A41 A54 A62,,IB1,k-Nearest Neighbors,True,,13.0,0.6645934628502581,0.0885856154766019,0.05,ok,,0,missing_30
695_chatfield_4,regression,235,12,False,A11 A21 A31 A41 A54 A62,,NN2,MLP (Feedforward),True,,9.0,0.5673121487128865,0.1577702348155462,2.77,ok,,0,missing_30
695_chatfield_4,regression,235,12,False,A11 A21 A31 A41 A54 A62,,EN3,XGBoost,True,,5.0,0.6605644395780147,0.087751792695403,0.7,ok,,0,missing_30
695_chatfield_4,regression,235,12,False,A11 A21 A31 A41 A54 A62,,EN4,LightGBM,True,,3.0,0.6964855951699607,0.0887088545644276,3.49,ok,,0,missing_30
695_chatfield_4,regression,235,12,False,A11 A21 A31 A41 A54 A62,,BASE-HGB,Histogram Gradient Boosting (baseline),False,,,0.6973099518503562,0.1061412670909476,0.59,ok,,0,missing_30
635_fri_c0_250_10,regression,250,10,False,A11 A21 A31 A41 A53 A62,,LM1,Linear Regression,True,,16.0,0.4671983761753169,0.1096218756065608,0.1,ok,,0,missing_30
635_fri_c0_250_10,regression,250,10,False,A11 A21 A31 A41 A53 A62,,LM3,Ridge Regression,True,,14.0,0.467707263240371,0.1084649489193632,0.18,ok,,0,missing_30
635_fri_c0_250_10,regression,250,10,False,A11 A21 A31 A41 A53 A62,,LM4,Lasso Regression,True,,18.0,-0.0067970617967604,0.0089502608563026,0.07,ok,,0,missing_30
635_fri_c0_250_10,regression,250,10,False,A11 A21 A31 A41 A53 A62,,LM5,Elastic Net,True,,19.0,0.0014921154478209,0.0032966521868905,0.11,ok,,0,missing_30
635_fri_c0_250_10,regression,250,10,False,A11 A21 A31 A41 A53 A62,,LM6,Polynomial Regression,True,,15.0,0.4005300993438763,0.0696386656941696,0.17,ok,,0,missing_30
635_fri_c0_250_10,regression,250,10,False,A11 A21 A31 A41 A53 A62,,LM7,Bayesian Linear Regression,True,,12.0,0.4694170720198967,0.1014212127833874,0.07,ok,,0,missing_30
635_fri_c0_250_10,regression,250,10,False,A11 A21 A31 A41 A53 A62,,TR1,Decision Tree,True,,10.0,0.0239205827383672,0.2540046605794715,0.06,ok,,0,missing_30
635_fri_c0_250_10,regression,250,10,False,A11 A21 A31 A41 A53 A62,,TR2,Random Forest,True,,4.0,0.4840755700399015,0.0480931824156545,3.0,ok,,0,missing_30
635_fri_c0_250_10,regression,250,10,False,A11 A21 A31 A41 A53 A62,,TR3,Extra Trees,True,,2.0,0.4914320949143927,0.0568520484917078,2.22,ok,,0,missing_30
635_fri_c0_250_10,regression,250,10,False,A11 A21 A31 A41 A53 A62,,EN1,AdaBoost,True,,7.0,0.4274759360208571,0.0528773389991642,0.6,ok,,0,missing_30
635_fri_c0_250_10,regression,250,10,False,A11 A21 A31 A41 A53 A62,,EN2,Gradient Boosting (GBM),True,,1.0,0.4496376809549767,0.0780094476097819,0.67,ok,,0,missing_30
635_fri_c0_250_10,regression,250,10,False,A11 A21 A31 A41 A53 A62,,EN6,Stacking,True,,6.0,0.4704324936926476,0.1022296035906765,0.66,ok,,0,missing_30
635_fri_c0_250_10,regression,250,10,False,A11 A21 A31 A41 A53 A62,,EN7,Voting Ensemble,True,,8.0,0.4576063922684057,0.0680426733648205,0.19,ok,,0,missing_30
635_fri_c0_250_10,regression,250,10,False,A11 A21 A31 A41 A53 A62,,SV1,SVM (linear),True,,17.0,0.4398680032645671,0.1495271089631746,0.11,ok,,0,missing_30
635_fri_c0_250_10,regression,250,10,False,A11 A21 A31 A41 A53 A62,,SV2,Kernel SVM (RBF/Poly),True,,11.0,0.4510246113469131,0.0569447382231329,0.12,ok,,0,missing_30
635_fri_c0_250_10,regression,250,10,False,A11 A21 A31 A41 A53 A62,,IB1,k-Nearest Neighbors,True,,13.0,0.3371536299243187,0.0430756908134993,0.07,ok,,0,missing_30
635_fri_c0_250_10,regression,250,10,False,A11 A21 A31 A41 A53 A62,,NN2,MLP (Feedforward),True,,9.0,0.2971209944779436,0.1210592688470034,2.92,ok,,0,missing_30
635_fri_c0_250_10,regression,250,10,False,A11 A21 A31 A41 A53 A62,,EN3,XGBoost,True,,5.0,0.3933959516320868,0.1210318799626035,0.7,ok,,0,missing_30
635_fri_c0_250_10,regression,250,10,False,A11 A21 A31 A41 A53 A62,,EN4,LightGBM,True,,3.0,0.4794763393599611,0.0804616994109211,1.01,ok,,0,missing_30
635_fri_c0_250_10,regression,250,10,False,A11 A21 A31 A41 A53 A62,,BASE-HGB,Histogram Gradient Boosting (baseline),False,,,0.4590588621991863,0.0715455483490222,0.57,ok,,0,missing_30
596_fri_c2_250_5,regression,250,5,False,A11 A21 A31 A41 A54 A62,,LM1,Linear Regression,True,,16.0,0.1335480959257582,0.0997432145685961,0.09,ok,,0,missing_30
596_fri_c2_250_5,regression,250,5,False,A11 A21 A31 A41 A54 A62,,LM3,Ridge Regression,True,,14.0,0.1340538689956185,0.0990430009900592,0.06,ok,,0,missing_30
596_fri_c2_250_5,regression,250,5,False,A11 A21 A31 A41 A54 A62,,LM4,Lasso Regression,True,,18.0,-0.0230975838933229,0.015898351681584,0.11,ok,,0,missing_30
596_fri_c2_250_5,regression,250,5,False,A11 A21 A31 A41 A54 A62,,LM5,Elastic Net,True,,19.0,-0.0230975838933229,0.015898351681584,0.06,ok,,0,missing_30
596_fri_c2_250_5,regression,250,5,False,A11 A21 A31 A41 A54 A62,,LM6,Polynomial Regression,True,,15.0,0.1050323250112764,0.1126427958016612,0.08,ok,,0,missing_30
596_fri_c2_250_5,regression,250,5,False,A11 A21 A31 A41 A54 A62,,LM7,Bayesian Linear Regression,True,,12.0,0.140028773695062,0.0871833128029875,0.1,ok,,0,missing_30
596_fri_c2_250_5,regression,250,5,False,A11 A21 A31 A41 A54 A62,,TR1,Decision Tree,True,,10.0,0.3251388956921656,0.1422595248683219,0.07,ok,,0,missing_30
596_fri_c2_250_5,regression,250,5,False,A11 A21 A31 A41 A54 A62,,TR2,Random Forest,True,,4.0,0.5904516594374125,0.0842728047611273,2.17,ok,,0,missing_30
596_fri_c2_250_5,regression,250,5,False,A11 A21 A31 A41 A54 A62,,TR3,Extra Trees,True,,2.0,0.6246981482976246,0.0760311389164737,1.37,ok,,0,missing_30
596_fri_c2_250_5,regression,250,5,False,A11 A21 A31 A41 A54 A62,,EN1,AdaBoost,True,,7.0,0.5612893076260005,0.0451296698447007,0.5,ok,,0,missing_30
596_fri_c2_250_5,regression,250,5,False,A11 A21 A31 A41 A54 A62,,EN2,Gradient Boosting (GBM),True,,1.0,0.6058065426989308,0.0707097612775686,0.51,ok,,0,missing_30
596_fri_c2_250_5,regression,250,5,False,A11 A21 A31 A41 A54 A62,,EN6,Stacking,True,,6.0,0.5014372378728384,0.1069596811131877,0.4,ok,,0,missing_30
596_fri_c2_250_5,regression,250,5,False,A11 A21 A31 A41 A54 A62,,EN7,Voting Ensemble,True,,8.0,0.4612510045636941,0.0512208941220603,0.14,ok,,0,missing_30
596_fri_c2_250_5,regression,250,5,False,A11 A21 A31 A41 A54 A62,,SV1,SVM (linear),True,,17.0,0.1021693207723269,0.0731717101521275,0.05,ok,,0,missing_30
596_fri_c2_250_5,regression,250,5,False,A11 A21 A31 A41 A54 A62,,SV2,Kernel SVM (RBF/Poly),True,,11.0,0.4797741770946867,0.0309477587559327,0.07,ok,,0,missing_30
596_fri_c2_250_5,regression,250,5,False,A11 A21 A31 A41 A54 A62,,IB1,k-Nearest Neighbors,True,,13.0,0.3960424008257132,0.0592479975711994,0.06,ok,,0,missing_30
596_fri_c2_250_5,regression,250,5,False,A11 A21 A31 A41 A54 A62,,NN2,MLP (Feedforward),True,,9.0,0.5338887447256444,0.0821607906528546,2.3,ok,,0,missing_30
596_fri_c2_250_5,regression,250,5,False,A11 A21 A31 A41 A54 A62,,EN3,XGBoost,True,,5.0,0.5287005454669618,0.1176391113720324,0.39,ok,,0,missing_30
596_fri_c2_250_5,regression,250,5,False,A11 A21 A31 A41 A54 A62,,EN4,LightGBM,True,,3.0,0.5939297825994668,0.0982717274804395,0.31,ok,,0,missing_30
596_fri_c2_250_5,regression,250,5,False,A11 A21 A31 A41 A54 A62,,BASE-HGB,Histogram Gradient Boosting (baseline),False,,,0.5880394187369684,0.089748779194557,0.39,ok,,0,missing_30
653_fri_c0_250_25,regression,250,25,False,A11 A21 A31 A41 A54 A62,,LM1,Linear Regression,True,,16.0,0.5126656780805863,0.0921245464815351,0.07,ok,,0,missing_30
653_fri_c0_250_25,regression,250,25,False,A11 A21 A31 A41 A54 A62,,LM3,Ridge Regression,True,,14.0,0.5137236962604939,0.091518948114453,0.07,ok,,0,missing_30
653_fri_c0_250_25,regression,250,25,False,A11 A21 A31 A41 A54 A62,,LM4,Lasso Regression,True,,18.0,-0.0182639695667757,0.0247105058995,0.07,ok,,0,missing_30
653_fri_c0_250_25,regression,250,25,False,A11 A21 A31 A41 A54 A62,,LM5,Elastic Net,True,,19.0,0.0226210187945422,0.0268793561265465,0.08,ok,,0,missing_30
653_fri_c0_250_25,regression,250,25,False,A11 A21 A31 A41 A54 A62,,LM6,Polynomial Regression,True,,15.0,-0.416941813336094,0.1755383224251901,0.1,ok,,0,missing_30
653_fri_c0_250_25,regression,250,25,False,A11 A21 A31 A41 A54 A62,,LM7,Bayesian Linear Regression,True,,12.0,0.523157344257233,0.0840866160293492,0.09,ok,,0,missing_30
653_fri_c0_250_25,regression,250,25,False,A11 A21 A31 A41 A54 A62,,TR1,Decision Tree,True,,10.0,0.1199689901024745,0.1927185597379965,0.09,ok,,0,missing_30
653_fri_c0_250_25,regression,250,25,False,A11 A21 A31 A41 A54 A62,,TR2,Random Forest,True,,4.0,0.4911013272925049,0.0531489266502579,3.11,ok,,0,missing_30
653_fri_c0_250_25,regression,250,25,False,A11 A21 A31 A41 A54 A62,,TR3,Extra Trees,True,,2.0,0.5289720276926209,0.0497748561919535,2.26,ok,,0,missing_30
653_fri_c0_250_25,regression,250,25,False,A11 A21 A31 A41 A54 A62,,EN1,AdaBoost,True,,7.0,0.5176092808083114,0.0480322747814582,0.61,ok,,0,missing_30
653_fri_c0_250_25,regression,250,25,False,A11 A21 A31 A41 A54 A62,,EN2,Gradient Boosting (GBM),True,,1.0,0.4901357534645581,0.0798491036782213,0.89,ok,,0,missing_30
653_fri_c0_250_25,regression,250,25,False,A11 A21 A31 A41 A54 A62,,EN6,Stacking,True,,6.0,0.5239723979075542,0.0686871002593276,0.47,ok,,0,missing_30
653_fri_c0_250_25,regression,250,25,False,A11 A21 A31 A41 A54 A62,,EN7,Voting Ensemble,True,,8.0,0.4823468122929256,0.0373126489788605,0.15,ok,,0,missing_30
653_fri_c0_250_25,regression,250,25,False,A11 A21 A31 A41 A54 A62,,SV1,SVM (linear),True,,17.0,0.4912620424946219,0.1128748209772415,0.12,ok,,0,missing_30
653_fri_c0_250_25,regression,250,25,False,A11 A21 A31 A41 A54 A62,,SV2,Kernel SVM (RBF/Poly),True,,11.0,0.4331245726771517,0.0769021780358532,0.1,ok,,0,missing_30
653_fri_c0_250_25,regression,250,25,False,A11 A21 A31 A41 A54 A62,,IB1,k-Nearest Neighbors,True,,13.0,0.1898122513403296,0.0810199158624062,0.08,ok,,0,missing_30
653_fri_c0_250_25,regression,250,25,False,A11 A21 A31 A41 A54 A62,,NN2,MLP (Feedforward),True,,9.0,0.3205472824413116,0.1410147199887717,1.07,ok,,0,missing_30
653_fri_c0_250_25,regression,250,25,False,A11 A21 A31 A41 A54 A62,,EN3,XGBoost,True,,5.0,0.4323005132764882,0.0644865313377939,0.84,ok,,0,missing_30
653_fri_c0_250_25,regression,250,25,False,A11 A21 A31 A41 A54 A62,,EN4,LightGBM,True,,3.0,0.501792181651908,0.0716983335055401,0.67,ok,,0,missing_30
653_fri_c0_250_25,regression,250,25,False,A11 A21 A31 A41 A54 A62,,BASE-HGB,Histogram Gradient Boosting (baseline),False,,,0.5056692471257253,0.0512764819890338,0.41,ok,,0,missing_30
nikuradse_1,regression,362,2,False,A11 A21 A31 A41 A54 A62,,LM1,Linear Regression,True,,16.0,0.470751499585161,0.0398259255790982,0.05,ok,,0,missing_30
nikuradse_1,regression,362,2,False,A11 A21 A31 A41 A54 A62,,LM3,Ridge Regression,True,,14.0,0.4707508250201111,0.0396602660201644,0.06,ok,,0,missing_30
nikuradse_1,regression,362,2,False,A11 A21 A31 A41 A54 A62,,LM4,Lasso Regression,True,,18.0,-0.0082565382156139,0.0059837713299785,0.05,ok,,0,missing_30
nikuradse_1,regression,362,2,False,A11 A21 A31 A41 A54 A62,,LM5,Elastic Net,True,,19.0,-0.0082565382156139,0.0059837713299785,0.05,ok,,0,missing_30
nikuradse_1,regression,362,2,False,A11 A21 A31 A41 A54 A62,,LM6,Polynomial Regression,True,,15.0,0.6309707404203572,0.0197297232903056,0.06,ok,,0,missing_30
nikuradse_1,regression,362,2,False,A11 A21 A31 A41 A54 A62,,LM7,Bayesian Linear Regression,True,,12.0,0.4707192006861033,0.0394505567590387,0.05,ok,,0,missing_30
nikuradse_1,regression,362,2,False,A11 A21 A31 A41 A54 A62,,TR1,Decision Tree,True,,10.0,0.4107174341910694,0.1062518359403834,0.05,ok,,0,missing_30
nikuradse_1,regression,362,2,False,A11 A21 A31 A41 A54 A62,,TR2,Random Forest,True,,4.0,0.5587227951977913,0.0417236357790784,1.72,ok,,0,missing_30
nikuradse_1,regression,362,2,False,A11 A21 A31 A41 A54 A62,,TR3,Extra Trees,True,,2.0,0.5060213351965493,0.0872265635316563,1.26,ok,,0,missing_30
nikuradse_1,regression,362,2,False,A11 A21 A31 A41 A54 A62,,EN1,AdaBoost,True,,7.0,0.700345210754963,0.0328218537699915,0.12,ok,,0,missing_30
nikuradse_1,regression,362,2,False,A11 A21 A31 A41 A54 A62,,EN2,Gradient Boosting (GBM),True,,1.0,0.6127788597635023,0.0498223528241025,0.36,ok,,0,missing_30
nikuradse_1,regression,362,2,False,A11 A21 A31 A41 A54 A62,,EN6,Stacking,True,,6.0,0.6205215018137803,0.0224752548939443,0.39,ok,,0,missing_30
nikuradse_1,regression,362,2,False,A11 A21 A31 A41 A54 A62,,EN7,Voting Ensemble,True,,8.0,0.6539573474538063,0.028949930529,0.14,ok,,0,missing_30
nikuradse_1,regression,362,2,False,A11 A21 A31 A41 A54 A62,,SV1,SVM (linear),True,,17.0,0.4623430574684614,0.0286163169527801,0.08,ok,,0,missing_30
nikuradse_1,regression,362,2,False,A11 A21 A31 A41 A54 A62,,SV2,Kernel SVM (RBF/Poly),True,,11.0,0.6017984131878464,0.0510423606350129,0.07,ok,,0,missing_30
nikuradse_1,regression,362,2,False,A11 A21 A31 A41 A54 A62,,IB1,k-Nearest Neighbors,True,,13.0,0.5632894954238571,0.0646208937504633,0.06,ok,,0,missing_30
nikuradse_1,regression,362,2,False,A11 A21 A31 A41 A54 A62,,NN2,MLP (Feedforward),True,,9.0,0.5967112945622122,0.0578829334631304,0.49,ok,,0,missing_30
nikuradse_1,regression,362,2,False,A11 A21 A31 A41 A54 A62,,EN3,XGBoost,True,,5.0,0.5481345440677474,0.0917911033980635,0.2,ok,,0,missing_30
nikuradse_1,regression,362,2,False,A11 A21 A31 A41 A54 A62,,EN4,LightGBM,True,,3.0,0.6645184468558465,0.0412647177247998,0.41,ok,,0,missing_30
nikuradse_1,regression,362,2,False,A11 A21 A31 A41 A54 A62,,BASE-HGB,Histogram Gradient Boosting (baseline),False,,,0.6626850183311312,0.0443164605022377,0.36,ok,,0,missing_30
strogatz_glider2,regression,400,2,False,A11 A21 A31 A41 A54 A62,,LM1,Linear Regression,True,,16.0,0.474731502255265,0.1345038490157034,0.06,ok,,0,missing_30
strogatz_glider2,regression,400,2,False,A11 A21 A31 A41 A54 A62,,LM3,Ridge Regression,True,,14.0,0.474743889749973,0.1341280766143481,0.06,ok,,0,missing_30
strogatz_glider2,regression,400,2,False,A11 A21 A31 A41 A54 A62,,LM4,Lasso Regression,True,,18.0,-0.0470499017873848,0.056728664500038,0.07,ok,,0,missing_30
strogatz_glider2,regression,400,2,False,A11 A21 A31 A41 A54 A62,,LM5,Elastic Net,True,,19.0,0.0957108110323645,0.0378664551515556,0.06,ok,,0,missing_30
strogatz_glider2,regression,400,2,False,A11 A21 A31 A41 A54 A62,,LM6,Polynomial Regression,True,,15.0,0.5195894064536015,0.1147159154874174,0.06,ok,,0,missing_30
strogatz_glider2,regression,400,2,False,A11 A21 A31 A41 A54 A62,,LM7,Bayesian Linear Regression,True,,12.0,0.4746080468092811,0.133631936921432,0.06,ok,,0,missing_30
strogatz_glider2,regression,400,2,False,A11 A21 A31 A41 A54 A62,,TR1,Decision Tree,True,,10.0,0.3708375283704828,0.2172575896392789,0.05,ok,,0,missing_30
strogatz_glider2,regression,400,2,False,A11 A21 A31 A41 A54 A62,,TR2,Random Forest,True,,4.0,0.5866236637693707,0.0844707378951974,1.92,ok,,0,missing_30
strogatz_glider2,regression,400,2,False,A11 A21 A31 A41 A54 A62,,TR3,Extra Trees,True,,2.0,0.5816438723701287,0.0920443528978078,1.39,ok,,0,missing_30
strogatz_glider2,regression,400,2,False,A11 A21 A31 A41 A54 A62,,EN1,AdaBoost,True,,7.0,0.5042904555348069,0.0603430999038182,0.15,ok,,0,missing_30
strogatz_glider2,regression,400,2,False,A11 A21 A31 A41 A54 A62,,EN2,Gradient Boosting (GBM),True,,1.0,0.6188772515299066,0.0834377472657871,0.43,ok,,0,missing_30
strogatz_glider2,regression,400,2,False,A11 A21 A31 A41 A54 A62,,EN6,Stacking,True,,6.0,0.4918478132145975,0.1199777188708901,0.43,ok,,0,missing_30
strogatz_glider2,regression,400,2,False,A11 A21 A31 A41 A54 A62,,EN7,Voting Ensemble,True,,8.0,0.5728228877166835,0.0897860999103393,0.12,ok,,0,missing_30
strogatz_glider2,regression,400,2,False,A11 A21 A31 A41 A54 A62,,SV1,SVM (linear),True,,17.0,0.4571173807086228,0.1766326303751718,0.06,ok,,0,missing_30
strogatz_glider2,regression,400,2,False,A11 A21 A31 A41 A54 A62,,SV2,Kernel SVM (RBF/Poly),True,,11.0,0.5197513420466512,0.1138932389646383,0.1,ok,,0,missing_30
strogatz_glider2,regression,400,2,False,A11 A21 A31 A41 A54 A62,,IB1,k-Nearest Neighbors,True,,13.0,0.5201118943657892,0.0816482139109238,0.07,ok,,0,missing_30
strogatz_glider2,regression,400,2,False,A11 A21 A31 A41 A54 A62,,NN2,MLP (Feedforward),True,,9.0,0.5469617348102398,0.1123267770987618,1.58,ok,,0,missing_30
strogatz_glider2,regression,400,2,False,A11 A21 A31 A41 A54 A62,,EN3,XGBoost,True,,5.0,0.5512946881571095,0.0951880429618104,0.28,ok,,0,missing_30
strogatz_glider2,regression,400,2,False,A11 A21 A31 A41 A54 A62,,EN4,LightGBM,True,,3.0,0.5858098248926449,0.0908932593900123,0.59,ok,,0,missing_30
strogatz_glider2,regression,400,2,False,A11 A21 A31 A41 A54 A62,,BASE-HGB,Histogram Gradient Boosting (baseline),False,,,0.5872663904564663,0.0938232784748503,0.38,ok,,0,missing_30
strogatz_vdp2,regression,400,2,False,A11 A21 A31 A41 A53 A62,,LM1,Linear Regression,True,,16.0,0.7373727421889404,0.0638601346807644,0.06,ok,,0,missing_30
strogatz_vdp2,regression,400,2,False,A11 A21 A31 A41 A53 A62,,LM3,Ridge Regression,True,,14.0,0.7373539009159064,0.0637083679366779,0.05,ok,,0,missing_30
strogatz_vdp2,regression,400,2,False,A11 A21 A31 A41 A53 A62,,LM4,Lasso Regression,True,,18.0,-0.0046651785696108,0.0056932659216202,0.05,ok,,0,missing_30
strogatz_vdp2,regression,400,2,False,A11 A21 A31 A41 A53 A62,,LM5,Elastic Net,True,,19.0,-0.0046651785696108,0.0056932659216202,0.06,ok,,0,missing_30
strogatz_vdp2,regression,400,2,False,A11 A21 A31 A41 A53 A62,,LM6,Polynomial Regression,True,,15.0,0.7382532438017634,0.066959923221144,0.06,ok,,0,missing_30
strogatz_vdp2,regression,400,2,False,A11 A21 A31 A41 A53 A62,,LM7,Bayesian Linear Regression,True,,12.0,0.7373458233535086,0.0637283202062768,0.05,ok,,0,missing_30
strogatz_vdp2,regression,400,2,False,A11 A21 A31 A41 A53 A62,,TR1,Decision Tree,True,,10.0,0.6162584902279967,0.1427952624686545,0.05,ok,,0,missing_30
strogatz_vdp2,regression,400,2,False,A11 A21 A31 A41 A53 A62,,TR2,Random Forest,True,,4.0,0.707545416467316,0.0827776612357397,1.81,ok,,0,missing_30
strogatz_vdp2,regression,400,2,False,A11 A21 A31 A41 A53 A62,,TR3,Extra Trees,True,,2.0,0.6843284515001955,0.0878270905315058,1.43,ok,,0,missing_30
strogatz_vdp2,regression,400,2,False,A11 A21 A31 A41 A53 A62,,EN1,AdaBoost,True,,7.0,0.7459916374624415,0.056367149578578,0.12,ok,,0,missing_30
strogatz_vdp2,regression,400,2,False,A11 A21 A31 A41 A53 A62,,EN2,Gradient Boosting (GBM),True,,1.0,0.7453672787177879,0.0527171449657772,0.43,ok,,0,missing_30
strogatz_vdp2,regression,400,2,False,A11 A21 A31 A41 A53 A62,,EN6,Stacking,True,,6.0,0.7350011480275693,0.047053870193291,0.41,ok,,0,missing_30
strogatz_vdp2,regression,400,2,False,A11 A21 A31 A41 A53 A62,,EN7,Voting Ensemble,True,,8.0,0.7495267393859754,0.0549354537407082,0.19,ok,,0,missing_30
strogatz_vdp2,regression,400,2,False,A11 A21 A31 A41 A53 A62,,SV1,SVM (linear),True,,17.0,0.7092255918264252,0.0772395210207434,0.11,ok,,0,missing_30
strogatz_vdp2,regression,400,2,False,A11 A21 A31 A41 A53 A62,,SV2,Kernel SVM (RBF/Poly),True,,11.0,0.1927801696002544,0.0857402048497045,0.06,ok,,0,missing_30
strogatz_vdp2,regression,400,2,False,A11 A21 A31 A41 A53 A62,,IB1,k-Nearest Neighbors,True,,13.0,0.7057429433511757,0.1031426530366322,0.07,ok,,0,missing_30
strogatz_vdp2,regression,400,2,False,A11 A21 A31 A41 A53 A62,,NN2,MLP (Feedforward),True,,9.0,0.6887872191575098,0.0650600920022845,0.25,ok,,0,missing_30
strogatz_vdp2,regression,400,2,False,A11 A21 A31 A41 A53 A62,,EN3,XGBoost,True,,5.0,0.6651442655412539,0.0939378990842835,0.21,ok,,0,missing_30
strogatz_vdp2,regression,400,2,False,A11 A21 A31 A41 A53 A62,,EN4,LightGBM,True,,3.0,0.7583311134097172,0.0502450934474667,0.78,ok,,0,missing_30
strogatz_vdp2,regression,400,2,False,A11 A21 A31 A41 A53 A62,,BASE-HGB,Histogram Gradient Boosting (baseline),False,,,0.7632919363460738,0.0453955825694143,0.45,ok,,0,missing_30
556_analcatdata_apnea2,regression,475,3,False,A11 A21 A38 A41 A54 A62,,LM1,Linear Regression,True,,16.0,0.0646032433925554,0.0998681447136017,0.13,ok,,0,missing_30
556_analcatdata_apnea2,regression,475,3,False,A11 A21 A38 A41 A54 A62,,LM3,Ridge Regression,True,,14.0,0.0652444268223861,0.0985368904205959,0.13,ok,,0,missing_30
556_analcatdata_apnea2,regression,475,3,False,A11 A21 A38 A41 A54 A62,,LM4,Lasso Regression,True,,18.0,0.0649106667987803,0.0994427789812966,0.13,ok,,0,missing_30
556_analcatdata_apnea2,regression,475,3,False,A11 A21 A38 A41 A54 A62,,LM5,Elastic Net,True,,19.0,0.0312429089159858,0.0267705064267224,0.11,ok,,0,missing_30
556_analcatdata_apnea2,regression,475,3,False,A11 A21 A38 A41 A54 A62,,LM6,Polynomial Regression,True,,15.0,0.1038574706624971,0.1366879681981634,0.11,ok,,0,missing_30
556_analcatdata_apnea2,regression,475,3,False,A11 A21 A38 A41 A54 A62,,LM7,Bayesian Linear Regression,True,,12.0,0.073175129845539,0.08339035154256,0.11,ok,,0,missing_30
556_analcatdata_apnea2,regression,475,3,False,A11 A21 A38 A41 A54 A62,,TR1,Decision Tree,True,,10.0,-0.5272096080167199,0.479594320049429,0.1,ok,,0,missing_30
556_analcatdata_apnea2,regression,475,3,False,A11 A21 A38 A41 A54 A62,,TR2,Random Forest,True,,4.0,-0.2665564972971885,0.2598893424881371,1.98,ok,,0,missing_30
556_analcatdata_apnea2,regression,475,3,False,A11 A21 A38 A41 A54 A62,,TR3,Extra Trees,True,,2.0,-0.3666107606000935,0.2482797042876812,1.54,ok,,0,missing_30
556_analcatdata_apnea2,regression,475,3,False,A11 A21 A38 A41 A54 A62,,EN1,AdaBoost,True,,7.0,-0.4198946027028539,0.5722365511746119,0.2,ok,,0,missing_30
556_analcatdata_apnea2,regression,475,3,False,A11 A21 A38 A41 A54 A62,,EN2,Gradient Boosting (GBM),True,,1.0,-0.1051161800831739,0.2029138033377486,0.45,ok,,0,missing_30
556_analcatdata_apnea2,regression,475,3,False,A11 A21 A38 A41 A54 A62,,EN6,Stacking,True,,6.0,0.0676803382225619,0.1405566668257472,0.49,ok,,0,missing_30
556_analcatdata_apnea2,regression,475,3,False,A11 A21 A38 A41 A54 A62,,EN7,Voting Ensemble,True,,8.0,0.0252215214818863,0.1567438830817598,0.19,ok,,0,missing_30
556_analcatdata_apnea2,regression,475,3,False,A11 A21 A38 A41 A54 A62,,SV1,SVM (linear),True,,17.0,-0.0715988256994772,0.027524620752231,0.1,ok,,0,missing_30
556_analcatdata_apnea2,regression,475,3,False,A11 A21 A38 A41 A54 A62,,SV2,Kernel SVM (RBF/Poly),True,,11.0,-0.0732224987343022,0.027142068013416,0.15,ok,,0,missing_30
556_analcatdata_apnea2,regression,475,3,False,A11 A21 A38 A41 A54 A62,,IB1,k-Nearest Neighbors,True,,13.0,-0.0502705548764429,0.2069044819338541,0.17,ok,,0,missing_30
556_analcatdata_apnea2,regression,475,3,False,A11 A21 A38 A41 A54 A62,,NN2,MLP (Feedforward),True,,9.0,0.0081209867278491,0.0267929367756925,4.0,ok,,0,missing_30
556_analcatdata_apnea2,regression,475,3,False,A11 A21 A38 A41 A54 A62,,EN3,XGBoost,True,,5.0,-0.3187193669560053,0.1622038332469712,0.32,ok,,0,missing_30
556_analcatdata_apnea2,regression,475,3,False,A11 A21 A38 A41 A54 A62,,EN4,LightGBM,True,,3.0,-0.0128406767832019,0.2080964832643827,0.66,ok,,0,missing_30
556_analcatdata_apnea2,regression,475,3,False,A11 A21 A38 A41 A54 A62,,BASE-HGB,Histogram Gradient Boosting (baseline),False,,,-0.0128408472931758,0.2080961882763035,0.59,ok,,0,missing_30
645_fri_c3_500_50,regression,500,50,False,A11 A21 A31 A41 A54 A62,,LM1,Linear Regression,True,,16.0,0.0193433394275621,0.0785206550906311,0.1,ok,,0,missing_30
645_fri_c3_500_50,regression,500,50,False,A11 A21 A31 A41 A54 A62,,LM3,Ridge Regression,True,,14.0,0.0204852331827208,0.0783935492990099,0.12,ok,,0,missing_30
645_fri_c3_500_50,regression,500,50,False,A11 A21 A31 A41 A54 A62,,LM4,Lasso Regression,True,,18.0,-0.0209016875181154,0.0287063004057392,0.09,ok,,0,missing_30
645_fri_c3_500_50,regression,500,50,False,A11 A21 A31 A41 A54 A62,,LM5,Elastic Net,True,,19.0,-0.0209016875181154,0.0287063004057392,0.09,ok,,0,missing_30
645_fri_c3_500_50,regression,500,50,False,A11 A21 A31 A41 A54 A62,,LM6,Polynomial Regression,True,,15.0,-0.2697034798434699,0.0873319747292085,0.24,ok,,0,missing_30
645_fri_c3_500_50,regression,500,50,False,A11 A21 A31 A41 A54 A62,,LM7,Bayesian Linear Regression,True,,12.0,0.0999140020891531,0.0638494310721397,0.15,ok,,0,missing_30
645_fri_c3_500_50,regression,500,50,False,A11 A21 A31 A41 A54 A62,,TR1,Decision Tree,True,,10.0,-0.0085366250326296,0.1337000438862743,0.18,ok,,0,missing_30
645_fri_c3_500_50,regression,500,50,False,A11 A21 A31 A41 A54 A62,,TR2,Random Forest,True,,4.0,0.5154086045312041,0.0744560661343268,9.01,ok,,0,missing_30
645_fri_c3_500_50,regression,500,50,False,A11 A21 A31 A41 A54 A62,,TR3,Extra Trees,True,,2.0,0.5542594183396903,0.0710347788806642,5.39,ok,,0,missing_30
645_fri_c3_500_50,regression,500,50,False,A11 A21 A31 A41 A54 A62,,EN1,AdaBoost,True,,7.0,0.3955272214579839,0.0268944303603057,1.12,ok,,0,missing_30
645_fri_c3_500_50,regression,500,50,False,A11 A21 A31 A41 A54 A62,,EN2,Gradient Boosting (GBM),True,,1.0,0.5467119871343638,0.0853145489282948,2.37,ok,,0,missing_30
645_fri_c3_500_50,regression,500,50,False,A11 A21 A31 A41 A54 A62,,EN6,Stacking,True,,6.0,0.3496207682060802,0.0893741992458297,0.61,ok,,0,missing_30
645_fri_c3_500_50,regression,500,50,False,A11 A21 A31 A41 A54 A62,,EN7,Voting Ensemble,True,,8.0,0.3011080790792827,0.0646881410720106,0.2,ok,,0,missing_30
645_fri_c3_500_50,regression,500,50,False,A11 A21 A31 A41 A54 A62,,SV1,SVM (linear),True,,17.0,-0.0383604993180316,0.1164227482401133,0.37,ok,,0,missing_30
645_fri_c3_500_50,regression,500,50,False,A11 A21 A31 A41 A54 A62,,SV2,Kernel SVM (RBF/Poly),True,,11.0,0.0918027843035381,0.0764123275999418,0.2,ok,,0,missing_30
645_fri_c3_500_50,regression,500,50,False,A11 A21 A31 A41 A54 A62,,IB1,k-Nearest Neighbors,True,,13.0,-0.0031547854800058,0.0741611666798559,0.1,ok,,0,missing_30
645_fri_c3_500_50,regression,500,50,False,A11 A21 A31 A41 A54 A62,,NN2,MLP (Feedforward),True,,9.0,-0.3443379556835071,0.1133426798281801,1.73,ok,,0,missing_30
645_fri_c3_500_50,regression,500,50,False,A11 A21 A31 A41 A54 A62,,EN3,XGBoost,True,,5.0,0.4519661602100201,0.0750348335922057,3.25,ok,,0,missing_30
645_fri_c3_500_50,regression,500,50,False,A11 A21 A31 A41 A54 A62,,EN4,LightGBM,True,,3.0,0.5326843281689212,0.063051139107747,1.27,ok,,0,missing_30
645_fri_c3_500_50,regression,500,50,False,A11 A21 A31 A41 A54 A62,,BASE-HGB,Histogram Gradient Boosting (baseline),False,,,0.5174927751574518,0.070973111055932,1.54,ok,,0,missing_30
627_fri_c2_500_10,regression,500,10,False,A11 A21 A31 A41 A54 A62,,LM1,Linear Regression,True,,16.0,0.1711467459721944,0.0652537118127293,0.07,ok,,0,missing_30
627_fri_c2_500_10,regression,500,10,False,A11 A21 A31 A41 A54 A62,,LM3,Ridge Regression,True,,14.0,0.1713443761762334,0.0650393529909411,0.06,ok,,0,missing_30
627_fri_c2_500_10,regression,500,10,False,A11 A21 A31 A41 A54 A62,,LM4,Lasso Regression,True,,18.0,-0.0075166228274473,0.0086286604140968,0.06,ok,,0,missing_30
627_fri_c2_500_10,regression,500,10,False,A11 A21 A31 A41 A54 A62,,LM5,Elastic Net,True,,19.0,-0.0075166228274473,0.0086286604140968,0.06,ok,,0,missing_30
627_fri_c2_500_10,regression,500,10,False,A11 A21 A31 A41 A54 A62,,LM6,Polynomial Regression,True,,15.0,0.0740800013422993,0.1555645974993238,0.09,ok,,0,missing_30
627_fri_c2_500_10,regression,500,10,False,A11 A21 A31 A41 A54 A62,,LM7,Bayesian Linear Regression,True,,12.0,0.1765627931153748,0.0566616922613578,0.07,ok,,0,missing_30
627_fri_c2_500_10,regression,500,10,False,A11 A21 A31 A41 A54 A62,,TR1,Decision Tree,True,,10.0,0.2099364280025092,0.2582055227406541,0.07,ok,,0,missing_30
627_fri_c2_500_10,regression,500,10,False,A11 A21 A31 A41 A54 A62,,TR2,Random Forest,True,,4.0,0.6062756513722432,0.0565303939011106,3.38,ok,,0,missing_30
627_fri_c2_500_10,regression,500,10,False,A11 A21 A31 A41 A54 A62,,TR3,Extra Trees,True,,2.0,0.638330852844964,0.034184512720791,2.26,ok,,0,missing_30
627_fri_c2_500_10,regression,500,10,False,A11 A21 A31 A41 A54 A62,,EN1,AdaBoost,True,,7.0,0.5218790631821243,0.0630755804204732,0.6,ok,,0,missing_30
627_fri_c2_500_10,regression,500,10,False,A11 A21 A31 A41 A54 A62,,EN2,Gradient Boosting (GBM),True,,1.0,0.6656349408836227,0.0412556642890417,0.81,ok,,0,missing_30
627_fri_c2_500_10,regression,500,10,False,A11 A21 A31 A41 A54 A62,,EN6,Stacking,True,,6.0,0.4844435383814522,0.0820542001323152,0.45,ok,,0,missing_30
627_fri_c2_500_10,regression,500,10,False,A11 A21 A31 A41 A54 A62,,EN7,Voting Ensemble,True,,8.0,0.442348261350698,0.0628866225477272,0.13,ok,,0,missing_30
627_fri_c2_500_10,regression,500,10,False,A11 A21 A31 A41 A54 A62,,SV1,SVM (linear),True,,17.0,0.1427017123603693,0.0495149455348524,0.07,ok,,0,missing_30
627_fri_c2_500_10,regression,500,10,False,A11 A21 A31 A41 A54 A62,,SV2,Kernel SVM (RBF/Poly),True,,11.0,0.3417075707670857,0.0673319944165921,0.11,ok,,0,missing_30
627_fri_c2_500_10,regression,500,10,False,A11 A21 A31 A41 A54 A62,,IB1,k-Nearest Neighbors,True,,13.0,0.2563024317666634,0.0987921165031397,0.07,ok,,0,missing_30
627_fri_c2_500_10,regression,500,10,False,A11 A21 A31 A41 A54 A62,,NN2,MLP (Feedforward),True,,9.0,0.3312244566407189,0.1536052493381878,4.57,ok,,0,missing_30
627_fri_c2_500_10,regression,500,10,False,A11 A21 A31 A41 A54 A62,,EN3,XGBoost,True,,5.0,0.5731460298391416,0.0939563410529574,0.89,ok,,0,missing_30
627_fri_c2_500_10,regression,500,10,False,A11 A21 A31 A41 A54 A62,,EN4,LightGBM,True,,3.0,0.6441342016269693,0.0354712590414141,0.7,ok,,0,missing_30
627_fri_c2_500_10,regression,500,10,False,A11 A21 A31 A41 A54 A62,,BASE-HGB,Histogram Gradient Boosting (baseline),False,,,0.6357546692002355,0.0373847732674897,0.67,ok,,0,missing_30
581_fri_c3_500_25,regression,500,25,False,A11 A21 A31 A41 A54 A62,,LM1,Linear Regression,True,,16.0,0.1180923565990271,0.0979544168103464,0.07,ok,,0,missing_30
581_fri_c3_500_25,regression,500,25,False,A11 A21 A31 A41 A54 A62,,LM3,Ridge Regression,True,,14.0,0.1185651879312254,0.0973376964457669,0.08,ok,,0,missing_30
581_fri_c3_500_25,regression,500,25,False,A11 A21 A31 A41 A54 A62,,LM4,Lasso Regression,True,,18.0,-0.026462538318629,0.027865171033198,0.07,ok,,0,missing_30
581_fri_c3_500_25,regression,500,25,False,A11 A21 A31 A41 A54 A62,,LM5,Elastic Net,True,,19.0,-0.026462538318629,0.027865171033198,0.07,ok,,0,missing_30
581_fri_c3_500_25,regression,500,25,False,A11 A21 A31 A41 A54 A62,,LM6,Polynomial Regression,True,,15.0,-4.862971975446687,1.8877662486443323,0.12,ok,,0,missing_30
581_fri_c3_500_25,regression,500,25,False,A11 A21 A31 A41 A54 A62,,LM7,Bayesian Linear Regression,True,,12.0,0.1324777010209126,0.0638515930085601,0.08,ok,,0,missing_30
581_fri_c3_500_25,regression,500,25,False,A11 A21 A31 A41 A54 A62,,TR1,Decision Tree,True,,10.0,-0.0644238137791991,0.3704847377076474,0.11,ok,,0,missing_30
581_fri_c3_500_25,regression,500,25,False,A11 A21 A31 A41 A54 A62,,TR2,Random Forest,True,,4.0,0.5479092172863851,0.0899446182964384,5.22,ok,,0,missing_30
581_fri_c3_500_25,regression,500,25,False,A11 A21 A31 A41 A54 A62,,TR3,Extra Trees,True,,2.0,0.5776281764594724,0.0323268731748877,3.34,ok,,0,missing_30
581_fri_c3_500_25,regression,500,25,False,A11 A21 A31 A41 A54 A62,,EN1,AdaBoost,True,,7.0,0.432264922532965,0.0979632284331362,0.8,ok,,0,missing_30
581_fri_c3_500_25,regression,500,25,False,A11 A21 A31 A41 A54 A62,,EN2,Gradient Boosting (GBM),True,,1.0,0.5855053499909411,0.0819066100106539,1.29,ok,,0,missing_30
581_fri_c3_500_25,regression,500,25,False,A11 A21 A31 A41 A54 A62,,EN6,Stacking,True,,6.0,0.3471210857724439,0.0859683042969969,0.49,ok,,0,missing_30
581_fri_c3_500_25,regression,500,25,False,A11 A21 A31 A41 A54 A62,,EN7,Voting Ensemble,True,,8.0,0.3300047074528918,0.0669266576350307,0.26,ok,,0,missing_30
581_fri_c3_500_25,regression,500,25,False,A11 A21 A31 A41 A54 A62,,SV1,SVM (linear),True,,17.0,0.0432646408856738,0.1218956293552392,0.17,ok,,0,missing_30
581_fri_c3_500_25,regression,500,25,False,A11 A21 A31 A41 A54 A62,,SV2,Kernel SVM (RBF/Poly),True,,11.0,0.1373772187310044,0.0675528530752771,0.14,ok,,0,missing_30
581_fri_c3_500_25,regression,500,25,False,A11 A21 A31 A41 A54 A62,,IB1,k-Nearest Neighbors,True,,13.0,0.0783825097610276,0.1197247261166947,0.08,ok,,0,missing_30
581_fri_c3_500_25,regression,500,25,False,A11 A21 A31 A41 A54 A62,,NN2,MLP (Feedforward),True,,9.0,-0.3492516208540671,0.190900009575999,2.8,ok,,0,missing_30
581_fri_c3_500_25,regression,500,25,False,A11 A21 A31 A41 A54 A62,,EN3,XGBoost,True,,5.0,0.5370823743487172,0.1022931308050419,1.75,ok,,0,missing_30
581_fri_c3_500_25,regression,500,25,False,A11 A21 A31 A41 A54 A62,,EN4,LightGBM,True,,3.0,0.5353532645534429,0.0758479582033383,0.6,ok,,0,missing_30
581_fri_c3_500_25,regression,500,25,False,A11 A21 A31 A41 A54 A62,,BASE-HGB,Histogram Gradient Boosting (baseline),False,,,0.5671014814978952,0.0873118895774885,0.92,ok,,0,missing_30
641_fri_c1_500_10,regression,500,10,False,A11 A21 A31 A41 A53 A62,,LM1,Linear Regression,True,,16.0,0.1597225053676582,0.0436893034258874,0.06,ok,,0,missing_30
641_fri_c1_500_10,regression,500,10,False,A11 A21 A31 A41 A53 A62,,LM3,Ridge Regression,True,,14.0,0.159833301083274,0.0434920087029763,0.05,ok,,0,missing_30
641_fri_c1_500_10,regression,500,10,False,A11 A21 A31 A41 A53 A62,,LM4,Lasso Regression,True,,18.0,-0.0168173376342489,0.0159847691922924,0.05,ok,,0,missing_30
641_fri_c1_500_10,regression,500,10,False,A11 A21 A31 A41 A53 A62,,LM5,Elastic Net,True,,19.0,-0.0168173376342489,0.0159847691922924,0.05,ok,,0,missing_30
641_fri_c1_500_10,regression,500,10,False,A11 A21 A31 A41 A53 A62,,LM6,Polynomial Regression,True,,15.0,0.0190583626988429,0.0733188535106884,0.06,ok,,0,missing_30
641_fri_c1_500_10,regression,500,10,False,A11 A21 A31 A41 A53 A62,,LM7,Bayesian Linear Regression,True,,12.0,0.1616840438893179,0.0359651929792641,0.06,ok,,0,missing_30
641_fri_c1_500_10,regression,500,10,False,A11 A21 A31 A41 A53 A62,,TR1,Decision Tree,True,,10.0,0.1540971918651578,0.1813931561067985,0.06,ok,,0,missing_30
641_fri_c1_500_10,regression,500,10,False,A11 A21 A31 A41 A53 A62,,TR2,Random Forest,True,,4.0,0.6191607402555677,0.0777849389647396,3.06,ok,,0,missing_30
641_fri_c1_500_10,regression,500,10,False,A11 A21 A31 A41 A53 A62,,TR3,Extra Trees,True,,2.0,0.6258442550411616,0.0755856293938099,2.26,ok,,0,missing_30
641_fri_c1_500_10,regression,500,10,False,A11 A21 A31 A41 A53 A62,,EN1,AdaBoost,True,,7.0,0.4791414665439706,0.0735611890823992,0.54,ok,,0,missing_30
641_fri_c1_500_10,regression,500,10,False,A11 A21 A31 A41 A53 A62,,EN2,Gradient Boosting (GBM),True,,1.0,0.6330953439990473,0.0639795671573781,0.75,ok,,0,missing_30
641_fri_c1_500_10,regression,500,10,False,A11 A21 A31 A41 A53 A62,,EN6,Stacking,True,,6.0,0.4316055568601442,0.0973475336403431,0.44,ok,,0,missing_30
641_fri_c1_500_10,regression,500,10,False,A11 A21 A31 A41 A53 A62,,EN7,Voting Ensemble,True,,8.0,0.390368036289038,0.0699554143433222,0.14,ok,,0,missing_30
641_fri_c1_500_10,regression,500,10,False,A11 A21 A31 A41 A53 A62,,SV1,SVM (linear),True,,17.0,0.1326460681818996,0.0273313054907092,0.07,ok,,0,missing_30
641_fri_c1_500_10,regression,500,10,False,A11 A21 A31 A41 A53 A62,,SV2,Kernel SVM (RBF/Poly),True,,11.0,0.2412021754698303,0.0436344372049871,0.12,ok,,0,missing_30
641_fri_c1_500_10,regression,500,10,False,A11 A21 A31 A41 A53 A62,,IB1,k-Nearest Neighbors,True,,13.0,0.162075913648669,0.0726252645011013,0.07,ok,,0,missing_30
641_fri_c1_500_10,regression,500,10,False,A11 A21 A31 A41 A53 A62,,NN2,MLP (Feedforward),True,,9.0,0.2788185934112778,0.0807034377159703,4.52,ok,,0,missing_30
641_fri_c1_500_10,regression,500,10,False,A11 A21 A31 A41 A53 A62,,EN3,XGBoost,True,,5.0,0.5866988307608204,0.0506754343822779,0.74,ok,,0,missing_30
641_fri_c1_500_10,regression,500,10,False,A11 A21 A31 A41 A53 A62,,EN4,LightGBM,True,,3.0,0.6126941049647462,0.0764994782223979,7.15,ok,,0,missing_30
641_fri_c1_500_10,regression,500,10,False,A11 A21 A31 A41 A53 A62,,BASE-HGB,Histogram Gradient Boosting (baseline),False,,,0.6077539285574556,0.0678657494324806,0.96,ok,,0,missing_30
589_fri_c2_1000_25,regression,1000,25,False,A11 A21 A31 A41 A53 A62,,LM1,Linear Regression,True,,16.0,0.1903577406329074,0.0725146291623786,0.12,ok,,0,missing_30
589_fri_c2_1000_25,regression,1000,25,False,A11 A21 A31 A41 A53 A62,,LM3,Ridge Regression,True,,14.0,0.1904344793766142,0.0724376932551163,0.13,ok,,0,missing_30
589_fri_c2_1000_25,regression,1000,25,False,A11 A21 A31 A41 A53 A62,,LM4,Lasso Regression,True,,18.0,-0.0167119553598716,0.0194952607578626,0.07,ok,,0,missing_30
589_fri_c2_1000_25,regression,1000,25,False,A11 A21 A31 A41 A53 A62,,LM5,Elastic Net,True,,19.0,-0.0167119553598716,0.0194952607578626,0.17,ok,,0,missing_30
589_fri_c2_1000_25,regression,1000,25,False,A11 A21 A31 A41 A53 A62,,LM6,Polynomial Regression,True,,15.0,-0.3848831228761026,0.2372511032733649,0.22,ok,,0,missing_30
589_fri_c2_1000_25,regression,1000,25,False,A11 A21 A31 A41 A53 A62,,LM7,Bayesian Linear Regression,True,,12.0,0.1940265879633714,0.0652485238007457,0.14,ok,,0,missing_30
589_fri_c2_1000_25,regression,1000,25,False,A11 A21 A31 A41 A53 A62,,TR1,Decision Tree,True,,10.0,0.2596335123809534,0.0390876690509773,0.16,ok,,0,missing_30
589_fri_c2_1000_25,regression,1000,25,False,A11 A21 A31 A41 A53 A62,,TR2,Random Forest,True,,4.0,0.6339830483067584,0.0269985421149117,10.04,ok,,0,missing_30
589_fri_c2_1000_25,regression,1000,25,False,A11 A21 A31 A41 A53 A62,,TR3,Extra Trees,True,,2.0,0.6535679114067305,0.0182684366309209,5.47,ok,,0,missing_30
589_fri_c2_1000_25,regression,1000,25,False,A11 A21 A31 A41 A53 A62,,EN1,AdaBoost,True,,7.0,0.5150728465437409,0.0343313281845234,1.05,ok,,0,missing_30
589_fri_c2_1000_25,regression,1000,25,False,A11 A21 A31 A41 A53 A62,,EN2,Gradient Boosting (GBM),True,,1.0,0.6390732667697014,0.0331637916625937,2.32,ok,,0,missing_30
589_fri_c2_1000_25,regression,1000,25,False,A11 A21 A31 A41 A53 A62,,EN6,Stacking,True,,6.0,0.5286694295992148,0.041192164747355,0.71,ok,,0,missing_30
589_fri_c2_1000_25,regression,1000,25,False,A11 A21 A31 A41 A53 A62,,EN7,Voting Ensemble,True,,8.0,0.4275069580149664,0.0429503967492021,0.24,ok,,0,missing_30
589_fri_c2_1000_25,regression,1000,25,False,A11 A21 A31 A41 A53 A62,,SV1,SVM (linear),True,,17.0,0.1544290856762531,0.0842838211483932,0.18,ok,,0,missing_30
589_fri_c2_1000_25,regression,1000,25,False,A11 A21 A31 A41 A53 A62,,SV2,Kernel SVM (RBF/Poly),True,,11.0,0.2162727947139668,0.0856729412964895,0.47,ok,,0,missing_30
589_fri_c2_1000_25,regression,1000,25,False,A11 A21 A31 A41 A53 A62,,IB1,k-Nearest Neighbors,True,,13.0,0.0943424806380586,0.0771005981592206,0.12,ok,,0,missing_30
589_fri_c2_1000_25,regression,1000,25,False,A11 A21 A31 A41 A53 A62,,NN2,MLP (Feedforward),True,,9.0,-0.3044182385789428,0.1278531340524512,7.23,ok,,0,missing_30
589_fri_c2_1000_25,regression,1000,25,False,A11 A21 A31 A41 A53 A62,,EN3,XGBoost,True,,5.0,0.6048834049188485,0.0485730549206264,2.06,ok,,0,missing_30
589_fri_c2_1000_25,regression,1000,25,False,A11 A21 A31 A41 A53 A62,,EN4,LightGBM,True,,3.0,0.6280443852850371,0.0445295780128244,2.88,ok,,0,missing_30
589_fri_c2_1000_25,regression,1000,25,False,A11 A21 A31 A41 A53 A62,,BASE-HGB,Histogram Gradient Boosting (baseline),False,,,0.620750268026079,0.0384238977991529,1.58,ok,,0,missing_30
598_fri_c0_1000_25,regression,1000,25,False,A11 A21 A31 A41 A53 A62,,LM1,Linear Regression,True,,16.0,0.504222598407039,0.0297079410016344,0.08,ok,,0,missing_30
598_fri_c0_1000_25,regression,1000,25,False,A11 A21 A31 A41 A53 A62,,LM3,Ridge Regression,True,,14.0,0.504283493349127,0.0296542620060163,0.07,ok,,0,missing_30
598_fri_c0_1000_25,regression,1000,25,False,A11 A21 A31 A41 A53 A62,,LM4,Lasso Regression,True,,18.0,-0.0018549048064634,0.0015655964268132,0.07,ok,,0,missing_30
598_fri_c0_1000_25,regression,1000,25,False,A11 A21 A31 A41 A53 A62,,LM5,Elastic Net,True,,19.0,-0.0018549048064634,0.0015655964268132,0.08,ok,,0,missing_30
598_fri_c0_1000_25,regression,1000,25,False,A11 A21 A31 A41 A53 A62,,LM6,Polynomial Regression,True,,15.0,0.2948056267539333,0.0669196844202543,0.15,ok,,0,missing_30
598_fri_c0_1000_25,regression,1000,25,False,A11 A21 A31 A41 A53 A62,,LM7,Bayesian Linear Regression,True,,12.0,0.5051003148043544,0.0285022753019671,0.08,ok,,0,missing_30
598_fri_c0_1000_25,regression,1000,25,False,A11 A21 A31 A41 A53 A62,,TR1,Decision Tree,True,,10.0,0.0796076972852988,0.0713802221118754,0.14,ok,,0,missing_30
598_fri_c0_1000_25,regression,1000,25,False,A11 A21 A31 A41 A53 A62,,TR2,Random Forest,True,,4.0,0.5352255276081802,0.0185323968200904,9.49,ok,,0,missing_30
598_fri_c0_1000_25,regression,1000,25,False,A11 A21 A31 A41 A53 A62,,TR3,Extra Trees,True,,2.0,0.5604940959809844,0.0102765216543295,6.65,ok,,0,missing_30
598_fri_c0_1000_25,regression,1000,25,False,A11 A21 A31 A41 A53 A62,,EN1,AdaBoost,True,,7.0,0.4532663989903033,0.0238907000373699,1.26,ok,,0,missing_30
598_fri_c0_1000_25,regression,1000,25,False,A11 A21 A31 A41 A53 A62,,EN2,Gradient Boosting (GBM),True,,1.0,0.5745993714155009,0.0159365879415563,2.59,ok,,0,missing_30
598_fri_c0_1000_25,regression,1000,25,False,A11 A21 A31 A41 A53 A62,,EN6,Stacking,True,,6.0,0.512008788962755,0.0230234666328614,0.66,ok,,0,missing_30
598_fri_c0_1000_25,regression,1000,25,False,A11 A21 A31 A41 A53 A62,,EN7,Voting Ensemble,True,,8.0,0.4751069907228458,0.0214160368201612,0.22,ok,,0,missing_30
598_fri_c0_1000_25,regression,1000,25,False,A11 A21 A31 A41 A53 A62,,SV1,SVM (linear),True,,17.0,0.4860083154538903,0.03258692250562,0.19,ok,,0,missing_30
598_fri_c0_1000_25,regression,1000,25,False,A11 A21 A31 A41 A53 A62,,SV2,Kernel SVM (RBF/Poly),True,,11.0,0.5012929415140654,0.0073664805530601,0.46,ok,,0,missing_30
598_fri_c0_1000_25,regression,1000,25,False,A11 A21 A31 A41 A53 A62,,IB1,k-Nearest Neighbors,True,,13.0,0.223814401345815,0.0412117377136429,0.09,ok,,0,missing_30
598_fri_c0_1000_25,regression,1000,25,False,A11 A21 A31 A41 A53 A62,,NN2,MLP (Feedforward),True,,9.0,0.2516460128036349,0.040623451471012,6.49,ok,,0,missing_30
598_fri_c0_1000_25,regression,1000,25,False,A11 A21 A31 A41 A53 A62,,EN3,XGBoost,True,,5.0,0.5198072497836688,0.0197896511007271,2.03,ok,,0,missing_30
598_fri_c0_1000_25,regression,1000,25,False,A11 A21 A31 A41 A53 A62,,EN4,LightGBM,True,,3.0,0.55916211930276,0.034743336789747,4.26,ok,,0,missing_30
598_fri_c0_1000_25,regression,1000,25,False,A11 A21 A31 A41 A53 A62,,BASE-HGB,Histogram Gradient Boosting (baseline),False,,,0.5645342608129675,0.0325088481291603,1.77,ok,,0,missing_30
620_fri_c1_1000_25,regression,1000,25,False,A11 A21 A31 A41 A53 A62,,LM1,Linear Regression,True,,16.0,0.1314097509053097,0.0614058830223177,0.08,ok,,0,missing_30
620_fri_c1_1000_25,regression,1000,25,False,A11 A21 A31 A41 A53 A62,,LM3,Ridge Regression,True,,14.0,0.1314966624766593,0.0613163770692822,0.09,ok,,0,missing_30
620_fri_c1_1000_25,regression,1000,25,False,A11 A21 A31 A41 A53 A62,,LM4,Lasso Regression,True,,18.0,-0.010764144445443,0.0105702347921357,0.08,ok,,0,missing_30
620_fri_c1_1000_25,regression,1000,25,False,A11 A21 A31 A41 A53 A62,,LM5,Elastic Net,True,,19.0,-0.010764144445443,0.0105702347921357,0.2,ok,,0,missing_30
620_fri_c1_1000_25,regression,1000,25,False,A11 A21 A31 A41 A53 A62,,LM6,Polynomial Regression,True,,15.0,-0.579912105605253,0.2666991373234004,0.19,ok,,0,missing_30
620_fri_c1_1000_25,regression,1000,25,False,A11 A21 A31 A41 A53 A62,,LM7,Bayesian Linear Regression,True,,12.0,0.1363369626903238,0.0510978168958543,0.11,ok,,0,missing_30
620_fri_c1_1000_25,regression,1000,25,False,A11 A21 A31 A41 A53 A62,,TR1,Decision Tree,True,,10.0,0.1044925698844761,0.1005584237974644,0.17,ok,,0,missing_30
620_fri_c1_1000_25,regression,1000,25,False,A11 A21 A31 A41 A53 A62,,TR2,Random Forest,True,,4.0,0.5767461858550994,0.0305581386019614,9.68,ok,,0,missing_30
620_fri_c1_1000_25,regression,1000,25,False,A11 A21 A31 A41 A53 A62,,TR3,Extra Trees,True,,2.0,0.6012024497571844,0.0198670674456469,6.23,ok,,0,missing_30
620_fri_c1_1000_25,regression,1000,25,False,A11 A21 A31 A41 A53 A62,,EN1,AdaBoost,True,,7.0,0.496465834524051,0.0393682531918654,1.44,ok,,0,missing_30
620_fri_c1_1000_25,regression,1000,25,False,A11 A21 A31 A41 A53 A62,,EN2,Gradient Boosting (GBM),True,,1.0,0.6166493703629505,0.018295733680692,2.89,ok,,0,missing_30
620_fri_c1_1000_25,regression,1000,25,False,A11 A21 A31 A41 A53 A62,,EN6,Stacking,True,,6.0,0.4229447674448479,0.0662849214425609,0.82,ok,,0,missing_30
620_fri_c1_1000_25,regression,1000,25,False,A11 A21 A31 A41 A53 A62,,EN7,Voting Ensemble,True,,8.0,0.3492940115692853,0.0494200429111192,0.34,ok,,0,missing_30
620_fri_c1_1000_25,regression,1000,25,False,A11 A21 A31 A41 A53 A62,,SV1,SVM (linear),True,,17.0,0.0761833980153291,0.0725444255559542,0.17,ok,,0,missing_30
620_fri_c1_1000_25,regression,1000,25,False,A11 A21 A31 A41 A53 A62,,SV2,Kernel SVM (RBF/Poly),True,,11.0,0.1065156951228633,0.0716013633617662,0.47,ok,,0,missing_30
620_fri_c1_1000_25,regression,1000,25,False,A11 A21 A31 A41 A53 A62,,IB1,k-Nearest Neighbors,True,,13.0,0.0392126185984164,0.0565449691864057,0.14,ok,,0,missing_30
620_fri_c1_1000_25,regression,1000,25,False,A11 A21 A31 A41 A53 A62,,NN2,MLP (Feedforward),True,,9.0,-0.6084164548118289,0.2569608139311968,7.97,ok,,0,missing_30
620_fri_c1_1000_25,regression,1000,25,False,A11 A21 A31 A41 A53 A62,,EN3,XGBoost,True,,5.0,0.5750391380705157,0.0406185027925047,1.89,ok,,0,missing_30
620_fri_c1_1000_25,regression,1000,25,False,A11 A21 A31 A41 A53 A62,,EN4,LightGBM,True,,3.0,0.6007304987786519,0.0348294730603026,3.93,ok,,0,missing_30
620_fri_c1_1000_25,regression,1000,25,False,A11 A21 A31 A41 A53 A62,,BASE-HGB,Histogram Gradient Boosting (baseline),False,,,0.594241007507911,0.0384499658632037,1.6,ok,,0,missing_30
606_fri_c2_1000_10,regression,1000,10,False,A11 A21 A31 A41 A53 A62,,LM1,Linear Regression,True,,16.0,0.2123300105373152,0.0250490544532542,0.06,ok,,0,missing_30
606_fri_c2_1000_10,regression,1000,10,False,A11 A21 A31 A41 A53 A62,,LM3,Ridge Regression,True,,14.0,0.2123854172682092,0.02502839198063,0.06,ok,,0,missing_30
606_fri_c2_1000_10,regression,1000,10,False,A11 A21 A31 A41 A53 A62,,LM4,Lasso Regression,True,,18.0,-0.0092703972153709,0.0105159394945578,0.06,ok,,0,missing_30
606_fri_c2_1000_10,regression,1000,10,False,A11 A21 A31 A41 A53 A62,,LM5,Elastic Net,True,,19.0,-0.0092703972153709,0.0105159394945578,0.06,ok,,0,missing_30
606_fri_c2_1000_10,regression,1000,10,False,A11 A21 A31 A41 A53 A62,,LM6,Polynomial Regression,True,,15.0,0.1672360792776293,0.0271315367433917,0.07,ok,,0,missing_30
606_fri_c2_1000_10,regression,1000,10,False,A11 A21 A31 A41 A53 A62,,LM7,Bayesian Linear Regression,True,,12.0,0.2137677936473331,0.0243937885470454,0.06,ok,,0,missing_30
606_fri_c2_1000_10,regression,1000,10,False,A11 A21 A31 A41 A53 A62,,TR1,Decision Tree,True,,10.0,0.2710980038736325,0.1289147415124518,0.09,ok,,0,missing_30
606_fri_c2_1000_10,regression,1000,10,False,A11 A21 A31 A41 A53 A62,,TR2,Random Forest,True,,4.0,0.6586749404666046,0.0580438422243602,5.24,ok,,0,missing_30
606_fri_c2_1000_10,regression,1000,10,False,A11 A21 A31 A41 A53 A62,,TR3,Extra Trees,True,,2.0,0.6836413455608531,0.0506474897237013,3.58,ok,,0,missing_30
606_fri_c2_1000_10,regression,1000,10,False,A11 A21 A31 A41 A53 A62,,EN1,AdaBoost,True,,7.0,0.5082391462402779,0.035648337874967,0.93,ok,,0,missing_30
606_fri_c2_1000_10,regression,1000,10,False,A11 A21 A31 A41 A53 A62,,EN2,Gradient Boosting (GBM),True,,1.0,0.6774302336508982,0.04045728382999,1.63,ok,,0,missing_30
606_fri_c2_1000_10,regression,1000,10,False,A11 A21 A31 A41 A53 A62,,EN6,Stacking,True,,6.0,0.5404120968450343,0.06677544803519,0.63,ok,,0,missing_30
606_fri_c2_1000_10,regression,1000,10,False,A11 A21 A31 A41 A53 A62,,EN7,Voting Ensemble,True,,8.0,0.4899611256341218,0.0450525327431628,0.16,ok,,0,missing_30
606_fri_c2_1000_10,regression,1000,10,False,A11 A21 A31 A41 A53 A62,,SV1,SVM (linear),True,,17.0,0.1789511917463807,0.0424606958246135,0.08,ok,,0,missing_30
606_fri_c2_1000_10,regression,1000,10,False,A11 A21 A31 A41 A53 A62,,SV2,Kernel SVM (RBF/Poly),True,,11.0,0.4459837613957663,0.0436682380352307,0.24,ok,,0,missing_30
606_fri_c2_1000_10,regression,1000,10,False,A11 A21 A31 A41 A53 A62,,IB1,k-Nearest Neighbors,True,,13.0,0.3319798146127354,0.0680312644138305,0.08,ok,,0,missing_30
606_fri_c2_1000_10,regression,1000,10,False,A11 A21 A31 A41 A53 A62,,NN2,MLP (Feedforward),True,,9.0,0.4845000939673279,0.0311946405000879,10.33,ok,,0,missing_30
606_fri_c2_1000_10,regression,1000,10,False,A11 A21 A31 A41 A53 A62,,EN3,XGBoost,True,,5.0,0.6318890762546268,0.0509768156949088,1.17,ok,,0,missing_30
606_fri_c2_1000_10,regression,1000,10,False,A11 A21 A31 A41 A53 A62,,EN4,LightGBM,True,,3.0,0.6630186855857717,0.056756007592629,3.42,ok,,0,missing_30
606_fri_c2_1000_10,regression,1000,10,False,A11 A21 A31 A41 A53 A62,,BASE-HGB,Histogram Gradient Boosting (baseline),False,,,0.649377480940417,0.0556395869080147,1.42,ok,,0,missing_30
595_fri_c0_1000_10,regression,1000,10,False,A11 A21 A31 A41 A53 A62,,LM1,Linear Regression,True,,16.0,0.4813670071389292,0.0332950489900737,0.08,ok,,0,missing_30
595_fri_c0_1000_10,regression,1000,10,False,A11 A21 A31 A41 A53 A62,,LM3,Ridge Regression,True,,14.0,0.4813985429254391,0.0332360958843335,0.06,ok,,0,missing_30
595_fri_c0_1000_10,regression,1000,10,False,A11 A21 A31 A41 A53 A62,,LM4,Lasso Regression,True,,18.0,-0.0045234977311575,0.0034461332355352,0.09,ok,,0,missing_30
595_fri_c0_1000_10,regression,1000,10,False,A11 A21 A31 A41 A53 A62,,LM5,Elastic Net,True,,19.0,-0.0034144810737023,0.0044773498671419,0.08,ok,,0,missing_30
595_fri_c0_1000_10,regression,1000,10,False,A11 A21 A31 A41 A53 A62,,LM6,Polynomial Regression,True,,15.0,0.5757172922205935,0.0399652814782675,0.08,ok,,0,missing_30
595_fri_c0_1000_10,regression,1000,10,False,A11 A21 A31 A41 A53 A62,,LM7,Bayesian Linear Regression,True,,12.0,0.481569046802906,0.032758676070835,0.06,ok,,0,missing_30
595_fri_c0_1000_10,regression,1000,10,False,A11 A21 A31 A41 A53 A62,,TR1,Decision Tree,True,,10.0,0.0020663546424779,0.1144323299048885,0.1,ok,,0,missing_30
595_fri_c0_1000_10,regression,1000,10,False,A11 A21 A31 A41 A53 A62,,TR2,Random Forest,True,,4.0,0.532400369004557,0.0306196026076029,5.66,ok,,0,missing_30
595_fri_c0_1000_10,regression,1000,10,False,A11 A21 A31 A41 A53 A62,,TR3,Extra Trees,True,,2.0,0.5392738281929801,0.0189746742006419,3.35,ok,,0,missing_30
595_fri_c0_1000_10,regression,1000,10,False,A11 A21 A31 A41 A53 A62,,EN1,AdaBoost,True,,7.0,0.4739609338134652,0.0267979437801628,0.72,ok,,0,missing_30
595_fri_c0_1000_10,regression,1000,10,False,A11 A21 A31 A41 A53 A62,,EN2,Gradient Boosting (GBM),True,,1.0,0.5751025480794288,0.0308758000224496,1.2,ok,,0,missing_30
595_fri_c0_1000_10,regression,1000,10,False,A11 A21 A31 A41 A53 A62,,EN6,Stacking,True,,6.0,0.5132426811242652,0.0350654090066331,0.56,ok,,0,missing_30
595_fri_c0_1000_10,regression,1000,10,False,A11 A21 A31 A41 A53 A62,,EN7,Voting Ensemble,True,,8.0,0.4997763773199524,0.0288333873494964,0.18,ok,,0,missing_30
595_fri_c0_1000_10,regression,1000,10,False,A11 A21 A31 A41 A53 A62,,SV1,SVM (linear),True,,17.0,0.4718442858247696,0.0378328861956002,0.08,ok,,0,missing_30
595_fri_c0_1000_10,regression,1000,10,False,A11 A21 A31 A41 A53 A62,,SV2,Kernel SVM (RBF/Poly),True,,11.0,0.5220285300012396,0.0396525360244736,0.25,ok,,0,missing_30
595_fri_c0_1000_10,regression,1000,10,False,A11 A21 A31 A41 A53 A62,,IB1,k-Nearest Neighbors,True,,13.0,0.3642103366622019,0.0311404237604172,0.08,ok,,0,missing_30
595_fri_c0_1000_10,regression,1000,10,False,A11 A21 A31 A41 A53 A62,,NN2,MLP (Feedforward),True,,9.0,0.4171497703998063,0.0646373977547933,9.5,ok,,0,missing_30
595_fri_c0_1000_10,regression,1000,10,False,A11 A21 A31 A41 A53 A62,,EN3,XGBoost,True,,5.0,0.4808895595874502,0.0466375789930483,0.87,ok,,0,missing_30
595_fri_c0_1000_10,regression,1000,10,False,A11 A21 A31 A41 A53 A62,,EN4,LightGBM,True,,3.0,0.5322401152693044,0.0350429546191926,4.3,ok,,0,missing_30
595_fri_c0_1000_10,regression,1000,10,False,A11 A21 A31 A41 A53 A62,,BASE-HGB,Histogram Gradient Boosting (baseline),False,,,0.5440238629598314,0.0262398246665825,1.49,ok,,0,missing_30
225_puma8NH,regression,5000,8,True,A11 A21 A31 A41 A53 A62,,LM1,Linear Regression,True,,16.0,0.2614238219015571,0.0191773106379839,0.09,ok,,0,missing_30
225_puma8NH,regression,5000,8,True,A11 A21 A31 A41 A53 A62,,LM3,Ridge Regression,True,,14.0,0.2614248781616886,0.019170927009732,0.13,ok,,0,missing_30
225_puma8NH,regression,5000,8,True,A11 A21 A31 A41 A53 A62,,LM4,Lasso Regression,True,,18.0,0.19947656773899,0.0105285691075426,0.09,ok,,0,missing_30
225_puma8NH,regression,5000,8,True,A11 A21 A31 A41 A53 A62,,LM5,Elastic Net,True,,19.0,0.1988585340865025,0.0095376195084931,0.08,ok,,0,missing_30
225_puma8NH,regression,5000,8,True,A11 A21 A31 A41 A53 A62,,LM6,Polynomial Regression,True,,15.0,0.2790588889636565,0.0216234239555757,0.1,ok,,0,missing_30
225_puma8NH,regression,5000,8,True,A11 A21 A31 A41 A53 A62,,LM7,Bayesian Linear Regression,True,,12.0,0.261435420882953,0.0190361227392924,0.1,ok,,0,missing_30
225_puma8NH,regression,5000,8,True,A11 A21 A31 A41 A53 A62,,TR1,Decision Tree,True,,10.0,-0.1690846107421573,0.054700496968936,0.35,ok,,0,missing_30
225_puma8NH,regression,5000,8,True,A11 A21 A31 A41 A53 A62,,TR2,Random Forest,True,,4.0,0.378632195607304,0.0276842422171915,20.13,ok,,0,missing_30
225_puma8NH,regression,5000,8,True,A11 A21 A31 A41 A53 A62,,TR3,Extra Trees,True,,2.0,0.3677719453236352,0.0349455598785563,10.35,ok,,0,missing_30
225_puma8NH,regression,5000,8,True,A11 A21 A31 A41 A53 A62,,EN1,AdaBoost,True,,7.0,0.3231294084162754,0.0244919496386975,0.68,ok,,0,missing_30
225_puma8NH,regression,5000,8,True,A11 A21 A31 A41 A53 A62,,EN2,Gradient Boosting (GBM),True,,1.0,0.387328696318186,0.0190928332663624,5.01,ok,,0,missing_30
225_puma8NH,regression,5000,8,True,A11 A21 A31 A41 A53 A62,,EN6,Stacking,True,,6.0,0.3736585138000008,0.0175641602149436,1.41,ok,,0,missing_30
225_puma8NH,regression,5000,8,True,A11 A21 A31 A41 A53 A62,,EN7,Voting Ensemble,True,,8.0,0.3491711751834352,0.0160715393112334,0.5,ok,,0,missing_30
225_puma8NH,regression,5000,8,True,A11 A21 A31 A41 A53 A62,,SV1,SVM (linear),True,,17.0,0.2403834838848662,0.0259235603487221,0.12,ok,,0,missing_30
225_puma8NH,regression,5000,8,True,A11 A21 A31 A41 A53 A62,,SV2,Kernel SVM (RBF/Poly),True,,11.0,0.3414637546864921,0.0245857391876283,4.69,ok,,0,missing_30
225_puma8NH,regression,5000,8,True,A11 A21 A31 A41 A53 A62,,IB1,k-Nearest Neighbors,True,,13.0,0.2151250281736535,0.018763784271356,0.3,ok,,0,missing_30
225_puma8NH,regression,5000,8,True,A11 A21 A31 A41 A53 A62,,NN2,MLP (Feedforward),True,,9.0,0.33684059165471,0.0234862507132644,40.62,ok,,0,missing_30
225_puma8NH,regression,5000,8,True,A11 A21 A31 A41 A53 A62,,EN3,XGBoost,True,,5.0,0.297969726749576,0.0291262906232354,0.97,ok,,0,missing_30
225_puma8NH,regression,5000,8,True,A11 A21 A31 A41 A53 A62,,EN4,LightGBM,True,,3.0,0.3787516361641944,0.02355619930374,2.56,ok,,0,missing_30
225_puma8NH,regression,5000,8,True,A11 A21 A31 A41 A53 A62,,BASE-HGB,Histogram Gradient Boosting (baseline),False,,,0.3820856952165355,0.022831145374255,1.7,ok,,0,missing_30
1199_BNG_echoMonths,regression,5000,9,True,A11 A21 A38 A41 A53 A62,,LM1,Linear Regression,True,,16.0,0.3091417502036377,0.0340484597392456,0.21,ok,,0,missing_30
1199_BNG_echoMonths,regression,5000,9,True,A11 A21 A38 A41 A53 A62,,LM3,Ridge Regression,True,,14.0,0.3091428312509229,0.0340258844606088,0.2,ok,,0,missing_30
1199_BNG_echoMonths,regression,5000,9,True,A11 A21 A38 A41 A53 A62,,LM4,Lasso Regression,True,,18.0,0.2580124347736929,0.0181214056251354,0.22,ok,,0,missing_30
1199_BNG_echoMonths,regression,5000,9,True,A11 A21 A38 A41 A53 A62,,LM5,Elastic Net,True,,19.0,0.1987424015306594,0.0115648114502438,0.24,ok,,0,missing_30
1199_BNG_echoMonths,regression,5000,9,True,A11 A21 A38 A41 A53 A62,,LM6,Polynomial Regression,True,,15.0,0.3256457635929096,0.0389314356199188,0.31,ok,,0,missing_30
1199_BNG_echoMonths,regression,5000,9,True,A11 A21 A38 A41 A53 A62,,LM7,Bayesian Linear Regression,True,,12.0,0.3091354237609005,0.0338269189336519,0.27,ok,,0,missing_30
1199_BNG_echoMonths,regression,5000,9,True,A11 A21 A38 A41 A53 A62,,TR1,Decision Tree,True,,10.0,-0.3912069376075056,0.0323390786189567,0.39,ok,,0,missing_30
1199_BNG_echoMonths,regression,5000,9,True,A11 A21 A38 A41 A53 A62,,TR2,Random Forest,True,,4.0,0.2901616099120372,0.0385922392114023,22.52,ok,,0,missing_30
1199_BNG_echoMonths,regression,5000,9,True,A11 A21 A38 A41 A53 A62,,TR3,Extra Trees,True,,2.0,0.2619611697678358,0.0352658668303099,12.67,ok,,0,missing_30
1199_BNG_echoMonths,regression,5000,9,True,A11 A21 A38 A41 A53 A62,,EN1,AdaBoost,True,,7.0,0.2799075122874715,0.0300740253946867,1.41,ok,,0,missing_30
1199_BNG_echoMonths,regression,5000,9,True,A11 A21 A38 A41 A53 A62,,EN2,Gradient Boosting (GBM),True,,1.0,0.3227835400763451,0.0330110953256915,4.35,ok,,0,missing_30
1199_BNG_echoMonths,regression,5000,9,True,A11 A21 A38 A41 A53 A62,,EN6,Stacking,True,,6.0,0.3167554991613267,0.0341085545839969,1.71,ok,,0,missing_30
1199_BNG_echoMonths,regression,5000,9,True,A11 A21 A38 A41 A53 A62,,EN7,Voting Ensemble,True,,8.0,0.3067055534774972,0.0317953984601849,0.59,ok,,0,missing_30
1199_BNG_echoMonths,regression,5000,9,True,A11 A21 A38 A41 A53 A62,,SV1,SVM (linear),True,,17.0,0.3008019835211145,0.0363252259187253,0.22,ok,,0,missing_30
1199_BNG_echoMonths,regression,5000,9,True,A11 A21 A38 A41 A53 A62,,SV2,Kernel SVM (RBF/Poly),True,,11.0,0.3018432259577527,0.0285714712196694,4.85,ok,,0,missing_30
1199_BNG_echoMonths,regression,5000,9,True,A11 A21 A38 A41 A53 A62,,IB1,k-Nearest Neighbors,True,,13.0,0.1888752169948096,0.0329760818532775,0.46,ok,,0,missing_30
1199_BNG_echoMonths,regression,5000,9,True,A11 A21 A38 A41 A53 A62,,NN2,MLP (Feedforward),True,,9.0,0.3179607806967196,0.0366158181851267,39.41,ok,,0,missing_30
1199_BNG_echoMonths,regression,5000,9,True,A11 A21 A38 A41 A53 A62,,EN3,XGBoost,True,,5.0,0.218741686560017,0.0508581693419144,0.89,ok,,0,missing_30
1199_BNG_echoMonths,regression,5000,9,True,A11 A21 A38 A41 A53 A62,,EN4,LightGBM,True,,3.0,0.2996432047557038,0.0418232706177344,2.56,ok,,0,missing_30
1199_BNG_echoMonths,regression,5000,9,True,A11 A21 A38 A41 A53 A62,,BASE-HGB,Histogram Gradient Boosting (baseline),False,,,0.2929180686346864,0.041651313412261,1.37,ok,,0,missing_30
splice,classification,3188,60,False,A11 A21 A32 A41 A51 A62,A53,EN4,LightGBM,True,,1.0,0.8864404693216438,0.0128904872387625,3.39,ok,,0,missing_30
heart_disease_va_long_beach,classification,200,13,False,A11 A21 A38 A41 A51 A64,A54,LM2,Logistic Regression,True,,10.0,0.5835945663531871,0.0447244113517735,0.15,ok,,0,dirty_5
heart_disease_va_long_beach,classification,200,13,False,A11 A21 A38 A41 A51 A64,A54,TR1,Decision Tree,True,,13.0,0.5836259143155694,0.0497397723878258,0.13,ok,,0,dirty_5
heart_disease_va_long_beach,classification,200,13,False,A11 A21 A38 A41 A51 A64,A54,TR2,Random Forest,True,,5.0,0.5601462904911181,0.0271176967467016,2.18,ok,,0,dirty_5
heart_disease_va_long_beach,classification,200,13,False,A11 A21 A38 A41 A51 A64,A54,TR3,Extra Trees,True,,3.0,0.5634796238244514,0.0266865506329136,1.69,ok,,0,dirty_5
heart_disease_va_long_beach,classification,200,13,False,A11 A21 A38 A41 A51 A64,A54,EN1,AdaBoost,True,,15.0,0.5602612330198538,0.0390329982980246,0.52,ok,,0,dirty_5
heart_disease_va_long_beach,classification,200,13,False,A11 A21 A38 A41 A51 A64,A54,EN2,Gradient Boosting (GBM),True,,7.0,0.5591222570532915,0.0298063390999442,0.7,ok,,0,dirty_5
heart_disease_va_long_beach,classification,200,13,False,A11 A21 A38 A41 A51 A64,A54,EN6,Stacking,True,,6.0,0.540491118077325,0.0570442577083598,4.16,ok,,0,dirty_5
heart_disease_va_long_beach,classification,200,13,False,A11 A21 A38 A41 A51 A64,A54,EN7,Voting Ensemble,True,,8.0,0.5925705329153604,0.0635090290568086,0.23,ok,,0,dirty_5
heart_disease_va_long_beach,classification,200,13,False,A11 A21 A38 A41 A51 A64,A54,SV1,SVM (linear),True,,11.0,0.5734796238244513,0.0478228392364828,0.13,ok,,0,dirty_5
heart_disease_va_long_beach,classification,200,13,False,A11 A21 A38 A41 A51 A64,A54,SV2,Kernel SVM (RBF/Poly),True,,9.0,0.5566666666666666,0.0388730126323019,0.12,ok,,0,dirty_5
heart_disease_va_long_beach,classification,200,13,False,A11 A21 A38 A41 A51 A64,A54,PR1,Naive Bayes,True,,14.0,0.5021630094043886,0.1049982653214673,0.11,ok,,0,dirty_5
heart_disease_va_long_beach,classification,200,13,False,A11 A21 A38 A41 A51 A64,A54,IB1,k-Nearest Neighbors,True,,16.0,0.5792371995820271,0.027723834201186,0.11,ok,,0,dirty_5
heart_disease_va_long_beach,classification,200,13,False,A11 A21 A38 A41 A51 A64,A54,DR4,LDA (Linear Discriminant Analysis),True,,12.0,0.5768129571577847,0.0358615209200292,0.12,ok,,0,dirty_5
heart_disease_va_long_beach,classification,200,13,False,A11 A21 A38 A41 A51 A64,A54,NN1,Perceptron,True,,17.0,0.5807419017763845,0.0711602628124015,0.13,ok,,0,dirty_5
heart_disease_va_long_beach,classification,200,13,False,A11 A21 A38 A41 A51 A64,A54,NN2,MLP (Feedforward),True,,2.0,0.5553291536050157,0.0320176294645041,2.47,ok,,0,dirty_5
heart_disease_va_long_beach,classification,200,13,False,A11 A21 A38 A41 A51 A64,A54,EN3,XGBoost,True,,4.0,0.5634796238244514,0.0561837737173955,0.21,ok,,0,dirty_5
heart_disease_va_long_beach,classification,200,13,False,A11 A21 A38 A41 A51 A64,A54,EN4,LightGBM,True,,1.0,0.5634796238244514,0.0125146485818623,0.98,ok,,0,dirty_5
heart_disease_va_long_beach,classification,200,13,False,A11 A21 A38 A41 A51 A64,A54,BASE-HGB,Histogram Gradient Boosting (baseline),False,,,0.5534796238244514,0.0488033242840289,0.41,ok,,0,dirty_5
biomed,classification,209,8,False,A11 A21 A38 A41 A51 A64,A54,LM2,Logistic Regression,True,,10.0,0.8400000000000001,0.0709488890396959,0.1,ok,,0,dirty_5
biomed,classification,209,8,False,A11 A21 A38 A41 A51 A64,A54,TR1,Decision Tree,True,,13.0,0.84994301994302,0.0437265417619619,0.1,ok,,0,dirty_5
biomed,classification,209,8,False,A11 A21 A38 A41 A51 A64,A54,TR2,Random Forest,True,,5.0,0.857777777777778,0.0847363376219449,1.98,ok,,0,dirty_5
biomed,classification,209,8,False,A11 A21 A38 A41 A51 A64,A54,TR3,Extra Trees,True,,3.0,0.8755555555555556,0.0587291100530809,1.82,ok,,0,dirty_5
biomed,classification,209,8,False,A11 A21 A38 A41 A51 A64,A54,EN1,AdaBoost,True,,15.0,0.8583760683760684,0.0515452568048578,0.53,ok,,0,dirty_5
biomed,classification,209,8,False,A11 A21 A38 A41 A51 A64,A54,EN2,Gradient Boosting (GBM),True,,7.0,0.865925925925926,0.0813938923166056,0.82,ok,,0,dirty_5
biomed,classification,209,8,False,A11 A21 A38 A41 A51 A64,A54,EN6,Stacking,True,,6.0,0.8407407407407408,0.0534155744513183,0.65,ok,,0,dirty_5
biomed,classification,209,8,False,A11 A21 A38 A41 A51 A64,A54,EN7,Voting Ensemble,True,,8.0,0.8614814814814815,0.0439852824868252,0.25,ok,,0,dirty_5
biomed,classification,209,8,False,A11 A21 A38 A41 A51 A64,A54,SV1,SVM (linear),True,,11.0,0.8459259259259259,0.0553130509706502,0.1,ok,,0,dirty_5
biomed,classification,209,8,False,A11 A21 A38 A41 A51 A64,A54,SV2,Kernel SVM (RBF/Poly),True,,9.0,0.8348148148148148,0.0544129412509836,0.1,ok,,0,dirty_5
biomed,classification,209,8,False,A11 A21 A38 A41 A51 A64,A54,PR1,Naive Bayes,True,,14.0,0.8555555555555555,0.0325420483503537,0.09,ok,,0,dirty_5
biomed,classification,209,8,False,A11 A21 A38 A41 A51 A64,A54,IB1,k-Nearest Neighbors,True,,16.0,0.7925925925925925,0.0387740809727478,0.1,ok,,0,dirty_5
biomed,classification,209,8,False,A11 A21 A38 A41 A51 A64,A54,DR4,LDA (Linear Discriminant Analysis),True,,12.0,0.8066666666666666,0.0709488890396958,0.1,ok,,0,dirty_5
biomed,classification,209,8,False,A11 A21 A38 A41 A51 A64,A54,NN1,Perceptron,True,,17.0,0.8506837606837607,0.0676219333554696,0.11,ok,,0,dirty_5
biomed,classification,209,8,False,A11 A21 A38 A41 A51 A64,A54,NN2,MLP (Feedforward),True,,2.0,0.8731908831908832,0.0727006356495179,2.43,ok,,0,dirty_5
biomed,classification,209,8,False,A11 A21 A38 A41 A51 A64,A54,EN3,XGBoost,True,,4.0,0.8896296296296298,0.0516078916988158,0.18,ok,,0,dirty_5
biomed,classification,209,8,False,A11 A21 A38 A41 A51 A64,A54,EN4,LightGBM,True,,1.0,0.8828205128205127,0.0607330698640819,10.0,ok,,0,dirty_5
biomed,classification,209,8,False,A11 A21 A38 A41 A51 A64,A54,BASE-HGB,Histogram Gradient Boosting (baseline),False,,,0.8583760683760684,0.0635580801193794,0.38,ok,,0,dirty_5
breast_cancer,classification,286,9,False,A11 A21 A38 A41 A51 A62,A53,LM2,Logistic Regression,True,,10.0,0.6325358680057389,0.0333464241715777,0.14,ok,,0,dirty_5
breast_cancer,classification,286,9,False,A11 A21 A38 A41 A51 A62,A53,TR1,Decision Tree,True,,13.0,0.6302905308464849,0.0609288600429926,0.11,ok,,0,dirty_5
breast_cancer,classification,286,9,False,A11 A21 A38 A41 A51 A62,A53,TR2,Random Forest,True,,5.0,0.6295444763271163,0.0176818995048195,2.22,ok,,0,dirty_5
breast_cancer,classification,286,9,False,A11 A21 A38 A41 A51 A62,A53,TR3,Extra Trees,True,,3.0,0.6166140602582495,0.025341599206239,1.84,ok,,0,dirty_5
breast_cancer,classification,286,9,False,A11 A21 A38 A41 A51 A62,A53,EN1,AdaBoost,True,,15.0,0.6125968436154949,0.0195446886113707,0.58,ok,,0,dirty_5
breast_cancer,classification,286,9,False,A11 A21 A38 A41 A51 A62,A53,EN2,Gradient Boosting (GBM),True,,7.0,0.6176578192252511,0.0103233055676594,0.79,ok,,0,dirty_5
breast_cancer,classification,286,9,False,A11 A21 A38 A41 A51 A62,A53,EN6,Stacking,True,,6.0,0.5733572453371593,0.0240457906666552,0.72,ok,,0,dirty_5
breast_cancer,classification,286,9,False,A11 A21 A38 A41 A51 A62,A53,EN7,Voting Ensemble,True,,8.0,0.6217144906743185,0.0280021716062788,0.21,ok,,0,dirty_5
breast_cancer,classification,286,9,False,A11 A21 A38 A41 A51 A62,A53,SV1,SVM (linear),True,,11.0,0.6300358680057389,0.0321093752987388,0.12,ok,,0,dirty_5
breast_cancer,classification,286,9,False,A11 A21 A38 A41 A51 A62,A53,SV2,Kernel SVM (RBF/Poly),True,,9.0,0.6177941176470588,0.0309047537804198,0.12,ok,,0,dirty_5
breast_cancer,classification,286,9,False,A11 A21 A38 A41 A51 A62,A53,PR1,Naive Bayes,True,,14.0,0.624361549497848,0.0526430867526825,0.11,ok,,0,dirty_5
breast_cancer,classification,286,9,False,A11 A21 A38 A41 A51 A62,A53,IB1,k-Nearest Neighbors,True,,16.0,0.5883070301291248,0.0347658109179176,0.11,ok,,0,dirty_5
breast_cancer,classification,286,9,False,A11 A21 A38 A41 A51 A62,A53,DR4,LDA (Linear Discriminant Analysis),True,,12.0,0.6426829268292683,0.0389159002603301,0.12,ok,,0,dirty_5
breast_cancer,classification,286,9,False,A11 A21 A38 A41 A51 A62,A53,NN1,Perceptron,True,,17.0,0.5322525107604017,0.0631224447980605,0.11,ok,,0,dirty_5
breast_cancer,classification,286,9,False,A11 A21 A38 A41 A51 A62,A53,NN2,MLP (Feedforward),True,,2.0,0.6402044476327117,0.0552797541538161,3.93,ok,,0,dirty_5
breast_cancer,classification,286,9,False,A11 A21 A38 A41 A51 A62,A53,EN3,XGBoost,True,,4.0,0.6025573888091822,0.0439497461173091,0.23,ok,,0,dirty_5
breast_cancer,classification,286,9,False,A11 A21 A38 A41 A51 A62,A53,EN4,LightGBM,True,,1.0,0.6068974175035868,0.0254186148309098,0.6,ok,,0,dirty_5
breast_cancer,classification,286,9,False,A11 A21 A38 A41 A51 A62,A53,BASE-HGB,Histogram Gradient Boosting (baseline),False,,,0.5801936872309901,0.0509094565847158,0.74,ok,,0,dirty_5
schizo,classification,340,14,False,A11 A21 A38 A41 A51 A64,A54,LM2,Logistic Regression,True,,10.0,0.3997435897435897,0.039539996404336,0.14,ok,,0,dirty_5
schizo,classification,340,14,False,A11 A21 A38 A41 A51 A64,A54,TR1,Decision Tree,True,,13.0,0.3414102564102564,0.0707245138772605,0.12,ok,,0,dirty_5
schizo,classification,340,14,False,A11 A21 A38 A41 A51 A64,A54,TR2,Random Forest,True,,5.0,0.3951709401709401,0.0432267333774641,3.97,ok,,0,dirty_5
schizo,classification,340,14,False,A11 A21 A38 A41 A51 A64,A54,TR3,Extra Trees,True,,3.0,0.3733974358974359,0.032316989798622,2.3,ok,,0,dirty_5
schizo,classification,340,14,False,A11 A21 A38 A41 A51 A64,A54,EN1,AdaBoost,True,,15.0,0.3813034188034188,0.0422630991787776,0.64,ok,,0,dirty_5
schizo,classification,340,14,False,A11 A21 A38 A41 A51 A64,A54,EN2,Gradient Boosting (GBM),True,,7.0,0.382542735042735,0.0495419058071345,2.52,ok,,0,dirty_5
schizo,classification,340,14,False,A11 A21 A38 A41 A51 A64,A54,EN6,Stacking,True,,6.0,0.369957264957265,0.0123877087912315,0.63,ok,,0,dirty_5
schizo,classification,340,14,False,A11 A21 A38 A41 A51 A64,A54,EN7,Voting Ensemble,True,,8.0,0.3547649572649572,0.0667749093869255,0.23,ok,,0,dirty_5
schizo,classification,340,14,False,A11 A21 A38 A41 A51 A64,A54,SV1,SVM (linear),True,,11.0,0.3789529914529914,0.0175941785044776,0.13,ok,,0,dirty_5
schizo,classification,340,14,False,A11 A21 A38 A41 A51 A64,A54,SV2,Kernel SVM (RBF/Poly),True,,9.0,0.371068376068376,0.0167615096751227,0.14,ok,,0,dirty_5
schizo,classification,340,14,False,A11 A21 A38 A41 A51 A64,A54,PR1,Naive Bayes,True,,14.0,0.3969444444444444,0.0496718172555516,0.11,ok,,0,dirty_5
schizo,classification,340,14,False,A11 A21 A38 A41 A51 A64,A54,IB1,k-Nearest Neighbors,True,,16.0,0.3628632478632478,0.0320008577712123,0.12,ok,,0,dirty_5
schizo,classification,340,14,False,A11 A21 A38 A41 A51 A64,A54,DR4,LDA (Linear Discriminant Analysis),True,,12.0,0.3848931623931624,0.0366209395500594,0.11,ok,,0,dirty_5
schizo,classification,340,14,False,A11 A21 A38 A41 A51 A64,A54,NN1,Perceptron,True,,17.0,0.344508547008547,0.0511823550144556,0.12,ok,,0,dirty_5
schizo,classification,340,14,False,A11 A21 A38 A41 A51 A64,A54,NN2,MLP (Feedforward),True,,2.0,0.3693589743589743,0.0608479481032041,5.49,ok,,0,dirty_5
schizo,classification,340,14,False,A11 A21 A38 A41 A51 A64,A54,EN3,XGBoost,True,,4.0,0.3762820512820513,0.0209073307809895,1.05,ok,,0,dirty_5
schizo,classification,340,14,False,A11 A21 A38 A41 A51 A64,A54,EN4,LightGBM,True,,1.0,0.373525641025641,0.0331603279381601,11.37,ok,,0,dirty_5
schizo,classification,340,14,False,A11 A21 A38 A41 A51 A64,A54,BASE-HGB,Histogram Gradient Boosting (baseline),False,,,0.3913034188034188,0.0738767829306101,1.34,ok,,0,dirty_5
movement_libras,classification,360,90,False,A11 A21 A31 A42 A51 A64,A54,LM2,Logistic Regression,True,,10.0,0.6940000000000001,0.0399666527661916,0.38,ok,,0,dirty_5
movement_libras,classification,360,90,False,A11 A21 A31 A42 A51 A64,A54,TR1,Decision Tree,True,,13.0,0.5686666666666665,0.0407485514398296,0.19,ok,,0,dirty_5
movement_libras,classification,360,90,False,A11 A21 A31 A42 A51 A64,A54,TR2,Random Forest,True,,5.0,0.8273333333333334,0.0261958436058513,5.19,ok,,0,dirty_5
movement_libras,classification,360,90,False,A11 A21 A31 A42 A51 A64,A54,TR3,Extra Trees,True,,3.0,0.8380000000000001,0.0558410442436584,2.25,ok,,0,dirty_5
movement_libras,classification,360,90,False,A11 A21 A31 A42 A51 A64,A54,EN1,AdaBoost,True,,15.0,0.3026666666666666,0.0468282915435625,1.25,ok,,0,dirty_5
movement_libras,classification,360,90,False,A11 A21 A31 A42 A51 A64,A54,EN2,Gradient Boosting (GBM),True,,7.0,0.6900000000000001,0.0260768096208106,50.48,ok,,0,dirty_5
movement_libras,classification,360,90,False,A11 A21 A31 A42 A51 A64,A54,EN6,Stacking,True,,6.0,0.792,0.0546747961435005,2.39,ok,,0,dirty_5
movement_libras,classification,360,90,False,A11 A21 A31 A42 A51 A64,A54,EN7,Voting Ensemble,True,,8.0,0.7566666666666667,0.0566862711186168,0.52,ok,,0,dirty_5
movement_libras,classification,360,90,False,A11 A21 A31 A42 A51 A64,A54,SV1,SVM (linear),True,,11.0,0.502,0.0447014789713071,0.54,ok,,0,dirty_5
movement_libras,classification,360,90,False,A11 A21 A31 A42 A51 A64,A54,SV2,Kernel SVM (RBF/Poly),True,,9.0,0.794,0.030214051182999,0.19,ok,,0,dirty_5
movement_libras,classification,360,90,False,A11 A21 A31 A42 A51 A64,A54,PR1,Naive Bayes,True,,14.0,0.636,0.0221509969677815,0.11,ok,,0,dirty_5
movement_libras,classification,360,90,False,A11 A21 A31 A42 A51 A64,A54,IB1,k-Nearest Neighbors,True,,16.0,0.708,0.0471687278701566,0.13,ok,,0,dirty_5
movement_libras,classification,360,90,False,A11 A21 A31 A42 A51 A64,A54,DR4,LDA (Linear Discriminant Analysis),True,,12.0,0.4906666666666667,0.0376769897358527,0.13,ok,,0,dirty_5
movement_libras,classification,360,90,False,A11 A21 A31 A42 A51 A64,A54,NN1,Perceptron,True,,17.0,0.5093333333333334,0.0476281895986446,0.22,ok,,0,dirty_5
movement_libras,classification,360,90,False,A11 A21 A31 A42 A51 A64,A54,NN2,MLP (Feedforward),True,,2.0,0.8246666666666667,0.0348074066192176,3.84,ok,,0,dirty_5
movement_libras,classification,360,90,False,A11 A21 A31 A42 A51 A64,A54,EN3,XGBoost,True,,4.0,0.7060000000000001,0.0230362033908947,5.03,ok,,0,dirty_5
movement_libras,classification,360,90,False,A11 A21 A31 A42 A51 A64,A54,EN4,LightGBM,True,,1.0,0.7706666666666668,0.0312267691430143,113.07,ok,,0,dirty_5
movement_libras,classification,360,90,False,A11 A21 A31 A42 A51 A64,A54,BASE-HGB,Histogram Gradient Boosting (baseline),False,,,0.7506666666666667,0.0231324687638632,14.23,ok,,0,dirty_5
cars,classification,392,8,False,A11 A21 A38 A41 A51 A64,A53,LM2,Logistic Regression,True,,10.0,0.6173613291470434,0.0323865088607246,0.16,ok,,0,dirty_5
cars,classification,392,8,False,A11 A21 A38 A41 A51 A64,A53,TR1,Decision Tree,True,,13.0,0.8259654631083203,0.0433634230221348,0.1,ok,,0,dirty_5
cars,classification,392,8,False,A11 A21 A38 A41 A51 A64,A53,TR2,Random Forest,True,,5.0,0.8284606663178092,0.0694083854994429,2.46,ok,,0,dirty_5
cars,classification,392,8,False,A11 A21 A38 A41 A51 A64,A53,TR3,Extra Trees,True,,3.0,0.8522828362114077,0.0553665625837429,2.1,ok,,0,dirty_5
cars,classification,392,8,False,A11 A21 A38 A41 A51 A64,A53,EN1,AdaBoost,True,,15.0,0.7717394906680621,0.0451971454410581,0.68,ok,,0,dirty_5
cars,classification,392,8,False,A11 A21 A38 A41 A51 A64,A53,EN2,Gradient Boosting (GBM),True,,7.0,0.9189167974882262,0.0377396584478459,2.14,ok,,0,dirty_5
cars,classification,392,8,False,A11 A21 A38 A41 A51 A64,A53,EN6,Stacking,True,,6.0,0.8236364032792605,0.0623236276278139,0.81,ok,,0,dirty_5
cars,classification,392,8,False,A11 A21 A38 A41 A51 A64,A53,EN7,Voting Ensemble,True,,8.0,0.8069470608756323,0.0611647182676724,0.23,ok,,0,dirty_5
cars,classification,392,8,False,A11 A21 A38 A41 A51 A64,A53,SV1,SVM (linear),True,,11.0,0.586026949241235,0.0438729399227209,0.1,ok,,0,dirty_5
cars,classification,392,8,False,A11 A21 A38 A41 A51 A64,A53,SV2,Kernel SVM (RBF/Poly),True,,9.0,0.6476596023024593,0.0448424231417408,0.11,ok,,0,dirty_5
cars,classification,392,8,False,A11 A21 A38 A41 A51 A64,A53,PR1,Naive Bayes,True,,14.0,0.6450693354264783,0.0478540109690686,0.09,ok,,0,dirty_5
cars,classification,392,8,False,A11 A21 A38 A41 A51 A64,A53,IB1,k-Nearest Neighbors,True,,16.0,0.679190650619222,0.0807838904777119,0.1,ok,,0,dirty_5
cars,classification,392,8,False,A11 A21 A38 A41 A51 A64,A53,DR4,LDA (Linear Discriminant Analysis),True,,12.0,0.6296193092621664,0.0372609219682266,0.09,ok,,0,dirty_5
cars,classification,392,8,False,A11 A21 A38 A41 A51 A64,A53,NN1,Perceptron,True,,17.0,0.6115593929879644,0.0626312455017875,0.11,ok,,0,dirty_5
cars,classification,392,8,False,A11 A21 A38 A41 A51 A64,A53,NN2,MLP (Feedforward),True,,2.0,0.6971690214547357,0.0968349146767491,4.67,ok,,0,dirty_5
cars,classification,392,8,False,A11 A21 A38 A41 A51 A64,A53,EN3,XGBoost,True,,4.0,0.9065345368916798,0.0504143942534376,0.37,ok,,0,dirty_5
cars,classification,392,8,False,A11 A21 A38 A41 A51 A64,A53,EN4,LightGBM,True,,1.0,0.9121991104133962,0.0610658223904495,1.28,ok,,0,dirty_5
cars,classification,392,8,False,A11 A21 A38 A41 A51 A64,A53,BASE-HGB,Histogram Gradient Boosting (baseline),False,,,0.9165947148090006,0.0230672058245399,1.35,ok,,0,dirty_5
collins,classification,485,23,False,A11 A21 A38 A41 A51 A64,A54,LM2,Logistic Regression,True,,10.0,0.6032142857142857,0.0237928379903268,0.31,ok,,0,dirty_5
collins,classification,485,23,False,A11 A21 A38 A41 A51 A64,A54,TR1,Decision Tree,True,,13.0,0.9434859584859586,0.0269779546280742,0.13,ok,,0,dirty_5
collins,classification,485,23,False,A11 A21 A38 A41 A51 A64,A54,TR2,Random Forest,True,,5.0,0.964041514041514,0.0264331113636865,2.85,ok,,0,dirty_5
collins,classification,485,23,False,A11 A21 A38 A41 A51 A64,A54,TR3,Extra Trees,True,,3.0,0.9773076923076924,0.0126443740761506,2.43,ok,,0,dirty_5
collins,classification,485,23,False,A11 A21 A38 A41 A51 A64,A54,EN1,AdaBoost,True,,15.0,0.2895726495726496,0.0130454974054957,0.74,ok,,0,dirty_5
collins,classification,485,23,False,A11 A21 A38 A41 A51 A64,A54,EN2,Gradient Boosting (GBM),True,,7.0,0.9571825396825396,0.0188961122911231,33.04,ok,,0,dirty_5
collins,classification,485,23,False,A11 A21 A38 A41 A51 A64,A54,EN6,Stacking,True,,6.0,0.931608669108669,0.025517910431932,2.5,ok,,0,dirty_5
collins,classification,485,23,False,A11 A21 A38 A41 A51 A64,A54,EN7,Voting Ensemble,True,,8.0,0.8761202686202687,0.041395727133002,0.64,ok,,0,dirty_5
collins,classification,485,23,False,A11 A21 A38 A41 A51 A64,A54,SV1,SVM (linear),True,,11.0,0.5559371184371185,0.0323971080854688,0.43,ok,,0,dirty_5
collins,classification,485,23,False,A11 A21 A38 A41 A51 A64,A54,SV2,Kernel SVM (RBF/Poly),True,,9.0,0.5989865689865691,0.0146403965435685,0.5,ok,,0,dirty_5
collins,classification,485,23,False,A11 A21 A38 A41 A51 A64,A54,PR1,Naive Bayes,True,,14.0,0.88998778998779,0.0237433785036622,0.29,ok,,0,dirty_5
collins,classification,485,23,False,A11 A21 A38 A41 A51 A64,A54,IB1,k-Nearest Neighbors,True,,16.0,0.5293192918192918,0.0148133919222588,0.23,ok,,0,dirty_5
collins,classification,485,23,False,A11 A21 A38 A41 A51 A64,A54,DR4,LDA (Linear Discriminant Analysis),True,,12.0,0.8466819291819293,0.0249722000566873,0.26,ok,,0,dirty_5
collins,classification,485,23,False,A11 A21 A38 A41 A51 A64,A54,NN1,Perceptron,True,,17.0,0.4559249084249084,0.067540671567711,0.37,ok,,0,dirty_5
collins,classification,485,23,False,A11 A21 A38 A41 A51 A64,A54,NN2,MLP (Feedforward),True,,2.0,0.6136202686202685,0.0151359268033107,11.38,ok,,0,dirty_5
collins,classification,485,23,False,A11 A21 A38 A41 A51 A64,A54,EN3,XGBoost,True,,4.0,0.963034188034188,0.0265473717786279,2.17,ok,,0,dirty_5
collins,classification,485,23,False,A11 A21 A38 A41 A51 A64,A54,EN4,LightGBM,True,,1.0,0.967759462759463,0.0102976524138166,83.15,ok,,0,dirty_5
collins,classification,485,23,False,A11 A21 A38 A41 A51 A64,A54,BASE-HGB,Histogram Gradient Boosting (baseline),False,,,0.958870573870574,0.0080123547745337,5.09,ok,,0,dirty_5
breast_cancer_wisconsin_diagnostic,classification,569,30,False,A11 A21 A31 A41 A51 A64,A54,LM2,Logistic Regression,True,,10.0,0.9638405367606154,0.0228996368186965,0.1,ok,,0,dirty_5
breast_cancer_wisconsin_diagnostic,classification,569,30,False,A11 A21 A31 A41 A51 A64,A54,TR1,Decision Tree,True,,13.0,0.9291015472681048,0.0186447359086393,0.13,ok,,0,dirty_5
breast_cancer_wisconsin_diagnostic,classification,569,30,False,A11 A21 A31 A41 A51 A64,A54,TR2,Random Forest,True,,5.0,0.9529176999984402,0.0183493612233375,3.86,ok,,0,dirty_5
breast_cancer_wisconsin_diagnostic,classification,569,30,False,A11 A21 A31 A41 A51 A64,A54,TR3,Extra Trees,True,,3.0,0.9585123791846688,0.0123780412040569,3.44,ok,,0,dirty_5
breast_cancer_wisconsin_diagnostic,classification,569,30,False,A11 A21 A31 A41 A51 A64,A54,EN1,AdaBoost,True,,15.0,0.9546871669292238,0.0176108251587658,2.39,ok,,0,dirty_5
breast_cancer_wisconsin_diagnostic,classification,569,30,False,A11 A21 A31 A41 A51 A64,A54,EN2,Gradient Boosting (GBM),True,,7.0,0.957188284747243,0.0105943001375082,4.25,ok,,0,dirty_5
breast_cancer_wisconsin_diagnostic,classification,569,30,False,A11 A21 A31 A41 A51 A64,A54,EN6,Stacking,True,,6.0,0.9642569239727772,0.015426413674853,1.14,ok,,0,dirty_5
breast_cancer_wisconsin_diagnostic,classification,569,30,False,A11 A21 A31 A41 A51 A64,A54,EN7,Voting Ensemble,True,,8.0,0.9576506194791488,0.0168732648603534,0.36,ok,,0,dirty_5
breast_cancer_wisconsin_diagnostic,classification,569,30,False,A11 A21 A31 A41 A51 A64,A54,SV1,SVM (linear),True,,11.0,0.9581709247734468,0.0185891751183068,0.19,ok,,0,dirty_5
breast_cancer_wisconsin_diagnostic,classification,569,30,False,A11 A21 A31 A41 A51 A64,A54,SV2,Kernel SVM (RBF/Poly),True,,9.0,0.9609128933809576,0.0098369954861083,0.24,ok,,0,dirty_5
breast_cancer_wisconsin_diagnostic,classification,569,30,False,A11 A21 A31 A41 A51 A64,A54,PR1,Naive Bayes,True,,14.0,0.9245840027243568,0.0236326631405784,0.18,ok,,0,dirty_5
breast_cancer_wisconsin_diagnostic,classification,569,30,False,A11 A21 A31 A41 A51 A64,A54,IB1,k-Nearest Neighbors,True,,16.0,0.94477335589766,0.0257951253086955,0.21,ok,,0,dirty_5
breast_cancer_wisconsin_diagnostic,classification,569,30,False,A11 A21 A31 A41 A51 A64,A54,DR4,LDA (Linear Discriminant Analysis),True,,12.0,0.9444387253755088,0.0094995211934014,0.19,ok,,0,dirty_5
breast_cancer_wisconsin_diagnostic,classification,569,30,False,A11 A21 A31 A41 A51 A64,A54,NN1,Perceptron,True,,17.0,0.9559296996448978,0.0236231362256,0.18,ok,,0,dirty_5
breast_cancer_wisconsin_diagnostic,classification,569,30,False,A11 A21 A31 A41 A51 A64,A54,NN2,MLP (Feedforward),True,,2.0,0.9596151846479394,0.0240651592358352,6.25,ok,,0,dirty_5
breast_cancer_wisconsin_diagnostic,classification,569,30,False,A11 A21 A31 A41 A51 A64,A54,EN3,XGBoost,True,,4.0,0.9623307675510424,0.0136158471660223,0.81,ok,,0,dirty_5
breast_cancer_wisconsin_diagnostic,classification,569,30,False,A11 A21 A31 A41 A51 A64,A54,EN4,LightGBM,True,,1.0,0.9566875412682816,0.0155079673181389,72.32,ok,,0,dirty_5
breast_cancer_wisconsin_diagnostic,classification,569,30,False,A11 A21 A31 A41 A51 A64,A54,BASE-HGB,Histogram Gradient Boosting (baseline),False,,,0.955770410577158,0.0125469811245857,1.8,ok,,0,dirty_5
credit_approval_australia,classification,690,15,False,A11 A21 A38 A41 A51 A64,A54,LM2,Logistic Regression,True,,10.0,0.8711824962868688,0.0289568664336929,0.2,ok,,0,dirty_5
credit_approval_australia,classification,690,15,False,A11 A21 A38 A41 A51 A64,A54,TR1,Decision Tree,True,,13.0,0.7930276812168877,0.0417726434695506,0.17,ok,,0,dirty_5
credit_approval_australia,classification,690,15,False,A11 A21 A38 A41 A51 A64,A54,TR2,Random Forest,True,,5.0,0.8719723928830778,0.0427138211679097,2.86,ok,,0,dirty_5
credit_approval_australia,classification,690,15,False,A11 A21 A38 A41 A51 A64,A54,TR3,Extra Trees,True,,3.0,0.8618253785514216,0.0413092406276941,2.77,ok,,0,dirty_5
credit_approval_australia,classification,690,15,False,A11 A21 A38 A41 A51 A64,A54,EN1,AdaBoost,True,,15.0,0.8619372604628248,0.0277330678084379,0.99,ok,,0,dirty_5
credit_approval_australia,classification,690,15,False,A11 A21 A38 A41 A51 A64,A54,EN2,Gradient Boosting (GBM),True,,7.0,0.850298577678271,0.0334486287332408,1.24,ok,,0,dirty_5
credit_approval_australia,classification,690,15,False,A11 A21 A38 A41 A51 A64,A54,EN6,Stacking,True,,6.0,0.8634163228849973,0.0378582478445264,0.93,ok,,0,dirty_5
credit_approval_australia,classification,690,15,False,A11 A21 A38 A41 A51 A64,A54,EN7,Voting Ensemble,True,,8.0,0.8556334679542952,0.0350414958776891,0.31,ok,,0,dirty_5
credit_approval_australia,classification,690,15,False,A11 A21 A38 A41 A51 A64,A54,SV1,SVM (linear),True,,11.0,0.8584551675327928,0.0271769235724823,0.15,ok,,0,dirty_5
credit_approval_australia,classification,690,15,False,A11 A21 A38 A41 A51 A64,A54,SV2,Kernel SVM (RBF/Poly),True,,9.0,0.8587791289675561,0.0298692723011641,0.2,ok,,0,dirty_5
credit_approval_australia,classification,690,15,False,A11 A21 A38 A41 A51 A64,A54,PR1,Naive Bayes,True,,14.0,0.8282777216104055,0.0474976132957119,0.13,ok,,0,dirty_5
credit_approval_australia,classification,690,15,False,A11 A21 A38 A41 A51 A64,A54,IB1,k-Nearest Neighbors,True,,16.0,0.8396815436504823,0.0440938091947172,0.18,ok,,0,dirty_5
credit_approval_australia,classification,690,15,False,A11 A21 A38 A41 A51 A64,A54,DR4,LDA (Linear Discriminant Analysis),True,,12.0,0.8659103921767786,0.0312434092870042,0.15,ok,,0,dirty_5
credit_approval_australia,classification,690,15,False,A11 A21 A38 A41 A51 A64,A54,NN1,Perceptron,True,,17.0,0.8140172193861414,0.0495889164872998,0.16,ok,,0,dirty_5
credit_approval_australia,classification,690,15,False,A11 A21 A38 A41 A51 A64,A54,NN2,MLP (Feedforward),True,,2.0,0.8432357936811163,0.0203147611032255,7.66,ok,,0,dirty_5
credit_approval_australia,classification,690,15,False,A11 A21 A38 A41 A51 A64,A54,EN3,XGBoost,True,,4.0,0.871707837932893,0.0240638525621326,0.37,ok,,0,dirty_5
credit_approval_australia,classification,690,15,False,A11 A21 A38 A41 A51 A64,A54,EN4,LightGBM,True,,1.0,0.8567766316179855,0.0276327134918366,9.53,ok,,0,dirty_5
credit_approval_australia,classification,690,15,False,A11 A21 A38 A41 A51 A64,A54,BASE-HGB,Histogram Gradient Boosting (baseline),False,,,0.8501679900438562,0.033329501470286,1.49,ok,,0,dirty_5
tic_tac_toe,classification,958,9,False,A11 A21 A32 A41 A51 A61,A53,LM2,Logistic Regression,False,needs A31 data (yours is A32),,0.9759384893713252,0.0054768403217284,0.15,ok,,0,dirty_5
tic_tac_toe,classification,958,9,False,A11 A21 A32 A41 A51 A61,A53,TR1,Decision Tree,True,,12.0,0.9394852232344768,0.0204627332790518,0.14,ok,,0,dirty_5
tic_tac_toe,classification,958,9,False,A11 A21 A32 A41 A51 A61,A53,TR2,Random Forest,True,,5.0,0.9826753677499946,0.0081138322961524,2.69,ok,,0,dirty_5
tic_tac_toe,classification,958,9,False,A11 A21 A32 A41 A51 A61,A53,TR3,Extra Trees,True,,3.0,0.989484396200814,0.0076287326067087,2.07,ok,,0,dirty_5
tic_tac_toe,classification,958,9,False,A11 A21 A32 A41 A51 A61,A53,EN1,AdaBoost,True,,13.0,0.7696898537614956,0.0521871001193323,0.84,ok,,0,dirty_5
tic_tac_toe,classification,958,9,False,A11 A21 A32 A41 A51 A61,A53,EN2,Gradient Boosting (GBM),True,,7.0,0.9713308005427408,0.0090269457800201,1.13,ok,,0,dirty_5
tic_tac_toe,classification,958,9,False,A11 A21 A32 A41 A51 A61,A53,EN6,Stacking,True,,6.0,0.9771376020331244,0.008825891022537,0.96,ok,,0,dirty_5
tic_tac_toe,classification,958,9,False,A11 A21 A32 A41 A51 A61,A53,EN7,Voting Ensemble,True,,8.0,0.9704070728608044,0.0164705239033669,0.35,ok,,0,dirty_5
tic_tac_toe,classification,958,9,False,A11 A21 A32 A41 A51 A61,A53,SV1,SVM (linear),True,,10.0,0.9759384893713252,0.0054768403217284,0.14,ok,,0,dirty_5
tic_tac_toe,classification,958,9,False,A11 A21 A32 A41 A51 A61,A53,SV2,Kernel SVM (RBF/Poly),True,,9.0,0.9789687924016284,0.0086494517770257,0.32,ok,,0,dirty_5
tic_tac_toe,classification,958,9,False,A11 A21 A32 A41 A51 A61,A53,PR1,Naive Bayes,False,needs A31 data (yours is A32),,0.6268098554844823,0.0309206559188606,0.12,ok,,0,dirty_5
tic_tac_toe,classification,958,9,False,A11 A21 A32 A41 A51 A61,A53,IB1,k-Nearest Neighbors,False,needs A31 data (yours is A32),,0.8949656221059206,0.0189109423016692,0.24,ok,,0,dirty_5
tic_tac_toe,classification,958,9,False,A11 A21 A32 A41 A51 A61,A53,DR4,LDA (Linear Discriminant Analysis),True,,11.0,0.9759384893713252,0.0054768403217284,0.16,ok,,0,dirty_5
tic_tac_toe,classification,958,9,False,A11 A21 A32 A41 A51 A61,A53,NN1,Perceptron,False,needs A31 data (yours is A32),,0.9626557860050398,0.0171927386799032,0.15,ok,,0,dirty_5
tic_tac_toe,classification,958,9,False,A11 A21 A32 A41 A51 A61,A53,NN2,MLP (Feedforward),True,,2.0,0.977431026684758,0.0046502849396366,4.98,ok,,0,dirty_5
tic_tac_toe,classification,958,9,False,A11 A21 A32 A41 A51 A61,A53,EN3,XGBoost,True,,4.0,0.9833615558570784,0.0060518598778343,0.32,ok,,0,dirty_5
tic_tac_toe,classification,958,9,False,A11 A21 A32 A41 A51 A61,A53,EN4,LightGBM,True,,1.0,0.9841841700587968,0.0096155085105106,1.54,ok,,0,dirty_5
tic_tac_toe,classification,958,9,False,A11 A21 A32 A41 A51 A61,A53,BASE-HGB,Histogram Gradient Boosting (baseline),False,,,0.9848767073722297,0.0097872722645771,1.12,ok,,0,dirty_5
parity5+5,classification,1124,10,False,A11 A21 A32 A41 A51 A61,A53,LM2,Logistic Regression,False,needs A31 data (yours is A32),,0.4486113334040674,0.0057767627963037,0.13,ok,,0,dirty_5
parity5+5,classification,1124,10,False,A11 A21 A32 A41 A51 A61,A53,TR1,Decision Tree,True,,12.0,0.7093114722947047,0.0982883176674803,0.14,ok,,0,dirty_5
parity5+5,classification,1124,10,False,A11 A21 A32 A41 A51 A61,A53,TR2,Random Forest,True,,5.0,0.640353983050187,0.0674942957839539,3.12,ok,,0,dirty_5
parity5+5,classification,1124,10,False,A11 A21 A32 A41 A51 A61,A53,TR3,Extra Trees,True,,3.0,0.7460953043335437,0.1951027985176311,3.08,ok,,0,dirty_5
parity5+5,classification,1124,10,False,A11 A21 A32 A41 A51 A61,A53,EN1,AdaBoost,True,,13.0,0.4477341404216113,0.0054866086457279,0.75,ok,,0,dirty_5
parity5+5,classification,1124,10,False,A11 A21 A32 A41 A51 A61,A53,EN2,Gradient Boosting (GBM),True,,7.0,0.3128628195698527,0.0187667946422842,1.12,ok,,0,dirty_5
parity5+5,classification,1124,10,False,A11 A21 A32 A41 A51 A61,A53,EN6,Stacking,True,,6.0,0.5680159012395855,0.1366642029446905,0.77,ok,,0,dirty_5
parity5+5,classification,1124,10,False,A11 A21 A32 A41 A51 A61,A53,EN7,Voting Ensemble,True,,8.0,0.5083840798180574,0.1052598389770743,0.29,ok,,0,dirty_5
parity5+5,classification,1124,10,False,A11 A21 A32 A41 A51 A61,A53,SV1,SVM (linear),True,,10.0,0.4477341404216113,0.0054866086457279,0.2,ok,,0,dirty_5
parity5+5,classification,1124,10,False,A11 A21 A32 A41 A51 A61,A53,SV2,Kernel SVM (RBF/Poly),True,,9.0,0.3036817820382096,0.0160411505817858,0.39,ok,,0,dirty_5
parity5+5,classification,1124,10,False,A11 A21 A32 A41 A51 A61,A53,PR1,Naive Bayes,False,needs A31 data (yours is A32),,0.4409235950136043,0.0088107996802435,0.16,ok,,0,dirty_5
parity5+5,classification,1124,10,False,A11 A21 A32 A41 A51 A61,A53,IB1,k-Nearest Neighbors,False,needs A31 data (yours is A32),,0.5200438873733005,0.0346499221320135,0.16,ok,,0,dirty_5
parity5+5,classification,1124,10,False,A11 A21 A32 A41 A51 A61,A53,DR4,LDA (Linear Discriminant Analysis),True,,11.0,0.4477341404216113,0.0054866086457279,0.19,ok,,0,dirty_5
parity5+5,classification,1124,10,False,A11 A21 A32 A41 A51 A61,A53,NN1,Perceptron,False,needs A31 data (yours is A32),,0.476073723683761,0.0295941098561358,0.17,ok,,0,dirty_5
parity5+5,classification,1124,10,False,A11 A21 A32 A41 A51 A61,A53,NN2,MLP (Feedforward),True,,2.0,1.0,0.0,11.19,ok,,0,dirty_5
parity5+5,classification,1124,10,False,A11 A21 A32 A41 A51 A61,A53,EN3,XGBoost,True,,4.0,0.9982142857142856,0.0035714285714285,0.37,ok,,0,dirty_5
parity5+5,classification,1124,10,False,A11 A21 A32 A41 A51 A61,A53,EN4,LightGBM,True,,1.0,0.9653864390706496,0.0692271218587008,1.32,ok,,0,dirty_5
parity5+5,classification,1124,10,False,A11 A21 A32 A41 A51 A61,A53,BASE-HGB,Histogram Gradient Boosting (baseline),False,,,0.9653864390706496,0.0692271218587008,1.6,ok,,0,dirty_5
yeast,classification,1479,8,False,A11 A21 A31 A41 A51 A64,A53,LM2,Logistic Regression,True,,10.0,0.4752217429122118,0.0207134624255714,0.42,ok,,0,dirty_5
yeast,classification,1479,8,False,A11 A21 A31 A41 A51 A64,A53,TR1,Decision Tree,True,,13.0,0.4223448195532012,0.0284643231051111,0.21,ok,,0,dirty_5
yeast,classification,1479,8,False,A11 A21 A31 A41 A51 A64,A53,TR2,Random Forest,True,,5.0,0.4999958802882888,0.028694466532361,5.01,ok,,0,dirty_5
yeast,classification,1479,8,False,A11 A21 A31 A41 A51 A64,A53,TR3,Extra Trees,True,,3.0,0.4793434340635533,0.04490338870796,3.38,ok,,0,dirty_5
yeast,classification,1479,8,False,A11 A21 A31 A41 A51 A64,A53,EN1,AdaBoost,True,,15.0,0.3836791761492802,0.0313870476631517,0.67,ok,,0,dirty_5
yeast,classification,1479,8,False,A11 A21 A31 A41 A51 A64,A53,EN2,Gradient Boosting (GBM),True,,7.0,0.4746456916235456,0.0404750668710172,9.66,ok,,0,dirty_5
yeast,classification,1479,8,False,A11 A21 A31 A41 A51 A64,A53,EN6,Stacking,True,,6.0,0.485089284383189,0.0228339707706196,1.34,ok,,0,dirty_5
yeast,classification,1479,8,False,A11 A21 A31 A41 A51 A64,A53,EN7,Voting Ensemble,True,,8.0,0.4948516266543431,0.0126193480134824,0.32,ok,,0,dirty_5
yeast,classification,1479,8,False,A11 A21 A31 A41 A51 A64,A53,SV1,SVM (linear),True,,11.0,0.4585311850177689,0.0285213486209972,0.09,ok,,0,dirty_5
yeast,classification,1479,8,False,A11 A21 A31 A41 A51 A64,A53,SV2,Kernel SVM (RBF/Poly),True,,9.0,0.4748302705152166,0.0336596595530559,0.37,ok,,0,dirty_5
yeast,classification,1479,8,False,A11 A21 A31 A41 A51 A64,A53,PR1,Naive Bayes,True,,14.0,0.317965385233892,0.0528465115353282,0.06,ok,,0,dirty_5
yeast,classification,1479,8,False,A11 A21 A31 A41 A51 A64,A53,IB1,k-Nearest Neighbors,True,,16.0,0.4567570843776988,0.037470069972987,0.11,ok,,0,dirty_5
yeast,classification,1479,8,False,A11 A21 A31 A41 A51 A64,A53,DR4,LDA (Linear Discriminant Analysis),True,,12.0,0.5098282590101465,0.033400442897298,0.07,ok,,0,dirty_5
yeast,classification,1479,8,False,A11 A21 A31 A41 A51 A64,A53,NN1,Perceptron,True,,17.0,0.3582125583536415,0.0589881727273055,0.1,ok,,0,dirty_5
yeast,classification,1479,8,False,A11 A21 A31 A41 A51 A64,A53,NN2,MLP (Feedforward),True,,2.0,0.4915212348449701,0.022729982126015,13.66,ok,,0,dirty_5
yeast,classification,1479,8,False,A11 A21 A31 A41 A51 A64,A53,EN3,XGBoost,True,,4.0,0.4854531894227333,0.0269846192432522,1.37,ok,,0,dirty_5
yeast,classification,1479,8,False,A11 A21 A31 A41 A51 A64,A53,EN4,LightGBM,True,,1.0,0.4212560751378456,0.0299504622420847,12.16,ok,,0,dirty_5
yeast,classification,1479,8,False,A11 A21 A31 A41 A51 A64,A53,BASE-HGB,Histogram Gradient Boosting (baseline),False,,,0.4247463374779505,0.0359308790916141,9.68,ok,,0,dirty_5
mfeat_zernike,classification,2000,47,False,A11 A21 A31 A41 A51 A64,A54,LM2,Logistic Regression,True,,10.0,0.8,0.0108397416943394,0.45,ok,,0,dirty_5
mfeat_zernike,classification,2000,47,False,A11 A21 A31 A41 A51 A64,A54,TR1,Decision Tree,True,,13.0,0.6325000000000001,0.0314245127249413,0.53,ok,,0,dirty_5
mfeat_zernike,classification,2000,47,False,A11 A21 A31 A41 A51 A64,A54,TR2,Random Forest,True,,5.0,0.769,0.0129034879005638,8.6,ok,,0,dirty_5
mfeat_zernike,classification,2000,47,False,A11 A21 A31 A41 A51 A64,A54,TR3,Extra Trees,True,,3.0,0.7860000000000001,0.0170733710789639,4.88,ok,,0,dirty_5
mfeat_zernike,classification,2000,47,False,A11 A21 A31 A41 A51 A64,A54,EN1,AdaBoost,True,,15.0,0.5385,0.04479397280885,3.65,ok,,0,dirty_5
mfeat_zernike,classification,2000,47,False,A11 A21 A31 A41 A51 A64,A54,EN2,Gradient Boosting (GBM),True,,7.0,0.7555,0.0165378354085412,109.88,ok,,0,dirty_5
mfeat_zernike,classification,2000,47,False,A11 A21 A31 A41 A51 A64,A54,EN6,Stacking,True,,6.0,0.8705,0.010295630140987,3.64,ok,,0,dirty_5
mfeat_zernike,classification,2000,47,False,A11 A21 A31 A41 A51 A64,A54,EN7,Voting Ensemble,True,,8.0,0.8045,0.013546217184144,0.94,ok,,0,dirty_5
mfeat_zernike,classification,2000,47,False,A11 A21 A31 A41 A51 A64,A54,SV1,SVM (linear),True,,11.0,0.7845,0.0192613602842582,0.85,ok,,0,dirty_5
mfeat_zernike,classification,2000,47,False,A11 A21 A31 A41 A51 A64,A54,SV2,Kernel SVM (RBF/Poly),True,,9.0,0.827,0.0106536378763312,1.08,ok,,0,dirty_5
mfeat_zernike,classification,2000,47,False,A11 A21 A31 A41 A51 A64,A54,PR1,Naive Bayes,True,,14.0,0.7245,0.0206397674405502,0.13,ok,,0,dirty_5
mfeat_zernike,classification,2000,47,False,A11 A21 A31 A41 A51 A64,A54,IB1,k-Nearest Neighbors,True,,16.0,0.805,0.0186413518823072,0.14,ok,,0,dirty_5
mfeat_zernike,classification,2000,47,False,A11 A21 A31 A41 A51 A64,A54,DR4,LDA (Linear Discriminant Analysis),True,,12.0,0.774,0.0180693109995926,0.15,ok,,0,dirty_5
mfeat_zernike,classification,2000,47,False,A11 A21 A31 A41 A51 A64,A54,NN1,Perceptron,True,,17.0,0.7610000000000001,0.0119999999999999,0.25,ok,,0,dirty_5
mfeat_zernike,classification,2000,47,False,A11 A21 A31 A41 A51 A64,A54,NN2,MLP (Feedforward),True,,2.0,0.8029999999999999,0.0105356537528527,22.7,ok,,0,dirty_5
mfeat_zernike,classification,2000,47,False,A11 A21 A31 A41 A51 A64,A54,EN3,XGBoost,True,,4.0,0.773,0.0151162164578309,12.71,ok,,0,dirty_5
mfeat_zernike,classification,2000,47,False,A11 A21 A31 A41 A51 A64,A54,BASE-HGB,Histogram Gradient Boosting (baseline),False,,,0.7745,0.0219317121994612,25.24,ok,,0,dirty_5
splice,classification,3188,60,False,A11 A21 A32 A41 A51 A61,A53,LM2,Logistic Regression,False,needs A31 data (yours is A32),,0.9452040899622112,0.013034239748758,1.79,ok,,0,dirty_5
splice,classification,3188,60,False,A11 A21 A32 A41 A51 A61,A53,TR1,Decision Tree,True,,12.0,0.9278546375047736,0.009329751068646,1.38,ok,,0,dirty_5
splice,classification,3188,60,False,A11 A21 A32 A41 A51 A61,A53,TR2,Random Forest,True,,5.0,0.9633987961747448,0.0067917538551822,7.33,ok,,0,dirty_5
splice,classification,3188,60,False,A11 A21 A32 A41 A51 A61,A53,TR3,Extra Trees,True,,3.0,0.9633170423343276,0.0064564560552675,8.15,ok,,0,dirty_5
splice,classification,3188,60,False,A11 A21 A32 A41 A51 A61,A53,EN1,AdaBoost,True,,13.0,0.939587286173763,0.0122512123482236,4.48,ok,,0,dirty_5
splice,classification,3188,60,False,A11 A21 A32 A41 A51 A61,A53,EN2,Gradient Boosting (GBM),True,,7.0,0.9633636464683673,0.008906090930395,29.85,ok,,0,dirty_5
splice,classification,3188,60,False,A11 A21 A32 A41 A51 A61,A53,EN6,Stacking,True,,6.0,0.9615786992041516,0.0083172308198581,9.27,ok,,0,dirty_5
splice,classification,3188,60,False,A11 A21 A32 A41 A51 A61,A53,EN7,Voting Ensemble,True,,8.0,0.9599539374543348,0.0063170113341529,3.31,ok,,0,dirty_5
splice,classification,3188,60,False,A11 A21 A32 A41 A51 A61,A53,SV1,SVM (linear),True,,10.0,0.944092688688762,0.0085958585351189,1.65,ok,,0,dirty_5
splice,classification,3188,60,False,A11 A21 A32 A41 A51 A61,A53,SV2,Kernel SVM (RBF/Poly),True,,9.0,0.964644741758376,0.0097522558695877,7.2,ok,,0,dirty_5
splice,classification,3188,60,False,A11 A21 A32 A41 A51 A61,A53,PR1,Naive Bayes,False,needs A31 data (yours is A32),,0.7054305162608175,0.1155137954465878,2.42,ok,,0,dirty_5
splice,classification,3188,60,False,A11 A21 A32 A41 A51 A61,A53,IB1,k-Nearest Neighbors,False,needs A31 data (yours is A32),,0.829248533825386,0.0108569021102856,1.45,ok,,0,dirty_5
splice,classification,3188,60,False,A11 A21 A32 A41 A51 A61,A53,DR4,LDA (Linear Discriminant Analysis),True,,11.0,0.951588877021004,0.008263925170355,1.95,ok,,0,dirty_5
splice,classification,3188,60,False,A11 A21 A32 A41 A51 A61,A53,NN1,Perceptron,False,needs A31 data (yours is A32),,0.9431287125578278,0.0102167397270794,1.59,ok,,0,dirty_5
splice,classification,3188,60,False,A11 A21 A32 A41 A51 A61,A53,NN2,MLP (Feedforward),True,,2.0,0.9503614435425816,0.0084809629422489,27.04,ok,,0,dirty_5
splice,classification,3188,60,False,A11 A21 A32 A41 A51 A61,A53,EN3,XGBoost,True,,4.0,0.963499236118796,0.0071746321981117,4.0,ok,,0,dirty_5
splice,classification,3188,60,False,A11 A21 A32 A41 A51 A61,A53,EN4,LightGBM,True,,1.0,0.9617920190236,0.0045624061050863,23.98,ok,,0,dirty_5
splice,classification,3188,60,False,A11 A21 A32 A41 A51 A61,A53,BASE-HGB,Histogram Gradient Boosting (baseline),False,,,0.965660908868704,0.0049708821051722,36.49,ok,,0,dirty_5
allhypo,classification,3770,29,False,A11 A21 A38 A41 A52 A62,A53,LM2,Logistic Regression,True,,10.0,0.4749176744504139,0.0398995363960055,1.36,ok,,0,dirty_5
allhypo,classification,3770,29,False,A11 A21 A38 A41 A52 A62,A53,TR1,Decision Tree,True,,13.0,0.7864066845762445,0.0648111937756757,0.63,ok,,0,dirty_5
allhypo,classification,3770,29,False,A11 A21 A38 A41 A52 A62,A53,TR2,Random Forest,True,,5.0,0.6291703752026969,0.0142056440108218,6.12,ok,,0,dirty_5
allhypo,classification,3770,29,False,A11 A21 A38 A41 A52 A62,A53,TR3,Extra Trees,True,,3.0,0.5355072008747861,0.0181619622789935,5.01,ok,,0,dirty_5
allhypo,classification,3770,29,False,A11 A21 A38 A41 A52 A62,A53,EN1,AdaBoost,True,,15.0,0.5255771768408242,0.0423240875450296,1.81,ok,,0,dirty_5
allhypo,classification,3770,29,False,A11 A21 A38 A41 A52 A62,A53,EN2,Gradient Boosting (GBM),True,,7.0,0.843344681436894,0.0380715709715713,10.74,ok,,0,dirty_5
allhypo,classification,3770,29,False,A11 A21 A38 A41 A52 A62,A53,EN6,Stacking,True,,6.0,0.6969867664879603,0.0359764923957506,5.91,ok,,0,dirty_5
allhypo,classification,3770,29,False,A11 A21 A38 A41 A52 A62,A53,EN7,Voting Ensemble,True,,8.0,0.5349005515906964,0.0327205819982876,1.73,ok,,0,dirty_5
allhypo,classification,3770,29,False,A11 A21 A38 A41 A52 A62,A53,SV1,SVM (linear),True,,11.0,0.4169518336419783,0.0214834169872492,0.79,ok,,0,dirty_5
allhypo,classification,3770,29,False,A11 A21 A38 A41 A52 A62,A53,SV2,Kernel SVM (RBF/Poly),True,,9.0,0.3333333333333333,0.0,1.63,ok,,0,dirty_5
allhypo,classification,3770,29,False,A11 A21 A38 A41 A52 A62,A53,PR1,Naive Bayes,True,,14.0,0.4034742898611123,0.0315238175884727,0.63,ok,,0,dirty_5
allhypo,classification,3770,29,False,A11 A21 A38 A41 A52 A62,A53,IB1,k-Nearest Neighbors,True,,16.0,0.4160670466593309,0.0227241851258859,0.75,ok,,0,dirty_5
allhypo,classification,3770,29,False,A11 A21 A38 A41 A52 A62,A53,DR4,LDA (Linear Discriminant Analysis),True,,12.0,0.4816277211129273,0.0313627262210356,0.77,ok,,0,dirty_5
allhypo,classification,3770,29,False,A11 A21 A38 A41 A52 A62,A53,NN1,Perceptron,True,,17.0,0.4813128897440193,0.081249345368158,0.72,ok,,0,dirty_5
allhypo,classification,3770,29,False,A11 A21 A38 A41 A52 A62,A53,NN2,MLP (Feedforward),True,,2.0,0.6381950591027865,0.0332253535818521,32.46,ok,,0,dirty_5
allhypo,classification,3770,29,False,A11 A21 A38 A41 A52 A62,A53,EN3,XGBoost,True,,4.0,0.8272230046006432,0.020862655458054,3.69,ok,,0,dirty_5
allhypo,classification,3770,29,False,A11 A21 A38 A41 A52 A62,A53,EN4,LightGBM,True,,1.0,0.8541640330524893,0.051439962936016,97.96,ok,,0,dirty_5
allhypo,classification,3770,29,False,A11 A21 A38 A41 A52 A62,A53,BASE-HGB,Histogram Gradient Boosting (baseline),False,,,0.8287467897837202,0.0320462882830751,9.09,ok,,0,dirty_5
spambase,classification,4601,57,False,A11 A21 A31 A43 A51 A64,A54,LM2,Logistic Regression,True,,10.0,0.9146682752714552,0.0078066081978612,0.34,ok,,0,dirty_5
spambase,classification,4601,57,False,A11 A21 A31 A43 A51 A64,A54,TR1,Decision Tree,True,,13.0,0.9068531643467744,0.0085115584817061,0.53,ok,,0,dirty_5
spambase,classification,4601,57,False,A11 A21 A31 A43 A51 A64,A54,TR2,Random Forest,True,,5.0,0.9402680188467024,0.0068738195777412,7.2,ok,,0,dirty_5
spambase,classification,4601,57,False,A11 A21 A31 A43 A51 A64,A54,TR3,Extra Trees,True,,3.0,0.9470808538818558,0.0032871414949796,6.4,ok,,0,dirty_5
spambase,classification,4601,57,False,A11 A21 A31 A43 A51 A64,A54,EN1,AdaBoost,True,,15.0,0.9165621610328064,0.0111952231983796,2.21,ok,,0,dirty_5
spambase,classification,4601,57,False,A11 A21 A31 A43 A51 A64,A54,EN2,Gradient Boosting (GBM),True,,7.0,0.9355475048012922,0.0100669050483306,7.43,ok,,0,dirty_5
spambase,classification,4601,57,False,A11 A21 A31 A43 A51 A64,A54,EN6,Stacking,True,,6.0,0.9226153259767342,0.0066703796355761,2.82,ok,,0,dirty_5
spambase,classification,4601,57,False,A11 A21 A31 A43 A51 A64,A54,EN7,Voting Ensemble,True,,8.0,0.9223954508907992,0.0078975818106525,1.24,ok,,0,dirty_5
spambase,classification,4601,57,False,A11 A21 A31 A43 A51 A64,A54,SV1,SVM (linear),True,,11.0,0.9131797423997624,0.0055870553195137,0.94,ok,,0,dirty_5
spambase,classification,4601,57,False,A11 A21 A31 A43 A51 A64,A54,SV2,Kernel SVM (RBF/Poly),True,,9.0,0.9199694619547298,0.0075982586072035,4.2,ok,,0,dirty_5
spambase,classification,4601,57,False,A11 A21 A31 A43 A51 A64,A54,PR1,Naive Bayes,True,,14.0,0.8343570417937473,0.0089143382682968,0.37,ok,,0,dirty_5
spambase,classification,4601,57,False,A11 A21 A31 A43 A51 A64,A54,IB1,k-Nearest Neighbors,True,,16.0,0.8857627773642438,0.0109197491282188,0.83,ok,,0,dirty_5
spambase,classification,4601,57,False,A11 A21 A31 A43 A51 A64,A54,DR4,LDA (Linear Discriminant Analysis),True,,12.0,0.8673722725088389,0.0061927988366896,0.54,ok,,0,dirty_5
spambase,classification,4601,57,False,A11 A21 A31 A43 A51 A64,A54,NN1,Perceptron,True,,17.0,0.8849748449888779,0.0256710061893031,0.53,ok,,0,dirty_5
spambase,classification,4601,57,False,A11 A21 A31 A43 A51 A64,A54,NN2,MLP (Feedforward),True,,2.0,0.9368212804647384,0.0045094180129428,80.56,ok,,0,dirty_5
spambase,classification,4601,57,False,A11 A21 A31 A43 A51 A64,A54,EN3,XGBoost,True,,4.0,0.9447874374168372,0.0079473048147972,5.02,ok,,0,dirty_5
spambase,classification,4601,57,False,A11 A21 A31 A43 A51 A64,A54,BASE-HGB,Histogram Gradient Boosting (baseline),False,,,0.946386862559877,0.0079827038969938,12.29,ok,,0,dirty_5
banana,classification,5000,2,True,A11 A21 A31 A41 A51 A64,A53,LM2,Logistic Regression,True,,10.0,0.5223775833021413,0.0100990225867284,0.17,ok,,0,dirty_5
banana,classification,5000,2,True,A11 A21 A31 A41 A51 A64,A53,TR1,Decision Tree,True,,13.0,0.8426342884491367,0.0119732173542844,0.21,ok,,0,dirty_5
banana,classification,5000,2,True,A11 A21 A31 A41 A51 A64,A53,TR2,Random Forest,True,,5.0,0.8632698318460543,0.0123538450604826,8.33,ok,,0,dirty_5
banana,classification,5000,2,True,A11 A21 A31 A41 A51 A64,A53,TR3,Extra Trees,True,,3.0,0.8586543671580656,0.0135427240253607,5.66,ok,,0,dirty_5
banana,classification,5000,2,True,A11 A21 A31 A41 A51 A64,A53,EN1,AdaBoost,True,,15.0,0.6920153329981149,0.0069926180415477,2.52,ok,,0,dirty_5
banana,classification,5000,2,True,A11 A21 A31 A41 A51 A64,A53,EN2,Gradient Boosting (GBM),True,,7.0,0.8581050145297597,0.010642388295829,5.28,ok,,0,dirty_5
banana,classification,5000,2,True,A11 A21 A31 A41 A51 A64,A53,EN6,Stacking,True,,6.0,0.8620477478614001,0.0171699752097728,1.59,ok,,0,dirty_5
banana,classification,5000,2,True,A11 A21 A31 A41 A51 A64,A53,EN7,Voting Ensemble,True,,8.0,0.8632217325990246,0.0133585513251915,0.44,ok,,0,dirty_5
banana,classification,5000,2,True,A11 A21 A31 A41 A51 A64,A53,SV1,SVM (linear),True,,11.0,0.5228392612370574,0.0110446210713457,0.22,ok,,0,dirty_5
banana,classification,5000,2,True,A11 A21 A31 A41 A51 A64,A53,SV2,Kernel SVM (RBF/Poly),True,,9.0,0.8657731626671008,0.0127894573852541,3.21,ok,,0,dirty_5
banana,classification,5000,2,True,A11 A21 A31 A41 A51 A64,A53,PR1,Naive Bayes,True,,14.0,0.5815549493885733,0.0088931506201564,0.15,ok,,0,dirty_5
banana,classification,5000,2,True,A11 A21 A31 A41 A51 A64,A53,IB1,k-Nearest Neighbors,True,,16.0,0.8559143157972482,0.0167212235438978,0.21,ok,,0,dirty_5
banana,classification,5000,2,True,A11 A21 A31 A41 A51 A64,A53,DR4,LDA (Linear Discriminant Analysis),True,,12.0,0.5226003004513619,0.0103631260065157,0.19,ok,,0,dirty_5
banana,classification,5000,2,True,A11 A21 A31 A41 A51 A64,A53,NN1,Perceptron,True,,17.0,0.5156402602034925,0.0281453862479754,0.18,ok,,0,dirty_5
banana,classification,5000,2,True,A11 A21 A31 A41 A51 A64,A53,NN2,MLP (Feedforward),True,,2.0,0.8696067783761594,0.0106547578826813,46.5,ok,,0,dirty_5
banana,classification,5000,2,True,A11 A21 A31 A41 A51 A64,A53,EN3,XGBoost,True,,4.0,0.865198672694649,0.0122374076095886,0.78,ok,,0,dirty_5
banana,classification,5000,2,True,A11 A21 A31 A41 A51 A64,A53,EN4,LightGBM,True,,1.0,0.8708990361994304,0.0129455735523794,118.36,ok,,0,dirty_5
banana,classification,5000,2,True,A11 A21 A31 A41 A51 A64,A53,BASE-HGB,Histogram Gradient Boosting (baseline),False,,,0.8679645420185566,0.0139812498819109,3.26,ok,,0,dirty_5
satimage,classification,5000,36,True,A11 A21 A31 A41 A51 A64,A53,LM2,Logistic Regression,True,,10.0,0.7975368063600515,0.0109414800570105,1.53,ok,,0,dirty_5
satimage,classification,5000,36,True,A11 A21 A31 A41 A51 A64,A53,TR1,Decision Tree,True,,13.0,0.8023815954467148,0.0084524970675142,1.0,ok,,0,dirty_5
satimage,classification,5000,36,True,A11 A21 A31 A41 A51 A64,A53,TR2,Random Forest,True,,5.0,0.8732865563958931,0.0093281093336612,19.92,ok,,0,dirty_5
satimage,classification,5000,36,True,A11 A21 A31 A41 A51 A64,A53,TR3,Extra Trees,True,,3.0,0.8760840729504624,0.0137220021145582,11.25,ok,,0,dirty_5
satimage,classification,5000,36,True,A11 A21 A31 A41 A51 A64,A53,EN1,AdaBoost,True,,15.0,0.7461237220616026,0.0127708417579937,6.31,ok,,0,dirty_5
satimage,classification,5000,36,True,A11 A21 A31 A41 A51 A64,A53,EN2,Gradient Boosting (GBM),True,,7.0,0.8658952071307517,0.0142337179545368,112.22,ok,,0,dirty_5
satimage,classification,5000,36,True,A11 A21 A31 A41 A51 A64,A53,EN6,Stacking,True,,6.0,0.8747050458012989,0.0099998733302461,17.93,ok,,0,dirty_5
satimage,classification,5000,36,True,A11 A21 A31 A41 A51 A64,A53,EN7,Voting Ensemble,True,,8.0,0.8578819456991222,0.0077302027853813,2.3,ok,,0,dirty_5
satimage,classification,5000,36,True,A11 A21 A31 A41 A51 A64,A53,SV1,SVM (linear),True,,11.0,0.7317229552430737,0.0111671457275828,1.35,ok,,0,dirty_5
satimage,classification,5000,36,True,A11 A21 A31 A41 A51 A64,A53,SV2,Kernel SVM (RBF/Poly),True,,9.0,0.8595858409285582,0.0120505455405844,3.46,ok,,0,dirty_5
satimage,classification,5000,36,True,A11 A21 A31 A41 A51 A64,A53,PR1,Naive Bayes,True,,14.0,0.7823625709115204,0.0056110625028503,0.16,ok,,0,dirty_5
satimage,classification,5000,36,True,A11 A21 A31 A41 A51 A64,A53,IB1,k-Nearest Neighbors,True,,16.0,0.8734881334811175,0.0097739994582844,0.5,ok,,0,dirty_5
satimage,classification,5000,36,True,A11 A21 A31 A41 A51 A64,A53,DR4,LDA (Linear Discriminant Analysis),True,,12.0,0.7727140620849893,0.0107002038060197,0.52,ok,,0,dirty_5
satimage,classification,5000,36,True,A11 A21 A31 A41 A51 A64,A53,NN1,Perceptron,True,,17.0,0.6759833667324127,0.0272334159928891,0.51,ok,,0,dirty_5
satimage,classification,5000,36,True,A11 A21 A31 A41 A51 A64,A53,NN2,MLP (Feedforward),True,,2.0,0.8623146353324997,0.0145229992073959,115.74,ok,,0,dirty_5
satimage,classification,5000,36,True,A11 A21 A31 A41 A51 A64,A53,EN3,XGBoost,True,,4.0,0.8831157605999731,0.0085811916340748,8.53,ok,,0,dirty_5
satimage,classification,5000,36,True,A11 A21 A31 A41 A51 A64,A53,BASE-HGB,Histogram Gradient Boosting (baseline),False,,,0.8877844170290906,0.005564703974512,43.4,ok,,0,dirty_5
agaricus_lepiota,classification,5000,22,True,A11 A21 A38 A41 A51 A61,A53,LM2,Logistic Regression,True,,10.0,0.9993723849372383,0.0012552301255229,2.36,ok,,0,dirty_5
agaricus_lepiota,classification,5000,22,True,A11 A21 A38 A41 A51 A61,A53,TR1,Decision Tree,True,,13.0,0.999581589958159,0.0008368200836819,2.02,ok,,0,dirty_5
agaricus_lepiota,classification,5000,22,True,A11 A21 A38 A41 A51 A61,A53,TR2,Random Forest,True,,5.0,1.0,0.0,7.44,ok,,0,dirty_5
agaricus_lepiota,classification,5000,22,True,A11 A21 A38 A41 A51 A61,A53,TR3,Extra Trees,True,,3.0,1.0,0.0,7.94,ok,,0,dirty_5
agaricus_lepiota,classification,5000,22,True,A11 A21 A38 A41 A51 A61,A53,EN1,AdaBoost,True,,15.0,0.9987624040141714,0.0010290888840808,7.31,ok,,0,dirty_5
agaricus_lepiota,classification,5000,22,True,A11 A21 A38 A41 A51 A61,A53,EN2,Gradient Boosting (GBM),True,,7.0,0.999581589958159,0.0008368200836819,18.79,ok,,0,dirty_5
agaricus_lepiota,classification,5000,22,True,A11 A21 A38 A41 A51 A61,A53,EN6,Stacking,True,,6.0,0.999581589958159,0.0008368200836819,18.6,ok,,0,dirty_5
agaricus_lepiota,classification,5000,22,True,A11 A21 A38 A41 A51 A61,A53,EN7,Voting Ensemble,True,,8.0,0.999581589958159,0.0008368200836819,6.77,ok,,0,dirty_5
agaricus_lepiota,classification,5000,22,True,A11 A21 A38 A41 A51 A61,A53,SV1,SVM (linear),True,,11.0,1.0,0.0,3.74,ok,,0,dirty_5
agaricus_lepiota,classification,5000,22,True,A11 A21 A38 A41 A51 A61,A53,SV2,Kernel SVM (RBF/Poly),True,,9.0,0.9993723849372383,0.0012552301255229,7.36,ok,,0,dirty_5
agaricus_lepiota,classification,5000,22,True,A11 A21 A38 A41 A51 A61,A53,PR1,Naive Bayes,True,,14.0,0.985405344747431,0.0029861248494303,3.29,ok,,0,dirty_5
agaricus_lepiota,classification,5000,22,True,A11 A21 A38 A41 A51 A61,A53,IB1,k-Nearest Neighbors,True,,16.0,0.9997907949790796,0.0004184100418409,3.89,ok,,0,dirty_5
agaricus_lepiota,classification,5000,22,True,A11 A21 A38 A41 A51 A61,A53,DR4,LDA (Linear Discriminant Analysis),True,,12.0,0.9993723849372383,0.0008368200836819,3.94,ok,,0,dirty_5
agaricus_lepiota,classification,5000,22,True,A11 A21 A38 A41 A51 A61,A53,NN1,Perceptron,True,,17.0,0.999581589958159,0.0005124455528835,3.5,ok,,0,dirty_5
agaricus_lepiota,classification,5000,22,True,A11 A21 A38 A41 A51 A61,A53,NN2,MLP (Feedforward),True,,2.0,1.0,0.0,18.15,ok,,0,dirty_5
agaricus_lepiota,classification,5000,22,True,A11 A21 A38 A41 A51 A61,A53,EN3,XGBoost,True,,4.0,1.0,0.0,5.04,ok,,0,dirty_5
agaricus_lepiota,classification,5000,22,True,A11 A21 A38 A41 A51 A61,A53,EN4,LightGBM,True,,1.0,1.0,0.0,26.27,ok,,0,dirty_5
agaricus_lepiota,classification,5000,22,True,A11 A21 A38 A41 A51 A61,A53,BASE-HGB,Histogram Gradient Boosting (baseline),False,,,1.0,0.0,23.69,ok,,0,dirty_5
letter,classification,5000,16,True,A11 A21 A31 A41 A53 A64,,LM2,Logistic Regression,True,,10.0,0.6925182016994267,0.0121823040625212,2.56,ok,,0,dirty_5
letter,classification,5000,16,True,A11 A21 A31 A41 A53 A64,,TR1,Decision Tree,True,,13.0,0.6983241685208604,0.0137866813172561,0.75,ok,,0,dirty_5
letter,classification,5000,16,True,A11 A21 A31 A41 A53 A64,,TR2,Random Forest,True,,5.0,0.8725869942846776,0.0178960405305099,14.17,ok,,0,dirty_5
letter,classification,5000,16,True,A11 A21 A31 A41 A53 A64,,TR3,Extra Trees,True,,3.0,0.899754449670173,0.0138342587135465,12.78,ok,,0,dirty_5
letter,classification,5000,16,True,A11 A21 A31 A41 A53 A64,,EN1,AdaBoost,True,,15.0,0.29629461459315,0.0272173689553832,9.11,ok,,0,dirty_5
letter,classification,5000,16,True,A11 A21 A31 A41 A53 A64,,EN6,Stacking,True,,6.0,0.8346999054065758,0.0185645179161621,19.02,ok,,0,dirty_5
letter,classification,5000,16,True,A11 A21 A31 A41 A53 A64,,EN7,Voting Ensemble,True,,8.0,0.8107198920012735,0.0175948476040935,4.36,ok,,0,dirty_5
letter,classification,5000,16,True,A11 A21 A31 A41 A53 A64,,SV1,SVM (linear),True,,11.0,0.6251121587975887,0.011979178870309,4.44,ok,,0,dirty_5
letter,classification,5000,16,True,A11 A21 A31 A41 A53 A64,,SV2,Kernel SVM (RBF/Poly),True,,9.0,0.8257687009362646,0.013355054796926,17.28,ok,,0,dirty_5
letter,classification,5000,16,True,A11 A21 A31 A41 A53 A64,,PR1,Naive Bayes,True,,14.0,0.6013283027843994,0.0067588004298705,0.53,ok,,0,dirty_5
letter,classification,5000,16,True,A11 A21 A31 A41 A53 A64,,IB1,k-Nearest Neighbors,True,,16.0,0.8093392892561567,0.0196070361825272,1.38,ok,,0,dirty_5
letter,classification,5000,16,True,A11 A21 A31 A41 A53 A64,,DR4,LDA (Linear Discriminant Analysis),True,,12.0,0.6500513707328679,0.0141021991809588,0.87,ok,,0,dirty_5
letter,classification,5000,16,True,A11 A21 A31 A41 A53 A64,,NN1,Perceptron,True,,17.0,0.4253326188584008,0.0323245018301734,2.11,ok,,0,dirty_5
letter,classification,5000,16,True,A11 A21 A31 A41 A53 A64,,EN3,XGBoost,True,,4.0,0.8578455725052654,0.0189320104394195,29.74,ok,,0,dirty_5
229_pwLinear,regression,200,10,False,A11 A21 A32 A41 A53 A61,,LM1,Linear Regression,False,needs A31 data (yours is A32),,0.7205052532818804,0.032028532687562,0.29,ok,,0,dirty_5
229_pwLinear,regression,200,10,False,A11 A21 A32 A41 A53 A61,,LM3,Ridge Regression,False,needs A31 data (yours is A32),,0.7221595539670387,0.0321627109791214,0.29,ok,,0,dirty_5
229_pwLinear,regression,200,10,False,A11 A21 A32 A41 A53 A61,,LM4,Lasso Regression,True,,13.0,0.2328473395092607,0.028188283313025,0.3,ok,,0,dirty_5
229_pwLinear,regression,200,10,False,A11 A21 A32 A41 A53 A61,,LM5,Elastic Net,True,,14.0,0.2731936274274504,0.0291792539698728,0.3,ok,,0,dirty_5
229_pwLinear,regression,200,10,False,A11 A21 A32 A41 A53 A61,,LM6,Polynomial Regression,False,needs A31 data (yours is A32),,0.6334381062209176,0.1028049874568985,0.45,ok,,0,dirty_5
229_pwLinear,regression,200,10,False,A11 A21 A32 A41 A53 A61,,LM7,Bayesian Linear Regression,False,needs A31 data (yours is A32),,0.7235565918827885,0.0324956510905796,0.4,ok,,0,dirty_5
229_pwLinear,regression,200,10,False,A11 A21 A32 A41 A53 A61,,TR1,Decision Tree,True,,10.0,0.6966174627817141,0.04657954878304,0.32,ok,,0,dirty_5
229_pwLinear,regression,200,10,False,A11 A21 A32 A41 A53 A61,,TR2,Random Forest,True,,4.0,0.8328092180989536,0.0098435064157394,3.02,ok,,0,dirty_5
229_pwLinear,regression,200,10,False,A11 A21 A32 A41 A53 A61,,TR3,Extra Trees,True,,2.0,0.7230524916139386,0.0404084216191134,3.1,ok,,0,dirty_5
229_pwLinear,regression,200,10,False,A11 A21 A32 A41 A53 A61,,EN1,AdaBoost,True,,7.0,0.8308518918913762,0.0331864329948395,1.83,ok,,0,dirty_5
229_pwLinear,regression,200,10,False,A11 A21 A32 A41 A53 A61,,EN2,Gradient Boosting (GBM),True,,1.0,0.8509043980804387,0.0224454036602702,1.77,ok,,0,dirty_5
229_pwLinear,regression,200,10,False,A11 A21 A32 A41 A53 A61,,EN6,Stacking,True,,6.0,0.8258711347880604,0.0145599844414368,7.42,ok,,0,dirty_5
229_pwLinear,regression,200,10,False,A11 A21 A32 A41 A53 A61,,EN7,Voting Ensemble,True,,8.0,0.7864505650846074,0.0282008905822707,0.32,ok,,0,dirty_5
229_pwLinear,regression,200,10,False,A11 A21 A32 A41 A53 A61,,SV1,SVM (linear),True,,12.0,0.7203571609367232,0.0313814877862639,0.17,ok,,0,dirty_5
229_pwLinear,regression,200,10,False,A11 A21 A32 A41 A53 A61,,SV2,Kernel SVM (RBF/Poly),True,,11.0,0.5343891239829218,0.021934754154087,0.14,ok,,0,dirty_5
229_pwLinear,regression,200,10,False,A11 A21 A32 A41 A53 A61,,IB1,k-Nearest Neighbors,False,needs A31 data (yours is A32),,0.4911823029663812,0.1162303271938154,0.13,ok,,0,dirty_5
229_pwLinear,regression,200,10,False,A11 A21 A32 A41 A53 A61,,NN2,MLP (Feedforward),True,,9.0,0.7390503863053368,0.0452065148592584,4.41,ok,,0,dirty_5
229_pwLinear,regression,200,10,False,A11 A21 A32 A41 A53 A61,,EN3,XGBoost,True,,5.0,0.8099805893949952,0.0248629434438075,0.46,ok,,0,dirty_5
229_pwLinear,regression,200,10,False,A11 A21 A32 A41 A53 A61,,EN4,LightGBM,True,,3.0,0.8478436497532945,0.025761952901904,21.71,ok,,0,dirty_5
229_pwLinear,regression,200,10,False,A11 A21 A32 A41 A53 A61,,BASE-HGB,Histogram Gradient Boosting (baseline),False,,,0.8478436497532945,0.025761952901904,1.33,ok,,0,dirty_5
695_chatfield_4,regression,235,12,False,A11 A21 A31 A41 A54 A64,,LM1,Linear Regression,True,,16.0,0.7953716756350125,0.051336478444431,0.24,ok,,0,dirty_5
695_chatfield_4,regression,235,12,False,A11 A21 A31 A41 A54 A64,,LM3,Ridge Regression,True,,14.0,0.7980099535965874,0.0509856957484519,0.18,ok,,0,dirty_5
695_chatfield_4,regression,235,12,False,A11 A21 A31 A41 A54 A64,,LM4,Lasso Regression,True,,18.0,0.8237657699878147,0.0484528169650188,0.15,ok,,0,dirty_5
695_chatfield_4,regression,235,12,False,A11 A21 A31 A41 A54 A64,,LM5,Elastic Net,True,,19.0,0.8112601577729329,0.0641058098360292,0.2,ok,,0,dirty_5
695_chatfield_4,regression,235,12,False,A11 A21 A31 A41 A54 A64,,LM6,Polynomial Regression,True,,15.0,0.6838289682610655,0.0831638577135043,0.16,ok,,0,dirty_5
695_chatfield_4,regression,235,12,False,A11 A21 A31 A41 A54 A64,,LM7,Bayesian Linear Regression,True,,12.0,0.8056767064022179,0.0506937112521627,0.15,ok,,0,dirty_5
695_chatfield_4,regression,235,12,False,A11 A21 A31 A41 A54 A64,,TR1,Decision Tree,True,,10.0,0.6484694023214314,0.096620626023685,0.14,ok,,0,dirty_5
695_chatfield_4,regression,235,12,False,A11 A21 A31 A41 A54 A64,,TR2,Random Forest,True,,4.0,0.7793424655253937,0.0495290907282841,3.9,ok,,0,dirty_5
695_chatfield_4,regression,235,12,False,A11 A21 A31 A41 A54 A64,,TR3,Extra Trees,True,,2.0,0.797149087136567,0.0386388516719244,4.34,ok,,0,dirty_5
695_chatfield_4,regression,235,12,False,A11 A21 A31 A41 A54 A64,,EN1,AdaBoost,True,,7.0,0.7398645418480039,0.0499827464792972,1.77,ok,,0,dirty_5
695_chatfield_4,regression,235,12,False,A11 A21 A31 A41 A54 A64,,EN2,Gradient Boosting (GBM),True,,1.0,0.7529593542998867,0.0572595548127142,2.07,ok,,0,dirty_5
695_chatfield_4,regression,235,12,False,A11 A21 A31 A41 A54 A64,,EN6,Stacking,True,,6.0,0.8004740895329707,0.0463681028719255,0.83,ok,,0,dirty_5
695_chatfield_4,regression,235,12,False,A11 A21 A31 A41 A54 A64,,EN7,Voting Ensemble,True,,8.0,0.7934196538955671,0.0430107985637069,0.37,ok,,0,dirty_5
695_chatfield_4,regression,235,12,False,A11 A21 A31 A41 A54 A64,,SV1,SVM (linear),True,,17.0,0.797242643212017,0.0713784120543504,0.29,ok,,0,dirty_5
695_chatfield_4,regression,235,12,False,A11 A21 A31 A41 A54 A64,,SV2,Kernel SVM (RBF/Poly),True,,11.0,0.361180827107268,0.100798434309303,0.26,ok,,0,dirty_5
695_chatfield_4,regression,235,12,False,A11 A21 A31 A41 A54 A64,,IB1,k-Nearest Neighbors,True,,13.0,0.7546316790423069,0.0475701342515118,0.25,ok,,0,dirty_5
695_chatfield_4,regression,235,12,False,A11 A21 A31 A41 A54 A64,,NN2,MLP (Feedforward),True,,9.0,0.6226291456511359,0.1801545880270058,7.92,ok,,0,dirty_5
695_chatfield_4,regression,235,12,False,A11 A21 A31 A41 A54 A64,,EN3,XGBoost,True,,5.0,0.715709587087155,0.0413476003661481,2.12,ok,,0,dirty_5
695_chatfield_4,regression,235,12,False,A11 A21 A31 A41 A54 A64,,EN4,LightGBM,True,,3.0,0.7483771164511033,0.0545352411967378,2.28,ok,,0,dirty_5
695_chatfield_4,regression,235,12,False,A11 A21 A31 A41 A54 A64,,BASE-HGB,Histogram Gradient Boosting (baseline),False,,,0.7535209659232596,0.053785213966578,1.32,ok,,0,dirty_5
635_fri_c0_250_10,regression,250,10,False,A11 A21 A31 A41 A54 A64,,LM1,Linear Regression,True,,16.0,0.5928857786318686,0.0942922397755732,0.29,ok,,0,dirty_5
635_fri_c0_250_10,regression,250,10,False,A11 A21 A31 A41 A54 A64,,LM3,Ridge Regression,True,,14.0,0.5932160849060277,0.093317300101749,0.17,ok,,0,dirty_5
635_fri_c0_250_10,regression,250,10,False,A11 A21 A31 A41 A54 A64,,LM4,Lasso Regression,True,,18.0,-0.0067970617967604,0.0089502608563026,0.28,ok,,0,dirty_5
635_fri_c0_250_10,regression,250,10,False,A11 A21 A31 A41 A54 A64,,LM5,Elastic Net,True,,19.0,0.0275200007826977,0.0090223834496358,0.18,ok,,0,dirty_5
635_fri_c0_250_10,regression,250,10,False,A11 A21 A31 A41 A54 A64,,LM6,Polynomial Regression,True,,15.0,0.7458763948990503,0.0508601423853409,0.18,ok,,0,dirty_5
635_fri_c0_250_10,regression,250,10,False,A11 A21 A31 A41 A54 A64,,LM7,Bayesian Linear Regression,True,,12.0,0.5936920105528651,0.0891416420830318,0.18,ok,,0,dirty_5
635_fri_c0_250_10,regression,250,10,False,A11 A21 A31 A41 A54 A64,,TR1,Decision Tree,True,,10.0,0.4252977292312392,0.0818459599786793,0.15,ok,,0,dirty_5
635_fri_c0_250_10,regression,250,10,False,A11 A21 A31 A41 A54 A64,,TR2,Random Forest,True,,4.0,0.6493343261994738,0.0580367782860685,3.34,ok,,0,dirty_5
635_fri_c0_250_10,regression,250,10,False,A11 A21 A31 A41 A54 A64,,TR3,Extra Trees,True,,2.0,0.7012316762448128,0.0484353654726742,2.65,ok,,0,dirty_5
635_fri_c0_250_10,regression,250,10,False,A11 A21 A31 A41 A54 A64,,EN1,AdaBoost,True,,7.0,0.6267293744090427,0.049546172240508,1.7,ok,,0,dirty_5
635_fri_c0_250_10,regression,250,10,False,A11 A21 A31 A41 A54 A64,,EN2,Gradient Boosting (GBM),True,,1.0,0.7149905334173416,0.0482130656990563,2.2,ok,,0,dirty_5
635_fri_c0_250_10,regression,250,10,False,A11 A21 A31 A41 A54 A64,,EN6,Stacking,True,,6.0,0.6701384772863769,0.0711124794746073,0.73,ok,,0,dirty_5
635_fri_c0_250_10,regression,250,10,False,A11 A21 A31 A41 A54 A64,,EN7,Voting Ensemble,True,,8.0,0.6509099194827777,0.0437098450986957,0.37,ok,,0,dirty_5
635_fri_c0_250_10,regression,250,10,False,A11 A21 A31 A41 A54 A64,,SV1,SVM (linear),True,,17.0,0.561532737513161,0.135063450523771,0.3,ok,,0,dirty_5
635_fri_c0_250_10,regression,250,10,False,A11 A21 A31 A41 A54 A64,,SV2,Kernel SVM (RBF/Poly),True,,11.0,0.7256184988107337,0.0602257435288805,0.28,ok,,0,dirty_5
635_fri_c0_250_10,regression,250,10,False,A11 A21 A31 A41 A54 A64,,IB1,k-Nearest Neighbors,True,,13.0,0.5354428878272973,0.0465932224768073,0.21,ok,,0,dirty_5
635_fri_c0_250_10,regression,250,10,False,A11 A21 A31 A41 A54 A64,,NN2,MLP (Feedforward),True,,9.0,0.7471905071270365,0.046124715745568,5.17,ok,,0,dirty_5
635_fri_c0_250_10,regression,250,10,False,A11 A21 A31 A41 A54 A64,,EN3,XGBoost,True,,5.0,0.6195018961577817,0.0486213948852099,1.74,ok,,0,dirty_5
635_fri_c0_250_10,regression,250,10,False,A11 A21 A31 A41 A54 A64,,EN4,LightGBM,True,,3.0,0.7381887394953854,0.0476977573936828,2.33,ok,,0,dirty_5
635_fri_c0_250_10,regression,250,10,False,A11 A21 A31 A41 A54 A64,,BASE-HGB,Histogram Gradient Boosting (baseline),False,,,0.7457569216208815,0.0412790599036742,0.79,ok,,0,dirty_5
596_fri_c2_250_5,regression,250,5,False,A11 A21 A31 A41 A54 A64,,LM1,Linear Regression,True,,16.0,0.2126444684274815,0.0919536877676256,0.06,ok,,0,dirty_5
596_fri_c2_250_5,regression,250,5,False,A11 A21 A31 A41 A54 A64,,LM3,Ridge Regression,True,,14.0,0.213413902273601,0.0906808366148334,0.06,ok,,0,dirty_5
596_fri_c2_250_5,regression,250,5,False,A11 A21 A31 A41 A54 A64,,LM4,Lasso Regression,True,,18.0,-0.0230975838933229,0.015898351681584,0.08,ok,,0,dirty_5
596_fri_c2_250_5,regression,250,5,False,A11 A21 A31 A41 A54 A64,,LM5,Elastic Net,True,,19.0,-0.0230975838933229,0.015898351681584,0.19,ok,,0,dirty_5
596_fri_c2_250_5,regression,250,5,False,A11 A21 A31 A41 A54 A64,,LM6,Polynomial Regression,True,,15.0,0.2125887928989557,0.0755892500743094,0.19,ok,,0,dirty_5
596_fri_c2_250_5,regression,250,5,False,A11 A21 A31 A41 A54 A64,,LM7,Bayesian Linear Regression,True,,12.0,0.2139055371268676,0.0820931693005408,0.12,ok,,0,dirty_5
596_fri_c2_250_5,regression,250,5,False,A11 A21 A31 A41 A54 A64,,TR1,Decision Tree,True,,10.0,0.5931848872709091,0.1201676278915696,0.14,ok,,0,dirty_5
596_fri_c2_250_5,regression,250,5,False,A11 A21 A31 A41 A54 A64,,TR2,Random Forest,True,,4.0,0.7991199068026711,0.0508251138002942,2.68,ok,,0,dirty_5
596_fri_c2_250_5,regression,250,5,False,A11 A21 A31 A41 A54 A64,,TR3,Extra Trees,True,,2.0,0.8511092855454555,0.045953600878948,2.16,ok,,0,dirty_5
596_fri_c2_250_5,regression,250,5,False,A11 A21 A31 A41 A54 A64,,EN1,AdaBoost,True,,7.0,0.7436442842310205,0.0412935267632749,1.58,ok,,0,dirty_5
596_fri_c2_250_5,regression,250,5,False,A11 A21 A31 A41 A54 A64,,EN2,Gradient Boosting (GBM),True,,1.0,0.8279441416313122,0.0262586584656214,1.48,ok,,0,dirty_5
596_fri_c2_250_5,regression,250,5,False,A11 A21 A31 A41 A54 A64,,EN6,Stacking,True,,6.0,0.7226325351126073,0.0731049442962789,0.67,ok,,0,dirty_5
596_fri_c2_250_5,regression,250,5,False,A11 A21 A31 A41 A54 A64,,EN7,Voting Ensemble,True,,8.0,0.6531346649794252,0.0494905737573426,0.37,ok,,0,dirty_5
596_fri_c2_250_5,regression,250,5,False,A11 A21 A31 A41 A54 A64,,SV1,SVM (linear),True,,17.0,0.1648658506082258,0.0867433564930343,0.23,ok,,0,dirty_5
596_fri_c2_250_5,regression,250,5,False,A11 A21 A31 A41 A54 A64,,SV2,Kernel SVM (RBF/Poly),True,,11.0,0.7047631962117238,0.0121346220952691,0.23,ok,,0,dirty_5
596_fri_c2_250_5,regression,250,5,False,A11 A21 A31 A41 A54 A64,,IB1,k-Nearest Neighbors,True,,13.0,0.6670260464668211,0.0691079987263777,0.21,ok,,0,dirty_5
596_fri_c2_250_5,regression,250,5,False,A11 A21 A31 A41 A54 A64,,NN2,MLP (Feedforward),True,,9.0,0.8422617755727005,0.0417529325496418,3.46,ok,,0,dirty_5
596_fri_c2_250_5,regression,250,5,False,A11 A21 A31 A41 A54 A64,,EN3,XGBoost,True,,5.0,0.7717706233109636,0.0619653370113734,1.11,ok,,0,dirty_5
596_fri_c2_250_5,regression,250,5,False,A11 A21 A31 A41 A54 A64,,EN4,LightGBM,True,,3.0,0.8385293181615443,0.0336369658898477,3.94,ok,,0,dirty_5
596_fri_c2_250_5,regression,250,5,False,A11 A21 A31 A41 A54 A64,,BASE-HGB,Histogram Gradient Boosting (baseline),False,,,0.8253707998948405,0.0384636362281275,1.03,ok,,0,dirty_5
653_fri_c0_250_25,regression,250,25,False,A11 A21 A31 A41 A54 A64,,LM1,Linear Regression,True,,16.0,0.6414424912448026,0.0330000542508977,0.29,ok,,0,dirty_5
653_fri_c0_250_25,regression,250,25,False,A11 A21 A31 A41 A54 A64,,LM3,Ridge Regression,True,,14.0,0.6423806340069157,0.0331711073513605,0.1,ok,,0,dirty_5
653_fri_c0_250_25,regression,250,25,False,A11 A21 A31 A41 A54 A64,,LM4,Lasso Regression,True,,18.0,-0.0182639695667757,0.0247105058995,0.2,ok,,0,dirty_5
653_fri_c0_250_25,regression,250,25,False,A11 A21 A31 A41 A54 A64,,LM5,Elastic Net,True,,19.0,0.0126011694778889,0.0252878224307336,0.15,ok,,0,dirty_5
653_fri_c0_250_25,regression,250,25,False,A11 A21 A31 A41 A54 A64,,LM6,Polynomial Regression,True,,15.0,0.1306951372546097,0.1473205326321066,0.29,ok,,0,dirty_5
653_fri_c0_250_25,regression,250,25,False,A11 A21 A31 A41 A54 A64,,LM7,Bayesian Linear Regression,True,,12.0,0.6482661899090274,0.0362083689362829,0.18,ok,,0,dirty_5
653_fri_c0_250_25,regression,250,25,False,A11 A21 A31 A41 A54 A64,,TR1,Decision Tree,True,,10.0,0.1748390495488371,0.2646773400006493,0.3,ok,,0,dirty_5
653_fri_c0_250_25,regression,250,25,False,A11 A21 A31 A41 A54 A64,,TR2,Random Forest,True,,4.0,0.6495734781938285,0.0519448028442804,5.76,ok,,0,dirty_5
653_fri_c0_250_25,regression,250,25,False,A11 A21 A31 A41 A54 A64,,TR3,Extra Trees,True,,2.0,0.6746139003274708,0.0418848682673357,3.9,ok,,0,dirty_5
653_fri_c0_250_25,regression,250,25,False,A11 A21 A31 A41 A54 A64,,EN1,AdaBoost,True,,7.0,0.6461336937180665,0.0536454898072679,1.38,ok,,0,dirty_5
653_fri_c0_250_25,regression,250,25,False,A11 A21 A31 A41 A54 A64,,EN2,Gradient Boosting (GBM),True,,1.0,0.7279187240792585,0.0658497948105182,2.07,ok,,0,dirty_5
653_fri_c0_250_25,regression,250,25,False,A11 A21 A31 A41 A54 A64,,EN6,Stacking,True,,6.0,0.6500587381298696,0.0505122965591458,0.77,ok,,0,dirty_5
653_fri_c0_250_25,regression,250,25,False,A11 A21 A31 A41 A54 A64,,EN7,Voting Ensemble,True,,8.0,0.5910771459846844,0.0833950419547591,0.27,ok,,0,dirty_5
653_fri_c0_250_25,regression,250,25,False,A11 A21 A31 A41 A54 A64,,SV1,SVM (linear),True,,17.0,0.6392836172919785,0.0299127237827467,0.38,ok,,0,dirty_5
653_fri_c0_250_25,regression,250,25,False,A11 A21 A31 A41 A54 A64,,SV2,Kernel SVM (RBF/Poly),True,,11.0,0.6123938921778213,0.0334509417999844,0.32,ok,,0,dirty_5
653_fri_c0_250_25,regression,250,25,False,A11 A21 A31 A41 A54 A64,,IB1,k-Nearest Neighbors,True,,13.0,0.3208739977818992,0.0770330753228999,0.21,ok,,0,dirty_5
653_fri_c0_250_25,regression,250,25,False,A11 A21 A31 A41 A54 A64,,NN2,MLP (Feedforward),True,,9.0,0.5284967511517078,0.0474284587165321,3.01,ok,,0,dirty_5
653_fri_c0_250_25,regression,250,25,False,A11 A21 A31 A41 A54 A64,,EN3,XGBoost,True,,5.0,0.6273381508403494,0.0797411532254348,3.15,ok,,0,dirty_5
653_fri_c0_250_25,regression,250,25,False,A11 A21 A31 A41 A54 A64,,EN4,LightGBM,True,,3.0,0.7347398778552676,0.0661588550080909,16.84,ok,,0,dirty_5
653_fri_c0_250_25,regression,250,25,False,A11 A21 A31 A41 A54 A64,,BASE-HGB,Histogram Gradient Boosting (baseline),False,,,0.7499954801464671,0.0545160649540717,1.66,ok,,0,dirty_5
nikuradse_1,regression,362,2,False,A11 A21 A31 A41 A54 A64,,LM1,Linear Regression,True,,16.0,0.6159689900134868,0.0388126216283045,0.08,ok,,0,dirty_5
nikuradse_1,regression,362,2,False,A11 A21 A31 A41 A54 A64,,LM3,Ridge Regression,True,,14.0,0.615977597649296,0.0385863111629948,0.05,ok,,0,dirty_5
nikuradse_1,regression,362,2,False,A11 A21 A31 A41 A54 A64,,LM4,Lasso Regression,True,,18.0,-0.0082565382156139,0.0059837713299785,0.18,ok,,0,dirty_5
nikuradse_1,regression,362,2,False,A11 A21 A31 A41 A54 A64,,LM5,Elastic Net,True,,19.0,-0.0082565382156139,0.0059837713299785,0.22,ok,,0,dirty_5
nikuradse_1,regression,362,2,False,A11 A21 A31 A41 A54 A64,,LM6,Polynomial Regression,True,,15.0,0.8273389771983697,0.0249837886321915,0.16,ok,,0,dirty_5
nikuradse_1,regression,362,2,False,A11 A21 A31 A41 A54 A64,,LM7,Bayesian Linear Regression,True,,12.0,0.6159642021531739,0.0385247976662008,0.22,ok,,0,dirty_5
nikuradse_1,regression,362,2,False,A11 A21 A31 A41 A54 A64,,TR1,Decision Tree,True,,10.0,0.8738174462177126,0.0319955026608851,0.17,ok,,0,dirty_5
nikuradse_1,regression,362,2,False,A11 A21 A31 A41 A54 A64,,TR2,Random Forest,True,,4.0,0.9148454982053188,0.0354658205403914,3.37,ok,,0,dirty_5
nikuradse_1,regression,362,2,False,A11 A21 A31 A41 A54 A64,,TR3,Extra Trees,True,,2.0,0.910774891632995,0.0288620813332415,2.17,ok,,0,dirty_5
nikuradse_1,regression,362,2,False,A11 A21 A31 A41 A54 A64,,EN1,AdaBoost,True,,7.0,0.8737140923757194,0.0476949025335035,0.7,ok,,0,dirty_5
nikuradse_1,regression,362,2,False,A11 A21 A31 A41 A54 A64,,EN2,Gradient Boosting (GBM),True,,1.0,0.91605726536587,0.0272441833429497,1.1,ok,,0,dirty_5
nikuradse_1,regression,362,2,False,A11 A21 A31 A41 A54 A64,,EN6,Stacking,True,,6.0,0.8882504223576421,0.0253734255334356,0.65,ok,,0,dirty_5
nikuradse_1,regression,362,2,False,A11 A21 A31 A41 A54 A64,,EN7,Voting Ensemble,True,,8.0,0.8866787917323731,0.0237534512152858,0.31,ok,,0,dirty_5
nikuradse_1,regression,362,2,False,A11 A21 A31 A41 A54 A64,,SV1,SVM (linear),True,,17.0,0.5879880301659943,0.0206172087119169,0.25,ok,,0,dirty_5
nikuradse_1,regression,362,2,False,A11 A21 A31 A41 A54 A64,,SV2,Kernel SVM (RBF/Poly),True,,11.0,0.7718934877552172,0.0177239999789557,0.23,ok,,0,dirty_5
nikuradse_1,regression,362,2,False,A11 A21 A31 A41 A54 A64,,IB1,k-Nearest Neighbors,True,,13.0,0.8821086850495277,0.0308097982870269,0.19,ok,,0,dirty_5
nikuradse_1,regression,362,2,False,A11 A21 A31 A41 A54 A64,,NN2,MLP (Feedforward),True,,9.0,0.7699022351883086,0.0377992245823554,1.51,ok,,0,dirty_5
nikuradse_1,regression,362,2,False,A11 A21 A31 A41 A54 A64,,EN3,XGBoost,True,,5.0,0.9127579854688376,0.0473535002701758,0.6,ok,,0,dirty_5
nikuradse_1,regression,362,2,False,A11 A21 A31 A41 A54 A64,,EN4,LightGBM,True,,3.0,0.9318170437910188,0.0352133310628074,3.22,ok,,0,dirty_5
nikuradse_1,regression,362,2,False,A11 A21 A31 A41 A54 A64,,BASE-HGB,Histogram Gradient Boosting (baseline),False,,,0.9323607919713472,0.0304528577617054,1.22,ok,,0,dirty_5
strogatz_glider2,regression,400,2,False,A11 A21 A31 A41 A54 A64,,LM1,Linear Regression,True,,16.0,0.5811023067746396,0.1564325486688728,0.22,ok,,0,dirty_5
strogatz_glider2,regression,400,2,False,A11 A21 A31 A41 A54 A64,,LM3,Ridge Regression,True,,14.0,0.5811249966465998,0.1558832703882119,0.19,ok,,0,dirty_5
strogatz_glider2,regression,400,2,False,A11 A21 A31 A41 A54 A64,,LM4,Lasso Regression,True,,18.0,-0.0470499017873848,0.056728664500038,0.21,ok,,0,dirty_5
strogatz_glider2,regression,400,2,False,A11 A21 A31 A41 A54 A64,,LM5,Elastic Net,True,,19.0,0.2003815787833915,0.0173242163807628,0.19,ok,,0,dirty_5
strogatz_glider2,regression,400,2,False,A11 A21 A31 A41 A54 A64,,LM6,Polynomial Regression,True,,15.0,0.6585964721342258,0.1194168595450581,0.32,ok,,0,dirty_5
strogatz_glider2,regression,400,2,False,A11 A21 A31 A41 A54 A64,,LM7,Bayesian Linear Regression,True,,12.0,0.5809605284080976,0.1555126359124104,0.34,ok,,0,dirty_5
strogatz_glider2,regression,400,2,False,A11 A21 A31 A41 A54 A64,,TR1,Decision Tree,True,,10.0,0.7620863637531905,0.0257875223104914,0.26,ok,,0,dirty_5
strogatz_glider2,regression,400,2,False,A11 A21 A31 A41 A54 A64,,TR2,Random Forest,True,,4.0,0.8488521327575936,0.0274212936292815,3.05,ok,,0,dirty_5
strogatz_glider2,regression,400,2,False,A11 A21 A31 A41 A54 A64,,TR3,Extra Trees,True,,2.0,0.8360982132740249,0.0270991590668414,1.99,ok,,0,dirty_5
strogatz_glider2,regression,400,2,False,A11 A21 A31 A41 A54 A64,,EN1,AdaBoost,True,,7.0,0.6870048391127739,0.1047225078700642,0.78,ok,,0,dirty_5
strogatz_glider2,regression,400,2,False,A11 A21 A31 A41 A54 A64,,EN2,Gradient Boosting (GBM),True,,1.0,0.8410651472910644,0.0814863230448145,1.26,ok,,0,dirty_5
strogatz_glider2,regression,400,2,False,A11 A21 A31 A41 A54 A64,,EN6,Stacking,True,,6.0,0.5519102394775747,0.1649047103388114,0.66,ok,,0,dirty_5
strogatz_glider2,regression,400,2,False,A11 A21 A31 A41 A54 A64,,EN7,Voting Ensemble,True,,8.0,0.7874504676282491,0.082633039282232,0.35,ok,,0,dirty_5
strogatz_glider2,regression,400,2,False,A11 A21 A31 A41 A54 A64,,SV1,SVM (linear),True,,17.0,0.5591606989915183,0.1998319172111238,0.24,ok,,0,dirty_5
strogatz_glider2,regression,400,2,False,A11 A21 A31 A41 A54 A64,,SV2,Kernel SVM (RBF/Poly),True,,11.0,0.7071183608835678,0.1221694178643083,0.26,ok,,0,dirty_5
strogatz_glider2,regression,400,2,False,A11 A21 A31 A41 A54 A64,,IB1,k-Nearest Neighbors,True,,13.0,0.7721310363718741,0.0708593223217982,0.2,ok,,0,dirty_5
strogatz_glider2,regression,400,2,False,A11 A21 A31 A41 A54 A64,,NN2,MLP (Feedforward),True,,9.0,0.6907120521714529,0.1062185491292306,4.78,ok,,0,dirty_5
strogatz_glider2,regression,400,2,False,A11 A21 A31 A41 A54 A64,,EN3,XGBoost,True,,5.0,0.8082798639745071,0.0444973718485326,0.93,ok,,0,dirty_5
strogatz_glider2,regression,400,2,False,A11 A21 A31 A41 A54 A64,,EN4,LightGBM,True,,3.0,0.7696319371967524,0.0761030657055852,19.19,ok,,0,dirty_5
strogatz_glider2,regression,400,2,False,A11 A21 A31 A41 A54 A64,,BASE-HGB,Histogram Gradient Boosting (baseline),False,,,0.776911016480802,0.0682699109830883,0.44,ok,,0,dirty_5
strogatz_vdp2,regression,400,2,False,A11 A21 A31 A41 A53 A64,,LM1,Linear Regression,True,,16.0,0.9627736647935649,0.0293800588122071,0.06,ok,,0,dirty_5
strogatz_vdp2,regression,400,2,False,A11 A21 A31 A41 A53 A64,,LM3,Ridge Regression,True,,14.0,0.9627556277488316,0.0292557312714423,0.08,ok,,0,dirty_5
strogatz_vdp2,regression,400,2,False,A11 A21 A31 A41 A53 A64,,LM4,Lasso Regression,True,,18.0,-0.0046651785696108,0.0056932659216202,0.06,ok,,0,dirty_5
strogatz_vdp2,regression,400,2,False,A11 A21 A31 A41 A53 A64,,LM5,Elastic Net,True,,19.0,-0.0046651785696108,0.0056932659216202,0.07,ok,,0,dirty_5
strogatz_vdp2,regression,400,2,False,A11 A21 A31 A41 A53 A64,,LM6,Polynomial Regression,True,,15.0,0.9629605162657114,0.0291617269758142,0.06,ok,,0,dirty_5
strogatz_vdp2,regression,400,2,False,A11 A21 A31 A41 A53 A64,,LM7,Bayesian Linear Regression,True,,12.0,0.962771031790423,0.0293710896100043,0.06,ok,,0,dirty_5
strogatz_vdp2,regression,400,2,False,A11 A21 A31 A41 A53 A64,,TR1,Decision Tree,True,,10.0,0.9275756800721456,0.0663623081383567,0.07,ok,,0,dirty_5
strogatz_vdp2,regression,400,2,False,A11 A21 A31 A41 A53 A64,,TR2,Random Forest,True,,4.0,0.9606831500283748,0.0297945754918314,1.91,ok,,0,dirty_5
strogatz_vdp2,regression,400,2,False,A11 A21 A31 A41 A53 A64,,TR3,Extra Trees,True,,2.0,0.9550481874405764,0.0385447314630515,1.55,ok,,0,dirty_5
strogatz_vdp2,regression,400,2,False,A11 A21 A31 A41 A53 A64,,EN1,AdaBoost,True,,7.0,0.9380380450975188,0.035010710089448,0.29,ok,,0,dirty_5
strogatz_vdp2,regression,400,2,False,A11 A21 A31 A41 A53 A64,,EN2,Gradient Boosting (GBM),True,,1.0,0.9518918735482208,0.0344204628565514,0.41,ok,,0,dirty_5
strogatz_vdp2,regression,400,2,False,A11 A21 A31 A41 A53 A64,,EN6,Stacking,True,,6.0,0.9472836455858022,0.0298848403942233,0.46,ok,,0,dirty_5
strogatz_vdp2,regression,400,2,False,A11 A21 A31 A41 A53 A64,,EN7,Voting Ensemble,True,,8.0,0.9598839313591414,0.0319286424545401,0.15,ok,,0,dirty_5
strogatz_vdp2,regression,400,2,False,A11 A21 A31 A41 A53 A64,,SV1,SVM (linear),True,,17.0,0.9623465207657966,0.0305048702090875,0.08,ok,,0,dirty_5
strogatz_vdp2,regression,400,2,False,A11 A21 A31 A41 A53 A64,,SV2,Kernel SVM (RBF/Poly),True,,11.0,0.2643096155241559,0.0815839857129018,0.06,ok,,0,dirty_5
strogatz_vdp2,regression,400,2,False,A11 A21 A31 A41 A53 A64,,IB1,k-Nearest Neighbors,True,,13.0,0.9583665385338912,0.0312945193201219,0.06,ok,,0,dirty_5
strogatz_vdp2,regression,400,2,False,A11 A21 A31 A41 A53 A64,,NN2,MLP (Feedforward),True,,9.0,0.9268838399287588,0.0202087295522419,0.25,ok,,0,dirty_5
strogatz_vdp2,regression,400,2,False,A11 A21 A31 A41 A53 A64,,EN3,XGBoost,True,,5.0,0.9451779920988312,0.0459380548986869,0.18,ok,,0,dirty_5
strogatz_vdp2,regression,400,2,False,A11 A21 A31 A41 A53 A64,,EN4,LightGBM,True,,3.0,0.9635965223737828,0.0255983368402799,4.04,ok,,0,dirty_5
strogatz_vdp2,regression,400,2,False,A11 A21 A31 A41 A53 A64,,BASE-HGB,Histogram Gradient Boosting (baseline),False,,,0.9619877791980306,0.0273792955051311,1.05,ok,,0,dirty_5
556_analcatdata_apnea2,regression,475,3,False,A11 A21 A38 A41 A54 A62,,LM1,Linear Regression,True,,16.0,0.2359667799002443,0.165851911593564,0.09,ok,,0,dirty_5
556_analcatdata_apnea2,regression,475,3,False,A11 A21 A38 A41 A54 A62,,LM3,Ridge Regression,True,,14.0,0.2380234189453566,0.1614672835157087,0.09,ok,,0,dirty_5
556_analcatdata_apnea2,regression,475,3,False,A11 A21 A38 A41 A54 A62,,LM4,Lasso Regression,True,,18.0,0.2362921506564096,0.1651792821907528,0.11,ok,,0,dirty_5
556_analcatdata_apnea2,regression,475,3,False,A11 A21 A38 A41 A54 A62,,LM5,Elastic Net,True,,19.0,0.1349367519197082,0.0211793034704477,0.13,ok,,0,dirty_5
556_analcatdata_apnea2,regression,475,3,False,A11 A21 A38 A41 A54 A62,,LM6,Polynomial Regression,True,,15.0,0.9050843321554496,0.0301808792137114,0.11,ok,,0,dirty_5
556_analcatdata_apnea2,regression,475,3,False,A11 A21 A38 A41 A54 A62,,LM7,Bayesian Linear Regression,True,,12.0,0.2421041403610358,0.1505578723914368,0.13,ok,,0,dirty_5
556_analcatdata_apnea2,regression,475,3,False,A11 A21 A38 A41 A54 A62,,TR1,Decision Tree,True,,10.0,0.8731493628404635,0.0655443237213491,0.09,ok,,0,dirty_5
556_analcatdata_apnea2,regression,475,3,False,A11 A21 A38 A41 A54 A62,,TR2,Random Forest,True,,4.0,0.8978154571544076,0.0451277378892926,2.0,ok,,0,dirty_5
556_analcatdata_apnea2,regression,475,3,False,A11 A21 A38 A41 A54 A62,,TR3,Extra Trees,True,,2.0,0.9009517640146456,0.0224298794414297,1.65,ok,,0,dirty_5
556_analcatdata_apnea2,regression,475,3,False,A11 A21 A38 A41 A54 A62,,EN1,AdaBoost,True,,7.0,0.8981929963026956,0.0430291002962613,0.22,ok,,0,dirty_5
556_analcatdata_apnea2,regression,475,3,False,A11 A21 A38 A41 A54 A62,,EN2,Gradient Boosting (GBM),True,,1.0,0.91063708612827,0.0259455397388296,0.48,ok,,0,dirty_5
556_analcatdata_apnea2,regression,475,3,False,A11 A21 A38 A41 A54 A62,,EN6,Stacking,True,,6.0,0.8976574127647764,0.0363848981001385,0.55,ok,,0,dirty_5
556_analcatdata_apnea2,regression,475,3,False,A11 A21 A38 A41 A54 A62,,EN7,Voting Ensemble,True,,8.0,0.8465712390000378,0.0251820284549091,0.17,ok,,0,dirty_5
556_analcatdata_apnea2,regression,475,3,False,A11 A21 A38 A41 A54 A62,,SV1,SVM (linear),True,,17.0,-0.0678566498651124,0.0276962387410969,0.1,ok,,0,dirty_5
556_analcatdata_apnea2,regression,475,3,False,A11 A21 A38 A41 A54 A62,,SV2,Kernel SVM (RBF/Poly),True,,11.0,-0.0718691968128519,0.0271964187801659,0.14,ok,,0,dirty_5
556_analcatdata_apnea2,regression,475,3,False,A11 A21 A38 A41 A54 A62,,IB1,k-Nearest Neighbors,True,,13.0,0.893453749472491,0.0454926680422974,0.14,ok,,0,dirty_5
556_analcatdata_apnea2,regression,475,3,False,A11 A21 A38 A41 A54 A62,,NN2,MLP (Feedforward),True,,9.0,0.0209850215261358,0.0298391624045277,8.03,ok,,0,dirty_5
556_analcatdata_apnea2,regression,475,3,False,A11 A21 A38 A41 A54 A62,,EN3,XGBoost,True,,5.0,0.8861025428979096,0.0411310006369605,0.63,ok,,0,dirty_5
556_analcatdata_apnea2,regression,475,3,False,A11 A21 A38 A41 A54 A62,,EN4,LightGBM,True,,3.0,0.7436974258877976,0.0445481871328248,5.81,ok,,0,dirty_5
556_analcatdata_apnea2,regression,475,3,False,A11 A21 A38 A41 A54 A62,,BASE-HGB,Histogram Gradient Boosting (baseline),False,,,0.7436962518225507,0.0445474194286055,0.47,ok,,0,dirty_5
645_fri_c3_500_50,regression,500,50,False,A11 A21 A31 A41 A53 A64,,LM1,Linear Regression,True,,16.0,0.154205231380945,0.1067738824007538,0.09,ok,,0,dirty_5
645_fri_c3_500_50,regression,500,50,False,A11 A21 A31 A41 A53 A64,,LM3,Ridge Regression,True,,14.0,0.1551884800160802,0.1060059182006906,0.08,ok,,0,dirty_5
645_fri_c3_500_50,regression,500,50,False,A11 A21 A31 A41 A53 A64,,LM4,Lasso Regression,True,,18.0,-0.0209016875181154,0.0287063004057392,0.08,ok,,0,dirty_5
645_fri_c3_500_50,regression,500,50,False,A11 A21 A31 A41 A53 A64,,LM5,Elastic Net,True,,19.0,-0.0209016875181154,0.0287063004057392,0.08,ok,,0,dirty_5
645_fri_c3_500_50,regression,500,50,False,A11 A21 A31 A41 A53 A64,,LM6,Polynomial Regression,True,,15.0,-0.0370195362987121,0.1342981365399674,0.18,ok,,0,dirty_5
645_fri_c3_500_50,regression,500,50,False,A11 A21 A31 A41 A53 A64,,LM7,Bayesian Linear Regression,True,,12.0,0.1820229150181757,0.0746441434491295,0.09,ok,,0,dirty_5
645_fri_c3_500_50,regression,500,50,False,A11 A21 A31 A41 A53 A64,,TR1,Decision Tree,True,,10.0,0.6135165423332801,0.0706601879442488,0.15,ok,,0,dirty_5
645_fri_c3_500_50,regression,500,50,False,A11 A21 A31 A41 A53 A64,,TR2,Random Forest,True,,4.0,0.784833398626044,0.0189313629556969,9.43,ok,,0,dirty_5
645_fri_c3_500_50,regression,500,50,False,A11 A21 A31 A41 A53 A64,,TR3,Extra Trees,True,,2.0,0.7824152719882911,0.0147196149460616,6.54,ok,,0,dirty_5
645_fri_c3_500_50,regression,500,50,False,A11 A21 A31 A41 A53 A64,,EN1,AdaBoost,True,,7.0,0.6987308617823085,0.0223087272082347,1.54,ok,,0,dirty_5
645_fri_c3_500_50,regression,500,50,False,A11 A21 A31 A41 A53 A64,,EN2,Gradient Boosting (GBM),True,,1.0,0.7954584460340494,0.0083494838238852,3.41,ok,,0,dirty_5
645_fri_c3_500_50,regression,500,50,False,A11 A21 A31 A41 A53 A64,,EN6,Stacking,True,,6.0,0.6711724192841867,0.0652600868343323,0.65,ok,,0,dirty_5
645_fri_c3_500_50,regression,500,50,False,A11 A21 A31 A41 A53 A64,,EN7,Voting Ensemble,True,,8.0,0.5191145395568613,0.0380195406012679,0.23,ok,,0,dirty_5
645_fri_c3_500_50,regression,500,50,False,A11 A21 A31 A41 A53 A64,,SV1,SVM (linear),True,,17.0,0.0765053151784171,0.1406961679192493,0.37,ok,,0,dirty_5
645_fri_c3_500_50,regression,500,50,False,A11 A21 A31 A41 A53 A64,,SV2,Kernel SVM (RBF/Poly),True,,11.0,0.1618521407042025,0.085290056883537,0.16,ok,,0,dirty_5
645_fri_c3_500_50,regression,500,50,False,A11 A21 A31 A41 A53 A64,,IB1,k-Nearest Neighbors,True,,13.0,0.0910117978891619,0.0666506390916093,0.09,ok,,0,dirty_5
645_fri_c3_500_50,regression,500,50,False,A11 A21 A31 A41 A53 A64,,NN2,MLP (Feedforward),True,,9.0,-0.1506085616380332,0.1515257340451174,1.59,ok,,0,dirty_5
645_fri_c3_500_50,regression,500,50,False,A11 A21 A31 A41 A53 A64,,EN3,XGBoost,True,,5.0,0.7847268816436466,0.0214358401740988,3.91,ok,,0,dirty_5
645_fri_c3_500_50,regression,500,50,False,A11 A21 A31 A41 A53 A64,,EN4,LightGBM,True,,3.0,0.8028301667651044,0.0442736732438707,2.42,ok,,0,dirty_5
645_fri_c3_500_50,regression,500,50,False,A11 A21 A31 A41 A53 A64,,BASE-HGB,Histogram Gradient Boosting (baseline),False,,,0.796009752654412,0.0394421946589679,1.43,ok,,0,dirty_5
627_fri_c2_500_10,regression,500,10,False,A11 A21 A31 A41 A53 A64,,LM1,Linear Regression,True,,16.0,0.221325989463633,0.0783511182176499,0.07,ok,,0,dirty_5
627_fri_c2_500_10,regression,500,10,False,A11 A21 A31 A41 A53 A64,,LM3,Ridge Regression,True,,14.0,0.221623826480123,0.0779777429142806,0.07,ok,,0,dirty_5
627_fri_c2_500_10,regression,500,10,False,A11 A21 A31 A41 A53 A64,,LM4,Lasso Regression,True,,18.0,-0.0075166228274473,0.0086286604140968,0.07,ok,,0,dirty_5
627_fri_c2_500_10,regression,500,10,False,A11 A21 A31 A41 A53 A64,,LM5,Elastic Net,True,,19.0,-0.0075166228274473,0.0086286604140968,0.07,ok,,0,dirty_5
627_fri_c2_500_10,regression,500,10,False,A11 A21 A31 A41 A53 A64,,LM6,Polynomial Regression,True,,15.0,0.140296754720268,0.0949346180761796,0.08,ok,,0,dirty_5
627_fri_c2_500_10,regression,500,10,False,A11 A21 A31 A41 A53 A64,,LM7,Bayesian Linear Regression,True,,12.0,0.2240939217459197,0.0706685272762611,0.07,ok,,0,dirty_5
627_fri_c2_500_10,regression,500,10,False,A11 A21 A31 A41 A53 A64,,TR1,Decision Tree,True,,10.0,0.6003012085527272,0.0585540596782056,0.08,ok,,0,dirty_5
627_fri_c2_500_10,regression,500,10,False,A11 A21 A31 A41 A53 A64,,TR2,Random Forest,True,,4.0,0.8145623556493227,0.0347115403800437,3.87,ok,,0,dirty_5
627_fri_c2_500_10,regression,500,10,False,A11 A21 A31 A41 A53 A64,,TR3,Extra Trees,True,,2.0,0.8365758978052723,0.0211820490341195,2.26,ok,,0,dirty_5
627_fri_c2_500_10,regression,500,10,False,A11 A21 A31 A41 A53 A64,,EN1,AdaBoost,True,,7.0,0.7347820359334538,0.0450458180894551,0.65,ok,,0,dirty_5
627_fri_c2_500_10,regression,500,10,False,A11 A21 A31 A41 A53 A64,,EN2,Gradient Boosting (GBM),True,,1.0,0.832346811875577,0.0336674155211161,0.96,ok,,0,dirty_5
627_fri_c2_500_10,regression,500,10,False,A11 A21 A31 A41 A53 A64,,EN6,Stacking,True,,6.0,0.6689453508436186,0.0302039973900362,0.53,ok,,0,dirty_5
627_fri_c2_500_10,regression,500,10,False,A11 A21 A31 A41 A53 A64,,EN7,Voting Ensemble,True,,8.0,0.5781350064222014,0.0479612338539714,0.17,ok,,0,dirty_5
627_fri_c2_500_10,regression,500,10,False,A11 A21 A31 A41 A53 A64,,SV1,SVM (linear),True,,17.0,0.1923990012946768,0.0541871719892087,0.07,ok,,0,dirty_5
627_fri_c2_500_10,regression,500,10,False,A11 A21 A31 A41 A53 A64,,SV2,Kernel SVM (RBF/Poly),True,,11.0,0.4195306937527157,0.1043276907377008,0.12,ok,,0,dirty_5
627_fri_c2_500_10,regression,500,10,False,A11 A21 A31 A41 A53 A64,,IB1,k-Nearest Neighbors,True,,13.0,0.3725191919733965,0.1166614366960669,0.07,ok,,0,dirty_5
627_fri_c2_500_10,regression,500,10,False,A11 A21 A31 A41 A53 A64,,NN2,MLP (Feedforward),True,,9.0,0.6800980526174245,0.0426457966413148,4.64,ok,,0,dirty_5
627_fri_c2_500_10,regression,500,10,False,A11 A21 A31 A41 A53 A64,,EN3,XGBoost,True,,5.0,0.8176887606179077,0.0390807196583255,0.98,ok,,0,dirty_5
627_fri_c2_500_10,regression,500,10,False,A11 A21 A31 A41 A53 A64,,EN4,LightGBM,True,,3.0,0.83482409065175,0.0415376120470433,1.3,ok,,0,dirty_5
627_fri_c2_500_10,regression,500,10,False,A11 A21 A31 A41 A53 A64,,BASE-HGB,Histogram Gradient Boosting (baseline),False,,,0.8327039065585067,0.0385815615777937,0.68,ok,,0,dirty_5
581_fri_c3_500_25,regression,500,25,False,A11 A21 A31 A41 A53 A64,,LM1,Linear Regression,True,,16.0,0.1871376572733889,0.1203118546594311,0.08,ok,,0,dirty_5
581_fri_c3_500_25,regression,500,25,False,A11 A21 A31 A41 A53 A64,,LM3,Ridge Regression,True,,14.0,0.1882030312114422,0.1185820148577322,0.08,ok,,0,dirty_5
581_fri_c3_500_25,regression,500,25,False,A11 A21 A31 A41 A53 A64,,LM4,Lasso Regression,True,,18.0,-0.026462538318629,0.027865171033198,0.09,ok,,0,dirty_5
581_fri_c3_500_25,regression,500,25,False,A11 A21 A31 A41 A53 A64,,LM5,Elastic Net,True,,19.0,-0.026462538318629,0.027865171033198,0.09,ok,,0,dirty_5
581_fri_c3_500_25,regression,500,25,False,A11 A21 A31 A41 A53 A64,,LM6,Polynomial Regression,True,,15.0,-2.9724929715489754,0.7076483811582812,0.13,ok,,0,dirty_5
581_fri_c3_500_25,regression,500,25,False,A11 A21 A31 A41 A53 A64,,LM7,Bayesian Linear Regression,True,,12.0,0.1997035056949698,0.0768722914342143,0.08,ok,,0,dirty_5
581_fri_c3_500_25,regression,500,25,False,A11 A21 A31 A41 A53 A64,,TR1,Decision Tree,True,,10.0,0.5593502360224292,0.0803450398102955,0.11,ok,,0,dirty_5
581_fri_c3_500_25,regression,500,25,False,A11 A21 A31 A41 A53 A64,,TR2,Random Forest,True,,4.0,0.8048594579840659,0.0123188340252115,5.99,ok,,0,dirty_5
581_fri_c3_500_25,regression,500,25,False,A11 A21 A31 A41 A53 A64,,TR3,Extra Trees,True,,2.0,0.8320177010276513,0.0163100302466746,3.93,ok,,0,dirty_5
581_fri_c3_500_25,regression,500,25,False,A11 A21 A31 A41 A53 A64,,EN1,AdaBoost,True,,7.0,0.7145588173193574,0.0069402451150903,1.13,ok,,0,dirty_5
581_fri_c3_500_25,regression,500,25,False,A11 A21 A31 A41 A53 A64,,EN2,Gradient Boosting (GBM),True,,1.0,0.8417778843928776,0.0088091218311087,1.88,ok,,0,dirty_5
581_fri_c3_500_25,regression,500,25,False,A11 A21 A31 A41 A53 A64,,EN6,Stacking,True,,6.0,0.6469967263968585,0.0353860936757151,0.58,ok,,0,dirty_5
581_fri_c3_500_25,regression,500,25,False,A11 A21 A31 A41 A53 A64,,EN7,Voting Ensemble,True,,8.0,0.5412512688244568,0.0201179773692753,0.27,ok,,0,dirty_5
581_fri_c3_500_25,regression,500,25,False,A11 A21 A31 A41 A53 A64,,SV1,SVM (linear),True,,17.0,0.1068381003104723,0.1052201223945751,0.19,ok,,0,dirty_5
581_fri_c3_500_25,regression,500,25,False,A11 A21 A31 A41 A53 A64,,SV2,Kernel SVM (RBF/Poly),True,,11.0,0.2650151560619705,0.0682341294721104,0.14,ok,,0,dirty_5
581_fri_c3_500_25,regression,500,25,False,A11 A21 A31 A41 A53 A64,,IB1,k-Nearest Neighbors,True,,13.0,0.2483145837021718,0.0819779857040712,0.08,ok,,0,dirty_5
581_fri_c3_500_25,regression,500,25,False,A11 A21 A31 A41 A53 A64,,NN2,MLP (Feedforward),True,,9.0,-0.2570604781084799,0.2383160547626391,2.61,ok,,0,dirty_5
581_fri_c3_500_25,regression,500,25,False,A11 A21 A31 A41 A53 A64,,EN3,XGBoost,True,,5.0,0.8072968940114613,0.0216802335828393,2.2,ok,,0,dirty_5
581_fri_c3_500_25,regression,500,25,False,A11 A21 A31 A41 A53 A64,,EN4,LightGBM,True,,3.0,0.8304113521766222,0.0067216201039629,1.32,ok,,0,dirty_5
581_fri_c3_500_25,regression,500,25,False,A11 A21 A31 A41 A53 A64,,BASE-HGB,Histogram Gradient Boosting (baseline),False,,,0.8324025745698307,0.0119131730799094,0.97,ok,,0,dirty_5
641_fri_c1_500_10,regression,500,10,False,A11 A21 A31 A41 A53 A64,,LM1,Linear Regression,True,,16.0,0.2031028451708558,0.0760068693649225,0.06,ok,,0,dirty_5
641_fri_c1_500_10,regression,500,10,False,A11 A21 A31 A41 A53 A64,,LM3,Ridge Regression,True,,14.0,0.2034541904391028,0.0756742971158202,0.06,ok,,0,dirty_5
641_fri_c1_500_10,regression,500,10,False,A11 A21 A31 A41 A53 A64,,LM4,Lasso Regression,True,,18.0,-0.0168173376342489,0.0159847691922924,0.06,ok,,0,dirty_5
641_fri_c1_500_10,regression,500,10,False,A11 A21 A31 A41 A53 A64,,LM5,Elastic Net,True,,19.0,-0.0168173376342489,0.0159847691922924,0.06,ok,,0,dirty_5
641_fri_c1_500_10,regression,500,10,False,A11 A21 A31 A41 A53 A64,,LM6,Polynomial Regression,True,,15.0,0.1556746402847263,0.1087898909220634,0.07,ok,,0,dirty_5
641_fri_c1_500_10,regression,500,10,False,A11 A21 A31 A41 A53 A64,,LM7,Bayesian Linear Regression,True,,12.0,0.2069653452824653,0.0685749388796236,0.06,ok,,0,dirty_5
641_fri_c1_500_10,regression,500,10,False,A11 A21 A31 A41 A53 A64,,TR1,Decision Tree,True,,10.0,0.5872381754085387,0.1338836441576498,0.06,ok,,0,dirty_5
641_fri_c1_500_10,regression,500,10,False,A11 A21 A31 A41 A53 A64,,TR2,Random Forest,True,,4.0,0.8226293464613862,0.051126543850339,3.64,ok,,0,dirty_5
641_fri_c1_500_10,regression,500,10,False,A11 A21 A31 A41 A53 A64,,TR3,Extra Trees,True,,2.0,0.8400519118710165,0.0553590692897819,2.28,ok,,0,dirty_5
641_fri_c1_500_10,regression,500,10,False,A11 A21 A31 A41 A53 A64,,EN1,AdaBoost,True,,7.0,0.7432804320504396,0.0341334952519373,0.73,ok,,0,dirty_5
641_fri_c1_500_10,regression,500,10,False,A11 A21 A31 A41 A53 A64,,EN2,Gradient Boosting (GBM),True,,1.0,0.85155575574779,0.0489285642817537,0.92,ok,,0,dirty_5
641_fri_c1_500_10,regression,500,10,False,A11 A21 A31 A41 A53 A64,,EN6,Stacking,True,,6.0,0.6616355752497566,0.0613858564495163,0.56,ok,,0,dirty_5
641_fri_c1_500_10,regression,500,10,False,A11 A21 A31 A41 A53 A64,,EN7,Voting Ensemble,True,,8.0,0.571278979465494,0.0371895885524613,0.19,ok,,0,dirty_5
641_fri_c1_500_10,regression,500,10,False,A11 A21 A31 A41 A53 A64,,SV1,SVM (linear),True,,17.0,0.1510135206671115,0.0646089738098656,0.08,ok,,0,dirty_5
641_fri_c1_500_10,regression,500,10,False,A11 A21 A31 A41 A53 A64,,SV2,Kernel SVM (RBF/Poly),True,,11.0,0.4130248883566739,0.0845875413269712,0.12,ok,,0,dirty_5
641_fri_c1_500_10,regression,500,10,False,A11 A21 A31 A41 A53 A64,,IB1,k-Nearest Neighbors,True,,13.0,0.3587156695323711,0.0738297975801203,0.08,ok,,0,dirty_5
641_fri_c1_500_10,regression,500,10,False,A11 A21 A31 A41 A53 A64,,NN2,MLP (Feedforward),True,,9.0,0.7097181030570193,0.0920876028078867,5.72,ok,,0,dirty_5
641_fri_c1_500_10,regression,500,10,False,A11 A21 A31 A41 A53 A64,,EN3,XGBoost,True,,5.0,0.8351383623711154,0.0546286460245144,1.73,ok,,0,dirty_5
641_fri_c1_500_10,regression,500,10,False,A11 A21 A31 A41 A53 A64,,EN4,LightGBM,True,,3.0,0.8421039475362828,0.0488176991161107,1.03,ok,,0,dirty_5
641_fri_c1_500_10,regression,500,10,False,A11 A21 A31 A41 A53 A64,,BASE-HGB,Histogram Gradient Boosting (baseline),False,,,0.8492469732334198,0.0467094541856564,0.59,ok,,0,dirty_5
589_fri_c2_1000_25,regression,1000,25,False,A11 A21 A31 A41 A53 A64,,LM1,Linear Regression,True,,16.0,0.266411778007398,0.0657528555975478,0.08,ok,,0,dirty_5
589_fri_c2_1000_25,regression,1000,25,False,A11 A21 A31 A41 A53 A64,,LM3,Ridge Regression,True,,14.0,0.2664728990997201,0.0656278262324186,0.07,ok,,0,dirty_5
589_fri_c2_1000_25,regression,1000,25,False,A11 A21 A31 A41 A53 A64,,LM4,Lasso Regression,True,,18.0,-0.0167119553598716,0.0194952607578626,0.08,ok,,0,dirty_5
589_fri_c2_1000_25,regression,1000,25,False,A11 A21 A31 A41 A53 A64,,LM5,Elastic Net,True,,19.0,-0.0167119553598716,0.0194952607578626,0.08,ok,,0,dirty_5
589_fri_c2_1000_25,regression,1000,25,False,A11 A21 A31 A41 A53 A64,,LM6,Polynomial Regression,True,,15.0,-0.2238474282195511,0.0827359766460456,0.15,ok,,0,dirty_5
589_fri_c2_1000_25,regression,1000,25,False,A11 A21 A31 A41 A53 A64,,LM7,Bayesian Linear Regression,True,,12.0,0.2660489854081018,0.0597449076186204,0.11,ok,,0,dirty_5
589_fri_c2_1000_25,regression,1000,25,False,A11 A21 A31 A41 A53 A64,,TR1,Decision Tree,True,,10.0,0.614276815741532,0.053388668548267,0.2,ok,,0,dirty_5
589_fri_c2_1000_25,regression,1000,25,False,A11 A21 A31 A41 A53 A64,,TR2,Random Forest,True,,4.0,0.8153385031547515,0.0210011412781295,18.86,ok,,0,dirty_5
589_fri_c2_1000_25,regression,1000,25,False,A11 A21 A31 A41 A53 A64,,TR3,Extra Trees,True,,2.0,0.8525100848482671,0.0180319611373691,11.21,ok,,0,dirty_5
589_fri_c2_1000_25,regression,1000,25,False,A11 A21 A31 A41 A53 A64,,EN1,AdaBoost,True,,7.0,0.7505608598099193,0.0131386236468094,4.58,ok,,0,dirty_5
589_fri_c2_1000_25,regression,1000,25,False,A11 A21 A31 A41 A53 A64,,EN2,Gradient Boosting (GBM),True,,1.0,0.8569086113955393,0.0209479628225487,9.52,ok,,0,dirty_5
589_fri_c2_1000_25,regression,1000,25,False,A11 A21 A31 A41 A53 A64,,EN6,Stacking,True,,6.0,0.6854593878260359,0.0052626507274938,1.35,ok,,0,dirty_5
589_fri_c2_1000_25,regression,1000,25,False,A11 A21 A31 A41 A53 A64,,EN7,Voting Ensemble,True,,8.0,0.574317884010291,0.0259580928400134,0.38,ok,,0,dirty_5
589_fri_c2_1000_25,regression,1000,25,False,A11 A21 A31 A41 A53 A64,,SV1,SVM (linear),True,,17.0,0.2278341018442325,0.0804668370405529,0.49,ok,,0,dirty_5
589_fri_c2_1000_25,regression,1000,25,False,A11 A21 A31 A41 A53 A64,,SV2,Kernel SVM (RBF/Poly),True,,11.0,0.319126247392769,0.0655521113627115,0.98,ok,,0,dirty_5
589_fri_c2_1000_25,regression,1000,25,False,A11 A21 A31 A41 A53 A64,,IB1,k-Nearest Neighbors,True,,13.0,0.2790304910556855,0.0574024368550964,0.16,ok,,0,dirty_5
589_fri_c2_1000_25,regression,1000,25,False,A11 A21 A31 A41 A53 A64,,NN2,MLP (Feedforward),True,,9.0,-0.1699896049244194,0.08267365472059,13.59,ok,,0,dirty_5
589_fri_c2_1000_25,regression,1000,25,False,A11 A21 A31 A41 A53 A64,,EN3,XGBoost,True,,5.0,0.8353949364649782,0.0204866921803941,6.31,ok,,0,dirty_5
589_fri_c2_1000_25,regression,1000,25,False,A11 A21 A31 A41 A53 A64,,EN4,LightGBM,True,,3.0,0.8479146477395348,0.0235515878661955,43.5,ok,,0,dirty_5
589_fri_c2_1000_25,regression,1000,25,False,A11 A21 A31 A41 A53 A64,,BASE-HGB,Histogram Gradient Boosting (baseline),False,,,0.8509178908398581,0.0228119797749767,6.82,ok,,0,dirty_5
598_fri_c0_1000_25,regression,1000,25,False,A11 A21 A31 A41 A53 A64,,LM1,Linear Regression,True,,16.0,0.6526764952441912,0.0203249385116441,0.31,ok,,0,dirty_5
598_fri_c0_1000_25,regression,1000,25,False,A11 A21 A31 A41 A53 A64,,LM3,Ridge Regression,True,,14.0,0.6527194922854456,0.0203276745468411,0.33,ok,,0,dirty_5
598_fri_c0_1000_25,regression,1000,25,False,A11 A21 A31 A41 A53 A64,,LM4,Lasso Regression,True,,18.0,-0.0018549048064634,0.0015655964268132,0.33,ok,,0,dirty_5
598_fri_c0_1000_25,regression,1000,25,False,A11 A21 A31 A41 A53 A64,,LM5,Elastic Net,True,,19.0,0.0439157043225251,0.0082265016085848,0.29,ok,,0,dirty_5
598_fri_c0_1000_25,regression,1000,25,False,A11 A21 A31 A41 A53 A64,,LM6,Polynomial Regression,True,,15.0,0.6782795588636112,0.0477003259036241,0.51,ok,,0,dirty_5
598_fri_c0_1000_25,regression,1000,25,False,A11 A21 A31 A41 A53 A64,,LM7,Bayesian Linear Regression,True,,12.0,0.6530257505005855,0.0203801387716346,0.34,ok,,0,dirty_5
598_fri_c0_1000_25,regression,1000,25,False,A11 A21 A31 A41 A53 A64,,TR1,Decision Tree,True,,10.0,0.4974636382022528,0.1001013369352832,0.5,ok,,0,dirty_5
598_fri_c0_1000_25,regression,1000,25,False,A11 A21 A31 A41 A53 A64,,TR2,Random Forest,True,,4.0,0.7593542539580426,0.0279815069757708,18.97,ok,,0,dirty_5
598_fri_c0_1000_25,regression,1000,25,False,A11 A21 A31 A41 A53 A64,,TR3,Extra Trees,True,,2.0,0.7742241628829457,0.023308663910238,10.2,ok,,0,dirty_5
598_fri_c0_1000_25,regression,1000,25,False,A11 A21 A31 A41 A53 A64,,EN1,AdaBoost,True,,7.0,0.7085264260450509,0.0270743612208861,4.34,ok,,0,dirty_5
598_fri_c0_1000_25,regression,1000,25,False,A11 A21 A31 A41 A53 A64,,EN2,Gradient Boosting (GBM),True,,1.0,0.8287365619099628,0.0272020157788536,7.24,ok,,0,dirty_5
598_fri_c0_1000_25,regression,1000,25,False,A11 A21 A31 A41 A53 A64,,EN6,Stacking,True,,6.0,0.7057014192807871,0.0325976040550949,1.31,ok,,0,dirty_5
598_fri_c0_1000_25,regression,1000,25,False,A11 A21 A31 A41 A53 A64,,EN7,Voting Ensemble,True,,8.0,0.6763157478354526,0.0343847573761,0.37,ok,,0,dirty_5
598_fri_c0_1000_25,regression,1000,25,False,A11 A21 A31 A41 A53 A64,,SV1,SVM (linear),True,,17.0,0.6432752285441287,0.0264591990387385,0.39,ok,,0,dirty_5
598_fri_c0_1000_25,regression,1000,25,False,A11 A21 A31 A41 A53 A64,,SV2,Kernel SVM (RBF/Poly),True,,11.0,0.6950357250046547,0.0293162485460166,0.69,ok,,0,dirty_5
598_fri_c0_1000_25,regression,1000,25,False,A11 A21 A31 A41 A53 A64,,IB1,k-Nearest Neighbors,True,,13.0,0.4093004038635265,0.0495134316859331,0.18,ok,,0,dirty_5
598_fri_c0_1000_25,regression,1000,25,False,A11 A21 A31 A41 A53 A64,,NN2,MLP (Feedforward),True,,9.0,0.627573810014444,0.0384299386627355,6.31,ok,,0,dirty_5
598_fri_c0_1000_25,regression,1000,25,False,A11 A21 A31 A41 A53 A64,,EN3,XGBoost,True,,5.0,0.7871982809415012,0.0237642170658679,3.14,ok,,0,dirty_5
598_fri_c0_1000_25,regression,1000,25,False,A11 A21 A31 A41 A53 A64,,EN4,LightGBM,True,,3.0,0.8284418855448626,0.0201514082306295,105.87,ok,,0,dirty_5
598_fri_c0_1000_25,regression,1000,25,False,A11 A21 A31 A41 A53 A64,,BASE-HGB,Histogram Gradient Boosting (baseline),False,,,0.8243944394798997,0.0226909579429798,6.79,ok,,0,dirty_5
620_fri_c1_1000_25,regression,1000,25,False,A11 A21 A31 A41 A53 A64,,LM1,Linear Regression,True,,16.0,0.2376927716978602,0.047859882280273,0.31,ok,,0,dirty_5
620_fri_c1_1000_25,regression,1000,25,False,A11 A21 A31 A41 A53 A64,,LM3,Ridge Regression,True,,14.0,0.2377796153661578,0.0477706053222183,0.31,ok,,0,dirty_5
620_fri_c1_1000_25,regression,1000,25,False,A11 A21 A31 A41 A53 A64,,LM4,Lasso Regression,True,,18.0,-0.010764144445443,0.0105702347921357,0.31,ok,,0,dirty_5
620_fri_c1_1000_25,regression,1000,25,False,A11 A21 A31 A41 A53 A64,,LM5,Elastic Net,True,,19.0,-0.010764144445443,0.0105702347921357,0.28,ok,,0,dirty_5
620_fri_c1_1000_25,regression,1000,25,False,A11 A21 A31 A41 A53 A64,,LM6,Polynomial Regression,True,,15.0,-0.2506166812931757,0.1427351750381651,0.66,ok,,0,dirty_5
620_fri_c1_1000_25,regression,1000,25,False,A11 A21 A31 A41 A53 A64,,LM7,Bayesian Linear Regression,True,,12.0,0.2401066504485234,0.0426087145685691,0.34,ok,,0,dirty_5
620_fri_c1_1000_25,regression,1000,25,False,A11 A21 A31 A41 A53 A64,,TR1,Decision Tree,True,,10.0,0.5811848827532036,0.0746396620657998,0.77,ok,,0,dirty_5
620_fri_c1_1000_25,regression,1000,25,False,A11 A21 A31 A41 A53 A64,,TR2,Random Forest,True,,4.0,0.7931299620706228,0.0289447112874542,18.36,ok,,0,dirty_5
620_fri_c1_1000_25,regression,1000,25,False,A11 A21 A31 A41 A53 A64,,TR3,Extra Trees,True,,2.0,0.8297692512666467,0.0205986501026269,14.88,ok,,0,dirty_5
620_fri_c1_1000_25,regression,1000,25,False,A11 A21 A31 A41 A53 A64,,EN1,AdaBoost,True,,7.0,0.7170764934464311,0.0225058340499256,8.46,ok,,0,dirty_5
620_fri_c1_1000_25,regression,1000,25,False,A11 A21 A31 A41 A53 A64,,EN2,Gradient Boosting (GBM),True,,1.0,0.8520962247761718,0.0201870995637056,12.64,ok,,0,dirty_5
620_fri_c1_1000_25,regression,1000,25,False,A11 A21 A31 A41 A53 A64,,EN6,Stacking,True,,6.0,0.6881616729120033,0.0427176397645148,1.98,ok,,0,dirty_5
620_fri_c1_1000_25,regression,1000,25,False,A11 A21 A31 A41 A53 A64,,EN7,Voting Ensemble,True,,8.0,0.5265979590235226,0.0274635225537317,0.73,ok,,0,dirty_5
620_fri_c1_1000_25,regression,1000,25,False,A11 A21 A31 A41 A53 A64,,SV1,SVM (linear),True,,17.0,0.1988852036754378,0.0626717693271527,0.64,ok,,0,dirty_5
620_fri_c1_1000_25,regression,1000,25,False,A11 A21 A31 A41 A53 A64,,SV2,Kernel SVM (RBF/Poly),True,,11.0,0.2191437507905735,0.0701456517815978,1.3,ok,,0,dirty_5
620_fri_c1_1000_25,regression,1000,25,False,A11 A21 A31 A41 A53 A64,,IB1,k-Nearest Neighbors,True,,13.0,0.1074084234551764,0.0436725679426393,0.49,ok,,0,dirty_5
620_fri_c1_1000_25,regression,1000,25,False,A11 A21 A31 A41 A53 A64,,NN2,MLP (Feedforward),True,,9.0,-0.1926999335945041,0.1411827902365905,30.16,ok,,0,dirty_5
620_fri_c1_1000_25,regression,1000,25,False,A11 A21 A31 A41 A53 A64,,EN3,XGBoost,True,,5.0,0.8258484619793762,0.0206383230732203,13.27,ok,,0,dirty_5
620_fri_c1_1000_25,regression,1000,25,False,A11 A21 A31 A41 A53 A64,,BASE-HGB,Histogram Gradient Boosting (baseline),False,,,0.8467234152996695,0.0248339680655812,9.91,ok,,0,dirty_5
606_fri_c2_1000_10,regression,1000,10,False,A11 A21 A31 A41 A53 A64,,LM1,Linear Regression,True,,16.0,0.2849431919978332,0.032247761530437,0.35,ok,,0,dirty_5
606_fri_c2_1000_10,regression,1000,10,False,A11 A21 A31 A41 A53 A64,,LM3,Ridge Regression,True,,14.0,0.2849896467128883,0.0320890278096669,0.38,ok,,0,dirty_5
606_fri_c2_1000_10,regression,1000,10,False,A11 A21 A31 A41 A53 A64,,LM4,Lasso Regression,True,,18.0,-0.0092703972153709,0.0105159394945578,0.32,ok,,0,dirty_5
606_fri_c2_1000_10,regression,1000,10,False,A11 A21 A31 A41 A53 A64,,LM5,Elastic Net,True,,19.0,-0.0092703972153709,0.0105159394945578,0.39,ok,,0,dirty_5
606_fri_c2_1000_10,regression,1000,10,False,A11 A21 A31 A41 A53 A64,,LM6,Polynomial Regression,True,,15.0,0.2697818717112305,0.0613109914223121,0.43,ok,,0,dirty_5
606_fri_c2_1000_10,regression,1000,10,False,A11 A21 A31 A41 A53 A64,,LM7,Bayesian Linear Regression,True,,12.0,0.2850887279127098,0.0292315763228597,0.39,ok,,0,dirty_5
606_fri_c2_1000_10,regression,1000,10,False,A11 A21 A31 A41 A53 A64,,TR1,Decision Tree,True,,10.0,0.6993724431418885,0.0370030492724925,0.46,ok,,0,dirty_5
606_fri_c2_1000_10,regression,1000,10,False,A11 A21 A31 A41 A53 A64,,TR2,Random Forest,True,,4.0,0.8454203740787267,0.0207625521015773,15.57,ok,,0,dirty_5
606_fri_c2_1000_10,regression,1000,10,False,A11 A21 A31 A41 A53 A64,,TR3,Extra Trees,True,,2.0,0.8711721599624564,0.0146807006002321,4.94,ok,,0,dirty_5
606_fri_c2_1000_10,regression,1000,10,False,A11 A21 A31 A41 A53 A64,,EN1,AdaBoost,True,,7.0,0.7409943526742404,0.0166440070389809,2.32,ok,,0,dirty_5
606_fri_c2_1000_10,regression,1000,10,False,A11 A21 A31 A41 A53 A64,,EN2,Gradient Boosting (GBM),True,,1.0,0.8621922816697319,0.013046083315364,5.04,ok,,0,dirty_5
606_fri_c2_1000_10,regression,1000,10,False,A11 A21 A31 A41 A53 A64,,EN6,Stacking,True,,6.0,0.7641690869611354,0.0282470549463987,0.97,ok,,0,dirty_5
606_fri_c2_1000_10,regression,1000,10,False,A11 A21 A31 A41 A53 A64,,EN7,Voting Ensemble,True,,8.0,0.6740175731331288,0.0178900701104881,0.52,ok,,0,dirty_5
606_fri_c2_1000_10,regression,1000,10,False,A11 A21 A31 A41 A53 A64,,SV1,SVM (linear),True,,17.0,0.2553607437989672,0.0437724110334811,0.33,ok,,0,dirty_5
606_fri_c2_1000_10,regression,1000,10,False,A11 A21 A31 A41 A53 A64,,SV2,Kernel SVM (RBF/Poly),True,,11.0,0.6007601161819563,0.0379562934898177,1.0,ok,,0,dirty_5
606_fri_c2_1000_10,regression,1000,10,False,A11 A21 A31 A41 A53 A64,,IB1,k-Nearest Neighbors,True,,13.0,0.5557121399151168,0.0451091502192669,0.22,ok,,0,dirty_5
606_fri_c2_1000_10,regression,1000,10,False,A11 A21 A31 A41 A53 A64,,NN2,MLP (Feedforward),True,,9.0,0.8057298906168047,0.0274013941024007,29.27,ok,,0,dirty_5
606_fri_c2_1000_10,regression,1000,10,False,A11 A21 A31 A41 A53 A64,,EN3,XGBoost,True,,5.0,0.8549975231191329,0.0240804226530346,4.36,ok,,0,dirty_5
606_fri_c2_1000_10,regression,1000,10,False,A11 A21 A31 A41 A53 A64,,EN4,LightGBM,True,,3.0,0.8721800902431138,0.0171912556725664,31.7,ok,,0,dirty_5
606_fri_c2_1000_10,regression,1000,10,False,A11 A21 A31 A41 A53 A64,,BASE-HGB,Histogram Gradient Boosting (baseline),False,,,0.8711339912177147,0.0190812233365553,5.58,ok,,0,dirty_5
595_fri_c0_1000_10,regression,1000,10,False,A11 A21 A31 A41 A53 A64,,LM1,Linear Regression,True,,16.0,0.661060955063375,0.032835311777013,0.42,ok,,0,dirty_5
595_fri_c0_1000_10,regression,1000,10,False,A11 A21 A31 A41 A53 A64,,LM3,Ridge Regression,True,,14.0,0.6610887618456956,0.0327877846849963,0.46,ok,,0,dirty_5
595_fri_c0_1000_10,regression,1000,10,False,A11 A21 A31 A41 A53 A64,,LM4,Lasso Regression,True,,18.0,-0.0045234977311575,0.0034461332355352,0.42,ok,,0,dirty_5
595_fri_c0_1000_10,regression,1000,10,False,A11 A21 A31 A41 A53 A64,,LM5,Elastic Net,True,,19.0,0.0342195614136808,0.0076305062416139,0.33,ok,,0,dirty_5
595_fri_c0_1000_10,regression,1000,10,False,A11 A21 A31 A41 A53 A64,,LM6,Polynomial Regression,True,,15.0,0.7930877633508681,0.0258668566735921,0.33,ok,,0,dirty_5
595_fri_c0_1000_10,regression,1000,10,False,A11 A21 A31 A41 A53 A64,,LM7,Bayesian Linear Regression,True,,12.0,0.6611625758657003,0.0326250942989012,0.25,ok,,0,dirty_5
595_fri_c0_1000_10,regression,1000,10,False,A11 A21 A31 A41 A53 A64,,TR1,Decision Tree,True,,10.0,0.4784659361808875,0.0376292425026578,0.32,ok,,0,dirty_5
595_fri_c0_1000_10,regression,1000,10,False,A11 A21 A31 A41 A53 A64,,TR2,Random Forest,True,,4.0,0.7563470915179943,0.0081877220426757,8.46,ok,,0,dirty_5
595_fri_c0_1000_10,regression,1000,10,False,A11 A21 A31 A41 A53 A64,,TR3,Extra Trees,True,,2.0,0.7643971764460966,0.01178490102312,5.39,ok,,0,dirty_5
595_fri_c0_1000_10,regression,1000,10,False,A11 A21 A31 A41 A53 A64,,EN1,AdaBoost,True,,7.0,0.6857463017907576,0.0204241254401396,1.64,ok,,0,dirty_5
595_fri_c0_1000_10,regression,1000,10,False,A11 A21 A31 A41 A53 A64,,EN2,Gradient Boosting (GBM),True,,1.0,0.8150947978783888,0.0163969062400804,4.18,ok,,0,dirty_5
595_fri_c0_1000_10,regression,1000,10,False,A11 A21 A31 A41 A53 A64,,EN6,Stacking,True,,6.0,0.7241473052166105,0.0219289508260817,1.18,ok,,0,dirty_5
595_fri_c0_1000_10,regression,1000,10,False,A11 A21 A31 A41 A53 A64,,EN7,Voting Ensemble,True,,8.0,0.7135537312529139,0.0102246617121829,0.43,ok,,0,dirty_5
595_fri_c0_1000_10,regression,1000,10,False,A11 A21 A31 A41 A53 A64,,SV1,SVM (linear),True,,17.0,0.6528528399556437,0.0323338290580248,0.33,ok,,0,dirty_5
595_fri_c0_1000_10,regression,1000,10,False,A11 A21 A31 A41 A53 A64,,SV2,Kernel SVM (RBF/Poly),True,,11.0,0.7974094537772196,0.0188055282124458,0.83,ok,,0,dirty_5
595_fri_c0_1000_10,regression,1000,10,False,A11 A21 A31 A41 A53 A64,,IB1,k-Nearest Neighbors,True,,13.0,0.6004119757831874,0.0177281060831528,0.29,ok,,0,dirty_5
595_fri_c0_1000_10,regression,1000,10,False,A11 A21 A31 A41 A53 A64,,NN2,MLP (Feedforward),True,,9.0,0.7945160565162388,0.0280153757583856,24.31,ok,,0,dirty_5
595_fri_c0_1000_10,regression,1000,10,False,A11 A21 A31 A41 A53 A64,,EN3,XGBoost,True,,5.0,0.7802543874385368,0.0196433458892124,4.26,ok,,0,dirty_5
595_fri_c0_1000_10,regression,1000,10,False,A11 A21 A31 A41 A53 A64,,EN4,LightGBM,True,,3.0,0.814528713713959,0.0130401265702209,26.58,ok,,0,dirty_5
595_fri_c0_1000_10,regression,1000,10,False,A11 A21 A31 A41 A53 A64,,BASE-HGB,Histogram Gradient Boosting (baseline),False,,,0.8177037284398769,0.0157216644864828,3.55,ok,,0,dirty_5
225_puma8NH,regression,5000,8,True,A11 A21 A31 A41 A53 A64,,LM1,Linear Regression,True,,16.0,0.3624220665671435,0.0177840251702381,0.28,ok,,0,dirty_5
225_puma8NH,regression,5000,8,True,A11 A21 A31 A41 A53 A64,,LM3,Ridge Regression,True,,14.0,0.3624228234617355,0.0177772387838176,0.3,ok,,0,dirty_5
225_puma8NH,regression,5000,8,True,A11 A21 A31 A41 A53 A64,,LM4,Lasso Regression,True,,18.0,0.3002906659188199,0.0099226889389003,0.31,ok,,0,dirty_5
225_puma8NH,regression,5000,8,True,A11 A21 A31 A41 A53 A64,,LM5,Elastic Net,True,,19.0,0.2838607560878904,0.0078933582000776,0.32,ok,,0,dirty_5
225_puma8NH,regression,5000,8,True,A11 A21 A31 A41 A53 A64,,LM6,Polynomial Regression,True,,15.0,0.4057337753765629,0.0203680608837103,0.35,ok,,0,dirty_5
225_puma8NH,regression,5000,8,True,A11 A21 A31 A41 A53 A64,,LM7,Bayesian Linear Regression,True,,12.0,0.3624263832124038,0.0176895870548592,0.28,ok,,0,dirty_5
225_puma8NH,regression,5000,8,True,A11 A21 A31 A41 A53 A64,,TR1,Decision Tree,True,,10.0,0.2358983206407583,0.0269793004188085,0.81,ok,,0,dirty_5
225_puma8NH,regression,5000,8,True,A11 A21 A31 A41 A53 A64,,TR2,Random Forest,True,,4.0,0.6089831347228463,0.0123708555276866,48.46,ok,,0,dirty_5
225_puma8NH,regression,5000,8,True,A11 A21 A31 A41 A53 A64,,TR3,Extra Trees,True,,2.0,0.6107957805269343,0.010160865823204,13.39,ok,,0,dirty_5
225_puma8NH,regression,5000,8,True,A11 A21 A31 A41 A53 A64,,EN1,AdaBoost,True,,7.0,0.4684965809402817,0.020958598477634,2.4,ok,,0,dirty_5
225_puma8NH,regression,5000,8,True,A11 A21 A31 A41 A53 A64,,EN2,Gradient Boosting (GBM),True,,1.0,0.6047639066637446,0.0145654099274642,7.71,ok,,0,dirty_5
225_puma8NH,regression,5000,8,True,A11 A21 A31 A41 A53 A64,,EN6,Stacking,True,,6.0,0.5762218562639025,0.0145592928971538,2.9,ok,,0,dirty_5
225_puma8NH,regression,5000,8,True,A11 A21 A31 A41 A53 A64,,EN7,Voting Ensemble,True,,8.0,0.5400483347530382,0.0126001780099686,0.66,ok,,0,dirty_5
225_puma8NH,regression,5000,8,True,A11 A21 A31 A41 A53 A64,,SV1,SVM (linear),True,,17.0,0.3409370491158535,0.0255392321115337,0.11,ok,,0,dirty_5
225_puma8NH,regression,5000,8,True,A11 A21 A31 A41 A53 A64,,SV2,Kernel SVM (RBF/Poly),True,,11.0,0.5528578563725711,0.0111420532234045,5.5,ok,,0,dirty_5
225_puma8NH,regression,5000,8,True,A11 A21 A31 A41 A53 A64,,IB1,k-Nearest Neighbors,True,,13.0,0.4526129390322474,0.0092273915905743,0.31,ok,,0,dirty_5
225_puma8NH,regression,5000,8,True,A11 A21 A31 A41 A53 A64,,NN2,MLP (Feedforward),True,,9.0,0.5915275638895395,0.0166527570407172,44.55,ok,,0,dirty_5
225_puma8NH,regression,5000,8,True,A11 A21 A31 A41 A53 A64,,EN3,XGBoost,True,,5.0,0.5697772653243319,0.0083617140548793,2.5,ok,,0,dirty_5
225_puma8NH,regression,5000,8,True,A11 A21 A31 A41 A53 A64,,EN4,LightGBM,True,,3.0,0.6118206022980975,0.012537909682994,47.59,ok,,0,dirty_5
225_puma8NH,regression,5000,8,True,A11 A21 A31 A41 A53 A64,,BASE-HGB,Histogram Gradient Boosting (baseline),False,,,0.6089308176916438,0.0149685758543085,2.45,ok,,0,dirty_5
1199_BNG_echoMonths,regression,5000,9,True,A11 A21 A38 A41 A53 A64,,LM1,Linear Regression,True,,16.0,0.4294323842060707,0.0414853079487671,0.27,ok,,0,dirty_5
1199_BNG_echoMonths,regression,5000,9,True,A11 A21 A38 A41 A53 A64,,LM3,Ridge Regression,True,,14.0,0.4294342275702605,0.0414587761066733,0.26,ok,,0,dirty_5
1199_BNG_echoMonths,regression,5000,9,True,A11 A21 A38 A41 A53 A64,,LM4,Lasso Regression,True,,18.0,0.393612790731542,0.0305234450022699,0.22,ok,,0,dirty_5
1199_BNG_echoMonths,regression,5000,9,True,A11 A21 A38 A41 A53 A64,,LM5,Elastic Net,True,,19.0,0.3208551105977167,0.017197223374793,0.24,ok,,0,dirty_5
1199_BNG_echoMonths,regression,5000,9,True,A11 A21 A38 A41 A53 A64,,LM6,Polynomial Regression,True,,15.0,0.4316547535784959,0.0397374286144851,0.31,ok,,0,dirty_5
1199_BNG_echoMonths,regression,5000,9,True,A11 A21 A38 A41 A53 A64,,LM7,Bayesian Linear Regression,True,,12.0,0.4294315762734307,0.0412880902775359,0.22,ok,,0,dirty_5
1199_BNG_echoMonths,regression,5000,9,True,A11 A21 A38 A41 A53 A64,,TR1,Decision Tree,True,,10.0,-0.1148642014004031,0.0458015852290719,0.38,ok,,0,dirty_5
1199_BNG_echoMonths,regression,5000,9,True,A11 A21 A38 A41 A53 A64,,TR2,Random Forest,True,,4.0,0.4274314243867746,0.0406471573797671,23.6,ok,,0,dirty_5
1199_BNG_echoMonths,regression,5000,9,True,A11 A21 A38 A41 A53 A64,,TR3,Extra Trees,True,,2.0,0.419951997325875,0.0385017358250227,12.01,ok,,0,dirty_5
1199_BNG_echoMonths,regression,5000,9,True,A11 A21 A38 A41 A53 A64,,EN1,AdaBoost,True,,7.0,0.3994856203971814,0.0330278850801451,1.0,ok,,0,dirty_5
1199_BNG_echoMonths,regression,5000,9,True,A11 A21 A38 A41 A53 A64,,EN2,Gradient Boosting (GBM),True,,1.0,0.4352363149295059,0.0385918224709347,4.57,ok,,0,dirty_5
1199_BNG_echoMonths,regression,5000,9,True,A11 A21 A38 A41 A53 A64,,EN6,Stacking,True,,6.0,0.4337238446160933,0.0405635266386251,1.63,ok,,0,dirty_5
1199_BNG_echoMonths,regression,5000,9,True,A11 A21 A38 A41 A53 A64,,EN7,Voting Ensemble,True,,8.0,0.4254698552108376,0.039043820996885,0.75,ok,,0,dirty_5
1199_BNG_echoMonths,regression,5000,9,True,A11 A21 A38 A41 A53 A64,,SV1,SVM (linear),True,,17.0,0.3973865032634378,0.0528632757985165,0.3,ok,,0,dirty_5
1199_BNG_echoMonths,regression,5000,9,True,A11 A21 A38 A41 A53 A64,,SV2,Kernel SVM (RBF/Poly),True,,11.0,0.4100764786840839,0.031735671661398,4.91,ok,,0,dirty_5
1199_BNG_echoMonths,regression,5000,9,True,A11 A21 A38 A41 A53 A64,,IB1,k-Nearest Neighbors,True,,13.0,0.3332939798916209,0.0376041520934813,0.42,ok,,0,dirty_5
1199_BNG_echoMonths,regression,5000,9,True,A11 A21 A38 A41 A53 A64,,NN2,MLP (Feedforward),True,,9.0,0.4263374236614514,0.0417903283294727,72.09,ok,,0,dirty_5
1199_BNG_echoMonths,regression,5000,9,True,A11 A21 A38 A41 A53 A64,,EN3,XGBoost,True,,5.0,0.3439958171290815,0.0407679315841769,2.43,ok,,0,dirty_5
1199_BNG_echoMonths,regression,5000,9,True,A11 A21 A38 A41 A53 A64,,EN4,LightGBM,True,,3.0,0.4206991163142694,0.0401432723403747,30.19,ok,,0,dirty_5
1199_BNG_echoMonths,regression,5000,9,True,A11 A21 A38 A41 A53 A64,,BASE-HGB,Histogram Gradient Boosting (baseline),False,,,0.424346778398354,0.0412871295853989,1.3,ok,,0,dirty_5
mfeat_zernike,classification,2000,47,False,A11 A21 A31 A41 A51 A64,A54,EN4,LightGBM,True,,1.0,0.7785,0.0222822799551572,11.12,ok,,0,dirty_5
spambase,classification,4601,57,False,A11 A21 A31 A43 A51 A64,A54,EN4,LightGBM,True,,1.0,0.9464122351408866,0.0084839885539346,1.42,ok,,0,dirty_5
satimage,classification,5000,36,True,A11 A21 A31 A41 A51 A64,A53,EN4,LightGBM,True,,1.0,0.8876490646685837,0.0103011600253601,5.23,ok,,0,dirty_5
letter,classification,5000,16,True,A11 A21 A31 A41 A53 A64,,EN2,Gradient Boosting (GBM),True,,7.0,0.8305569309752171,0.0144065529284422,76.85,ok,,0,dirty_5
letter,classification,5000,16,True,A11 A21 A31 A41 A53 A64,,NN2,MLP (Feedforward),True,,2.0,0.814052574659901,0.0144930788822348,57.01,ok,,0,dirty_5
letter,classification,5000,16,True,A11 A21 A31 A41 A53 A64,,EN4,LightGBM,True,,1.0,0.8725881288670531,0.0152583104227115,11.56,ok,,0,dirty_5
letter,classification,5000,16,True,A11 A21 A31 A41 A53 A64,,BASE-HGB,Histogram Gradient Boosting (baseline),False,,,0.8735732969664131,0.0159501008475609,30.56,ok,,0,dirty_5
620_fri_c1_1000_25,regression,1000,25,False,A11 A21 A31 A41 A53 A64,,EN4,LightGBM,True,,3.0,0.8416855629512716,0.0301051393047067,0.96,ok,,0,dirty_5
heart_disease_va_long_beach,classification,200,13,False,A11 A21 A38 A41 A51 A62,A54,LM2,Logistic Regression,True,,10.0,0.6160188087774295,0.0294783395952503,0.18,ok,,0,labels_10
heart_disease_va_long_beach,classification,200,13,False,A11 A21 A38 A41 A51 A62,A54,TR1,Decision Tree,True,,13.0,0.521201671891327,0.0751457032911924,0.1,ok,,0,labels_10
heart_disease_va_long_beach,classification,200,13,False,A11 A21 A38 A41 A51 A62,A54,TR2,Random Forest,True,,5.0,0.5669278996865205,0.0299644727465709,2.09,ok,,0,labels_10
heart_disease_va_long_beach,classification,200,13,False,A11 A21 A38 A41 A51 A62,A54,TR3,Extra Trees,True,,3.0,0.5902612330198538,0.0573208404746489,1.99,ok,,0,labels_10
heart_disease_va_long_beach,classification,200,13,False,A11 A21 A38 A41 A51 A62,A54,EN1,AdaBoost,True,,15.0,0.5269278996865204,0.0604326203461476,0.56,ok,,0,labels_10
heart_disease_va_long_beach,classification,200,13,False,A11 A21 A38 A41 A51 A62,A54,EN2,Gradient Boosting (GBM),True,,7.0,0.6051097178683386,0.0601282683403566,0.68,ok,,0,labels_10
heart_disease_va_long_beach,classification,200,13,False,A11 A21 A38 A41 A51 A62,A54,EN6,Stacking,True,,6.0,0.5602612330198538,0.0203092059180679,4.13,ok,,0,labels_10
heart_disease_va_long_beach,classification,200,13,False,A11 A21 A38 A41 A51 A62,A54,EN7,Voting Ensemble,True,,8.0,0.5964681295715779,0.0554650164299188,0.25,ok,,0,labels_10
heart_disease_va_long_beach,classification,200,13,False,A11 A21 A38 A41 A51 A62,A54,SV1,SVM (linear),True,,11.0,0.5887774294670847,0.0247970858887924,0.13,ok,,0,labels_10
heart_disease_va_long_beach,classification,200,13,False,A11 A21 A38 A41 A51 A62,A54,SV2,Kernel SVM (RBF/Poly),True,,9.0,0.5266666666666666,0.0226077666104175,0.12,ok,,0,labels_10
heart_disease_va_long_beach,classification,200,13,False,A11 A21 A38 A41 A51 A62,A54,PR1,Naive Bayes,True,,14.0,0.5837408568443051,0.0853066409607116,0.11,ok,,0,labels_10
heart_disease_va_long_beach,classification,200,13,False,A11 A21 A38 A41 A51 A62,A54,IB1,k-Nearest Neighbors,True,,16.0,0.5725705329153605,0.0350015282129492,0.12,ok,,0,labels_10
heart_disease_va_long_beach,classification,200,13,False,A11 A21 A38 A41 A51 A62,A54,DR4,LDA (Linear Discriminant Analysis),True,,12.0,0.5921107628004181,0.0359125689064741,0.11,ok,,0,labels_10
heart_disease_va_long_beach,classification,200,13,False,A11 A21 A38 A41 A51 A62,A54,NN1,Perceptron,True,,17.0,0.5428004179728319,0.0679763246889594,0.1,ok,,0,labels_10
heart_disease_va_long_beach,classification,200,13,False,A11 A21 A38 A41 A51 A62,A54,NN2,MLP (Feedforward),True,,2.0,0.5838557993730408,0.0656535739968311,2.35,ok,,0,labels_10
heart_disease_va_long_beach,classification,200,13,False,A11 A21 A38 A41 A51 A62,A54,EN3,XGBoost,True,,4.0,0.5734796238244515,0.0957909851788119,0.22,ok,,0,labels_10
heart_disease_va_long_beach,classification,200,13,False,A11 A21 A38 A41 A51 A62,A54,EN4,LightGBM,True,,1.0,0.570146290491118,0.0266499802026472,7.51,ok,,0,labels_10
heart_disease_va_long_beach,classification,200,13,False,A11 A21 A38 A41 A51 A62,A54,BASE-HGB,Histogram Gradient Boosting (baseline),False,,,0.5537095088819226,0.032865182100305,0.46,ok,,0,labels_10
biomed,classification,209,8,False,A11 A21 A38 A41 A51 A61,A54,LM2,Logistic Regression,True,,10.0,0.8207407407407409,0.09161259160735,0.11,ok,,0,labels_10
biomed,classification,209,8,False,A11 A21 A38 A41 A51 A61,A54,TR1,Decision Tree,True,,13.0,0.8072649572649573,0.0614934677764019,0.09,ok,,0,labels_10
biomed,classification,209,8,False,A11 A21 A38 A41 A51 A61,A54,TR2,Random Forest,True,,5.0,0.8918518518518519,0.0577302748693295,2.01,ok,,0,labels_10
biomed,classification,209,8,False,A11 A21 A38 A41 A51 A61,A54,TR3,Extra Trees,True,,3.0,0.8725925925925926,0.0482107854674755,1.66,ok,,0,labels_10
biomed,classification,209,8,False,A11 A21 A38 A41 A51 A61,A54,EN1,AdaBoost,True,,15.0,0.8525925925925927,0.0602418536632517,0.53,ok,,0,labels_10
biomed,classification,209,8,False,A11 A21 A38 A41 A51 A61,A54,EN2,Gradient Boosting (GBM),True,,7.0,0.8577777777777778,0.0404094272503284,0.71,ok,,0,labels_10
biomed,classification,209,8,False,A11 A21 A38 A41 A51 A61,A54,EN6,Stacking,True,,6.0,0.8488888888888889,0.0572051394853565,0.65,ok,,0,labels_10
biomed,classification,209,8,False,A11 A21 A38 A41 A51 A61,A54,EN7,Voting Ensemble,True,,8.0,0.8414814814814816,0.0561889815363344,0.19,ok,,0,labels_10
biomed,classification,209,8,False,A11 A21 A38 A41 A51 A61,A54,SV1,SVM (linear),True,,11.0,0.8037037037037038,0.1015382377108304,0.11,ok,,0,labels_10
biomed,classification,209,8,False,A11 A21 A38 A41 A51 A61,A54,SV2,Kernel SVM (RBF/Poly),True,,9.0,0.8414814814814816,0.0503703703703704,0.11,ok,,0,labels_10
biomed,classification,209,8,False,A11 A21 A38 A41 A51 A61,A54,PR1,Naive Bayes,True,,14.0,0.8162962962962961,0.0302345653806793,0.09,ok,,0,labels_10
biomed,classification,209,8,False,A11 A21 A38 A41 A51 A61,A54,IB1,k-Nearest Neighbors,True,,16.0,0.8118518518518518,0.0388023728998778,0.11,ok,,0,labels_10
biomed,classification,209,8,False,A11 A21 A38 A41 A51 A61,A54,DR4,LDA (Linear Discriminant Analysis),True,,12.0,0.794074074074074,0.0835626474531696,0.1,ok,,0,labels_10
biomed,classification,209,8,False,A11 A21 A38 A41 A51 A61,A54,NN1,Perceptron,True,,17.0,0.7366381766381768,0.0418497475320387,0.1,ok,,0,labels_10
biomed,classification,209,8,False,A11 A21 A38 A41 A51 A61,A54,NN2,MLP (Feedforward),True,,2.0,0.8152706552706551,0.0943546732300749,2.31,ok,,0,labels_10
biomed,classification,209,8,False,A11 A21 A38 A41 A51 A61,A54,EN3,XGBoost,True,,4.0,0.8733333333333333,0.0586262487034352,0.2,ok,,0,labels_10
biomed,classification,209,8,False,A11 A21 A38 A41 A51 A61,A54,EN4,LightGBM,True,,1.0,0.8733333333333333,0.0583917990370855,30.64,ok,,0,labels_10
biomed,classification,209,8,False,A11 A21 A38 A41 A51 A61,A54,BASE-HGB,Histogram Gradient Boosting (baseline),False,,,0.8592592592592594,0.0658384771653006,0.68,ok,,0,labels_10
breast_cancer,classification,286,9,False,A11 A21 A38 A41 A51 A61,A53,LM2,Logistic Regression,True,,10.0,0.6021197991391679,0.0372346308307315,0.3,ok,,0,labels_10
breast_cancer,classification,286,9,False,A11 A21 A38 A41 A51 A61,A53,TR1,Decision Tree,True,,13.0,0.5991391678622667,0.0698098277893063,0.36,ok,,0,labels_10
breast_cancer,classification,286,9,False,A11 A21 A38 A41 A51 A61,A53,TR2,Random Forest,True,,5.0,0.6077546628407461,0.007751188075012,3.78,ok,,0,labels_10
breast_cancer,classification,286,9,False,A11 A21 A38 A41 A51 A61,A53,TR3,Extra Trees,True,,3.0,0.5897632711621233,0.008422716619376,3.5,ok,,0,labels_10
breast_cancer,classification,286,9,False,A11 A21 A38 A41 A51 A61,A53,EN1,AdaBoost,True,,15.0,0.6030631276901005,0.0272786627849069,1.02,ok,,0,labels_10
breast_cancer,classification,286,9,False,A11 A21 A38 A41 A51 A61,A53,EN2,Gradient Boosting (GBM),True,,7.0,0.5925717360114778,0.019971985194946,0.76,ok,,0,labels_10
breast_cancer,classification,286,9,False,A11 A21 A38 A41 A51 A61,A53,EN6,Stacking,True,,6.0,0.5597058823529413,0.0557378161776108,0.74,ok,,0,labels_10
breast_cancer,classification,286,9,False,A11 A21 A38 A41 A51 A61,A53,EN7,Voting Ensemble,True,,8.0,0.6143364418938306,0.0436882802195941,0.21,ok,,0,labels_10
breast_cancer,classification,286,9,False,A11 A21 A38 A41 A51 A61,A53,SV1,SVM (linear),True,,11.0,0.599619799139168,0.0312007582765547,0.12,ok,,0,labels_10
breast_cancer,classification,286,9,False,A11 A21 A38 A41 A51 A61,A53,SV2,Kernel SVM (RBF/Poly),True,,9.0,0.5992647058823529,0.0327086065306437,0.13,ok,,0,labels_10
breast_cancer,classification,286,9,False,A11 A21 A38 A41 A51 A61,A53,PR1,Naive Bayes,True,,14.0,0.5803909612625537,0.0637461064109415,0.12,ok,,0,labels_10
breast_cancer,classification,286,9,False,A11 A21 A38 A41 A51 A61,A53,IB1,k-Nearest Neighbors,True,,16.0,0.6001327116212339,0.0478332174298017,0.12,ok,,0,labels_10
breast_cancer,classification,286,9,False,A11 A21 A38 A41 A51 A61,A53,DR4,LDA (Linear Discriminant Analysis),True,,12.0,0.6088845050215209,0.0454746362857506,0.13,ok,,0,labels_10
breast_cancer,classification,286,9,False,A11 A21 A38 A41 A51 A61,A53,NN1,Perceptron,True,,17.0,0.5148350071736012,0.0375997452464045,0.11,ok,,0,labels_10
breast_cancer,classification,286,9,False,A11 A21 A38 A41 A51 A61,A53,NN2,MLP (Feedforward),True,,2.0,0.5872022955523672,0.0209606119604391,4.12,ok,,0,labels_10
breast_cancer,classification,286,9,False,A11 A21 A38 A41 A51 A61,A53,EN3,XGBoost,True,,4.0,0.5663199426111908,0.0400895835292619,0.29,ok,,0,labels_10
breast_cancer,classification,286,9,False,A11 A21 A38 A41 A51 A61,A53,EN4,LightGBM,True,,1.0,0.5498995695839312,0.0526280317554844,2.87,ok,,0,labels_10
breast_cancer,classification,286,9,False,A11 A21 A38 A41 A51 A61,A53,BASE-HGB,Histogram Gradient Boosting (baseline),False,,,0.566603299856528,0.0174260061288378,0.51,ok,,0,labels_10
schizo,classification,340,14,False,A11 A21 A38 A41 A51 A61,A54,LM2,Logistic Regression,True,,10.0,0.3963034188034188,0.0397115025328139,0.13,ok,,0,labels_10
schizo,classification,340,14,False,A11 A21 A38 A41 A51 A61,A54,TR1,Decision Tree,True,,13.0,0.3592094017094017,0.0377302510726836,0.12,ok,,0,labels_10
schizo,classification,340,14,False,A11 A21 A38 A41 A51 A61,A54,TR2,Random Forest,True,,5.0,0.3829700854700855,0.0415063538813155,2.63,ok,,0,labels_10
schizo,classification,340,14,False,A11 A21 A38 A41 A51 A61,A54,TR3,Extra Trees,True,,3.0,0.4007478632478632,0.0328130277700546,2.16,ok,,0,labels_10
schizo,classification,340,14,False,A11 A21 A38 A41 A51 A61,A54,EN1,AdaBoost,True,,15.0,0.3848717948717949,0.0733146281405946,0.6,ok,,0,labels_10
schizo,classification,340,14,False,A11 A21 A38 A41 A51 A61,A54,EN2,Gradient Boosting (GBM),True,,7.0,0.3893589743589743,0.0289212855065436,2.77,ok,,0,labels_10
schizo,classification,340,14,False,A11 A21 A38 A41 A51 A61,A54,EN6,Stacking,True,,6.0,0.3616239316239316,0.0222577789173088,1.09,ok,,0,labels_10
schizo,classification,340,14,False,A11 A21 A38 A41 A51 A61,A54,EN7,Voting Ensemble,True,,8.0,0.3707478632478632,0.0422411848832788,0.32,ok,,0,labels_10
schizo,classification,340,14,False,A11 A21 A38 A41 A51 A61,A54,SV1,SVM (linear),True,,11.0,0.389508547008547,0.0215863157168016,0.28,ok,,0,labels_10
schizo,classification,340,14,False,A11 A21 A38 A41 A51 A61,A54,SV2,Kernel SVM (RBF/Poly),True,,9.0,0.3678632478632478,0.0230660784901936,0.23,ok,,0,labels_10
schizo,classification,340,14,False,A11 A21 A38 A41 A51 A61,A54,PR1,Naive Bayes,True,,14.0,0.459551282051282,0.0624453738925355,0.25,ok,,0,labels_10
schizo,classification,340,14,False,A11 A21 A38 A41 A51 A61,A54,IB1,k-Nearest Neighbors,True,,16.0,0.3564529914529914,0.038278207415938,0.28,ok,,0,labels_10
schizo,classification,340,14,False,A11 A21 A38 A41 A51 A61,A54,DR4,LDA (Linear Discriminant Analysis),True,,12.0,0.3963034188034188,0.0398144988239783,0.31,ok,,0,labels_10
schizo,classification,340,14,False,A11 A21 A38 A41 A51 A61,A54,NN1,Perceptron,True,,17.0,0.400448717948718,0.0686767028702641,0.47,ok,,0,labels_10
schizo,classification,340,14,False,A11 A21 A38 A41 A51 A61,A54,NN2,MLP (Feedforward),True,,2.0,0.3597649572649572,0.0612688702462045,8.11,ok,,0,labels_10
schizo,classification,340,14,False,A11 A21 A38 A41 A51 A61,A54,EN3,XGBoost,True,,4.0,0.3588034188034187,0.0497235857948112,3.09,ok,,0,labels_10
schizo,classification,340,14,False,A11 A21 A38 A41 A51 A61,A54,EN4,LightGBM,True,,1.0,0.3397435897435897,0.0552347327604587,46.14,ok,,0,labels_10
schizo,classification,340,14,False,A11 A21 A38 A41 A51 A61,A54,BASE-HGB,Histogram Gradient Boosting (baseline),False,,,0.3632478632478632,0.069058923314277,2.99,ok,,0,labels_10
movement_libras,classification,360,90,False,A11 A21 A31 A42 A51 A61,A54,LM2,Logistic Regression,True,,10.0,0.692,0.0543486685925034,0.48,ok,,0,labels_10
movement_libras,classification,360,90,False,A11 A21 A31 A42 A51 A61,A54,TR1,Decision Tree,True,,13.0,0.5873333333333333,0.0663458949579985,0.6,ok,,0,labels_10
movement_libras,classification,360,90,False,A11 A21 A31 A42 A51 A61,A54,TR2,Random Forest,True,,5.0,0.788,0.0427187182496021,6.46,ok,,0,labels_10
movement_libras,classification,360,90,False,A11 A21 A31 A42 A51 A61,A54,TR3,Extra Trees,True,,3.0,0.7946666666666667,0.0334398298772918,4.15,ok,,0,labels_10
movement_libras,classification,360,90,False,A11 A21 A31 A42 A51 A61,A54,EN1,AdaBoost,True,,15.0,0.2566666666666666,0.0595165709884417,2.65,ok,,0,labels_10
movement_libras,classification,360,90,False,A11 A21 A31 A42 A51 A61,A54,EN2,Gradient Boosting (GBM),True,,7.0,0.6460000000000001,0.0601996677731696,84.79,ok,,0,labels_10
movement_libras,classification,360,90,False,A11 A21 A31 A42 A51 A61,A54,EN6,Stacking,True,,6.0,0.7766666666666667,0.0675935565633951,2.52,ok,,0,labels_10
movement_libras,classification,360,90,False,A11 A21 A31 A42 A51 A61,A54,EN7,Voting Ensemble,True,,8.0,0.774,0.0266999791926676,0.66,ok,,0,labels_10
movement_libras,classification,360,90,False,A11 A21 A31 A42 A51 A61,A54,SV1,SVM (linear),True,,11.0,0.6586666666666667,0.0597996655509042,0.71,ok,,0,labels_10
movement_libras,classification,360,90,False,A11 A21 A31 A42 A51 A61,A54,SV2,Kernel SVM (RBF/Poly),True,,9.0,0.7946666666666667,0.0267166198793517,0.28,ok,,0,labels_10
movement_libras,classification,360,90,False,A11 A21 A31 A42 A51 A61,A54,PR1,Naive Bayes,True,,14.0,0.6033333333333333,0.0767680489092521,0.12,ok,,0,labels_10
movement_libras,classification,360,90,False,A11 A21 A31 A42 A51 A61,A54,IB1,k-Nearest Neighbors,True,,16.0,0.7213333333333333,0.0380992854992787,0.13,ok,,0,labels_10
movement_libras,classification,360,90,False,A11 A21 A31 A42 A51 A61,A54,DR4,LDA (Linear Discriminant Analysis),True,,12.0,0.5780000000000001,0.0544711952421747,0.15,ok,,0,labels_10
movement_libras,classification,360,90,False,A11 A21 A31 A42 A51 A61,A54,NN1,Perceptron,True,,17.0,0.4353333333333333,0.0376297754444535,0.23,ok,,0,labels_10
movement_libras,classification,360,90,False,A11 A21 A31 A42 A51 A61,A54,NN2,MLP (Feedforward),True,,2.0,0.766,0.0361109401705355,10.29,ok,,0,labels_10
movement_libras,classification,360,90,False,A11 A21 A31 A42 A51 A61,A54,EN3,XGBoost,True,,4.0,0.6873333333333334,0.0465426924685521,8.62,ok,,0,labels_10
movement_libras,classification,360,90,False,A11 A21 A31 A42 A51 A61,A54,EN4,LightGBM,True,,1.0,0.7173333333333334,0.0458209074065055,20.81,ok,,0,labels_10
movement_libras,classification,360,90,False,A11 A21 A31 A42 A51 A61,A54,BASE-HGB,Histogram Gradient Boosting (baseline),False,,,0.7126666666666667,0.0479536813556118,15.91,ok,,0,labels_10
cars,classification,392,8,False,A11 A21 A38 A41 A51 A61,A53,LM2,Logistic Regression,True,,10.0,0.6434467120181406,0.0304430853121355,0.15,ok,,0,labels_10
cars,classification,392,8,False,A11 A21 A38 A41 A51 A61,A53,TR1,Decision Tree,True,,13.0,0.7815445665445665,0.0769885883857855,0.1,ok,,0,labels_10
cars,classification,392,8,False,A11 A21 A38 A41 A51 A61,A53,TR2,Random Forest,True,,5.0,0.8564041514041515,0.057840229132918,2.34,ok,,0,labels_10
cars,classification,392,8,False,A11 A21 A38 A41 A51 A61,A53,TR3,Extra Trees,True,,3.0,0.8480869527298098,0.0768971577448202,1.89,ok,,0,labels_10
cars,classification,392,8,False,A11 A21 A38 A41 A51 A61,A53,EN1,AdaBoost,True,,15.0,0.788327664399093,0.0263019856567996,0.63,ok,,0,labels_10
cars,classification,392,8,False,A11 A21 A38 A41 A51 A61,A53,EN2,Gradient Boosting (GBM),True,,7.0,0.8897797837083552,0.0560080699857486,2.19,ok,,0,labels_10
cars,classification,392,8,False,A11 A21 A38 A41 A51 A61,A53,EN6,Stacking,True,,6.0,0.7859105180533752,0.0618017267512944,0.86,ok,,0,labels_10
cars,classification,392,8,False,A11 A21 A38 A41 A51 A61,A53,EN7,Voting Ensemble,True,,8.0,0.7982404500261643,0.0570801463867212,0.23,ok,,0,labels_10
cars,classification,392,8,False,A11 A21 A38 A41 A51 A61,A53,SV1,SVM (linear),True,,11.0,0.6653492935635793,0.0309851752963432,0.1,ok,,0,labels_10
cars,classification,392,8,False,A11 A21 A38 A41 A51 A61,A53,SV2,Kernel SVM (RBF/Poly),True,,9.0,0.6700034885749171,0.0457833714883074,0.11,ok,,0,labels_10
cars,classification,392,8,False,A11 A21 A38 A41 A51 A61,A53,PR1,Naive Bayes,True,,14.0,0.611384964242107,0.0696125451298408,0.1,ok,,0,labels_10
cars,classification,392,8,False,A11 A21 A38 A41 A51 A61,A53,IB1,k-Nearest Neighbors,True,,16.0,0.7136451247165533,0.0727489796653375,0.1,ok,,0,labels_10
cars,classification,392,8,False,A11 A21 A38 A41 A51 A61,A53,DR4,LDA (Linear Discriminant Analysis),True,,12.0,0.652394906680621,0.058764241378061,0.09,ok,,0,labels_10
cars,classification,392,8,False,A11 A21 A38 A41 A51 A61,A53,NN1,Perceptron,True,,17.0,0.567401011686726,0.0465957704463388,0.1,ok,,0,labels_10
cars,classification,392,8,False,A11 A21 A38 A41 A51 A61,A53,NN2,MLP (Feedforward),True,,2.0,0.7158922030350602,0.0823025960850281,4.15,ok,,0,labels_10
cars,classification,392,8,False,A11 A21 A38 A41 A51 A61,A53,EN3,XGBoost,True,,4.0,0.8777114948543521,0.0580818841344809,0.41,ok,,0,labels_10
cars,classification,392,8,False,A11 A21 A38 A41 A51 A61,A53,EN4,LightGBM,True,,1.0,0.8794383394383394,0.0495560798433133,2.08,ok,,0,labels_10
cars,classification,392,8,False,A11 A21 A38 A41 A51 A61,A53,BASE-HGB,Histogram Gradient Boosting (baseline),False,,,0.8769165358451072,0.0672895687297064,1.33,ok,,0,labels_10
collins,classification,485,23,False,A11 A21 A38 A41 A51 A61,A54,LM2,Logistic Regression,True,,10.0,0.5506196581196581,0.0253362085668419,0.25,ok,,0,labels_10
collins,classification,485,23,False,A11 A21 A38 A41 A51 A61,A54,TR1,Decision Tree,True,,13.0,0.8867765567765569,0.0548588122169089,0.13,ok,,0,labels_10
collins,classification,485,23,False,A11 A21 A38 A41 A51 A61,A54,TR2,Random Forest,True,,5.0,0.973076923076923,0.0130744090092122,2.94,ok,,0,labels_10
collins,classification,485,23,False,A11 A21 A38 A41 A51 A61,A54,TR3,Extra Trees,True,,3.0,0.9833333333333334,0.0095939932994203,2.3,ok,,0,labels_10
collins,classification,485,23,False,A11 A21 A38 A41 A51 A61,A54,EN1,AdaBoost,True,,15.0,0.5790964590964591,0.1096095836010301,0.75,ok,,0,labels_10
collins,classification,485,23,False,A11 A21 A38 A41 A51 A61,A54,EN2,Gradient Boosting (GBM),True,,7.0,0.9452136752136752,0.0491125122888344,19.44,ok,,0,labels_10
collins,classification,485,23,False,A11 A21 A38 A41 A51 A61,A54,EN6,Stacking,True,,6.0,0.8938705738705739,0.0377513514098361,1.53,ok,,0,labels_10
collins,classification,485,23,False,A11 A21 A38 A41 A51 A61,A54,EN7,Voting Ensemble,True,,8.0,0.8281959706959707,0.0487600483757596,0.37,ok,,0,labels_10
collins,classification,485,23,False,A11 A21 A38 A41 A51 A61,A54,SV1,SVM (linear),True,,11.0,0.5743101343101343,0.0239412708559738,0.2,ok,,0,labels_10
collins,classification,485,23,False,A11 A21 A38 A41 A51 A61,A54,SV2,Kernel SVM (RBF/Poly),True,,9.0,0.5651800976800977,0.0282035368282857,0.22,ok,,0,labels_10
collins,classification,485,23,False,A11 A21 A38 A41 A51 A61,A54,PR1,Naive Bayes,True,,14.0,0.7734126984126984,0.0470555815788725,0.11,ok,,0,labels_10
collins,classification,485,23,False,A11 A21 A38 A41 A51 A61,A54,IB1,k-Nearest Neighbors,True,,16.0,0.5199297924297925,0.0302447470895711,0.12,ok,,0,labels_10
collins,classification,485,23,False,A11 A21 A38 A41 A51 A61,A54,DR4,LDA (Linear Discriminant Analysis),True,,12.0,0.6840140415140414,0.0427208087231652,0.16,ok,,0,labels_10
collins,classification,485,23,False,A11 A21 A38 A41 A51 A61,A54,NN1,Perceptron,True,,17.0,0.4867216117216116,0.042733042208539,0.18,ok,,0,labels_10
collins,classification,485,23,False,A11 A21 A38 A41 A51 A61,A54,NN2,MLP (Feedforward),True,,2.0,0.5779059829059829,0.0127112348092486,5.72,ok,,0,labels_10
collins,classification,485,23,False,A11 A21 A38 A41 A51 A61,A54,EN3,XGBoost,True,,4.0,0.9366666666666668,0.0301170192000533,1.82,ok,,0,labels_10
collins,classification,485,23,False,A11 A21 A38 A41 A51 A61,A54,EN4,LightGBM,True,,1.0,0.94974358974359,0.0131596178670321,10.21,ok,,0,labels_10
collins,classification,485,23,False,A11 A21 A38 A41 A51 A61,A54,BASE-HGB,Histogram Gradient Boosting (baseline),False,,,0.9225213675213676,0.0108041084925366,15.38,ok,,0,labels_10
breast_cancer_wisconsin_diagnostic,classification,569,30,False,A11 A21 A31 A41 A51 A61,A54,LM2,Logistic Regression,True,,10.0,0.9565673758312148,0.0196460695446406,0.25,ok,,0,labels_10
breast_cancer_wisconsin_diagnostic,classification,569,30,False,A11 A21 A31 A41 A51 A61,A54,TR1,Decision Tree,True,,13.0,0.8528466665626835,0.0230902593605221,0.36,ok,,0,labels_10
breast_cancer_wisconsin_diagnostic,classification,569,30,False,A11 A21 A31 A41 A51 A61,A54,TR2,Random Forest,True,,5.0,0.9476354899422372,0.0273173549926556,5.46,ok,,0,labels_10
breast_cancer_wisconsin_diagnostic,classification,569,30,False,A11 A21 A31 A41 A51 A61,A54,TR3,Extra Trees,True,,3.0,0.9575398775079418,0.0158016099071271,2.89,ok,,0,labels_10
breast_cancer_wisconsin_diagnostic,classification,569,30,False,A11 A21 A31 A41 A51 A61,A54,EN1,AdaBoost,True,,15.0,0.9218811577475188,0.0357170254839682,1.51,ok,,0,labels_10
breast_cancer_wisconsin_diagnostic,classification,569,30,False,A11 A21 A31 A41 A51 A61,A54,EN2,Gradient Boosting (GBM),True,,7.0,0.9348331591616884,0.0267789684003942,4.98,ok,,0,labels_10
breast_cancer_wisconsin_diagnostic,classification,569,30,False,A11 A21 A31 A41 A51 A61,A54,EN6,Stacking,True,,6.0,0.9567334887880252,0.0311112273377333,1.64,ok,,0,labels_10
breast_cancer_wisconsin_diagnostic,classification,569,30,False,A11 A21 A31 A41 A51 A61,A54,EN7,Voting Ensemble,True,,8.0,0.9382419842049714,0.0211822592128539,0.46,ok,,0,labels_10
breast_cancer_wisconsin_diagnostic,classification,569,30,False,A11 A21 A31 A41 A51 A61,A54,SV1,SVM (linear),True,,11.0,0.9372984678094406,0.0162378689500201,0.21,ok,,0,labels_10
breast_cancer_wisconsin_diagnostic,classification,569,30,False,A11 A21 A31 A41 A51 A61,A54,SV2,Kernel SVM (RBF/Poly),True,,9.0,0.9600315718601012,0.022996571422966,0.33,ok,,0,labels_10
breast_cancer_wisconsin_diagnostic,classification,569,30,False,A11 A21 A31 A41 A51 A61,A54,PR1,Naive Bayes,True,,14.0,0.9216664976941754,0.0274423382934071,0.11,ok,,0,labels_10
breast_cancer_wisconsin_diagnostic,classification,569,30,False,A11 A21 A31 A41 A51 A61,A54,IB1,k-Nearest Neighbors,True,,16.0,0.9406229365859238,0.0210720257392018,0.13,ok,,0,labels_10
breast_cancer_wisconsin_diagnostic,classification,569,30,False,A11 A21 A31 A41 A51 A61,A54,DR4,LDA (Linear Discriminant Analysis),True,,12.0,0.9400863839366952,0.0161548480047279,0.22,ok,,0,labels_10
breast_cancer_wisconsin_diagnostic,classification,569,30,False,A11 A21 A31 A41 A51 A61,A54,NN1,Perceptron,True,,17.0,0.9416993563447872,0.0165151173912644,0.22,ok,,0,labels_10
breast_cancer_wisconsin_diagnostic,classification,569,30,False,A11 A21 A31 A41 A51 A61,A54,NN2,MLP (Feedforward),True,,2.0,0.9458855848267902,0.011138568699141,17.18,ok,,0,labels_10
breast_cancer_wisconsin_diagnostic,classification,569,30,False,A11 A21 A31 A41 A51 A61,A54,EN3,XGBoost,True,,4.0,0.9486471152496372,0.0187774441038125,2.31,ok,,0,labels_10
breast_cancer_wisconsin_diagnostic,classification,569,30,False,A11 A21 A31 A41 A51 A61,A54,EN4,LightGBM,True,,1.0,0.9500001949682592,0.0235281016380563,11.46,ok,,0,labels_10
breast_cancer_wisconsin_diagnostic,classification,569,30,False,A11 A21 A31 A41 A51 A61,A54,BASE-HGB,Histogram Gradient Boosting (baseline),False,,,0.945293661191958,0.0211833828823701,2.09,ok,,0,labels_10
credit_approval_australia,classification,690,15,False,A11 A21 A38 A41 A51 A62,A54,LM2,Logistic Regression,True,,10.0,0.8565077210356791,0.0327358324665244,0.51,ok,,0,labels_10
credit_approval_australia,classification,690,15,False,A11 A21 A38 A41 A51 A62,A54,TR1,Decision Tree,True,,13.0,0.7806828890166863,0.051575473695557,0.25,ok,,0,labels_10
credit_approval_australia,classification,690,15,False,A11 A21 A38 A41 A51 A62,A54,TR2,Random Forest,True,,5.0,0.8700762109109126,0.0369943136289627,4.49,ok,,0,labels_10
credit_approval_australia,classification,690,15,False,A11 A21 A38 A41 A51 A62,A54,TR3,Extra Trees,True,,3.0,0.8436712123079682,0.0484073973980594,4.23,ok,,0,labels_10
credit_approval_australia,classification,690,15,False,A11 A21 A38 A41 A51 A62,A54,EN1,AdaBoost,True,,15.0,0.8597835630372023,0.0281215578963915,1.51,ok,,0,labels_10
credit_approval_australia,classification,690,15,False,A11 A21 A38 A41 A51 A62,A54,EN2,Gradient Boosting (GBM),True,,7.0,0.8511057070347615,0.0264406894496776,2.29,ok,,0,labels_10
credit_approval_australia,classification,690,15,False,A11 A21 A38 A41 A51 A62,A54,EN6,Stacking,True,,6.0,0.8526905336028886,0.0394483175640053,1.48,ok,,0,labels_10
credit_approval_australia,classification,690,15,False,A11 A21 A38 A41 A51 A62,A54,EN7,Voting Ensemble,True,,8.0,0.8596056417906455,0.0398257209534497,0.54,ok,,0,labels_10
credit_approval_australia,classification,690,15,False,A11 A21 A38 A41 A51 A62,A54,SV1,SVM (linear),True,,11.0,0.8594958021465857,0.0350165474449224,0.33,ok,,0,labels_10
credit_approval_australia,classification,690,15,False,A11 A21 A38 A41 A51 A62,A54,SV2,Kernel SVM (RBF/Poly),True,,9.0,0.8583917036232714,0.0253405854877077,0.53,ok,,0,labels_10
credit_approval_australia,classification,690,15,False,A11 A21 A38 A41 A51 A62,A54,PR1,Naive Bayes,True,,14.0,0.8279322079295639,0.0289026840312922,0.21,ok,,0,labels_10
credit_approval_australia,classification,690,15,False,A11 A21 A38 A41 A51 A62,A54,IB1,k-Nearest Neighbors,True,,16.0,0.8120555493102739,0.0347287933649837,0.41,ok,,0,labels_10
credit_approval_australia,classification,690,15,False,A11 A21 A38 A41 A51 A62,A54,DR4,LDA (Linear Discriminant Analysis),True,,12.0,0.8591319713157226,0.0346437803901274,0.34,ok,,0,labels_10
credit_approval_australia,classification,690,15,False,A11 A21 A38 A41 A51 A62,A54,NN1,Perceptron,True,,17.0,0.8000487162090604,0.059404748261685,0.35,ok,,0,labels_10
credit_approval_australia,classification,690,15,False,A11 A21 A38 A41 A51 A62,A54,NN2,MLP (Feedforward),True,,2.0,0.7981899456829179,0.0385274525130196,16.28,ok,,0,labels_10
credit_approval_australia,classification,690,15,False,A11 A21 A38 A41 A51 A62,A54,EN3,XGBoost,True,,4.0,0.8463089090207851,0.0352347667460695,0.69,ok,,0,labels_10
credit_approval_australia,classification,690,15,False,A11 A21 A38 A41 A51 A62,A54,EN4,LightGBM,True,,1.0,0.8577017425781654,0.0304303160662326,40.2,ok,,0,labels_10
credit_approval_australia,classification,690,15,False,A11 A21 A38 A41 A51 A62,A54,BASE-HGB,Histogram Gradient Boosting (baseline),False,,,0.8501785718804005,0.0442700185890856,1.23,ok,,0,labels_10
tic_tac_toe,classification,958,9,False,A11 A21 A32 A41 A51 A61,A53,LM2,Logistic Regression,False,needs A31 data (yours is A32),,0.963817277250113,0.0200422309812057,0.14,ok,,0,labels_10
tic_tac_toe,classification,958,9,False,A11 A21 A32 A41 A51 A61,A53,TR1,Decision Tree,True,,12.0,0.8812258964915681,0.0428464171905192,0.12,ok,,0,labels_10
tic_tac_toe,classification,958,9,False,A11 A21 A32 A41 A51 A61,A53,TR2,Random Forest,True,,5.0,0.9592322026232474,0.0308458730573645,2.44,ok,,0,labels_10
tic_tac_toe,classification,958,9,False,A11 A21 A32 A41 A51 A61,A53,TR3,Extra Trees,True,,3.0,0.97652991320454,0.0125535120652965,2.19,ok,,0,labels_10
tic_tac_toe,classification,958,9,False,A11 A21 A32 A41 A51 A61,A53,EN1,AdaBoost,True,,13.0,0.736848424543947,0.0448004688107473,0.61,ok,,0,labels_10
tic_tac_toe,classification,958,9,False,A11 A21 A32 A41 A51 A61,A53,EN2,Gradient Boosting (GBM),True,,7.0,0.9521007861127264,0.0214222794467307,1.07,ok,,0,labels_10
tic_tac_toe,classification,958,9,False,A11 A21 A32 A41 A51 A61,A53,EN6,Stacking,True,,6.0,0.9666905817234176,0.0141705398264381,0.75,ok,,0,labels_10
tic_tac_toe,classification,958,9,False,A11 A21 A32 A41 A51 A61,A53,EN7,Voting Ensemble,True,,8.0,0.9536738644440136,0.0144399499840034,0.32,ok,,0,labels_10
tic_tac_toe,classification,958,9,False,A11 A21 A32 A41 A51 A61,A53,SV1,SVM (linear),True,,10.0,0.9759384893713252,0.0054768403217284,0.14,ok,,0,labels_10
tic_tac_toe,classification,958,9,False,A11 A21 A32 A41 A51 A61,A53,SV2,Kernel SVM (RBF/Poly),True,,9.0,0.9606568973315244,0.0269167198745149,0.31,ok,,0,labels_10
tic_tac_toe,classification,958,9,False,A11 A21 A32 A41 A51 A61,A53,PR1,Naive Bayes,False,needs A31 data (yours is A32),,0.6297037324201503,0.0271308452151208,0.12,ok,,0,labels_10
tic_tac_toe,classification,958,9,False,A11 A21 A32 A41 A51 A61,A53,IB1,k-Nearest Neighbors,False,needs A31 data (yours is A32),,0.8532733561629084,0.0354846737975736,0.12,ok,,0,labels_10
tic_tac_toe,classification,958,9,False,A11 A21 A32 A41 A51 A61,A53,DR4,LDA (Linear Discriminant Analysis),True,,11.0,0.9759384893713252,0.0054768403217284,0.12,ok,,0,labels_10
tic_tac_toe,classification,958,9,False,A11 A21 A32 A41 A51 A61,A53,NN1,Perceptron,False,needs A31 data (yours is A32),,0.9222536408864764,0.0377816800852741,0.12,ok,,0,labels_10
tic_tac_toe,classification,958,9,False,A11 A21 A32 A41 A51 A61,A53,NN2,MLP (Feedforward),True,,2.0,0.945223174172428,0.0242263052860974,10.03,ok,,0,labels_10
tic_tac_toe,classification,958,9,False,A11 A21 A32 A41 A51 A61,A53,EN3,XGBoost,True,,4.0,0.9611238525984797,0.0216818534102607,0.31,ok,,0,labels_10
tic_tac_toe,classification,958,9,False,A11 A21 A32 A41 A51 A61,A53,EN4,LightGBM,True,,1.0,0.9574398914518316,0.0219490304251122,1.48,ok,,0,labels_10
tic_tac_toe,classification,958,9,False,A11 A21 A32 A41 A51 A61,A53,BASE-HGB,Histogram Gradient Boosting (baseline),False,,,0.9634616183153496,0.0213874908454955,1.36,ok,,0,labels_10
parity5+5,classification,1124,10,False,A11 A21 A32 A41 A51 A61,A53,LM2,Logistic Regression,False,needs A31 data (yours is A32),,0.477054361567636,0.0296822598722159,0.26,ok,,0,labels_10
parity5+5,classification,1124,10,False,A11 A21 A32 A41 A51 A61,A53,TR1,Decision Tree,True,,12.0,0.6502738961431322,0.1204669692775649,0.23,ok,,0,labels_10
parity5+5,classification,1124,10,False,A11 A21 A32 A41 A51 A61,A53,TR2,Random Forest,True,,5.0,0.6032020863267953,0.0584491875476755,3.64,ok,,0,labels_10
parity5+5,classification,1124,10,False,A11 A21 A32 A41 A51 A61,A53,TR3,Extra Trees,True,,3.0,0.6574435670616389,0.1656363350398021,2.91,ok,,0,labels_10
parity5+5,classification,1124,10,False,A11 A21 A32 A41 A51 A61,A53,EN1,AdaBoost,True,,13.0,0.4761694058154235,0.0304497334371255,0.69,ok,,0,labels_10
parity5+5,classification,1124,10,False,A11 A21 A32 A41 A51 A61,A53,EN2,Gradient Boosting (GBM),True,,7.0,0.3655944715591898,0.0307474950753664,1.11,ok,,0,labels_10
parity5+5,classification,1124,10,False,A11 A21 A32 A41 A51 A61,A53,EN6,Stacking,True,,6.0,0.5599261360468859,0.0797795340403988,0.73,ok,,0,labels_10
parity5+5,classification,1124,10,False,A11 A21 A32 A41 A51 A61,A53,EN7,Voting Ensemble,True,,8.0,0.4901296907060762,0.050261052113959,0.28,ok,,0,labels_10
parity5+5,classification,1124,10,False,A11 A21 A32 A41 A51 A61,A53,SV1,SVM (linear),True,,10.0,0.4761694058154235,0.0304497334371255,0.22,ok,,0,labels_10
parity5+5,classification,1124,10,False,A11 A21 A32 A41 A51 A61,A53,SV2,Kernel SVM (RBF/Poly),True,,9.0,0.3548487189032135,0.0186661856971478,0.96,ok,,0,labels_10
parity5+5,classification,1124,10,False,A11 A21 A32 A41 A51 A61,A53,PR1,Naive Bayes,False,needs A31 data (yours is A32),,0.4799461469087692,0.0247251182242793,0.15,ok,,0,labels_10
parity5+5,classification,1124,10,False,A11 A21 A32 A41 A51 A61,A53,IB1,k-Nearest Neighbors,False,needs A31 data (yours is A32),,0.521957305215922,0.0294206159576964,0.2,ok,,0,labels_10
parity5+5,classification,1124,10,False,A11 A21 A32 A41 A51 A61,A53,DR4,LDA (Linear Discriminant Analysis),True,,11.0,0.4761694058154235,0.0304497334371255,0.15,ok,,0,labels_10
parity5+5,classification,1124,10,False,A11 A21 A32 A41 A51 A61,A53,NN1,Perceptron,False,needs A31 data (yours is A32),,0.4891970006635819,0.020927543244409,0.15,ok,,0,labels_10
parity5+5,classification,1124,10,False,A11 A21 A32 A41 A51 A61,A53,NN2,MLP (Feedforward),True,,2.0,0.9831288487902368,0.0090472260240897,11.72,ok,,0,labels_10
parity5+5,classification,1124,10,False,A11 A21 A32 A41 A51 A61,A53,EN3,XGBoost,True,,4.0,0.90912737626175,0.0275903908988354,0.38,ok,,0,labels_10
parity5+5,classification,1124,10,False,A11 A21 A32 A41 A51 A61,A53,EN4,LightGBM,True,,1.0,0.7402764452688766,0.25421225382824,1.29,ok,,0,labels_10
parity5+5,classification,1124,10,False,A11 A21 A32 A41 A51 A61,A53,BASE-HGB,Histogram Gradient Boosting (baseline),False,,,0.8539706080256849,0.0794393402007815,1.17,ok,,0,labels_10
yeast,classification,1479,8,False,A11 A21 A31 A41 A51 A61,A53,LM2,Logistic Regression,True,,10.0,0.4910051843685196,0.0316896455134765,0.17,ok,,0,labels_10
yeast,classification,1479,8,False,A11 A21 A31 A41 A51 A61,A53,TR1,Decision Tree,True,,13.0,0.398737381531251,0.0430250213028212,0.11,ok,,0,labels_10
yeast,classification,1479,8,False,A11 A21 A31 A41 A51 A61,A53,TR2,Random Forest,True,,5.0,0.5122637642672242,0.0328628812001943,3.58,ok,,0,labels_10
yeast,classification,1479,8,False,A11 A21 A31 A41 A51 A61,A53,TR3,Extra Trees,True,,3.0,0.5097247525522898,0.0230912455504518,3.17,ok,,0,labels_10
yeast,classification,1479,8,False,A11 A21 A31 A41 A51 A61,A53,EN1,AdaBoost,True,,15.0,0.3406542403926317,0.0275620155618339,0.67,ok,,0,labels_10
yeast,classification,1479,8,False,A11 A21 A31 A41 A51 A61,A53,EN2,Gradient Boosting (GBM),True,,7.0,0.4761682640616317,0.0098441884647186,15.54,ok,,0,labels_10
yeast,classification,1479,8,False,A11 A21 A31 A41 A51 A61,A53,EN6,Stacking,True,,6.0,0.5056080957075488,0.0269222105542264,1.68,ok,,0,labels_10
yeast,classification,1479,8,False,A11 A21 A31 A41 A51 A61,A53,EN7,Voting Ensemble,True,,8.0,0.5161031832740821,0.0092689859137992,0.52,ok,,0,labels_10
yeast,classification,1479,8,False,A11 A21 A31 A41 A51 A61,A53,SV1,SVM (linear),True,,11.0,0.4655089829315623,0.0422698580462314,0.14,ok,,0,labels_10
yeast,classification,1479,8,False,A11 A21 A31 A41 A51 A61,A53,SV2,Kernel SVM (RBF/Poly),True,,9.0,0.5057116019549042,0.0268737732219508,0.68,ok,,0,labels_10
yeast,classification,1479,8,False,A11 A21 A31 A41 A51 A61,A53,PR1,Naive Bayes,True,,14.0,0.3234259077286581,0.036320499119225,0.08,ok,,0,labels_10
yeast,classification,1479,8,False,A11 A21 A31 A41 A51 A61,A53,IB1,k-Nearest Neighbors,True,,16.0,0.494286598941515,0.0173106085945244,0.13,ok,,0,labels_10
yeast,classification,1479,8,False,A11 A21 A31 A41 A51 A61,A53,DR4,LDA (Linear Discriminant Analysis),True,,12.0,0.5291232257789111,0.0309136438092812,0.12,ok,,0,labels_10
yeast,classification,1479,8,False,A11 A21 A31 A41 A51 A61,A53,NN1,Perceptron,True,,17.0,0.3361517969623759,0.0434088773903142,0.23,ok,,0,labels_10
yeast,classification,1479,8,False,A11 A21 A31 A41 A51 A61,A53,NN2,MLP (Feedforward),True,,2.0,0.4848886910199777,0.0192684932372657,18.67,ok,,0,labels_10
yeast,classification,1479,8,False,A11 A21 A31 A41 A51 A61,A53,EN3,XGBoost,True,,4.0,0.4886808220836524,0.0270811266875632,1.61,ok,,0,labels_10
yeast,classification,1479,8,False,A11 A21 A31 A41 A51 A61,A53,EN4,LightGBM,True,,1.0,0.4540432715446955,0.0303587839522975,19.85,ok,,0,labels_10
yeast,classification,1479,8,False,A11 A21 A31 A41 A51 A61,A53,BASE-HGB,Histogram Gradient Boosting (baseline),False,,,0.4533739043011958,0.0333363383942549,8.2,ok,,0,labels_10
mfeat_zernike,classification,2000,47,False,A11 A21 A31 A41 A51 A61,A54,LM2,Logistic Regression,True,,10.0,0.8105,0.0128840987267251,0.49,ok,,0,labels_10
mfeat_zernike,classification,2000,47,False,A11 A21 A31 A41 A51 A61,A54,TR1,Decision Tree,True,,13.0,0.6115,0.0136565002837477,0.61,ok,,0,labels_10
mfeat_zernike,classification,2000,47,False,A11 A21 A31 A41 A51 A61,A54,TR2,Random Forest,True,,5.0,0.7795,0.0139104277432435,9.99,ok,,0,labels_10
mfeat_zernike,classification,2000,47,False,A11 A21 A31 A41 A51 A61,A54,TR3,Extra Trees,True,,3.0,0.7885,0.011683321445548,4.75,ok,,0,labels_10
mfeat_zernike,classification,2000,47,False,A11 A21 A31 A41 A51 A61,A54,EN1,AdaBoost,True,,15.0,0.6205,0.0298496231131985,3.24,ok,,0,labels_10
mfeat_zernike,classification,2000,47,False,A11 A21 A31 A41 A51 A61,A54,EN6,Stacking,True,,6.0,0.8685,0.0071763500472036,4.23,ok,,0,labels_10
mfeat_zernike,classification,2000,47,False,A11 A21 A31 A41 A51 A61,A54,EN7,Voting Ensemble,True,,8.0,0.8085000000000001,0.0132853302555864,0.88,ok,,0,labels_10
mfeat_zernike,classification,2000,47,False,A11 A21 A31 A41 A51 A61,A54,SV1,SVM (linear),True,,11.0,0.818,0.013546217184144,1.37,ok,,0,labels_10
mfeat_zernike,classification,2000,47,False,A11 A21 A31 A41 A51 A61,A54,SV2,Kernel SVM (RBF/Poly),True,,9.0,0.8315000000000001,0.0157003184681075,1.45,ok,,0,labels_10
mfeat_zernike,classification,2000,47,False,A11 A21 A31 A41 A51 A61,A54,PR1,Naive Bayes,True,,14.0,0.727,0.0249198715887541,0.16,ok,,0,labels_10
mfeat_zernike,classification,2000,47,False,A11 A21 A31 A41 A51 A61,A54,IB1,k-Nearest Neighbors,True,,16.0,0.8024999999999999,0.0160468065358812,0.2,ok,,0,labels_10
mfeat_zernike,classification,2000,47,False,A11 A21 A31 A41 A51 A61,A54,DR4,LDA (Linear Discriminant Analysis),True,,12.0,0.8095000000000001,0.0164620776331543,0.18,ok,,0,labels_10
mfeat_zernike,classification,2000,47,False,A11 A21 A31 A41 A51 A61,A54,NN1,Perceptron,True,,17.0,0.7140000000000001,0.0344818792991333,0.44,ok,,0,labels_10
mfeat_zernike,classification,2000,47,False,A11 A21 A31 A41 A51 A61,A54,NN2,MLP (Feedforward),True,,2.0,0.733,0.0204572725454787,46.41,ok,,0,labels_10
mfeat_zernike,classification,2000,47,False,A11 A21 A31 A41 A51 A61,A54,EN3,XGBoost,True,,4.0,0.7779999999999999,0.0169852877514629,27.81,ok,,0,labels_10
mfeat_zernike,classification,2000,47,False,A11 A21 A31 A41 A51 A61,A54,BASE-HGB,Histogram Gradient Boosting (baseline),False,,,0.7889999999999999,0.0158587515271536,50.76,ok,,0,labels_10
splice,classification,3188,60,False,A11 A21 A32 A41 A51 A61,A53,LM2,Logistic Regression,False,needs A31 data (yours is A32),,0.916620442584778,0.013415543739179,5.55,ok,,0,labels_10
splice,classification,3188,60,False,A11 A21 A32 A41 A51 A61,A53,TR1,Decision Tree,True,,12.0,0.8443386312445735,0.0044703201931098,4.95,ok,,0,labels_10
splice,classification,3188,60,False,A11 A21 A32 A41 A51 A61,A53,TR2,Random Forest,True,,5.0,0.9468447853337904,0.015351191605292,13.46,ok,,0,labels_10
splice,classification,3188,60,False,A11 A21 A32 A41 A51 A61,A53,TR3,Extra Trees,True,,3.0,0.9451273679042989,0.0134074684214026,14.37,ok,,0,labels_10
splice,classification,3188,60,False,A11 A21 A32 A41 A51 A61,A53,EN1,AdaBoost,True,,13.0,0.9193459522254898,0.0082553298158057,9.32,ok,,0,labels_10
splice,classification,3188,60,False,A11 A21 A32 A41 A51 A61,A53,EN2,Gradient Boosting (GBM),True,,7.0,0.9551317620899896,0.0132528746955526,60.28,ok,,0,labels_10
splice,classification,3188,60,False,A11 A21 A32 A41 A51 A61,A53,EN6,Stacking,True,,6.0,0.95053843154612,0.0126216484857896,27.51,ok,,0,labels_10
splice,classification,3188,60,False,A11 A21 A32 A41 A51 A61,A53,EN7,Voting Ensemble,True,,8.0,0.9541311475370008,0.0104411847206718,9.12,ok,,0,labels_10
splice,classification,3188,60,False,A11 A21 A32 A41 A51 A61,A53,SV1,SVM (linear),True,,10.0,0.9320725857363124,0.0129030496748646,5.55,ok,,0,labels_10
splice,classification,3188,60,False,A11 A21 A32 A41 A51 A61,A53,SV2,Kernel SVM (RBF/Poly),True,,9.0,0.9554171629220968,0.0117741268526656,20.85,ok,,0,labels_10
splice,classification,3188,60,False,A11 A21 A32 A41 A51 A61,A53,PR1,Naive Bayes,False,needs A31 data (yours is A32),,0.6572567726856728,0.1430277237524926,4.08,ok,,0,labels_10
splice,classification,3188,60,False,A11 A21 A32 A41 A51 A61,A53,IB1,k-Nearest Neighbors,False,needs A31 data (yours is A32),,0.8118595787766048,0.0166483088713125,3.95,ok,,0,labels_10
splice,classification,3188,60,False,A11 A21 A32 A41 A51 A61,A53,DR4,LDA (Linear Discriminant Analysis),True,,11.0,0.9462339883263904,0.0087143860994181,5.54,ok,,0,labels_10
splice,classification,3188,60,False,A11 A21 A32 A41 A51 A61,A53,NN1,Perceptron,False,needs A31 data (yours is A32),,0.8877535159862846,0.0091560609688892,3.98,ok,,0,labels_10
splice,classification,3188,60,False,A11 A21 A32 A41 A51 A61,A53,NN2,MLP (Feedforward),True,,2.0,0.906631491743452,0.0114010880707387,54.1,ok,,0,labels_10
splice,classification,3188,60,False,A11 A21 A32 A41 A51 A61,A53,EN3,XGBoost,True,,4.0,0.952655764840906,0.0113932389423231,9.2,ok,,0,labels_10
splice,classification,3188,60,False,A11 A21 A32 A41 A51 A61,A53,EN4,LightGBM,True,,1.0,0.9495057685527974,0.0112071049325878,15.47,ok,,0,labels_10
splice,classification,3188,60,False,A11 A21 A32 A41 A51 A61,A53,BASE-HGB,Histogram Gradient Boosting (baseline),False,,,0.9473684804392952,0.0142379571901506,34.29,ok,,0,labels_10
allhypo,classification,3770,29,False,A11 A21 A38 A41 A52 A61,A53,LM2,Logistic Regression,True,,10.0,0.496742269058548,0.0449902226452384,1.47,ok,,0,labels_10
allhypo,classification,3770,29,False,A11 A21 A38 A41 A52 A61,A53,TR1,Decision Tree,True,,13.0,0.7429044942616199,0.0373340880001376,0.79,ok,,0,labels_10
allhypo,classification,3770,29,False,A11 A21 A38 A41 A52 A61,A53,TR2,Random Forest,True,,5.0,0.6221978155985582,0.0308096793785409,4.75,ok,,0,labels_10
allhypo,classification,3770,29,False,A11 A21 A38 A41 A52 A61,A53,TR3,Extra Trees,True,,3.0,0.5251274717110278,0.0404435239472855,4.7,ok,,0,labels_10
allhypo,classification,3770,29,False,A11 A21 A38 A41 A52 A61,A53,EN1,AdaBoost,True,,15.0,0.5138206613956326,0.0241422695317687,1.57,ok,,0,labels_10
allhypo,classification,3770,29,False,A11 A21 A38 A41 A52 A61,A53,EN2,Gradient Boosting (GBM),True,,7.0,0.8314583430282159,0.0312700660499641,9.31,ok,,0,labels_10
allhypo,classification,3770,29,False,A11 A21 A38 A41 A52 A61,A53,EN6,Stacking,True,,6.0,0.6708116092850904,0.0462152453233477,5.09,ok,,0,labels_10
allhypo,classification,3770,29,False,A11 A21 A38 A41 A52 A61,A53,EN7,Voting Ensemble,True,,8.0,0.4845242771990669,0.034480747072448,1.58,ok,,0,labels_10
allhypo,classification,3770,29,False,A11 A21 A38 A41 A52 A61,A53,SV1,SVM (linear),True,,11.0,0.4039803310220732,0.0144967555817477,0.77,ok,,0,labels_10
allhypo,classification,3770,29,False,A11 A21 A38 A41 A52 A61,A53,SV2,Kernel SVM (RBF/Poly),True,,9.0,0.3333333333333333,0.0,1.56,ok,,0,labels_10
allhypo,classification,3770,29,False,A11 A21 A38 A41 A52 A61,A53,PR1,Naive Bayes,True,,14.0,0.3926445506725394,0.0268711253011878,0.63,ok,,0,labels_10
allhypo,classification,3770,29,False,A11 A21 A38 A41 A52 A61,A53,IB1,k-Nearest Neighbors,True,,16.0,0.4110797486525587,0.028467582491078,0.69,ok,,0,labels_10
allhypo,classification,3770,29,False,A11 A21 A38 A41 A52 A61,A53,DR4,LDA (Linear Discriminant Analysis),True,,12.0,0.5221512801618231,0.0480898176008909,0.65,ok,,0,labels_10
allhypo,classification,3770,29,False,A11 A21 A38 A41 A52 A61,A53,NN1,Perceptron,True,,17.0,0.4862546198549994,0.1159022381356151,0.7,ok,,0,labels_10
allhypo,classification,3770,29,False,A11 A21 A38 A41 A52 A61,A53,NN2,MLP (Feedforward),True,,2.0,0.641238952924632,0.0432331417457498,22.87,ok,,0,labels_10
allhypo,classification,3770,29,False,A11 A21 A38 A41 A52 A61,A53,EN3,XGBoost,True,,4.0,0.8306476249490385,0.0562798607452969,1.85,ok,,0,labels_10
allhypo,classification,3770,29,False,A11 A21 A38 A41 A52 A61,A53,EN4,LightGBM,True,,1.0,0.8466852876291695,0.0446146090194011,12.21,ok,,0,labels_10
allhypo,classification,3770,29,False,A11 A21 A38 A41 A52 A61,A53,BASE-HGB,Histogram Gradient Boosting (baseline),False,,,0.8117147954580612,0.0457408994450899,8.51,ok,,0,labels_10
spambase,classification,4601,57,False,A11 A21 A31 A43 A51 A61,A54,LM2,Logistic Regression,True,,10.0,0.8926655287793441,0.0086871603780029,0.34,ok,,0,labels_10
spambase,classification,4601,57,False,A11 A21 A31 A43 A51 A61,A54,TR1,Decision Tree,True,,13.0,0.8690979493004107,0.0113172941665459,0.61,ok,,0,labels_10
spambase,classification,4601,57,False,A11 A21 A31 A43 A51 A61,A54,TR2,Random Forest,True,,5.0,0.9338376213249684,0.0070523657047426,7.84,ok,,0,labels_10
spambase,classification,4601,57,False,A11 A21 A31 A43 A51 A61,A54,TR3,Extra Trees,True,,3.0,0.9352528864327296,0.0092701610294894,6.15,ok,,0,labels_10
spambase,classification,4601,57,False,A11 A21 A31 A43 A51 A61,A54,EN1,AdaBoost,True,,15.0,0.912086399044126,0.0072326110734096,2.0,ok,,0,labels_10
spambase,classification,4601,57,False,A11 A21 A31 A43 A51 A61,A54,EN2,Gradient Boosting (GBM),True,,7.0,0.9304521278988866,0.0116532213645586,7.07,ok,,0,labels_10
spambase,classification,4601,57,False,A11 A21 A31 A43 A51 A61,A54,EN6,Stacking,True,,6.0,0.9161162875127032,0.0062225241739039,2.36,ok,,0,labels_10
spambase,classification,4601,57,False,A11 A21 A31 A43 A51 A61,A54,EN7,Voting Ensemble,True,,8.0,0.918774516081102,0.0054790893219361,0.75,ok,,0,labels_10
spambase,classification,4601,57,False,A11 A21 A31 A43 A51 A61,A54,SV1,SVM (linear),True,,11.0,0.8793960294393326,0.0089368586904835,0.61,ok,,0,labels_10
spambase,classification,4601,57,False,A11 A21 A31 A43 A51 A61,A54,SV2,Kernel SVM (RBF/Poly),True,,9.0,0.9192269217514736,0.0048780307341692,3.16,ok,,0,labels_10
spambase,classification,4601,57,False,A11 A21 A31 A43 A51 A61,A54,PR1,Naive Bayes,True,,14.0,0.778854582331436,0.015894486766803,0.25,ok,,0,labels_10
spambase,classification,4601,57,False,A11 A21 A31 A43 A51 A61,A54,IB1,k-Nearest Neighbors,True,,16.0,0.8929780947280905,0.0143690201803698,0.34,ok,,0,labels_10
spambase,classification,4601,57,False,A11 A21 A31 A43 A51 A61,A54,DR4,LDA (Linear Discriminant Analysis),True,,12.0,0.8566895934077412,0.0038274903992406,0.31,ok,,0,labels_10
spambase,classification,4601,57,False,A11 A21 A31 A43 A51 A61,A54,NN1,Perceptron,True,,17.0,0.8331869834977015,0.0204798370540029,0.24,ok,,0,labels_10
spambase,classification,4601,57,False,A11 A21 A31 A43 A51 A61,A54,NN2,MLP (Feedforward),True,,2.0,0.9096042467581756,0.0124441856786675,42.71,ok,,0,labels_10
spambase,classification,4601,57,False,A11 A21 A31 A43 A51 A61,A54,EN3,XGBoost,True,,4.0,0.9350257489882704,0.0106137895548842,2.29,ok,,0,labels_10
spambase,classification,4601,57,False,A11 A21 A31 A43 A51 A61,A54,EN4,LightGBM,True,,1.0,0.9400570509499314,0.0126111147908977,6.5,ok,,0,labels_10
spambase,classification,4601,57,False,A11 A21 A31 A43 A51 A61,A54,BASE-HGB,Histogram Gradient Boosting (baseline),False,,,0.9378409471662638,0.011026936463397,4.08,ok,,0,labels_10
banana,classification,5000,2,True,A11 A21 A31 A41 A51 A61,A53,LM2,Logistic Regression,True,,10.0,0.5300092241329935,0.0066752273391135,0.09,ok,,0,labels_10
banana,classification,5000,2,True,A11 A21 A31 A41 A51 A61,A53,TR1,Decision Tree,True,,13.0,0.8369394779821352,0.0108599572549979,0.12,ok,,0,labels_10
banana,classification,5000,2,True,A11 A21 A31 A41 A51 A61,A53,TR2,Random Forest,True,,5.0,0.8885328014646786,0.0156319364272342,5.57,ok,,0,labels_10
banana,classification,5000,2,True,A11 A21 A31 A41 A51 A61,A53,TR3,Extra Trees,True,,3.0,0.8809199927824448,0.0136161506213367,3.97,ok,,0,labels_10
banana,classification,5000,2,True,A11 A21 A31 A41 A51 A61,A53,EN1,AdaBoost,True,,15.0,0.7046025651211645,0.0192372070091463,0.79,ok,,0,labels_10
banana,classification,5000,2,True,A11 A21 A31 A41 A51 A61,A53,EN2,Gradient Boosting (GBM),True,,7.0,0.8858475134303504,0.0158001787096379,1.79,ok,,0,labels_10
banana,classification,5000,2,True,A11 A21 A31 A41 A51 A61,A53,EN6,Stacking,True,,6.0,0.8896179377939596,0.0109589857711782,0.92,ok,,0,labels_10
banana,classification,5000,2,True,A11 A21 A31 A41 A51 A61,A53,EN7,Voting Ensemble,True,,8.0,0.8871014818712183,0.01355902620333,0.21,ok,,0,labels_10
banana,classification,5000,2,True,A11 A21 A31 A41 A51 A61,A53,SV1,SVM (linear),True,,11.0,0.5308747786374199,0.0060668212012391,0.07,ok,,0,labels_10
banana,classification,5000,2,True,A11 A21 A31 A41 A51 A61,A53,SV2,Kernel SVM (RBF/Poly),True,,9.0,0.8972945949168608,0.0142002007277416,1.35,ok,,0,labels_10
banana,classification,5000,2,True,A11 A21 A31 A41 A51 A61,A53,PR1,Naive Bayes,True,,14.0,0.587797198889545,0.0081921905246377,0.07,ok,,0,labels_10
banana,classification,5000,2,True,A11 A21 A31 A41 A51 A61,A53,IB1,k-Nearest Neighbors,True,,16.0,0.8896180902993628,0.013282357598272,0.09,ok,,0,labels_10
banana,classification,5000,2,True,A11 A21 A31 A41 A51 A61,A53,DR4,LDA (Linear Discriminant Analysis),True,,12.0,0.5298277359297268,0.006874629448497,0.08,ok,,0,labels_10
banana,classification,5000,2,True,A11 A21 A31 A41 A51 A61,A53,NN1,Perceptron,True,,17.0,0.4983124999131753,0.0710432329548908,0.08,ok,,0,labels_10
banana,classification,5000,2,True,A11 A21 A31 A41 A51 A61,A53,NN2,MLP (Feedforward),True,,2.0,0.8968947725223284,0.0142044423271224,20.46,ok,,0,labels_10
banana,classification,5000,2,True,A11 A21 A31 A41 A51 A61,A53,EN3,XGBoost,True,,4.0,0.8905246974721692,0.0160980955053711,0.48,ok,,0,labels_10
banana,classification,5000,2,True,A11 A21 A31 A41 A51 A61,A53,EN4,LightGBM,True,,1.0,0.8930571352759911,0.0158891102030951,3.01,ok,,0,labels_10
banana,classification,5000,2,True,A11 A21 A31 A41 A51 A61,A53,BASE-HGB,Histogram Gradient Boosting (baseline),False,,,0.895441467227938,0.0177325357289733,1.13,ok,,0,labels_10
satimage,classification,5000,36,True,A11 A21 A31 A41 A51 A61,A53,LM2,Logistic Regression,True,,10.0,0.7579846927180136,0.0067517368649377,0.87,ok,,0,labels_10
satimage,classification,5000,36,True,A11 A21 A31 A41 A51 A61,A53,TR1,Decision Tree,True,,13.0,0.7428993980261744,0.0157264942260044,0.65,ok,,0,labels_10
satimage,classification,5000,36,True,A11 A21 A31 A41 A51 A61,A53,TR2,Random Forest,True,,5.0,0.881618996291284,0.0088316405209286,10.82,ok,,0,labels_10
satimage,classification,5000,36,True,A11 A21 A31 A41 A51 A61,A53,TR3,Extra Trees,True,,3.0,0.885593410572685,0.0101939152607388,6.56,ok,,0,labels_10
satimage,classification,5000,36,True,A11 A21 A31 A41 A51 A61,A53,EN1,AdaBoost,True,,15.0,0.6967538362169787,0.0338563798661983,2.27,ok,,0,labels_10
satimage,classification,5000,36,True,A11 A21 A31 A41 A51 A61,A53,EN2,Gradient Boosting (GBM),True,,7.0,0.8607716332000596,0.0065829696850817,52.2,ok,,0,labels_10
satimage,classification,5000,36,True,A11 A21 A31 A41 A51 A61,A53,EN6,Stacking,True,,6.0,0.8801991431023275,0.0060280750779191,5.4,ok,,0,labels_10
satimage,classification,5000,36,True,A11 A21 A31 A41 A51 A61,A53,EN7,Voting Ensemble,True,,8.0,0.8553491128712061,0.009294402345064,1.41,ok,,0,labels_10
satimage,classification,5000,36,True,A11 A21 A31 A41 A51 A61,A53,SV1,SVM (linear),True,,11.0,0.7134224376440054,0.0065379253400732,0.86,ok,,0,labels_10
satimage,classification,5000,36,True,A11 A21 A31 A41 A51 A61,A53,SV2,Kernel SVM (RBF/Poly),True,,9.0,0.8625859583825918,0.0095848190729022,2.95,ok,,0,labels_10
satimage,classification,5000,36,True,A11 A21 A31 A41 A51 A61,A53,PR1,Naive Bayes,True,,14.0,0.7754894593452998,0.0050006732214013,0.16,ok,,0,labels_10
satimage,classification,5000,36,True,A11 A21 A31 A41 A51 A61,A53,IB1,k-Nearest Neighbors,True,,16.0,0.884087536321327,0.0062479334956661,0.33,ok,,0,labels_10
satimage,classification,5000,36,True,A11 A21 A31 A41 A51 A61,A53,DR4,LDA (Linear Discriminant Analysis),True,,12.0,0.7519201020120772,0.006954072808429,0.21,ok,,0,labels_10
satimage,classification,5000,36,True,A11 A21 A31 A41 A51 A61,A53,NN1,Perceptron,True,,17.0,0.6029684544437457,0.0659209633034394,0.27,ok,,0,labels_10
satimage,classification,5000,36,True,A11 A21 A31 A41 A51 A61,A53,NN2,MLP (Feedforward),True,,2.0,0.8663772735077171,0.005705031714254,57.52,ok,,0,labels_10
satimage,classification,5000,36,True,A11 A21 A31 A41 A51 A61,A53,EN3,XGBoost,True,,4.0,0.8791330102478951,0.0072309203454293,5.0,ok,,0,labels_10
satimage,classification,5000,36,True,A11 A21 A31 A41 A51 A61,A53,EN4,LightGBM,True,,1.0,0.8870099023589519,0.0120055452510099,16.7,ok,,0,labels_10
satimage,classification,5000,36,True,A11 A21 A31 A41 A51 A61,A53,BASE-HGB,Histogram Gradient Boosting (baseline),False,,,0.8857022965919141,0.0114905487234267,13.41,ok,,0,labels_10
agaricus_lepiota,classification,5000,22,True,A11 A21 A38 A41 A51 A61,A53,LM2,Logistic Regression,True,,10.0,0.9989539748953976,0.0011458630910149,1.36,ok,,0,labels_10
agaricus_lepiota,classification,5000,22,True,A11 A21 A38 A41 A51 A61,A53,TR1,Decision Tree,True,,13.0,0.9208884400198784,0.0127324039385689,1.29,ok,,0,labels_10
agaricus_lepiota,classification,5000,22,True,A11 A21 A38 A41 A51 A61,A53,TR2,Random Forest,True,,5.0,0.9982582279292712,0.0003478734830632,5.91,ok,,0,labels_10
agaricus_lepiota,classification,5000,22,True,A11 A21 A38 A41 A51 A61,A53,TR3,Extra Trees,True,,3.0,0.9822472306385162,0.0037853394070177,6.9,ok,,0,labels_10
agaricus_lepiota,classification,5000,22,True,A11 A21 A38 A41 A51 A61,A53,EN1,AdaBoost,True,,15.0,0.9879414546562144,0.0060109076862748,2.61,ok,,0,labels_10
agaricus_lepiota,classification,5000,22,True,A11 A21 A38 A41 A51 A61,A53,EN2,Gradient Boosting (GBM),True,,7.0,0.999163179916318,0.0012198644131475,5.56,ok,,0,labels_10
agaricus_lepiota,classification,5000,22,True,A11 A21 A38 A41 A51 A61,A53,EN6,Stacking,True,,6.0,0.9989539748953976,0.0016204951239361,3.43,ok,,0,labels_10
agaricus_lepiota,classification,5000,22,True,A11 A21 A38 A41 A51 A61,A53,EN7,Voting Ensemble,True,,8.0,0.999163179916318,0.0007827735118773,1.48,ok,,0,labels_10
agaricus_lepiota,classification,5000,22,True,A11 A21 A38 A41 A51 A61,A53,SV1,SVM (linear),True,,11.0,0.9993723849372383,0.0008368200836819,1.23,ok,,0,labels_10
agaricus_lepiota,classification,5000,22,True,A11 A21 A38 A41 A51 A61,A53,SV2,Kernel SVM (RBF/Poly),True,,9.0,0.9993723849372383,0.0008368200836819,4.91,ok,,0,labels_10
agaricus_lepiota,classification,5000,22,True,A11 A21 A38 A41 A51 A61,A53,PR1,Naive Bayes,True,,14.0,0.98898988441623,0.0009192978039677,0.83,ok,,0,labels_10
agaricus_lepiota,classification,5000,22,True,A11 A21 A38 A41 A51 A61,A53,IB1,k-Nearest Neighbors,True,,16.0,0.9988329405729492,0.0011444784471253,1.07,ok,,0,labels_10
agaricus_lepiota,classification,5000,22,True,A11 A21 A38 A41 A51 A61,A53,DR4,LDA (Linear Discriminant Analysis),True,,12.0,1.0,0.0,1.49,ok,,0,labels_10
agaricus_lepiota,classification,5000,22,True,A11 A21 A38 A41 A51 A61,A53,NN1,Perceptron,True,,17.0,0.9838503342471026,0.0122031095046495,1.17,ok,,0,labels_10
agaricus_lepiota,classification,5000,22,True,A11 A21 A38 A41 A51 A61,A53,NN2,MLP (Feedforward),True,,2.0,0.9771533689222334,0.0067446512630012,62.37,ok,,0,labels_10
agaricus_lepiota,classification,5000,22,True,A11 A21 A38 A41 A51 A61,A53,EN3,XGBoost,True,,4.0,0.9964459192997644,0.0018756473215215,1.76,ok,,0,labels_10
agaricus_lepiota,classification,5000,22,True,A11 A21 A38 A41 A51 A61,A53,EN4,LightGBM,True,,1.0,0.9993900190769328,0.0008287068852916,3.14,ok,,0,labels_10
agaricus_lepiota,classification,5000,22,True,A11 A21 A38 A41 A51 A61,A53,BASE-HGB,Histogram Gradient Boosting (baseline),False,,,0.9995992240978534,0.0004916394947713,5.61,ok,,0,labels_10
letter,classification,5000,16,True,A11 A21 A31 A41 A53 A61,,LM2,Logistic Regression,True,,10.0,0.7372943387909692,0.0090611497744968,0.73,ok,,0,labels_10
letter,classification,5000,16,True,A11 A21 A31 A41 A53 A61,,TR1,Decision Tree,True,,13.0,0.6873175981650487,0.0081781374567732,0.25,ok,,0,labels_10
letter,classification,5000,16,True,A11 A21 A31 A41 A53 A61,,TR2,Random Forest,True,,5.0,0.8930718707833659,0.011791397239161,8.48,ok,,0,labels_10
letter,classification,5000,16,True,A11 A21 A31 A41 A53 A61,,TR3,Extra Trees,True,,3.0,0.896472580395786,0.0134328680997644,7.67,ok,,0,labels_10
letter,classification,5000,16,True,A11 A21 A31 A41 A53 A61,,EN1,AdaBoost,True,,15.0,0.2947349658874067,0.0350935503074398,1.31,ok,,0,labels_10
letter,classification,5000,16,True,A11 A21 A31 A41 A53 A61,,EN2,Gradient Boosting (GBM),True,,7.0,0.8274740580573532,0.0115447283710902,78.3,ok,,0,labels_10
letter,classification,5000,16,True,A11 A21 A31 A41 A53 A61,,EN6,Stacking,True,,6.0,0.8768527685109365,0.0168365142139109,4.53,ok,,0,labels_10
letter,classification,5000,16,True,A11 A21 A31 A41 A53 A61,,EN7,Voting Ensemble,True,,8.0,0.8632459178657056,0.0102252123918668,0.93,ok,,0,labels_10
letter,classification,5000,16,True,A11 A21 A31 A41 A53 A61,,SV1,SVM (linear),True,,11.0,0.6448323894435699,0.0139591950027668,1.08,ok,,0,labels_10
letter,classification,5000,16,True,A11 A21 A31 A41 A53 A61,,SV2,Kernel SVM (RBF/Poly),True,,9.0,0.8720048250514172,0.013014182034782,5.15,ok,,0,labels_10
letter,classification,5000,16,True,A11 A21 A31 A41 A53 A61,,PR1,Naive Bayes,True,,14.0,0.6172314215194493,0.0045306151245252,0.14,ok,,0,labels_10
letter,classification,5000,16,True,A11 A21 A31 A41 A53 A61,,IB1,k-Nearest Neighbors,True,,16.0,0.8535570992848351,0.0156131757964059,0.29,ok,,0,labels_10
letter,classification,5000,16,True,A11 A21 A31 A41 A53 A61,,DR4,LDA (Linear Discriminant Analysis),True,,12.0,0.6802035686362873,0.0067808315311491,0.18,ok,,0,labels_10
letter,classification,5000,16,True,A11 A21 A31 A41 A53 A61,,NN1,Perceptron,True,,17.0,0.4313003095386888,0.0277276050081886,0.6,ok,,0,labels_10
letter,classification,5000,16,True,A11 A21 A31 A41 A53 A61,,NN2,MLP (Feedforward),True,,2.0,0.8433639161327118,0.0104397124121753,70.41,ok,,0,labels_10
letter,classification,5000,16,True,A11 A21 A31 A41 A53 A61,,EN3,XGBoost,True,,4.0,0.8642945735595348,0.0128581329075717,7.31,ok,,0,labels_10
letter,classification,5000,16,True,A11 A21 A31 A41 A53 A61,,EN4,LightGBM,True,,1.0,0.8708498048028053,0.0131894177352592,54.69,ok,,0,labels_10
letter,classification,5000,16,True,A11 A21 A31 A41 A53 A61,,BASE-HGB,Histogram Gradient Boosting (baseline),False,,,0.87187886919924,0.0151831746525213,37.22,ok,,0,labels_10
229_pwLinear,regression,200,10,False,A11 A21 A32 A41 A53 A61,,LM1,Linear Regression,False,needs A31 data (yours is A32),,0.6638244557197929,0.016573264390205,0.09,ok,,0,labels_10
229_pwLinear,regression,200,10,False,A11 A21 A32 A41 A53 A61,,LM3,Ridge Regression,False,needs A31 data (yours is A32),,0.6663021258829346,0.0144483504313587,0.1,ok,,0,labels_10
229_pwLinear,regression,200,10,False,A11 A21 A32 A41 A53 A61,,LM4,Lasso Regression,True,,13.0,0.1831900738535383,0.0299795713313593,0.08,ok,,0,labels_10
229_pwLinear,regression,200,10,False,A11 A21 A32 A41 A53 A61,,LM5,Elastic Net,True,,14.0,0.2382871365378663,0.0290739418535455,0.08,ok,,0,labels_10
229_pwLinear,regression,200,10,False,A11 A21 A32 A41 A53 A61,,LM6,Polynomial Regression,False,needs A31 data (yours is A32),,0.2890166310150238,0.1904649281275634,0.1,ok,,0,labels_10
229_pwLinear,regression,200,10,False,A11 A21 A32 A41 A53 A61,,LM7,Bayesian Linear Regression,False,needs A31 data (yours is A32),,0.6699812039798573,0.012065209274888,0.08,ok,,0,labels_10
229_pwLinear,regression,200,10,False,A11 A21 A32 A41 A53 A61,,TR1,Decision Tree,True,,10.0,0.4717217410229484,0.1985547156517432,0.2,ok,,0,labels_10
229_pwLinear,regression,200,10,False,A11 A21 A32 A41 A53 A61,,TR2,Random Forest,True,,4.0,0.7400498581206474,0.0481964647123265,2.28,ok,,0,labels_10
229_pwLinear,regression,200,10,False,A11 A21 A32 A41 A53 A61,,TR3,Extra Trees,True,,2.0,0.4965475458019095,0.1686879387066374,1.91,ok,,0,labels_10
229_pwLinear,regression,200,10,False,A11 A21 A32 A41 A53 A61,,EN1,AdaBoost,True,,7.0,0.5744882293496394,0.0698425067627168,0.49,ok,,0,labels_10
229_pwLinear,regression,200,10,False,A11 A21 A32 A41 A53 A61,,EN2,Gradient Boosting (GBM),True,,1.0,0.7104314037762809,0.0823369222051072,0.46,ok,,0,labels_10
229_pwLinear,regression,200,10,False,A11 A21 A32 A41 A53 A61,,EN6,Stacking,True,,6.0,0.7256775606466965,0.0244916519351281,0.51,ok,,0,labels_10
229_pwLinear,regression,200,10,False,A11 A21 A32 A41 A53 A61,,EN7,Voting Ensemble,True,,8.0,0.7056997316160698,0.0195671784787222,0.18,ok,,0,labels_10
229_pwLinear,regression,200,10,False,A11 A21 A32 A41 A53 A61,,SV1,SVM (linear),True,,12.0,0.6909308913223391,0.0343260651861057,0.09,ok,,0,labels_10
229_pwLinear,regression,200,10,False,A11 A21 A32 A41 A53 A61,,SV2,Kernel SVM (RBF/Poly),True,,11.0,0.4867479926925595,0.0245397300023391,0.11,ok,,0,labels_10
229_pwLinear,regression,200,10,False,A11 A21 A32 A41 A53 A61,,IB1,k-Nearest Neighbors,False,needs A31 data (yours is A32),,0.4241753934341451,0.0937913914374963,0.08,ok,,0,labels_10
229_pwLinear,regression,200,10,False,A11 A21 A32 A41 A53 A61,,NN2,MLP (Feedforward),True,,9.0,0.569671329597901,0.0613708073520923,2.53,ok,,0,labels_10
229_pwLinear,regression,200,10,False,A11 A21 A32 A41 A53 A61,,EN3,XGBoost,True,,5.0,0.6219991041999866,0.1083400996901733,0.25,ok,,0,labels_10
229_pwLinear,regression,200,10,False,A11 A21 A32 A41 A53 A61,,EN4,LightGBM,True,,3.0,0.7628415756312381,0.0337823363204458,0.42,ok,,0,labels_10
229_pwLinear,regression,200,10,False,A11 A21 A32 A41 A53 A61,,BASE-HGB,Histogram Gradient Boosting (baseline),False,,,0.7628415756312381,0.0337823363204458,0.4,ok,,0,labels_10
695_chatfield_4,regression,235,12,False,A11 A21 A31 A41 A54 A61,,LM1,Linear Regression,True,,16.0,0.8014506291764475,0.0493152799668253,0.06,ok,,0,labels_10
695_chatfield_4,regression,235,12,False,A11 A21 A31 A41 A54 A61,,LM3,Ridge Regression,True,,14.0,0.8071941050362182,0.0470365877007977,0.06,ok,,0,labels_10
695_chatfield_4,regression,235,12,False,A11 A21 A31 A41 A54 A61,,LM4,Lasso Regression,True,,18.0,0.8231717536427773,0.0395399426809196,0.07,ok,,0,labels_10
695_chatfield_4,regression,235,12,False,A11 A21 A31 A41 A54 A61,,LM5,Elastic Net,True,,19.0,0.8128302525293407,0.0549173669581669,0.06,ok,,0,labels_10
695_chatfield_4,regression,235,12,False,A11 A21 A31 A41 A54 A61,,LM6,Polynomial Regression,True,,15.0,0.6511372707452534,0.1022108929758962,0.07,ok,,0,labels_10
695_chatfield_4,regression,235,12,False,A11 A21 A31 A41 A54 A61,,LM7,Bayesian Linear Regression,True,,12.0,0.8211234322327593,0.040126617621626,0.07,ok,,0,labels_10
695_chatfield_4,regression,235,12,False,A11 A21 A31 A41 A54 A61,,TR1,Decision Tree,True,,10.0,0.4278203956902927,0.0545913816407538,0.07,ok,,0,labels_10
695_chatfield_4,regression,235,12,False,A11 A21 A31 A41 A54 A61,,TR2,Random Forest,True,,4.0,0.7373328343259702,0.0347843450421961,2.44,ok,,0,labels_10
695_chatfield_4,regression,235,12,False,A11 A21 A31 A41 A54 A61,,TR3,Extra Trees,True,,2.0,0.764141616306713,0.0386211386646031,1.73,ok,,0,labels_10
695_chatfield_4,regression,235,12,False,A11 A21 A31 A41 A54 A61,,EN1,AdaBoost,True,,7.0,0.6511129929322536,0.1057474362492462,0.5,ok,,0,labels_10
695_chatfield_4,regression,235,12,False,A11 A21 A31 A41 A54 A61,,EN2,Gradient Boosting (GBM),True,,1.0,0.6828889230100267,0.0508025156681526,0.57,ok,,0,labels_10
695_chatfield_4,regression,235,12,False,A11 A21 A31 A41 A54 A61,,EN6,Stacking,True,,6.0,0.8152287040417908,0.0508274184842246,0.57,ok,,0,labels_10
695_chatfield_4,regression,235,12,False,A11 A21 A31 A41 A54 A61,,EN7,Voting Ensemble,True,,8.0,0.7720708576234102,0.0511907708574052,0.26,ok,,0,labels_10
695_chatfield_4,regression,235,12,False,A11 A21 A31 A41 A54 A61,,SV1,SVM (linear),True,,17.0,0.8020058851320933,0.0590899782400692,0.13,ok,,0,labels_10
695_chatfield_4,regression,235,12,False,A11 A21 A31 A41 A54 A61,,SV2,Kernel SVM (RBF/Poly),True,,11.0,0.3536304959321515,0.1245596144154916,0.07,ok,,0,labels_10
695_chatfield_4,regression,235,12,False,A11 A21 A31 A41 A54 A61,,IB1,k-Nearest Neighbors,True,,13.0,0.7233758223086588,0.1068317631326877,0.06,ok,,0,labels_10
695_chatfield_4,regression,235,12,False,A11 A21 A31 A41 A54 A61,,NN2,MLP (Feedforward),True,,9.0,0.639674191524614,0.2043553280992808,2.51,ok,,0,labels_10
695_chatfield_4,regression,235,12,False,A11 A21 A31 A41 A54 A61,,EN3,XGBoost,True,,5.0,0.6456825903486182,0.0954058392118954,0.79,ok,,0,labels_10
695_chatfield_4,regression,235,12,False,A11 A21 A31 A41 A54 A61,,EN4,LightGBM,True,,3.0,0.6989414677561276,0.1063317392409631,3.19,ok,,0,labels_10
695_chatfield_4,regression,235,12,False,A11 A21 A31 A41 A54 A61,,BASE-HGB,Histogram Gradient Boosting (baseline),False,,,0.7010428930037709,0.1029449105361621,0.48,ok,,0,labels_10
635_fri_c0_250_10,regression,250,10,False,A11 A21 A31 A41 A53 A61,,LM1,Linear Regression,True,,16.0,0.6130083607808169,0.0796865849914017,0.06,ok,,0,labels_10
635_fri_c0_250_10,regression,250,10,False,A11 A21 A31 A41 A53 A61,,LM3,Ridge Regression,True,,14.0,0.6128858091055844,0.0789714588436919,0.12,ok,,0,labels_10
635_fri_c0_250_10,regression,250,10,False,A11 A21 A31 A41 A53 A61,,LM4,Lasso Regression,True,,18.0,-0.0067207147614396,0.0071404001913047,0.11,ok,,0,labels_10
635_fri_c0_250_10,regression,250,10,False,A11 A21 A31 A41 A53 A61,,LM5,Elastic Net,True,,19.0,0.0141521813499476,0.018156519499881,0.06,ok,,0,labels_10
635_fri_c0_250_10,regression,250,10,False,A11 A21 A31 A41 A53 A61,,LM6,Polynomial Regression,True,,15.0,0.6964876879488763,0.1049268948105972,0.07,ok,,0,labels_10
635_fri_c0_250_10,regression,250,10,False,A11 A21 A31 A41 A53 A61,,LM7,Bayesian Linear Regression,True,,12.0,0.6106899642838746,0.0745325479005701,0.14,ok,,0,labels_10
635_fri_c0_250_10,regression,250,10,False,A11 A21 A31 A41 A53 A61,,TR1,Decision Tree,True,,10.0,0.356963846129921,0.1623315129480003,0.1,ok,,0,labels_10
635_fri_c0_250_10,regression,250,10,False,A11 A21 A31 A41 A53 A61,,TR2,Random Forest,True,,4.0,0.6991651984560496,0.0455821588567951,2.65,ok,,0,labels_10
635_fri_c0_250_10,regression,250,10,False,A11 A21 A31 A41 A53 A61,,TR3,Extra Trees,True,,2.0,0.7349124520162382,0.0355711318152657,1.75,ok,,0,labels_10
635_fri_c0_250_10,regression,250,10,False,A11 A21 A31 A41 A53 A61,,EN1,AdaBoost,True,,7.0,0.6263884258194716,0.0530767941948149,0.51,ok,,0,labels_10
635_fri_c0_250_10,regression,250,10,False,A11 A21 A31 A41 A53 A61,,EN2,Gradient Boosting (GBM),True,,1.0,0.7335987577918601,0.042517627195272,0.74,ok,,0,labels_10
635_fri_c0_250_10,regression,250,10,False,A11 A21 A31 A41 A53 A61,,EN6,Stacking,True,,6.0,0.6590345456806447,0.0818605616053366,0.53,ok,,0,labels_10
635_fri_c0_250_10,regression,250,10,False,A11 A21 A31 A41 A53 A61,,EN7,Voting Ensemble,True,,8.0,0.6523389507029399,0.0681477761741283,0.12,ok,,0,labels_10
635_fri_c0_250_10,regression,250,10,False,A11 A21 A31 A41 A53 A61,,SV1,SVM (linear),True,,17.0,0.5969416654815545,0.1193805661234551,0.06,ok,,0,labels_10
635_fri_c0_250_10,regression,250,10,False,A11 A21 A31 A41 A53 A61,,SV2,Kernel SVM (RBF/Poly),True,,11.0,0.7352062996456713,0.0608977185667973,0.07,ok,,0,labels_10
635_fri_c0_250_10,regression,250,10,False,A11 A21 A31 A41 A53 A61,,IB1,k-Nearest Neighbors,True,,13.0,0.5024974913962612,0.0457446859316861,0.06,ok,,0,labels_10
635_fri_c0_250_10,regression,250,10,False,A11 A21 A31 A41 A53 A61,,NN2,MLP (Feedforward),True,,9.0,0.6979247192808804,0.083159373795242,1.65,ok,,0,labels_10
635_fri_c0_250_10,regression,250,10,False,A11 A21 A31 A41 A53 A61,,EN3,XGBoost,True,,5.0,0.6953397516457693,0.0393931360466459,0.52,ok,,0,labels_10
635_fri_c0_250_10,regression,250,10,False,A11 A21 A31 A41 A53 A61,,EN4,LightGBM,True,,3.0,0.7344485305396364,0.0248664900864149,0.51,ok,,0,labels_10
635_fri_c0_250_10,regression,250,10,False,A11 A21 A31 A41 A53 A61,,BASE-HGB,Histogram Gradient Boosting (baseline),False,,,0.7286545693376908,0.0360940741443749,0.42,ok,,0,labels_10
596_fri_c2_250_5,regression,250,5,False,A11 A21 A31 A41 A54 A61,,LM1,Linear Regression,True,,16.0,0.2449629504992699,0.0943824537618657,0.07,ok,,0,labels_10
596_fri_c2_250_5,regression,250,5,False,A11 A21 A31 A41 A54 A61,,LM3,Ridge Regression,True,,14.0,0.2458275415752774,0.0917034520657653,0.08,ok,,0,labels_10
596_fri_c2_250_5,regression,250,5,False,A11 A21 A31 A41 A54 A61,,LM4,Lasso Regression,True,,18.0,-0.026739445796592,0.0169299558200404,0.07,ok,,0,labels_10
596_fri_c2_250_5,regression,250,5,False,A11 A21 A31 A41 A54 A61,,LM5,Elastic Net,True,,19.0,-0.026739445796592,0.0169299558200404,0.07,ok,,0,labels_10
596_fri_c2_250_5,regression,250,5,False,A11 A21 A31 A41 A54 A61,,LM6,Polynomial Regression,True,,15.0,0.2443319437235636,0.1190183045254218,0.09,ok,,0,labels_10
596_fri_c2_250_5,regression,250,5,False,A11 A21 A31 A41 A54 A61,,LM7,Bayesian Linear Regression,True,,12.0,0.2411712887333411,0.0755008157232568,0.06,ok,,0,labels_10
596_fri_c2_250_5,regression,250,5,False,A11 A21 A31 A41 A54 A61,,TR1,Decision Tree,True,,10.0,0.1530080152178899,0.2084177111828327,0.05,ok,,0,labels_10
596_fri_c2_250_5,regression,250,5,False,A11 A21 A31 A41 A54 A61,,TR2,Random Forest,True,,4.0,0.7727028470018144,0.055561901294106,2.01,ok,,0,labels_10
596_fri_c2_250_5,regression,250,5,False,A11 A21 A31 A41 A54 A61,,TR3,Extra Trees,True,,2.0,0.8105270524382606,0.0340357372156618,1.48,ok,,0,labels_10
596_fri_c2_250_5,regression,250,5,False,A11 A21 A31 A41 A54 A61,,EN1,AdaBoost,True,,7.0,0.636942553027013,0.0463382655483153,0.43,ok,,0,labels_10
596_fri_c2_250_5,regression,250,5,False,A11 A21 A31 A41 A54 A61,,EN2,Gradient Boosting (GBM),True,,1.0,0.759556697713862,0.0358511325634623,0.53,ok,,0,labels_10
596_fri_c2_250_5,regression,250,5,False,A11 A21 A31 A41 A54 A61,,EN6,Stacking,True,,6.0,0.6379289436228356,0.0662601171805352,0.4,ok,,0,labels_10
596_fri_c2_250_5,regression,250,5,False,A11 A21 A31 A41 A54 A61,,EN7,Voting Ensemble,True,,8.0,0.5877127663493196,0.0580839822786634,0.12,ok,,0,labels_10
596_fri_c2_250_5,regression,250,5,False,A11 A21 A31 A41 A54 A61,,SV1,SVM (linear),True,,17.0,0.1818684148740618,0.141653812680404,0.05,ok,,0,labels_10
596_fri_c2_250_5,regression,250,5,False,A11 A21 A31 A41 A54 A61,,SV2,Kernel SVM (RBF/Poly),True,,11.0,0.6943440552536071,0.0381266793409222,0.06,ok,,0,labels_10
596_fri_c2_250_5,regression,250,5,False,A11 A21 A31 A41 A54 A61,,IB1,k-Nearest Neighbors,True,,13.0,0.6297800909850938,0.0730395650380025,0.05,ok,,0,labels_10
596_fri_c2_250_5,regression,250,5,False,A11 A21 A31 A41 A54 A61,,NN2,MLP (Feedforward),True,,9.0,0.7756509402296189,0.0550784976748005,2.48,ok,,0,labels_10
596_fri_c2_250_5,regression,250,5,False,A11 A21 A31 A41 A54 A61,,EN3,XGBoost,True,,5.0,0.7049075297748872,0.1140290541810768,0.36,ok,,0,labels_10
596_fri_c2_250_5,regression,250,5,False,A11 A21 A31 A41 A54 A61,,EN4,LightGBM,True,,3.0,0.7672286428195028,0.0602897406472038,0.66,ok,,0,labels_10
596_fri_c2_250_5,regression,250,5,False,A11 A21 A31 A41 A54 A61,,BASE-HGB,Histogram Gradient Boosting (baseline),False,,,0.7776148437557648,0.0549718944217235,0.36,ok,,0,labels_10
653_fri_c0_250_25,regression,250,25,False,A11 A21 A31 A41 A54 A61,,LM1,Linear Regression,True,,16.0,0.6610574548208953,0.0553082192983065,0.07,ok,,0,labels_10
653_fri_c0_250_25,regression,250,25,False,A11 A21 A31 A41 A54 A61,,LM3,Ridge Regression,True,,14.0,0.6613119080043942,0.0551438572599632,0.09,ok,,0,labels_10
653_fri_c0_250_25,regression,250,25,False,A11 A21 A31 A41 A54 A61,,LM4,Lasso Regression,True,,18.0,-0.0231057460767475,0.0249196577904188,0.07,ok,,0,labels_10
653_fri_c0_250_25,regression,250,25,False,A11 A21 A31 A41 A54 A61,,LM5,Elastic Net,True,,19.0,0.006079899725384,0.0208489198879367,0.13,ok,,0,labels_10
653_fri_c0_250_25,regression,250,25,False,A11 A21 A31 A41 A54 A61,,LM6,Polynomial Regression,True,,15.0,-0.0584533482815692,0.0804699498989423,0.1,ok,,0,labels_10
653_fri_c0_250_25,regression,250,25,False,A11 A21 A31 A41 A54 A61,,LM7,Bayesian Linear Regression,True,,12.0,0.6560366120298673,0.0567459818980284,0.09,ok,,0,labels_10
653_fri_c0_250_25,regression,250,25,False,A11 A21 A31 A41 A54 A61,,TR1,Decision Tree,True,,10.0,0.1050596195114971,0.1185768211150377,0.1,ok,,0,labels_10
653_fri_c0_250_25,regression,250,25,False,A11 A21 A31 A41 A54 A61,,TR2,Random Forest,True,,4.0,0.6233570142250384,0.0749366009205482,3.37,ok,,0,labels_10
653_fri_c0_250_25,regression,250,25,False,A11 A21 A31 A41 A54 A61,,TR3,Extra Trees,True,,2.0,0.6469915322724271,0.0633503085227286,2.31,ok,,0,labels_10
653_fri_c0_250_25,regression,250,25,False,A11 A21 A31 A41 A54 A61,,EN1,AdaBoost,True,,7.0,0.608303907284209,0.077224076934953,0.59,ok,,0,labels_10
653_fri_c0_250_25,regression,250,25,False,A11 A21 A31 A41 A54 A61,,EN2,Gradient Boosting (GBM),True,,1.0,0.7033528150946949,0.0407324056830628,0.97,ok,,0,labels_10
653_fri_c0_250_25,regression,250,25,False,A11 A21 A31 A41 A54 A61,,EN6,Stacking,True,,6.0,0.6524688236656295,0.0529549832737907,0.44,ok,,0,labels_10
653_fri_c0_250_25,regression,250,25,False,A11 A21 A31 A41 A54 A61,,EN7,Voting Ensemble,True,,8.0,0.5648579447237846,0.0768216049675417,0.15,ok,,0,labels_10
653_fri_c0_250_25,regression,250,25,False,A11 A21 A31 A41 A54 A61,,SV1,SVM (linear),True,,17.0,0.6824801682267067,0.0567186627308213,0.11,ok,,0,labels_10
653_fri_c0_250_25,regression,250,25,False,A11 A21 A31 A41 A54 A61,,SV2,Kernel SVM (RBF/Poly),True,,11.0,0.5801979974170228,0.0569335764447171,0.1,ok,,0,labels_10
653_fri_c0_250_25,regression,250,25,False,A11 A21 A31 A41 A54 A61,,IB1,k-Nearest Neighbors,True,,13.0,0.2683534852963052,0.0709598129255151,0.07,ok,,0,labels_10
653_fri_c0_250_25,regression,250,25,False,A11 A21 A31 A41 A54 A61,,NN2,MLP (Feedforward),True,,9.0,0.4595802946825965,0.0791686759076743,0.96,ok,,0,labels_10
653_fri_c0_250_25,regression,250,25,False,A11 A21 A31 A41 A54 A61,,EN3,XGBoost,True,,5.0,0.5676467896365026,0.0728764607179768,1.01,ok,,0,labels_10
653_fri_c0_250_25,regression,250,25,False,A11 A21 A31 A41 A54 A61,,EN4,LightGBM,True,,3.0,0.7161473815566824,0.0594712048356403,0.69,ok,,0,labels_10
653_fri_c0_250_25,regression,250,25,False,A11 A21 A31 A41 A54 A61,,BASE-HGB,Histogram Gradient Boosting (baseline),False,,,0.7130484702806008,0.0753869598795091,0.51,ok,,0,labels_10
nikuradse_1,regression,362,2,False,A11 A21 A31 A41 A54 A61,,LM1,Linear Regression,True,,16.0,0.6402466964331831,0.012879411731296,0.05,ok,,0,labels_10
nikuradse_1,regression,362,2,False,A11 A21 A31 A41 A54 A61,,LM3,Ridge Regression,True,,14.0,0.6398746043464743,0.012704401428617,0.05,ok,,0,labels_10
nikuradse_1,regression,362,2,False,A11 A21 A31 A41 A54 A61,,LM4,Lasso Regression,True,,18.0,-0.0100983300676721,0.0084626357782819,0.05,ok,,0,labels_10
nikuradse_1,regression,362,2,False,A11 A21 A31 A41 A54 A61,,LM5,Elastic Net,True,,19.0,-0.0100983300676721,0.0084626357782819,0.05,ok,,0,labels_10
nikuradse_1,regression,362,2,False,A11 A21 A31 A41 A54 A61,,LM6,Polynomial Regression,True,,15.0,0.8643169040377862,0.0122458257537336,0.06,ok,,0,labels_10
nikuradse_1,regression,362,2,False,A11 A21 A31 A41 A54 A61,,LM7,Bayesian Linear Regression,True,,12.0,0.6395752625085054,0.0125015957372239,0.05,ok,,0,labels_10
nikuradse_1,regression,362,2,False,A11 A21 A31 A41 A54 A61,,TR1,Decision Tree,True,,10.0,0.7892439689426574,0.0607442135362271,0.05,ok,,0,labels_10
nikuradse_1,regression,362,2,False,A11 A21 A31 A41 A54 A61,,TR2,Random Forest,True,,4.0,0.9166098846584592,0.0163481845244999,2.1,ok,,0,labels_10
nikuradse_1,regression,362,2,False,A11 A21 A31 A41 A54 A61,,TR3,Extra Trees,True,,2.0,0.9185842116747176,0.0287800318652781,1.32,ok,,0,labels_10
nikuradse_1,regression,362,2,False,A11 A21 A31 A41 A54 A61,,EN1,AdaBoost,True,,7.0,0.7963742120273652,0.0989882137179047,0.18,ok,,0,labels_10
nikuradse_1,regression,362,2,False,A11 A21 A31 A41 A54 A61,,EN2,Gradient Boosting (GBM),True,,1.0,0.916683976285839,0.0668140396471431,0.53,ok,,0,labels_10
nikuradse_1,regression,362,2,False,A11 A21 A31 A41 A54 A61,,EN6,Stacking,True,,6.0,0.8473329913310911,0.0469576475596728,0.54,ok,,0,labels_10
nikuradse_1,regression,362,2,False,A11 A21 A31 A41 A54 A61,,EN7,Voting Ensemble,True,,8.0,0.8953434248426546,0.0209006236687196,0.16,ok,,0,labels_10
nikuradse_1,regression,362,2,False,A11 A21 A31 A41 A54 A61,,SV1,SVM (linear),True,,17.0,0.6133304964718704,0.0145452454101933,0.12,ok,,0,labels_10
nikuradse_1,regression,362,2,False,A11 A21 A31 A41 A54 A61,,SV2,Kernel SVM (RBF/Poly),True,,11.0,0.796022257110165,0.0255881679401791,0.06,ok,,0,labels_10
nikuradse_1,regression,362,2,False,A11 A21 A31 A41 A54 A61,,IB1,k-Nearest Neighbors,True,,13.0,0.9028504127677676,0.0187854132549792,0.08,ok,,0,labels_10
nikuradse_1,regression,362,2,False,A11 A21 A31 A41 A54 A61,,NN2,MLP (Feedforward),True,,9.0,0.8010403806615928,0.0208464911386504,0.51,ok,,0,labels_10
nikuradse_1,regression,362,2,False,A11 A21 A31 A41 A54 A61,,EN3,XGBoost,True,,5.0,0.9172334122345688,0.0134568270466359,0.25,ok,,0,labels_10
nikuradse_1,regression,362,2,False,A11 A21 A31 A41 A54 A61,,EN4,LightGBM,True,,3.0,0.952605930820702,0.0077063255088602,0.47,ok,,0,labels_10
nikuradse_1,regression,362,2,False,A11 A21 A31 A41 A54 A61,,BASE-HGB,Histogram Gradient Boosting (baseline),False,,,0.9571939350055414,0.0101643876355919,0.41,ok,,0,labels_10
strogatz_glider2,regression,400,2,False,A11 A21 A31 A41 A54 A61,,LM1,Linear Regression,True,,16.0,0.6421724821684383,0.1327730487907099,0.05,ok,,0,labels_10
strogatz_glider2,regression,400,2,False,A11 A21 A31 A41 A54 A61,,LM3,Ridge Regression,True,,14.0,0.6419294615303823,0.1322683777850291,0.06,ok,,0,labels_10
strogatz_glider2,regression,400,2,False,A11 A21 A31 A41 A54 A61,,LM4,Lasso Regression,True,,18.0,-0.0530573647977788,0.0655213519956305,0.07,ok,,0,labels_10
strogatz_glider2,regression,400,2,False,A11 A21 A31 A41 A54 A61,,LM5,Elastic Net,True,,19.0,0.2031204423306229,0.0374375222629804,0.05,ok,,0,labels_10
strogatz_glider2,regression,400,2,False,A11 A21 A31 A41 A54 A61,,LM6,Polynomial Regression,True,,15.0,0.7386177273911418,0.0848054386756786,0.06,ok,,0,labels_10
strogatz_glider2,regression,400,2,False,A11 A21 A31 A41 A54 A61,,LM7,Bayesian Linear Regression,True,,12.0,0.6415472386184258,0.1317673858282229,0.05,ok,,0,labels_10
strogatz_glider2,regression,400,2,False,A11 A21 A31 A41 A54 A61,,TR1,Decision Tree,True,,10.0,0.7584544101750398,0.1534112328932847,0.08,ok,,0,labels_10
strogatz_glider2,regression,400,2,False,A11 A21 A31 A41 A54 A61,,TR2,Random Forest,True,,4.0,0.8799274647908704,0.0680696943583473,2.22,ok,,0,labels_10
strogatz_glider2,regression,400,2,False,A11 A21 A31 A41 A54 A61,,TR3,Extra Trees,True,,2.0,0.8876581228213156,0.0614078284098725,1.62,ok,,0,labels_10
strogatz_glider2,regression,400,2,False,A11 A21 A31 A41 A54 A61,,EN1,AdaBoost,True,,7.0,0.7291301765288173,0.0618199476687894,0.23,ok,,0,labels_10
strogatz_glider2,regression,400,2,False,A11 A21 A31 A41 A54 A61,,EN2,Gradient Boosting (GBM),True,,1.0,0.8796367468472817,0.0818225306686754,0.49,ok,,0,labels_10
strogatz_glider2,regression,400,2,False,A11 A21 A31 A41 A54 A61,,EN6,Stacking,True,,6.0,0.8324844766929281,0.0705491696812452,0.48,ok,,0,labels_10
strogatz_glider2,regression,400,2,False,A11 A21 A31 A41 A54 A61,,EN7,Voting Ensemble,True,,8.0,0.8506973849952415,0.029831222369678,0.15,ok,,0,labels_10
strogatz_glider2,regression,400,2,False,A11 A21 A31 A41 A54 A61,,SV1,SVM (linear),True,,17.0,0.636475650580507,0.1839103723678434,0.05,ok,,0,labels_10
strogatz_glider2,regression,400,2,False,A11 A21 A31 A41 A54 A61,,SV2,Kernel SVM (RBF/Poly),True,,11.0,0.8158461503781907,0.0762287767226707,0.08,ok,,0,labels_10
strogatz_glider2,regression,400,2,False,A11 A21 A31 A41 A54 A61,,IB1,k-Nearest Neighbors,True,,13.0,0.8385415817549766,0.1037534759983275,0.06,ok,,0,labels_10
strogatz_glider2,regression,400,2,False,A11 A21 A31 A41 A54 A61,,NN2,MLP (Feedforward),True,,9.0,0.7698598756298203,0.0849169574880512,1.6,ok,,0,labels_10
strogatz_glider2,regression,400,2,False,A11 A21 A31 A41 A54 A61,,EN3,XGBoost,True,,5.0,0.8378491993179964,0.0670013184554617,0.39,ok,,0,labels_10
strogatz_glider2,regression,400,2,False,A11 A21 A31 A41 A54 A61,,EN4,LightGBM,True,,3.0,0.8349335659897198,0.0758266078279464,0.34,ok,,0,labels_10
strogatz_glider2,regression,400,2,False,A11 A21 A31 A41 A54 A61,,BASE-HGB,Histogram Gradient Boosting (baseline),False,,,0.8407309284724096,0.0719740436067617,0.45,ok,,0,labels_10
strogatz_vdp2,regression,400,2,False,A11 A21 A31 A41 A53 A61,,LM1,Linear Regression,True,,16.0,0.9840179843867208,0.0017421978218821,0.05,ok,,0,labels_10
strogatz_vdp2,regression,400,2,False,A11 A21 A31 A41 A53 A61,,LM3,Ridge Regression,True,,14.0,0.9833595436711904,0.0017384771671859,0.05,ok,,0,labels_10
strogatz_vdp2,regression,400,2,False,A11 A21 A31 A41 A53 A61,,LM4,Lasso Regression,True,,18.0,-0.0056412435892502,0.0097582509085174,0.05,ok,,0,labels_10
strogatz_vdp2,regression,400,2,False,A11 A21 A31 A41 A53 A61,,LM5,Elastic Net,True,,19.0,-0.0056412435892502,0.0097582509085174,0.05,ok,,0,labels_10
strogatz_vdp2,regression,400,2,False,A11 A21 A31 A41 A53 A61,,LM6,Polynomial Regression,True,,15.0,0.9822246337518225,0.001427486006826,0.05,ok,,0,labels_10
strogatz_vdp2,regression,400,2,False,A11 A21 A31 A41 A53 A61,,LM7,Bayesian Linear Regression,True,,12.0,0.9837195879227384,0.0017504578599637,0.05,ok,,0,labels_10
strogatz_vdp2,regression,400,2,False,A11 A21 A31 A41 A53 A61,,TR1,Decision Tree,True,,10.0,0.7832935681362653,0.1487475046102353,0.05,ok,,0,labels_10
strogatz_vdp2,regression,400,2,False,A11 A21 A31 A41 A53 A61,,TR2,Random Forest,True,,4.0,0.899394808353603,0.0648966668242847,1.95,ok,,0,labels_10
strogatz_vdp2,regression,400,2,False,A11 A21 A31 A41 A53 A61,,TR3,Extra Trees,True,,2.0,0.8863310290493187,0.0859763715114357,1.46,ok,,0,labels_10
strogatz_vdp2,regression,400,2,False,A11 A21 A31 A41 A53 A61,,EN1,AdaBoost,True,,7.0,0.798971077019867,0.0318099552092003,0.2,ok,,0,labels_10
strogatz_vdp2,regression,400,2,False,A11 A21 A31 A41 A53 A61,,EN2,Gradient Boosting (GBM),True,,1.0,0.8757478465560521,0.0782374065318305,0.38,ok,,0,labels_10
strogatz_vdp2,regression,400,2,False,A11 A21 A31 A41 A53 A61,,EN6,Stacking,True,,6.0,0.9179305781316784,0.0146040815345101,0.48,ok,,0,labels_10
strogatz_vdp2,regression,400,2,False,A11 A21 A31 A41 A53 A61,,EN7,Voting Ensemble,True,,8.0,0.9574086300674814,0.0210515572956639,0.19,ok,,0,labels_10
strogatz_vdp2,regression,400,2,False,A11 A21 A31 A41 A53 A61,,SV1,SVM (linear),True,,17.0,0.9999999999999024,1.9544366251634297e-13,0.08,ok,,0,labels_10
strogatz_vdp2,regression,400,2,False,A11 A21 A31 A41 A53 A61,,SV2,Kernel SVM (RBF/Poly),True,,11.0,0.3049439400178929,0.0534987919656692,0.07,ok,,0,labels_10
strogatz_vdp2,regression,400,2,False,A11 A21 A31 A41 A53 A61,,IB1,k-Nearest Neighbors,True,,13.0,0.9557993648861146,0.0118031282270271,0.05,ok,,0,labels_10
strogatz_vdp2,regression,400,2,False,A11 A21 A31 A41 A53 A61,,NN2,MLP (Feedforward),True,,9.0,0.9601968887455204,0.0064579285931035,0.22,ok,,0,labels_10
strogatz_vdp2,regression,400,2,False,A11 A21 A31 A41 A53 A61,,EN3,XGBoost,True,,5.0,0.8494948294978386,0.0952436158494996,0.2,ok,,0,labels_10
strogatz_vdp2,regression,400,2,False,A11 A21 A31 A41 A53 A61,,EN4,LightGBM,True,,3.0,0.9635433729430848,0.0084524247982913,0.47,ok,,0,labels_10
strogatz_vdp2,regression,400,2,False,A11 A21 A31 A41 A53 A61,,BASE-HGB,Histogram Gradient Boosting (baseline),False,,,0.9635090377263448,0.0084065308074577,0.42,ok,,0,labels_10
556_analcatdata_apnea2,regression,475,3,False,A11 A21 A38 A41 A54 A61,,LM1,Linear Regression,True,,16.0,0.2303891042252904,0.1529375575105941,0.09,ok,,0,labels_10
556_analcatdata_apnea2,regression,475,3,False,A11 A21 A38 A41 A54 A61,,LM3,Ridge Regression,True,,14.0,0.2315995930621907,0.1489281721877361,0.1,ok,,0,labels_10
556_analcatdata_apnea2,regression,475,3,False,A11 A21 A38 A41 A54 A61,,LM4,Lasso Regression,True,,18.0,0.2305313864462362,0.1522800926311901,0.14,ok,,0,labels_10
556_analcatdata_apnea2,regression,475,3,False,A11 A21 A38 A41 A54 A61,,LM5,Elastic Net,True,,19.0,0.1164613881005616,0.0246337335040629,0.1,ok,,0,labels_10
556_analcatdata_apnea2,regression,475,3,False,A11 A21 A38 A41 A54 A61,,LM6,Polynomial Regression,True,,15.0,0.8715544663335673,0.0269205778091779,0.12,ok,,0,labels_10
556_analcatdata_apnea2,regression,475,3,False,A11 A21 A38 A41 A54 A61,,LM7,Bayesian Linear Regression,True,,12.0,0.2331148596901648,0.1353355149510302,0.12,ok,,0,labels_10
556_analcatdata_apnea2,regression,475,3,False,A11 A21 A38 A41 A54 A61,,TR1,Decision Tree,True,,10.0,0.6803821295942102,0.1613157949128896,0.08,ok,,0,labels_10
556_analcatdata_apnea2,regression,475,3,False,A11 A21 A38 A41 A54 A61,,TR2,Random Forest,True,,4.0,0.8349701662005351,0.076870483978646,1.86,ok,,0,labels_10
556_analcatdata_apnea2,regression,475,3,False,A11 A21 A38 A41 A54 A61,,TR3,Extra Trees,True,,2.0,0.8008533822578696,0.0971703466916663,1.57,ok,,0,labels_10
556_analcatdata_apnea2,regression,475,3,False,A11 A21 A38 A41 A54 A61,,EN1,AdaBoost,True,,7.0,0.686962823590463,0.198541274059248,0.36,ok,,0,labels_10
556_analcatdata_apnea2,regression,475,3,False,A11 A21 A38 A41 A54 A61,,EN2,Gradient Boosting (GBM),True,,1.0,0.8460509723571075,0.0406310754479278,0.44,ok,,0,labels_10
556_analcatdata_apnea2,regression,475,3,False,A11 A21 A38 A41 A54 A61,,EN6,Stacking,True,,6.0,0.8293763640813359,0.035362722840321,0.51,ok,,0,labels_10
556_analcatdata_apnea2,regression,475,3,False,A11 A21 A38 A41 A54 A61,,EN7,Voting Ensemble,True,,8.0,0.7547163177180446,0.0666988745471145,0.19,ok,,0,labels_10
556_analcatdata_apnea2,regression,475,3,False,A11 A21 A38 A41 A54 A61,,SV1,SVM (linear),True,,17.0,-0.0688587863513347,0.0275531535728466,0.09,ok,,0,labels_10
556_analcatdata_apnea2,regression,475,3,False,A11 A21 A38 A41 A54 A61,,SV2,Kernel SVM (RBF/Poly),True,,11.0,-0.0721568985960273,0.0270761018266851,0.14,ok,,0,labels_10
556_analcatdata_apnea2,regression,475,3,False,A11 A21 A38 A41 A54 A61,,IB1,k-Nearest Neighbors,True,,13.0,0.8387385199527321,0.0312376753431825,0.09,ok,,0,labels_10
556_analcatdata_apnea2,regression,475,3,False,A11 A21 A38 A41 A54 A61,,NN2,MLP (Feedforward),True,,9.0,0.0116892112869254,0.023693264738744,3.88,ok,,0,labels_10
556_analcatdata_apnea2,regression,475,3,False,A11 A21 A38 A41 A54 A61,,EN3,XGBoost,True,,5.0,0.7572722237055751,0.1265137047937446,0.26,ok,,0,labels_10
556_analcatdata_apnea2,regression,475,3,False,A11 A21 A38 A41 A54 A61,,EN4,LightGBM,True,,3.0,0.667046632531748,0.0733246599991694,0.53,ok,,0,labels_10
556_analcatdata_apnea2,regression,475,3,False,A11 A21 A38 A41 A54 A61,,BASE-HGB,Histogram Gradient Boosting (baseline),False,,,0.667046632531748,0.0733246599991694,0.58,ok,,0,labels_10
645_fri_c3_500_50,regression,500,50,False,A11 A21 A31 A41 A53 A61,,LM1,Linear Regression,True,,16.0,0.1675559865756504,0.0746921459808824,0.1,ok,,0,labels_10
645_fri_c3_500_50,regression,500,50,False,A11 A21 A31 A41 A53 A61,,LM3,Ridge Regression,True,,14.0,0.1673674908455835,0.074633526458526,0.12,ok,,0,labels_10
645_fri_c3_500_50,regression,500,50,False,A11 A21 A31 A41 A53 A61,,LM4,Lasso Regression,True,,18.0,-0.0193994626446739,0.0241553884645415,0.09,ok,,0,labels_10
645_fri_c3_500_50,regression,500,50,False,A11 A21 A31 A41 A53 A61,,LM5,Elastic Net,True,,19.0,-0.0193994626446739,0.0241553884645415,0.09,ok,,0,labels_10
645_fri_c3_500_50,regression,500,50,False,A11 A21 A31 A41 A53 A61,,LM6,Polynomial Regression,True,,15.0,-0.0857236095678192,0.1989660048209669,0.19,ok,,0,labels_10
645_fri_c3_500_50,regression,500,50,False,A11 A21 A31 A41 A53 A61,,LM7,Bayesian Linear Regression,True,,12.0,0.1684330874431316,0.0522336296895781,0.11,ok,,0,labels_10
645_fri_c3_500_50,regression,500,50,False,A11 A21 A31 A41 A53 A61,,TR1,Decision Tree,True,,10.0,0.4414447668746566,0.0779896910082381,0.32,ok,,0,labels_10
645_fri_c3_500_50,regression,500,50,False,A11 A21 A31 A41 A53 A61,,TR2,Random Forest,True,,4.0,0.7392017327819297,0.0442085327996462,10.22,ok,,0,labels_10
645_fri_c3_500_50,regression,500,50,False,A11 A21 A31 A41 A53 A61,,TR3,Extra Trees,True,,2.0,0.7079318006423592,0.0482436007860978,6.06,ok,,0,labels_10
645_fri_c3_500_50,regression,500,50,False,A11 A21 A31 A41 A53 A61,,EN1,AdaBoost,True,,7.0,0.5041496225484878,0.0539239514117988,1.47,ok,,0,labels_10
645_fri_c3_500_50,regression,500,50,False,A11 A21 A31 A41 A53 A61,,EN2,Gradient Boosting (GBM),True,,1.0,0.7498661630325371,0.0306313417781983,3.43,ok,,0,labels_10
645_fri_c3_500_50,regression,500,50,False,A11 A21 A31 A41 A53 A61,,EN6,Stacking,True,,6.0,0.5856507601002228,0.0754564479486789,0.75,ok,,0,labels_10
645_fri_c3_500_50,regression,500,50,False,A11 A21 A31 A41 A53 A61,,EN7,Voting Ensemble,True,,8.0,0.4985712642387397,0.0620306126514678,0.3,ok,,0,labels_10
645_fri_c3_500_50,regression,500,50,False,A11 A21 A31 A41 A53 A61,,SV1,SVM (linear),True,,17.0,0.0895666630395666,0.1595920512866159,0.38,ok,,0,labels_10
645_fri_c3_500_50,regression,500,50,False,A11 A21 A31 A41 A53 A61,,SV2,Kernel SVM (RBF/Poly),True,,11.0,0.1518461854260539,0.0895588423461565,0.21,ok,,0,labels_10
645_fri_c3_500_50,regression,500,50,False,A11 A21 A31 A41 A53 A61,,IB1,k-Nearest Neighbors,True,,13.0,0.1085496017448568,0.0698198879396524,0.1,ok,,0,labels_10
645_fri_c3_500_50,regression,500,50,False,A11 A21 A31 A41 A53 A61,,NN2,MLP (Feedforward),True,,9.0,-0.194856261134997,0.1992871248200317,1.74,ok,,0,labels_10
645_fri_c3_500_50,regression,500,50,False,A11 A21 A31 A41 A53 A61,,EN3,XGBoost,True,,5.0,0.7047072573891221,0.0083151203439007,3.92,ok,,0,labels_10
645_fri_c3_500_50,regression,500,50,False,A11 A21 A31 A41 A53 A61,,EN4,LightGBM,True,,3.0,0.7475514506211436,0.0564354065542349,2.24,ok,,0,labels_10
645_fri_c3_500_50,regression,500,50,False,A11 A21 A31 A41 A53 A61,,BASE-HGB,Histogram Gradient Boosting (baseline),False,,,0.7533801717710984,0.0489430351701902,1.43,ok,,0,labels_10
627_fri_c2_500_10,regression,500,10,False,A11 A21 A31 A41 A53 A61,,LM1,Linear Regression,True,,16.0,0.2356200880977469,0.0790040027349285,0.06,ok,,0,labels_10
627_fri_c2_500_10,regression,500,10,False,A11 A21 A31 A41 A53 A61,,LM3,Ridge Regression,True,,14.0,0.235654613817278,0.0786582502632986,0.07,ok,,0,labels_10
627_fri_c2_500_10,regression,500,10,False,A11 A21 A31 A41 A53 A61,,LM4,Lasso Regression,True,,18.0,-0.0057802868214467,0.0062911052000486,0.06,ok,,0,labels_10
627_fri_c2_500_10,regression,500,10,False,A11 A21 A31 A41 A53 A61,,LM5,Elastic Net,True,,19.0,-0.0057802868214467,0.0062911052000486,0.06,ok,,0,labels_10
627_fri_c2_500_10,regression,500,10,False,A11 A21 A31 A41 A53 A61,,LM6,Polynomial Regression,True,,15.0,0.1497677883438038,0.0795703348480991,0.07,ok,,0,labels_10
627_fri_c2_500_10,regression,500,10,False,A11 A21 A31 A41 A53 A61,,LM7,Bayesian Linear Regression,True,,12.0,0.231282252118001,0.0688159269913234,0.06,ok,,0,labels_10
627_fri_c2_500_10,regression,500,10,False,A11 A21 A31 A41 A53 A61,,TR1,Decision Tree,True,,10.0,0.4570975362333119,0.1471769268624934,0.07,ok,,0,labels_10
627_fri_c2_500_10,regression,500,10,False,A11 A21 A31 A41 A53 A61,,TR2,Random Forest,True,,4.0,0.8076896491151198,0.0291688094426788,3.36,ok,,0,labels_10
627_fri_c2_500_10,regression,500,10,False,A11 A21 A31 A41 A53 A61,,TR3,Extra Trees,True,,2.0,0.8141586073345511,0.032169199304464,2.43,ok,,0,labels_10
627_fri_c2_500_10,regression,500,10,False,A11 A21 A31 A41 A53 A61,,EN1,AdaBoost,True,,7.0,0.6148919799046165,0.0891980816256003,0.57,ok,,0,labels_10
627_fri_c2_500_10,regression,500,10,False,A11 A21 A31 A41 A53 A61,,EN2,Gradient Boosting (GBM),True,,1.0,0.8302787446461728,0.035453414446492,0.94,ok,,0,labels_10
627_fri_c2_500_10,regression,500,10,False,A11 A21 A31 A41 A53 A61,,EN6,Stacking,True,,6.0,0.6114724280981366,0.0894168199975471,0.65,ok,,0,labels_10
627_fri_c2_500_10,regression,500,10,False,A11 A21 A31 A41 A53 A61,,EN7,Voting Ensemble,True,,8.0,0.5458965302771459,0.0845081846724493,0.28,ok,,0,labels_10
627_fri_c2_500_10,regression,500,10,False,A11 A21 A31 A41 A53 A61,,SV1,SVM (linear),True,,17.0,0.191235527656805,0.0549060828900564,0.15,ok,,0,labels_10
627_fri_c2_500_10,regression,500,10,False,A11 A21 A31 A41 A53 A61,,SV2,Kernel SVM (RBF/Poly),True,,11.0,0.3965132747862857,0.1035905521301141,0.11,ok,,0,labels_10
627_fri_c2_500_10,regression,500,10,False,A11 A21 A31 A41 A53 A61,,IB1,k-Nearest Neighbors,True,,13.0,0.3275341830845044,0.1319468243694857,0.08,ok,,0,labels_10
627_fri_c2_500_10,regression,500,10,False,A11 A21 A31 A41 A53 A61,,NN2,MLP (Feedforward),True,,9.0,0.5949058224577921,0.0667351614060218,4.63,ok,,0,labels_10
627_fri_c2_500_10,regression,500,10,False,A11 A21 A31 A41 A53 A61,,EN3,XGBoost,True,,5.0,0.7916101176337941,0.0478200119534584,1.45,ok,,0,labels_10
627_fri_c2_500_10,regression,500,10,False,A11 A21 A31 A41 A53 A61,,EN4,LightGBM,True,,3.0,0.8135648585820221,0.0300632627259244,3.82,ok,,0,labels_10
627_fri_c2_500_10,regression,500,10,False,A11 A21 A31 A41 A53 A61,,BASE-HGB,Histogram Gradient Boosting (baseline),False,,,0.813019206179105,0.039986167180997,0.96,ok,,0,labels_10
581_fri_c3_500_25,regression,500,25,False,A11 A21 A31 A41 A53 A61,,LM1,Linear Regression,True,,16.0,0.2000991000762285,0.0787506659560551,0.09,ok,,0,labels_10
581_fri_c3_500_25,regression,500,25,False,A11 A21 A31 A41 A53 A61,,LM3,Ridge Regression,True,,14.0,0.2005359019602278,0.0766380493310341,0.13,ok,,0,labels_10
581_fri_c3_500_25,regression,500,25,False,A11 A21 A31 A41 A53 A61,,LM4,Lasso Regression,True,,18.0,-0.0313843427172916,0.0336283014228021,0.07,ok,,0,labels_10
581_fri_c3_500_25,regression,500,25,False,A11 A21 A31 A41 A53 A61,,LM5,Elastic Net,True,,19.0,-0.0313843427172916,0.0336283014228021,0.08,ok,,0,labels_10
581_fri_c3_500_25,regression,500,25,False,A11 A21 A31 A41 A53 A61,,LM6,Polynomial Regression,True,,15.0,-2.948752556843913,0.6123014034319338,0.14,ok,,0,labels_10
581_fri_c3_500_25,regression,500,25,False,A11 A21 A31 A41 A53 A61,,LM7,Bayesian Linear Regression,True,,12.0,0.1814696075786862,0.0387983690123824,0.08,ok,,0,labels_10
581_fri_c3_500_25,regression,500,25,False,A11 A21 A31 A41 A53 A61,,TR1,Decision Tree,True,,10.0,0.4700167088981187,0.1207658690376204,0.16,ok,,0,labels_10
581_fri_c3_500_25,regression,500,25,False,A11 A21 A31 A41 A53 A61,,TR2,Random Forest,True,,4.0,0.799842367345614,0.0331515107006895,6.5,ok,,0,labels_10
581_fri_c3_500_25,regression,500,25,False,A11 A21 A31 A41 A53 A61,,TR3,Extra Trees,True,,2.0,0.795639662902588,0.0365015182849027,3.7,ok,,0,labels_10
581_fri_c3_500_25,regression,500,25,False,A11 A21 A31 A41 A53 A61,,EN1,AdaBoost,True,,7.0,0.6162971200825557,0.0360946501922737,0.87,ok,,0,labels_10
581_fri_c3_500_25,regression,500,25,False,A11 A21 A31 A41 A53 A61,,EN2,Gradient Boosting (GBM),True,,1.0,0.7988551686471087,0.0538276061077798,1.8,ok,,0,labels_10
581_fri_c3_500_25,regression,500,25,False,A11 A21 A31 A41 A53 A61,,EN6,Stacking,True,,6.0,0.5931368133945312,0.0631881274428348,0.58,ok,,0,labels_10
581_fri_c3_500_25,regression,500,25,False,A11 A21 A31 A41 A53 A61,,EN7,Voting Ensemble,True,,8.0,0.5259715983492215,0.049611139862629,0.22,ok,,0,labels_10
581_fri_c3_500_25,regression,500,25,False,A11 A21 A31 A41 A53 A61,,SV1,SVM (linear),True,,17.0,0.1060028361477033,0.0875386129752442,0.12,ok,,0,labels_10
581_fri_c3_500_25,regression,500,25,False,A11 A21 A31 A41 A53 A61,,SV2,Kernel SVM (RBF/Poly),True,,11.0,0.2066945147734273,0.0454910686633978,0.14,ok,,0,labels_10
581_fri_c3_500_25,regression,500,25,False,A11 A21 A31 A41 A53 A61,,IB1,k-Nearest Neighbors,True,,13.0,0.2122908889919805,0.0523527230179334,0.07,ok,,0,labels_10
581_fri_c3_500_25,regression,500,25,False,A11 A21 A31 A41 A53 A61,,NN2,MLP (Feedforward),True,,9.0,-0.314564559549572,0.1234524591972324,2.69,ok,,0,labels_10
581_fri_c3_500_25,regression,500,25,False,A11 A21 A31 A41 A53 A61,,EN3,XGBoost,True,,5.0,0.8083202161341194,0.0109214044675047,2.24,ok,,0,labels_10
581_fri_c3_500_25,regression,500,25,False,A11 A21 A31 A41 A53 A61,,EN4,LightGBM,True,,3.0,0.8196188208223406,0.0154547597335329,1.08,ok,,0,labels_10
581_fri_c3_500_25,regression,500,25,False,A11 A21 A31 A41 A53 A61,,BASE-HGB,Histogram Gradient Boosting (baseline),False,,,0.8118162096332266,0.0219183874439756,0.95,ok,,0,labels_10
641_fri_c1_500_10,regression,500,10,False,A11 A21 A31 A41 A53 A61,,LM1,Linear Regression,True,,16.0,0.2404886196396479,0.049299196127143,0.07,ok,,0,labels_10
641_fri_c1_500_10,regression,500,10,False,A11 A21 A31 A41 A53 A61,,LM3,Ridge Regression,True,,14.0,0.2407724868597178,0.0489775562252902,0.06,ok,,0,labels_10
641_fri_c1_500_10,regression,500,10,False,A11 A21 A31 A41 A53 A61,,LM4,Lasso Regression,True,,18.0,-0.0184340675384644,0.0170541024719029,0.06,ok,,0,labels_10
641_fri_c1_500_10,regression,500,10,False,A11 A21 A31 A41 A53 A61,,LM5,Elastic Net,True,,19.0,-0.0184340675384644,0.0170541024719029,0.05,ok,,0,labels_10
641_fri_c1_500_10,regression,500,10,False,A11 A21 A31 A41 A53 A61,,LM6,Polynomial Regression,True,,15.0,0.1486898591610036,0.0258339168507772,0.07,ok,,0,labels_10
641_fri_c1_500_10,regression,500,10,False,A11 A21 A31 A41 A53 A61,,LM7,Bayesian Linear Regression,True,,12.0,0.2374890715059038,0.0448701688357176,0.06,ok,,0,labels_10
641_fri_c1_500_10,regression,500,10,False,A11 A21 A31 A41 A53 A61,,TR1,Decision Tree,True,,10.0,0.326378181147483,0.1649982876135299,0.07,ok,,0,labels_10
641_fri_c1_500_10,regression,500,10,False,A11 A21 A31 A41 A53 A61,,TR2,Random Forest,True,,4.0,0.8049001927658962,0.0207697220994414,3.84,ok,,0,labels_10
641_fri_c1_500_10,regression,500,10,False,A11 A21 A31 A41 A53 A61,,TR3,Extra Trees,True,,2.0,0.8317855824228857,0.018350112148043,2.38,ok,,0,labels_10
641_fri_c1_500_10,regression,500,10,False,A11 A21 A31 A41 A53 A61,,EN1,AdaBoost,True,,7.0,0.6077316331909541,0.0374767825170109,0.6,ok,,0,labels_10
641_fri_c1_500_10,regression,500,10,False,A11 A21 A31 A41 A53 A61,,EN2,Gradient Boosting (GBM),True,,1.0,0.8274300231041309,0.0253759877150348,0.86,ok,,0,labels_10
641_fri_c1_500_10,regression,500,10,False,A11 A21 A31 A41 A53 A61,,EN6,Stacking,True,,6.0,0.5870527181554477,0.0875941549853615,0.48,ok,,0,labels_10
641_fri_c1_500_10,regression,500,10,False,A11 A21 A31 A41 A53 A61,,EN7,Voting Ensemble,True,,8.0,0.5337289431304721,0.0544323708598054,0.16,ok,,0,labels_10
641_fri_c1_500_10,regression,500,10,False,A11 A21 A31 A41 A53 A61,,SV1,SVM (linear),True,,17.0,0.1916358731892928,0.0746320363576788,0.08,ok,,0,labels_10
641_fri_c1_500_10,regression,500,10,False,A11 A21 A31 A41 A53 A61,,SV2,Kernel SVM (RBF/Poly),True,,11.0,0.4138961457953505,0.029616157711172,0.12,ok,,0,labels_10
641_fri_c1_500_10,regression,500,10,False,A11 A21 A31 A41 A53 A61,,IB1,k-Nearest Neighbors,True,,13.0,0.3401004879150776,0.0317475451604601,0.11,ok,,0,labels_10
641_fri_c1_500_10,regression,500,10,False,A11 A21 A31 A41 A53 A61,,NN2,MLP (Feedforward),True,,9.0,0.6989783173911311,0.0321513278749781,5.82,ok,,0,labels_10
641_fri_c1_500_10,regression,500,10,False,A11 A21 A31 A41 A53 A61,,EN3,XGBoost,True,,5.0,0.7721394474730994,0.0223192614678445,1.48,ok,,0,labels_10
641_fri_c1_500_10,regression,500,10,False,A11 A21 A31 A41 A53 A61,,EN4,LightGBM,True,,3.0,0.832550731643314,0.0187387958602067,1.95,ok,,0,labels_10
641_fri_c1_500_10,regression,500,10,False,A11 A21 A31 A41 A53 A61,,BASE-HGB,Histogram Gradient Boosting (baseline),False,,,0.8236923140023343,0.0258489843667822,0.77,ok,,0,labels_10
589_fri_c2_1000_25,regression,1000,25,False,A11 A21 A31 A41 A53 A61,,LM1,Linear Regression,True,,16.0,0.2624930168770706,0.0591000795304794,0.14,ok,,0,labels_10
589_fri_c2_1000_25,regression,1000,25,False,A11 A21 A31 A41 A53 A61,,LM3,Ridge Regression,True,,14.0,0.2624395098872705,0.0589969116817095,0.09,ok,,0,labels_10
589_fri_c2_1000_25,regression,1000,25,False,A11 A21 A31 A41 A53 A61,,LM4,Lasso Regression,True,,18.0,-0.0186339125729475,0.0208113050750938,0.11,ok,,0,labels_10
589_fri_c2_1000_25,regression,1000,25,False,A11 A21 A31 A41 A53 A61,,LM5,Elastic Net,True,,19.0,-0.0186339125729475,0.0208113050750938,0.09,ok,,0,labels_10
589_fri_c2_1000_25,regression,1000,25,False,A11 A21 A31 A41 A53 A61,,LM6,Polynomial Regression,True,,15.0,-0.2478143163239932,0.1704097400532719,0.15,ok,,0,labels_10
589_fri_c2_1000_25,regression,1000,25,False,A11 A21 A31 A41 A53 A61,,LM7,Bayesian Linear Regression,True,,12.0,0.2543114064366351,0.0518295826374963,0.09,ok,,0,labels_10
589_fri_c2_1000_25,regression,1000,25,False,A11 A21 A31 A41 A53 A61,,TR1,Decision Tree,True,,10.0,0.5851598799495232,0.0295971794233567,0.24,ok,,0,labels_10
589_fri_c2_1000_25,regression,1000,25,False,A11 A21 A31 A41 A53 A61,,TR2,Random Forest,True,,4.0,0.8464528688150686,0.0159343380206616,10.57,ok,,0,labels_10
589_fri_c2_1000_25,regression,1000,25,False,A11 A21 A31 A41 A53 A61,,TR3,Extra Trees,True,,2.0,0.8631313452725881,0.018017939188466,5.8,ok,,0,labels_10
589_fri_c2_1000_25,regression,1000,25,False,A11 A21 A31 A41 A53 A61,,EN1,AdaBoost,True,,7.0,0.636741708438893,0.0500994963397305,1.31,ok,,0,labels_10
589_fri_c2_1000_25,regression,1000,25,False,A11 A21 A31 A41 A53 A61,,EN2,Gradient Boosting (GBM),True,,1.0,0.8776627945131643,0.0172118612308351,3.14,ok,,0,labels_10
589_fri_c2_1000_25,regression,1000,25,False,A11 A21 A31 A41 A53 A61,,EN6,Stacking,True,,6.0,0.713238458817001,0.0317479909716376,0.76,ok,,0,labels_10
589_fri_c2_1000_25,regression,1000,25,False,A11 A21 A31 A41 A53 A61,,EN7,Voting Ensemble,True,,8.0,0.5802266147184424,0.0322914476611498,0.25,ok,,0,labels_10
589_fri_c2_1000_25,regression,1000,25,False,A11 A21 A31 A41 A53 A61,,SV1,SVM (linear),True,,17.0,0.2070309356038841,0.0701961230919546,0.15,ok,,0,labels_10
589_fri_c2_1000_25,regression,1000,25,False,A11 A21 A31 A41 A53 A61,,SV2,Kernel SVM (RBF/Poly),True,,11.0,0.2894708048960083,0.0862480566716875,0.54,ok,,0,labels_10
589_fri_c2_1000_25,regression,1000,25,False,A11 A21 A31 A41 A53 A61,,IB1,k-Nearest Neighbors,True,,13.0,0.2585213389457714,0.0801410400435498,0.08,ok,,0,labels_10
589_fri_c2_1000_25,regression,1000,25,False,A11 A21 A31 A41 A53 A61,,NN2,MLP (Feedforward),True,,9.0,-0.2329997304793367,0.1522776819723935,7.35,ok,,0,labels_10
589_fri_c2_1000_25,regression,1000,25,False,A11 A21 A31 A41 A53 A61,,EN3,XGBoost,True,,5.0,0.8558472168241256,0.0149458472088621,3.58,ok,,0,labels_10
589_fri_c2_1000_25,regression,1000,25,False,A11 A21 A31 A41 A53 A61,,EN4,LightGBM,True,,3.0,0.8715520963632422,0.0160382452885922,4.23,ok,,0,labels_10
589_fri_c2_1000_25,regression,1000,25,False,A11 A21 A31 A41 A53 A61,,BASE-HGB,Histogram Gradient Boosting (baseline),False,,,0.8695269647662567,0.0119746412859375,1.66,ok,,0,labels_10
598_fri_c0_1000_25,regression,1000,25,False,A11 A21 A31 A41 A53 A61,,LM1,Linear Regression,True,,16.0,0.6730235836037736,0.0242949282116473,0.09,ok,,0,labels_10
598_fri_c0_1000_25,regression,1000,25,False,A11 A21 A31 A41 A53 A61,,LM3,Ridge Regression,True,,14.0,0.6728929684254592,0.0243110679946333,0.07,ok,,0,labels_10
598_fri_c0_1000_25,regression,1000,25,False,A11 A21 A31 A41 A53 A61,,LM4,Lasso Regression,True,,18.0,-0.0015466890118239,0.0013115936008356,0.07,ok,,0,labels_10
598_fri_c0_1000_25,regression,1000,25,False,A11 A21 A31 A41 A53 A61,,LM5,Elastic Net,True,,19.0,0.0084879500519669,0.0105884818172167,0.09,ok,,0,labels_10
598_fri_c0_1000_25,regression,1000,25,False,A11 A21 A31 A41 A53 A61,,LM6,Polynomial Regression,True,,15.0,0.6412481858048531,0.0363250688437985,0.16,ok,,0,labels_10
598_fri_c0_1000_25,regression,1000,25,False,A11 A21 A31 A41 A53 A61,,LM7,Bayesian Linear Regression,True,,12.0,0.6700512533151681,0.0247714860036973,0.08,ok,,0,labels_10
598_fri_c0_1000_25,regression,1000,25,False,A11 A21 A31 A41 A53 A61,,TR1,Decision Tree,True,,10.0,0.3517885296851498,0.1014003459312946,0.16,ok,,0,labels_10
598_fri_c0_1000_25,regression,1000,25,False,A11 A21 A31 A41 A53 A61,,TR2,Random Forest,True,,4.0,0.7640491919910144,0.0150723769210732,10.2,ok,,0,labels_10
598_fri_c0_1000_25,regression,1000,25,False,A11 A21 A31 A41 A53 A61,,TR3,Extra Trees,True,,2.0,0.7726611463408967,0.0154655115926843,6.06,ok,,0,labels_10
598_fri_c0_1000_25,regression,1000,25,False,A11 A21 A31 A41 A53 A61,,EN1,AdaBoost,True,,7.0,0.6468885748563147,0.0257517360888578,1.4,ok,,0,labels_10
598_fri_c0_1000_25,regression,1000,25,False,A11 A21 A31 A41 A53 A61,,EN2,Gradient Boosting (GBM),True,,1.0,0.8357042361336825,0.0246576287247787,3.64,ok,,0,labels_10
598_fri_c0_1000_25,regression,1000,25,False,A11 A21 A31 A41 A53 A61,,EN6,Stacking,True,,6.0,0.7226361346777608,0.0214201319162984,0.76,ok,,0,labels_10
598_fri_c0_1000_25,regression,1000,25,False,A11 A21 A31 A41 A53 A61,,EN7,Voting Ensemble,True,,8.0,0.6671339329565755,0.0174041425926686,0.24,ok,,0,labels_10
598_fri_c0_1000_25,regression,1000,25,False,A11 A21 A31 A41 A53 A61,,SV1,SVM (linear),True,,17.0,0.6824746781967809,0.0233114093501436,0.18,ok,,0,labels_10
598_fri_c0_1000_25,regression,1000,25,False,A11 A21 A31 A41 A53 A61,,SV2,Kernel SVM (RBF/Poly),True,,11.0,0.7238357161175513,0.0231564341901958,0.36,ok,,0,labels_10
598_fri_c0_1000_25,regression,1000,25,False,A11 A21 A31 A41 A53 A61,,IB1,k-Nearest Neighbors,True,,13.0,0.3486375360175618,0.0340481175175929,0.09,ok,,0,labels_10
598_fri_c0_1000_25,regression,1000,25,False,A11 A21 A31 A41 A53 A61,,NN2,MLP (Feedforward),True,,9.0,0.6076472573556158,0.0200257841243005,5.46,ok,,0,labels_10
598_fri_c0_1000_25,regression,1000,25,False,A11 A21 A31 A41 A53 A61,,EN3,XGBoost,True,,5.0,0.7818565005362924,0.0161836400615389,3.02,ok,,0,labels_10
598_fri_c0_1000_25,regression,1000,25,False,A11 A21 A31 A41 A53 A61,,EN4,LightGBM,True,,3.0,0.8288283021199933,0.016274351231408,3.54,ok,,0,labels_10
598_fri_c0_1000_25,regression,1000,25,False,A11 A21 A31 A41 A53 A61,,BASE-HGB,Histogram Gradient Boosting (baseline),False,,,0.8308699891370777,0.0171137452134722,1.58,ok,,0,labels_10
620_fri_c1_1000_25,regression,1000,25,False,A11 A21 A31 A41 A53 A61,,LM1,Linear Regression,True,,16.0,0.2320830594602562,0.0458098278372859,0.09,ok,,0,labels_10
620_fri_c1_1000_25,regression,1000,25,False,A11 A21 A31 A41 A53 A61,,LM3,Ridge Regression,True,,14.0,0.2327443521302993,0.0454943340379978,0.09,ok,,0,labels_10
620_fri_c1_1000_25,regression,1000,25,False,A11 A21 A31 A41 A53 A61,,LM4,Lasso Regression,True,,18.0,-0.0107437535313327,0.0093829502318509,0.08,ok,,0,labels_10
620_fri_c1_1000_25,regression,1000,25,False,A11 A21 A31 A41 A53 A61,,LM5,Elastic Net,True,,19.0,-0.0107437535313327,0.0093829502318509,0.18,ok,,0,labels_10
620_fri_c1_1000_25,regression,1000,25,False,A11 A21 A31 A41 A53 A61,,LM6,Polynomial Regression,True,,15.0,-0.2748720145617025,0.0785990967800602,0.21,ok,,0,labels_10
620_fri_c1_1000_25,regression,1000,25,False,A11 A21 A31 A41 A53 A61,,LM7,Bayesian Linear Regression,True,,12.0,0.2338311387603566,0.036581035184442,0.11,ok,,0,labels_10
620_fri_c1_1000_25,regression,1000,25,False,A11 A21 A31 A41 A53 A61,,TR1,Decision Tree,True,,10.0,0.5029247711683252,0.0594711320009553,0.25,ok,,0,labels_10
620_fri_c1_1000_25,regression,1000,25,False,A11 A21 A31 A41 A53 A61,,TR2,Random Forest,True,,4.0,0.8212886051031137,0.0112741246313002,11.79,ok,,0,labels_10
620_fri_c1_1000_25,regression,1000,25,False,A11 A21 A31 A41 A53 A61,,TR3,Extra Trees,True,,2.0,0.8440176082056835,0.0191044459409127,6.93,ok,,0,labels_10
620_fri_c1_1000_25,regression,1000,25,False,A11 A21 A31 A41 A53 A61,,EN1,AdaBoost,True,,7.0,0.6051294596445549,0.0407161883628377,1.6,ok,,0,labels_10
620_fri_c1_1000_25,regression,1000,25,False,A11 A21 A31 A41 A53 A61,,EN2,Gradient Boosting (GBM),True,,1.0,0.862038622658865,0.0135982563012318,3.8,ok,,0,labels_10
620_fri_c1_1000_25,regression,1000,25,False,A11 A21 A31 A41 A53 A61,,EN6,Stacking,True,,6.0,0.689100673332643,0.004137773636525,0.81,ok,,0,labels_10
620_fri_c1_1000_25,regression,1000,25,False,A11 A21 A31 A41 A53 A61,,EN7,Voting Ensemble,True,,8.0,0.5250485581152411,0.0096076803916278,0.34,ok,,0,labels_10
620_fri_c1_1000_25,regression,1000,25,False,A11 A21 A31 A41 A53 A61,,SV1,SVM (linear),True,,17.0,0.1921178761282987,0.0636211769756695,0.26,ok,,0,labels_10
620_fri_c1_1000_25,regression,1000,25,False,A11 A21 A31 A41 A53 A61,,SV2,Kernel SVM (RBF/Poly),True,,11.0,0.208341056816428,0.0456790186143696,0.34,ok,,0,labels_10
620_fri_c1_1000_25,regression,1000,25,False,A11 A21 A31 A41 A53 A61,,IB1,k-Nearest Neighbors,True,,13.0,0.115879211276265,0.0487084369008999,0.11,ok,,0,labels_10
620_fri_c1_1000_25,regression,1000,25,False,A11 A21 A31 A41 A53 A61,,NN2,MLP (Feedforward),True,,9.0,-0.2273253647711009,0.1516887688746758,8.77,ok,,0,labels_10
620_fri_c1_1000_25,regression,1000,25,False,A11 A21 A31 A41 A53 A61,,EN3,XGBoost,True,,5.0,0.8282400447952754,0.017627532850972,3.69,ok,,0,labels_10
620_fri_c1_1000_25,regression,1000,25,False,A11 A21 A31 A41 A53 A61,,EN4,LightGBM,True,,3.0,0.8621690011680533,0.0189948700297777,3.79,ok,,0,labels_10
620_fri_c1_1000_25,regression,1000,25,False,A11 A21 A31 A41 A53 A61,,BASE-HGB,Histogram Gradient Boosting (baseline),False,,,0.8517584815248401,0.0196315724779588,1.75,ok,,0,labels_10
606_fri_c2_1000_10,regression,1000,10,False,A11 A21 A31 A41 A53 A61,,LM1,Linear Regression,True,,16.0,0.2980370285857623,0.0274033582876131,0.1,ok,,0,labels_10
606_fri_c2_1000_10,regression,1000,10,False,A11 A21 A31 A41 A53 A61,,LM3,Ridge Regression,True,,14.0,0.2979900430903183,0.0273161969393995,0.15,ok,,0,labels_10
606_fri_c2_1000_10,regression,1000,10,False,A11 A21 A31 A41 A53 A61,,LM4,Lasso Regression,True,,18.0,-0.0104173163219892,0.0102869128539948,0.06,ok,,0,labels_10
606_fri_c2_1000_10,regression,1000,10,False,A11 A21 A31 A41 A53 A61,,LM5,Elastic Net,True,,19.0,-0.0104173163219892,0.0102869128539948,0.13,ok,,0,labels_10
606_fri_c2_1000_10,regression,1000,10,False,A11 A21 A31 A41 A53 A61,,LM6,Polynomial Regression,True,,15.0,0.2863126093553127,0.049796063762732,0.11,ok,,0,labels_10
606_fri_c2_1000_10,regression,1000,10,False,A11 A21 A31 A41 A53 A61,,LM7,Bayesian Linear Regression,True,,12.0,0.2960979346377521,0.0253456572823842,0.07,ok,,0,labels_10
606_fri_c2_1000_10,regression,1000,10,False,A11 A21 A31 A41 A53 A61,,TR1,Decision Tree,True,,10.0,0.5233246835648295,0.0822096217549294,0.12,ok,,0,labels_10
606_fri_c2_1000_10,regression,1000,10,False,A11 A21 A31 A41 A53 A61,,TR2,Random Forest,True,,4.0,0.8516914126042752,0.0112793440202543,5.71,ok,,0,labels_10
606_fri_c2_1000_10,regression,1000,10,False,A11 A21 A31 A41 A53 A61,,TR3,Extra Trees,True,,2.0,0.8713019719984791,0.0134524211266499,3.35,ok,,0,labels_10
606_fri_c2_1000_10,regression,1000,10,False,A11 A21 A31 A41 A53 A61,,EN1,AdaBoost,True,,7.0,0.5988465755042276,0.0845178586352622,0.72,ok,,0,labels_10
606_fri_c2_1000_10,regression,1000,10,False,A11 A21 A31 A41 A53 A61,,EN2,Gradient Boosting (GBM),True,,1.0,0.8770322450252687,0.0136677809203865,1.38,ok,,0,labels_10
606_fri_c2_1000_10,regression,1000,10,False,A11 A21 A31 A41 A53 A61,,EN6,Stacking,True,,6.0,0.7335539612451559,0.0298040437026694,0.53,ok,,0,labels_10
606_fri_c2_1000_10,regression,1000,10,False,A11 A21 A31 A41 A53 A61,,EN7,Voting Ensemble,True,,8.0,0.6492090622250221,0.0176350886866767,0.19,ok,,0,labels_10
606_fri_c2_1000_10,regression,1000,10,False,A11 A21 A31 A41 A53 A61,,SV1,SVM (linear),True,,17.0,0.256960778186743,0.0593750024180078,0.09,ok,,0,labels_10
606_fri_c2_1000_10,regression,1000,10,False,A11 A21 A31 A41 A53 A61,,SV2,Kernel SVM (RBF/Poly),True,,11.0,0.6105537521604931,0.0331966861215473,0.27,ok,,0,labels_10
606_fri_c2_1000_10,regression,1000,10,False,A11 A21 A31 A41 A53 A61,,IB1,k-Nearest Neighbors,True,,13.0,0.5205752355588606,0.0306649232744946,0.09,ok,,0,labels_10
606_fri_c2_1000_10,regression,1000,10,False,A11 A21 A31 A41 A53 A61,,NN2,MLP (Feedforward),True,,9.0,0.8070924257014955,0.0302384615584736,8.4,ok,,0,labels_10
606_fri_c2_1000_10,regression,1000,10,False,A11 A21 A31 A41 A53 A61,,EN3,XGBoost,True,,5.0,0.8436542446966918,0.0251197125803149,1.16,ok,,0,labels_10
606_fri_c2_1000_10,regression,1000,10,False,A11 A21 A31 A41 A53 A61,,EN4,LightGBM,True,,3.0,0.8735029027633734,0.0167812131260083,2.82,ok,,0,labels_10
606_fri_c2_1000_10,regression,1000,10,False,A11 A21 A31 A41 A53 A61,,BASE-HGB,Histogram Gradient Boosting (baseline),False,,,0.8717032481141083,0.0219691831816473,1.15,ok,,0,labels_10
595_fri_c0_1000_10,regression,1000,10,False,A11 A21 A31 A41 A53 A61,,LM1,Linear Regression,True,,16.0,0.6946279896671591,0.0207338228997068,0.07,ok,,0,labels_10
595_fri_c0_1000_10,regression,1000,10,False,A11 A21 A31 A41 A53 A61,,LM3,Ridge Regression,True,,14.0,0.6944565746484322,0.0207131579728477,0.06,ok,,0,labels_10
595_fri_c0_1000_10,regression,1000,10,False,A11 A21 A31 A41 A53 A61,,LM4,Lasso Regression,True,,18.0,-0.004386893515373,0.0031557027001363,0.06,ok,,0,labels_10
595_fri_c0_1000_10,regression,1000,10,False,A11 A21 A31 A41 A53 A61,,LM5,Elastic Net,True,,19.0,0.0033396182140681,0.0072931446074758,0.07,ok,,0,labels_10
595_fri_c0_1000_10,regression,1000,10,False,A11 A21 A31 A41 A53 A61,,LM6,Polynomial Regression,True,,15.0,0.8308261366246107,0.0234758889758477,0.08,ok,,0,labels_10
595_fri_c0_1000_10,regression,1000,10,False,A11 A21 A31 A41 A53 A61,,LM7,Bayesian Linear Regression,True,,12.0,0.6932750622840695,0.0205414285999749,0.07,ok,,0,labels_10
595_fri_c0_1000_10,regression,1000,10,False,A11 A21 A31 A41 A53 A61,,TR1,Decision Tree,True,,10.0,0.4248033714714393,0.0748663185111661,0.1,ok,,0,labels_10
595_fri_c0_1000_10,regression,1000,10,False,A11 A21 A31 A41 A53 A61,,TR2,Random Forest,True,,4.0,0.7860464477368841,0.0195840390296483,5.61,ok,,0,labels_10
595_fri_c0_1000_10,regression,1000,10,False,A11 A21 A31 A41 A53 A61,,TR3,Extra Trees,True,,2.0,0.7988556292825715,0.0116877262890006,3.39,ok,,0,labels_10
595_fri_c0_1000_10,regression,1000,10,False,A11 A21 A31 A41 A53 A61,,EN1,AdaBoost,True,,7.0,0.6085553528422752,0.0376755766494465,0.75,ok,,0,labels_10
595_fri_c0_1000_10,regression,1000,10,False,A11 A21 A31 A41 A53 A61,,EN2,Gradient Boosting (GBM),True,,1.0,0.8433541784768692,0.0214909549750993,1.43,ok,,0,labels_10
595_fri_c0_1000_10,regression,1000,10,False,A11 A21 A31 A41 A53 A61,,EN6,Stacking,True,,6.0,0.7448036844303223,0.0208624077598937,0.54,ok,,0,labels_10
595_fri_c0_1000_10,regression,1000,10,False,A11 A21 A31 A41 A53 A61,,EN7,Voting Ensemble,True,,8.0,0.7183008721912513,0.0182725287767658,0.18,ok,,0,labels_10
595_fri_c0_1000_10,regression,1000,10,False,A11 A21 A31 A41 A53 A61,,SV1,SVM (linear),True,,17.0,0.6989557272032605,0.0240897476189904,0.11,ok,,0,labels_10
595_fri_c0_1000_10,regression,1000,10,False,A11 A21 A31 A41 A53 A61,,SV2,Kernel SVM (RBF/Poly),True,,11.0,0.8610617224532957,0.0183242399239242,0.27,ok,,0,labels_10
595_fri_c0_1000_10,regression,1000,10,False,A11 A21 A31 A41 A53 A61,,IB1,k-Nearest Neighbors,True,,13.0,0.5950935741696782,0.0316629210231003,0.08,ok,,0,labels_10
595_fri_c0_1000_10,regression,1000,10,False,A11 A21 A31 A41 A53 A61,,NN2,MLP (Feedforward),True,,9.0,0.7988585324670863,0.0288473255988168,8.52,ok,,0,labels_10
595_fri_c0_1000_10,regression,1000,10,False,A11 A21 A31 A41 A53 A61,,EN3,XGBoost,True,,5.0,0.790441279176213,0.0328324439535095,1.64,ok,,0,labels_10
595_fri_c0_1000_10,regression,1000,10,False,A11 A21 A31 A41 A53 A61,,EN4,LightGBM,True,,3.0,0.8360765935039336,0.0113635533041898,1.97,ok,,0,labels_10
595_fri_c0_1000_10,regression,1000,10,False,A11 A21 A31 A41 A53 A61,,BASE-HGB,Histogram Gradient Boosting (baseline),False,,,0.8369951591509383,0.0109984461701906,1.25,ok,,0,labels_10
225_puma8NH,regression,5000,8,True,A11 A21 A31 A41 A53 A61,,LM1,Linear Regression,True,,16.0,0.3720638350044025,0.0207612962068625,0.07,ok,,0,labels_10
225_puma8NH,regression,5000,8,True,A11 A21 A31 A41 A53 A61,,LM3,Ridge Regression,True,,14.0,0.3720483416544619,0.0207543560625852,0.07,ok,,0,labels_10
225_puma8NH,regression,5000,8,True,A11 A21 A31 A41 A53 A61,,LM4,Lasso Regression,True,,18.0,0.2812241483261543,0.0115891079817114,0.08,ok,,0,labels_10
225_puma8NH,regression,5000,8,True,A11 A21 A31 A41 A53 A61,,LM5,Elastic Net,True,,19.0,0.270830054761655,0.0096908089937494,0.08,ok,,0,labels_10
225_puma8NH,regression,5000,8,True,A11 A21 A31 A41 A53 A61,,LM6,Polynomial Regression,True,,15.0,0.4215801185642718,0.0230836247503372,0.1,ok,,0,labels_10
225_puma8NH,regression,5000,8,True,A11 A21 A31 A41 A53 A61,,LM7,Bayesian Linear Regression,True,,12.0,0.3717788237394586,0.0206349660522139,0.08,ok,,0,labels_10
225_puma8NH,regression,5000,8,True,A11 A21 A31 A41 A53 A61,,TR1,Decision Tree,True,,10.0,0.2155725642956459,0.0322015775433524,0.32,ok,,0,labels_10
225_puma8NH,regression,5000,8,True,A11 A21 A31 A41 A53 A61,,TR2,Random Forest,True,,4.0,0.6376467465036617,0.0182329667295292,27.16,ok,,0,labels_10
225_puma8NH,regression,5000,8,True,A11 A21 A31 A41 A53 A61,,TR3,Extra Trees,True,,2.0,0.634660768271817,0.0184244998342792,12.59,ok,,0,labels_10
225_puma8NH,regression,5000,8,True,A11 A21 A31 A41 A53 A61,,EN1,AdaBoost,True,,7.0,0.4392423082740728,0.0372277027990934,1.11,ok,,0,labels_10
225_puma8NH,regression,5000,8,True,A11 A21 A31 A41 A53 A61,,EN2,Gradient Boosting (GBM),True,,1.0,0.6447980667753899,0.0099072255893222,5.81,ok,,0,labels_10
225_puma8NH,regression,5000,8,True,A11 A21 A31 A41 A53 A61,,EN6,Stacking,True,,6.0,0.608899997413363,0.0069342987586041,1.25,ok,,0,labels_10
225_puma8NH,regression,5000,8,True,A11 A21 A31 A41 A53 A61,,EN7,Voting Ensemble,True,,8.0,0.5639130748999855,0.0091162146226018,0.42,ok,,0,labels_10
225_puma8NH,regression,5000,8,True,A11 A21 A31 A41 A53 A61,,SV1,SVM (linear),True,,17.0,0.3640920704749657,0.0282076357225027,0.11,ok,,0,labels_10
225_puma8NH,regression,5000,8,True,A11 A21 A31 A41 A53 A61,,SV2,Kernel SVM (RBF/Poly),True,,11.0,0.5892056441220936,0.0148943335654193,3.97,ok,,0,labels_10
225_puma8NH,regression,5000,8,True,A11 A21 A31 A41 A53 A61,,IB1,k-Nearest Neighbors,True,,13.0,0.4759774382072705,0.0173324621437697,0.24,ok,,0,labels_10
225_puma8NH,regression,5000,8,True,A11 A21 A31 A41 A53 A61,,NN2,MLP (Feedforward),True,,9.0,0.6523966154453164,0.0131766353634757,41.92,ok,,0,labels_10
225_puma8NH,regression,5000,8,True,A11 A21 A31 A41 A53 A61,,EN3,XGBoost,True,,5.0,0.5893706477767446,0.016437743409268,1.28,ok,,0,labels_10
225_puma8NH,regression,5000,8,True,A11 A21 A31 A41 A53 A61,,EN4,LightGBM,True,,3.0,0.6450855739274055,0.013798624690654,0.52,ok,,0,labels_10
225_puma8NH,regression,5000,8,True,A11 A21 A31 A41 A53 A61,,BASE-HGB,Histogram Gradient Boosting (baseline),False,,,0.6426743057694765,0.0141093517300409,1.18,ok,,0,labels_10
1199_BNG_echoMonths,regression,5000,9,True,A11 A21 A38 A41 A53 A61,,LM1,Linear Regression,True,,16.0,0.4257857322584588,0.0346723251552193,0.2,ok,,0,labels_10
1199_BNG_echoMonths,regression,5000,9,True,A11 A21 A38 A41 A53 A61,,LM3,Ridge Regression,True,,14.0,0.42575692771811,0.0346468497788263,0.2,ok,,0,labels_10
1199_BNG_echoMonths,regression,5000,9,True,A11 A21 A38 A41 A53 A61,,LM4,Lasso Regression,True,,18.0,0.3667260004930781,0.0239985374314613,0.19,ok,,0,labels_10
1199_BNG_echoMonths,regression,5000,9,True,A11 A21 A38 A41 A53 A61,,LM5,Elastic Net,True,,19.0,0.2950406531913618,0.0127930166610461,0.25,ok,,0,labels_10
1199_BNG_echoMonths,regression,5000,9,True,A11 A21 A38 A41 A53 A61,,LM6,Polynomial Regression,True,,15.0,0.424267634248983,0.0348419531531951,0.29,ok,,0,labels_10
1199_BNG_echoMonths,regression,5000,9,True,A11 A21 A38 A41 A53 A61,,LM7,Bayesian Linear Regression,True,,12.0,0.4254344693512665,0.034352509427525,0.2,ok,,0,labels_10
1199_BNG_echoMonths,regression,5000,9,True,A11 A21 A38 A41 A53 A61,,TR1,Decision Tree,True,,10.0,-0.2278154858653024,0.0418640786840382,0.37,ok,,0,labels_10
1199_BNG_echoMonths,regression,5000,9,True,A11 A21 A38 A41 A53 A61,,TR2,Random Forest,True,,4.0,0.4116505765304216,0.0318481137919554,13.06,ok,,0,labels_10
1199_BNG_echoMonths,regression,5000,9,True,A11 A21 A38 A41 A53 A61,,TR3,Extra Trees,True,,2.0,0.406529261332446,0.0267833346220118,6.62,ok,,0,labels_10
1199_BNG_echoMonths,regression,5000,9,True,A11 A21 A38 A41 A53 A61,,EN1,AdaBoost,True,,7.0,0.324583628111957,0.0441673875316323,1.04,ok,,0,labels_10
1199_BNG_echoMonths,regression,5000,9,True,A11 A21 A38 A41 A53 A61,,EN2,Gradient Boosting (GBM),True,,1.0,0.427171688022502,0.0326888174127665,4.33,ok,,0,labels_10
1199_BNG_echoMonths,regression,5000,9,True,A11 A21 A38 A41 A53 A61,,EN6,Stacking,True,,6.0,0.430527418431938,0.0332867995825882,1.42,ok,,0,labels_10
1199_BNG_echoMonths,regression,5000,9,True,A11 A21 A38 A41 A53 A61,,EN7,Voting Ensemble,True,,8.0,0.4221865634373635,0.0279517806632478,0.63,ok,,0,labels_10
1199_BNG_echoMonths,regression,5000,9,True,A11 A21 A38 A41 A53 A61,,SV1,SVM (linear),True,,17.0,0.4082670069732549,0.0463960951009562,0.21,ok,,0,labels_10
1199_BNG_echoMonths,regression,5000,9,True,A11 A21 A38 A41 A53 A61,,SV2,Kernel SVM (RBF/Poly),True,,11.0,0.4100817044728508,0.0300829033252696,4.57,ok,,0,labels_10
1199_BNG_echoMonths,regression,5000,9,True,A11 A21 A38 A41 A53 A61,,IB1,k-Nearest Neighbors,True,,13.0,0.3255869974353595,0.0172819198660926,0.43,ok,,0,labels_10
1199_BNG_echoMonths,regression,5000,9,True,A11 A21 A38 A41 A53 A61,,NN2,MLP (Feedforward),True,,9.0,0.416506608059767,0.0339556856985473,40.48,ok,,0,labels_10
1199_BNG_echoMonths,regression,5000,9,True,A11 A21 A38 A41 A53 A61,,EN3,XGBoost,True,,5.0,0.3340808203548365,0.0379158086268478,1.16,ok,,0,labels_10
1199_BNG_echoMonths,regression,5000,9,True,A11 A21 A38 A41 A53 A61,,EN4,LightGBM,True,,3.0,0.4142241486770349,0.0351068481913831,0.72,ok,,0,labels_10
1199_BNG_echoMonths,regression,5000,9,True,A11 A21 A38 A41 A53 A61,,BASE-HGB,Histogram Gradient Boosting (baseline),False,,,0.412201906923873,0.0356984792689746,1.44,ok,,0,labels_10
mfeat_zernike,classification,2000,47,False,A11 A21 A31 A41 A51 A61,A54,EN2,Gradient Boosting (GBM),True,,7.0,0.753,0.023473389188611,108.7,ok,,0,labels_10
mfeat_zernike,classification,2000,47,False,A11 A21 A31 A41 A51 A61,A54,EN4,LightGBM,True,,1.0,0.787,0.0153622914957371,13.05,ok,,0,labels_10
